series,season,week_end,observed,fitted,r_t,r_eff,temperature,hol_host,hol_jul,hol_sport,hol_pask,hol_sommar
SE-M,2015,2015-06-28,,7.840812323776641,0.895942842261311,0.8950107627904409,13.91,0.0,0.0,0.0,0.0,1.0
SE-M,2015,2015-07-05,,7.7192094270487,0.8180525032199893,0.8153342413077448,19.70642857142857,0.0,0.0,0.0,0.0,1.0
SE-M,2015,2015-07-12,,7.056909404161666,0.862136106650223,0.8575679105523493,15.992142857142854,0.0,0.0,0.0,0.0,1.0
SE-M,2015,2015-07-19,,6.246313872547203,0.8564330017603249,0.8503244181760274,16.27857142857143,0.0,0.0,0.0,0.0,1.0
SE-M,2015,2015-07-26,,5.771580834179529,0.8560407593962067,0.8484650247490987,16.454285714285714,0.0,0.0,0.0,0.0,1.0
SE-M,2015,2015-08-02,,5.401265794886898,0.8826567699404448,0.8733954377185952,14.940000000000001,0.0,0.0,0.0,0.0,1.0
SE-M,2015,2015-08-09,,5.191770651668267,0.8312255314891362,0.8211839301523448,18.775714285714287,0.0,0.0,0.0,0.0,1.0
SE-M,2015,2015-08-16,,4.9305573892948615,0.8359307752941013,0.8246180148921566,18.529285714285717,0.0,0.0,0.0,0.0,1.0
SE-M,2015,2015-08-23,,4.580076660316602,0.7352867305280976,0.7243795742825984,18.162142857142857,0.0,0.0,0.0,0.0,0.14285714285714285
SE-M,2015,2015-08-30,,4.0215608275503465,0.7270996359688976,0.7155445622746722,17.450714285714287,0.0,0.0,0.0,0.0,0.0
SE-M,2015,2015-09-06,,3.3398690293808784,0.7740433783840618,0.7610254410957451,14.684285714285718,0.0,0.0,0.0,0.0,0.0
SE-M,2015,2015-09-13,,2.9457204001858566,0.7918192808440325,0.7777934484302926,13.646428571428572,0.0,0.0,0.0,0.0,0.0
SE-M,2015,2015-09-20,,2.8610470683351092,0.7693101654369118,0.7549954262920445,15.00642857142857,0.0,0.0,0.0,0.0,0.0
SE-M,2015,2015-09-27,,2.775815521036371,0.8104215068454862,0.7946362514854762,12.98,0.0,0.0,0.0,0.0,0.0
SE-M,2015,2015-10-04,,2.767465580991675,0.8696281955453324,0.8518836708215812,10.894285714285713,0.0,0.0,0.0,0.0,0.0
SE-M,2015,2015-10-11,,2.9537254350617816,0.9364365115365059,0.916338821921701,9.077142857142857,0.0,0.0,0.0,0.0,0.0
SE-M,2015,2015-10-18,,3.3207202295968266,0.9683804820479656,0.9463964676984694,8.338571428571429,0.0,0.0,0.0,0.0,0.0
SE-M,2015,2015-10-25,,3.9711914147093434,0.9304557397611196,0.9079877916024915,9.731428571428571,0.0,0.0,0.0,0.0,0.0
SE-M,2015,2015-11-01,,4.505086026613677,0.9504308564438778,0.9260009982000991,8.14857142857143,1.0,0.0,0.0,0.0,0.0
SE-M,2015,2015-11-08,,4.916841839436512,0.9842464809052481,0.9572597299274498,9.197857142857144,0.0,0.0,0.0,0.0,0.0
SE-M,2015,2015-11-15,,5.386639771170432,0.9906881019460576,0.9616432295862639,9.832142857142857,0.0,0.0,0.0,0.0,0.0
SE-M,2015,2015-11-22,,5.841894415721017,1.1999487444984378,1.1620608387623375,5.256428571428572,0.0,0.0,0.0,0.0,0.0
SE-M,2015,2015-11-29,,7.473156109754429,1.3156457889257278,1.269413366344364,3.4978571428571428,0.0,0.0,0.0,0.0,0.0
SE-M,2015,2015-12-06,9.0,12.020568719789052,1.1897760977417835,1.1412641974079483,7.407857142857144,0.0,0.0,0.0,0.0,0.0
SE-M,2015,2015-12-13,16.0,17.649646832124215,1.2843151492706824,1.2221229945932157,5.581428571428572,0.0,0.0,0.0,0.0,0.0
SE-M,2015,2015-12-20,19.0,24.638634602543217,1.2504891644627247,1.176212925165051,5.615000000000001,0.0,0.0,0.0,0.0,0.0
SE-M,2015,2015-12-27,52.0,32.45285497950523,0.8724278666597339,0.80968425134792,7.2821428571428575,0.0,0.8571428571428571,0.0,0.0,0.0
SE-M,2015,2016-01-03,37.0,35.404783156306166,1.0222403793179298,0.9393677994231144,1.0164285714285715,0.0,1.0,0.0,0.0,0.0
SE-M,2015,2016-01-10,23.0,32.447425857700274,1.1837609689690805,1.0769048616547383,-2.087142857142857,0.0,0.8571428571428571,0.0,0.0,0.0
SE-M,2015,2016-01-17,26.0,30.27978428055547,1.6275904977541005,1.4588737005703112,-3.310714285714286,0.0,0.0,0.0,0.0,0.0
SE-M,2015,2016-01-24,46.0,46.87226514629935,1.650336518838609,1.4338548943264393,-3.0985714285714288,0.0,0.0,0.0,0.0,0.0
SE-M,2015,2016-01-31,86.0,91.29746563947427,1.3233570364938045,1.090449129885098,5.093571428571429,0.0,0.0,0.0,0.0,0.0
SE-M,2015,2016-02-07,140.0,133.4166000653028,1.2930008498536796,1.0031036756808542,4.4835714285714285,0.0,0.0,0.0,0.0,0.0
SE-M,2015,2016-02-14,176.0,148.48245481264522,1.3441557965674618,0.9792877051749282,2.295714285714286,0.0,0.0,0.0,0.0,0.0
SE-M,2015,2016-02-21,121.0,145.9296091195739,1.4161163376007342,0.9683400103327965,0.3328571428571428,0.0,0.0,0.0,0.0,0.0
SE-M,2015,2016-02-28,152.0,141.23522715224001,1.1257061772855494,0.7274605034332875,2.1685714285714286,0.0,0.0,1.0,0.0,0.0
SE-M,2015,2016-03-06,97.0,111.49376840973298,1.4382876645061862,0.8946170227223419,1.2692857142857146,0.0,0.0,0.0,0.0,0.0
SE-M,2015,2016-03-13,92.0,81.85520712990373,1.4497858742600414,0.8715531048366058,1.7992857142857144,0.0,0.0,0.0,0.0,0.0
SE-M,2015,2016-03-20,63.0,64.72300344182655,1.3755356611697191,0.8049913898885291,4.258571428571428,0.0,0.0,0.0,0.0,0.0
SE-M,2015,2016-03-27,43.0,47.90567676915181,1.1845658791574287,0.6806162053324228,5.380714285714285,0.0,0.0,0.0,0.8138547107500492,0.0
SE-M,2015,2016-04-03,39.0,35.48543285398898,1.3009048552531866,0.7393705980845153,6.3692857142857155,0.0,0.0,0.0,0.14338042286784644,0.0
SE-M,2015,2016-04-10,24.0,20.684313826093202,1.3006845259178976,0.7339567058698504,7.565000000000002,0.0,0.0,0.0,0.0427648663821042,0.0
SE-M,2015,2016-04-17,10.0,13.09931511113356,1.3601141284947285,0.7638307264523957,7.334285714285714,0.0,0.0,0.0,0.0,0.0
SE-M,2015,2016-04-24,5.0,8.876369464206226,1.392351286235576,0.7791647842328215,7.230000000000002,0.0,0.0,0.0,0.0,0.0
SE-M,2015,2016-05-01,8.0,6.367300348899923,1.453135298037775,0.8109555217143958,6.167142857142857,0.0,0.0,0.0,0.0,0.0
SE-M,2015,2016-05-08,6.0,5.009101297699717,1.1728948543514173,0.6531443407466756,12.067857142857145,0.0,0.0,0.0,0.0,0.0
SE-M,2015,2016-05-15,7.0,3.6772457746170826,1.118447336351439,0.621981005600519,13.41857142857143,0.0,0.0,0.0,0.0,0.0
SE-M,2015,2016-05-22,1.0,2.394016442000681,1.1246670843608941,0.6248743768154619,12.954285714285716,0.0,0.0,0.0,0.0,0.0
SE-M,2015,2016-05-29,2.0,1.681933202453978,1.0324935896874405,0.5732485949467806,16.31,0.0,0.0,0.0,0.0,0.0
SE-M,2015,2016-06-05,0.0,1.2550325705788103,0.9772281272310666,0.5422597557173912,20.247142857142855,0.0,0.0,0.0,0.0,0.0
SE-M,2015,2016-06-12,1.0,1.000352887435188,1.075329458832997,0.5963961774350806,14.197857142857144,0.0,0.0,0.0,0.0,0.0
SE-O,2015,2015-06-28,,6.223242040799904,0.874767516457415,0.8742650180663147,14.177857142857144,0.0,0.0,0.0,0.0,1.0
SE-O,2015,2015-07-05,,6.191777729453787,0.8020104459252667,0.8005191872115199,20.197857142857142,0.0,0.0,0.0,0.0,1.0
SE-O,2015,2015-07-12,,5.858449108612966,0.8463086582515854,0.8437483074834715,15.914285714285715,0.0,0.0,0.0,0.0,1.0
SE-O,2015,2015-07-19,,5.402558444995264,0.8406692705471445,0.8371803007752442,16.23642857142857,0.0,0.0,0.0,0.0,1.0
SE-O,2015,2015-07-26,,5.186112098549052,0.8661569542043611,0.8616061992556013,14.937857142857142,0.0,0.0,0.0,0.0,1.0
SE-O,2015,2015-08-02,,5.097659336494203,0.8615802890000019,0.8560968600185233,15.110000000000001,0.0,0.0,0.0,0.0,1.0
SE-O,2015,2015-08-09,,5.121642448019674,0.8189447177600229,0.81284018633286,18.372142857142858,0.0,0.0,0.0,0.0,1.0
SE-O,2015,2015-08-16,,4.966201927385141,0.8196729554949452,0.8127287510639739,18.300000000000004,0.0,0.0,0.0,0.0,1.0
SE-O,2015,2015-08-23,,4.715930356603422,0.7824825791084628,0.7751048861538129,18.592142857142854,0.0,0.0,0.0,0.0,0.7142857142857143
SE-O,2015,2015-08-30,,4.403929980858886,0.7162721401117093,0.7089099256378862,16.880714285714284,0.0,0.0,0.0,0.0,0.0
SE-O,2015,2015-09-06,,3.840371620128531,0.7619613706486491,0.7535737037766234,14.020000000000001,0.0,0.0,0.0,0.0,0.0
SE-O,2015,2015-09-13,,3.4151423880268146,0.7690273093376601,0.7600216847052016,13.692142857142857,0.0,0.0,0.0,0.0,0.0
SE-O,2015,2015-09-20,,3.2760531600125997,0.7542582121323702,0.7449049191629651,14.603571428571428,0.0,0.0,0.0,0.0,0.0
SE-O,2015,2015-09-27,,3.1523384379642456,0.80928675791987,0.7987018241154024,12.072857142857144,0.0,0.0,0.0,0.0,0.0
SE-O,2015,2015-10-04,,3.166883882187105,0.8209121788807228,0.8095855963311857,11.760714285714286,0.0,0.0,0.0,0.0,0.0
SE-O,2015,2015-10-11,,3.335268193089624,0.9168736134603638,0.9034962349937982,8.633571428571427,0.0,0.0,0.0,0.0,0.0
SE-O,2015,2015-10-18,,3.6863222209369093,0.9653016482959157,0.9503070467854329,7.387857142857143,0.0,0.0,0.0,0.0,0.0
SE-O,2015,2015-10-25,,4.39343501435576,0.8955473467265046,0.8806570584068681,9.590714285714286,0.00667805717554113,0.0,0.0,0.0,0.0
SE-O,2015,2015-11-01,,4.998731998895474,0.9260999004280542,0.909629832355351,7.497142857142857,0.9933219428244591,0.0,0.0,0.0,0.0
SE-O,2015,2015-11-08,,5.344975944789767,0.9155203416443533,0.8981084832996956,9.492142857142856,0.0,0.0,0.0,0.0,0.0
SE-O,2015,2015-11-15,,5.633506985181911,0.9411066465946593,0.9219953496550958,9.169285714285712,0.0,0.0,0.0,0.0,0.0
SE-O,2015,2015-11-22,,5.915435923481912,1.174235461375213,1.148594803003176,3.2042857142857146,0.0,0.0,0.0,0.0,0.0
SE-O,2015,2015-11-29,,7.36774363679183,1.1807787273867383,1.1523166333716293,3.9335714285714287,0.0,0.0,0.0,0.0,0.0
SE-O,2015,2015-12-06,10.0,10.867877519105836,1.094076566753752,1.0642763246975155,6.933571428571429,0.0,0.0,0.0,0.0,0.0
SE-O,2015,2015-12-13,15.0,14.403777713648136,1.201522651159871,1.1640802515522262,5.0807142857142855,0.0,0.0,0.0,0.0,0.0
SE-O,2015,2015-12-20,18.0,18.323675095418462,1.2322298006322774,1.1871605242235148,5.078571428571428,0.0,0.0,0.0,0.0,0.0
SE-O,2015,2015-12-27,25.0,24.13097561143534,0.9850347276290502,0.9421942727915028,6.003571428571428,0.0,0.7142857142857143,0.0,0.0,0.0
SE-O,2015,2016-01-03,27.0,29.32833731511164,1.1011999211594323,1.0461787097968283,-0.06785714285714269,0.0,1.0,0.0,0.0,0.0
SE-O,2015,2016-01-10,29.0,32.782790328603156,1.2454432575061536,1.1735794634860774,-4.740714285714285,0.0,0.8571428571428571,0.0,0.0,0.0
SE-O,2015,2016-01-17,45.0,37.302033657787945,1.6219035995716842,1.507792999439976,-5.817142857142857,0.0,0.0,0.0,0.0,0.0
SE-O,2015,2016-01-24,59.0,65.08176083134182,1.5784854868057931,1.42509983177175,-4.1814285714285715,0.0,0.0,0.0,0.0,0.0
SE-O,2015,2016-01-31,125.0,129.91663972343693,1.244099889294554,1.0699574297939438,4.636428571428572,0.0,0.0,0.0,0.0,0.0
SE-O,2015,2016-02-07,191.0,186.03889515388136,1.2089658778476402,0.9858415647865757,3.332857142857143,0.0,0.0,0.0,0.0,0.0
SE-O,2015,2016-02-14,219.0,202.14996912087622,1.2251242400189084,0.9473093263555495,0.8392857142857143,0.0,0.0,0.0,0.0,0.0
SE-O,2015,2016-02-21,195.0,187.42121869154602,1.0760151634468875,0.7951667598858805,-0.36571428571428577,0.0,0.0,0.8465485235113981,0.0,0.0
SE-O,2015,2016-02-28,142.0,157.3784991345841,1.280033293803437,0.9127343098979493,0.7221428571428571,0.0,0.0,0.14161610224608123,0.0,0.0
SE-O,2015,2016-03-06,115.0,122.94167026800736,1.382526628110067,0.9540429381585238,0.7892857142857145,0.0,0.0,0.011835374242520819,0.0,0.0
SE-O,2015,2016-03-13,114.0,107.81127939502775,1.4196274133557025,0.9490492672114621,1.6285714285714286,0.0,0.0,0.0,0.0,0.0
SE-O,2015,2016-03-20,90.0,98.35481846283734,1.301363649967986,0.8458089496568759,5.220714285714286,0.0,0.0,0.0,0.0,0.0
SE-O,2015,2016-03-27,88.0,80.46364378384425,1.3146441321415279,0.8359025445329037,4.607142857142857,0.0,0.0,0.0,0.1520711904924412,0.0
SE-O,2015,2016-04-03,66.0,69.0848714238374,1.108524602591566,0.6937590414263122,6.564285714285715,0.0,0.0,0.0,0.8479288095075591,0.0
SE-O,2015,2016-04-10,57.0,45.323080129261925,1.2987184419261681,0.8049748194318518,6.979285714285716,0.0,0.0,0.0,0.0,0.0
SE-O,2015,2016-04-17,26.0,29.348814205264386,1.3315583784802723,0.8193779534175327,7.859285714285714,0.0,0.0,0.0,0.0,0.0
SE-O,2015,2016-04-24,14.0,21.179394485135013,1.4899173520837008,0.9114541538646135,6.625714285714286,0.0,0.0,0.0,0.0,0.0
SE-O,2015,2016-05-01,16.0,17.174947901569116,1.5659350683000604,0.952648023294144,6.453571428571428,0.0,0.0,0.0,0.0,0.0
SE-O,2015,2016-05-08,13.0,16.102578816914246,1.3039443612031512,0.7891916180896329,12.077857142857143,0.0,0.0,0.0,0.0,0.0
SE-O,2015,2016-05-15,15.0,13.804873784810926,1.2420981355137033,0.7490521311572912,13.568571428571428,0.0,0.0,0.0,0.0,0.0
SE-O,2015,2016-05-22,18.0,9.850549185274122,1.2085613779374555,0.7270857850488625,12.757142857142858,0.0,0.0,0.0,0.0,0.0
SE-O,2015,2016-05-29,8.0,7.00362326375439,1.1304046850136706,0.6788959362669074,14.463571428571429,0.0,0.0,0.0,0.0,0.0
SE-O,2015,2016-06-05,3.0,4.7712204044130635,1.0204298079130232,0.6121659015934473,20.38,0.0,0.0,0.0,0.0,0.0
SE-O,2015,2016-06-12,1.0,3.162196081524021,1.1126381013211317,0.6669687597823453,14.797857142857143,0.0,0.0,0.0,0.0,0.0
SE-rest,2015,2015-06-28,,44.66976408465953,0.8651073089477982,0.8642497343515763,14.411653185766436,0.0,0.0,0.0,0.0,1.0
SE-rest,2015,2015-07-05,,43.05505102069007,0.7971947315184219,0.7947016477932872,19.747206954881303,0.0,0.0,0.0,0.0,1.0
SE-rest,2015,2015-07-12,,38.1680000421091,0.8501656737666712,0.8459588224249605,15.311256910505945,0.0,0.0,0.0,0.0,1.0
SE-rest,2015,2015-07-19,,33.29930729908773,0.8444241102809841,0.8388160791918671,15.559955797277633,0.0,0.0,0.0,0.0,1.0
SE-rest,2015,2015-07-26,,30.659729337944995,0.8506147836402363,0.843613608438296,15.283587929437184,0.0,0.0,0.0,0.0,1.0
SE-rest,2015,2015-08-02,,28.753683615837517,0.8563293062186299,0.8479809336952246,14.948097409791355,0.0,0.0,0.0,0.0,1.0
SE-rest,2015,2015-08-09,,27.512959893989095,0.8174760747853235,0.8083246436577396,17.647067334944563,0.0,0.0,0.0,0.0,1.0
SE-rest,2015,2015-08-16,,25.950017064939196,0.8223525618302541,0.8120527980706458,17.185837248386935,0.0,0.0,0.0,0.0,0.993918324172473
SE-rest,2015,2015-08-23,,24.03515583878472,0.7684505897262789,0.7578901622097397,16.81389181053833,0.0,0.0,0.0,0.0,0.5181398418736434
SE-rest,2015,2015-08-30,,21.941493789115157,0.7049879992702952,0.6945600101593785,17.226807809297505,0.0,0.0,0.0,0.0,0.0025692288509087747
SE-rest,2015,2015-09-06,,18.66968216766463,0.7607136702531401,0.7487841781538591,13.576497995715373,0.0,0.0,0.0,0.0,0.0
SE-rest,2015,2015-09-13,,16.427211550754173,0.7807773632016247,0.7678571448676611,12.655746261475732,0.0,0.0,0.0,0.0,0.0
SE-rest,2015,2015-09-20,,15.888039087888743,0.749524610719606,0.7364766742627686,14.272403190360864,0.0,0.0,0.0,0.0,0.0
SE-rest,2015,2015-09-27,,15.3180494660122,0.8065679731504309,0.7918538181185382,11.66446532117652,0.0,0.0,0.0,0.0,0.0
SE-rest,2015,2015-10-04,,15.315681671296694,0.8249400710800593,0.8091607616914771,11.054324910944514,0.0,0.0,0.0,0.0,0.0
SE-rest,2015,2015-10-11,,16.146124662047526,0.9962721939472201,0.976201452987885,5.9613623969542635,0.0,0.0,0.0,0.0,0.0
SE-rest,2015,2015-10-18,,18.865467344017745,0.9949784231236304,0.9736319225181019,6.06214283425154,0.0,0.0,0.0,0.0,0.0
SE-rest,2015,2015-10-25,,23.643317174665427,0.9145061021061643,0.8934965209176092,8.401532098329549,0.0020798067981061606,0.0,0.0,0.0,0.0
SE-rest,2015,2015-11-01,,27.191304723420547,0.9560126756099637,0.9325074001265717,5.935214665793281,0.9979201932018941,0.0,0.0,0.0,0.0
SE-rest,2015,2015-11-08,,29.385104086941176,0.9475260940936135,0.9225705523738129,7.739135486738638,0.0,0.0,0.0,0.0,0.0
SE-rest,2015,2015-11-15,,31.21828325565177,1.0349936446252492,1.0057653163978013,5.592775021425922,0.0,0.0,0.0,0.0,0.0
SE-rest,2015,2015-11-22,,34.89587549469612,1.189680754256176,1.1532009802923808,1.0943324996315973,0.0,0.0,0.0,0.0,0.0
SE-rest,2015,2015-11-29,,45.24520713814727,1.1738658438374954,1.13380321133684,2.3102298072830947,0.0,0.0,0.0,0.0,0.0
SE-rest,2015,2015-12-06,71.0,64.8102720937764,1.1611059660455907,1.115981167071157,4.242721237742958,0.0,0.0,0.0,0.0,0.0
SE-rest,2015,2015-12-13,81.0,86.66441616295397,1.2765231877912033,1.2188151143313564,3.113678243978964,0.0,0.0,0.0,0.0,0.0
SE-rest,2015,2015-12-20,108.0,116.74970795041047,1.3422824966358824,1.268858926861203,2.427118411258527,0.0,0.0,0.0,0.0,0.0
SE-rest,2015,2015-12-27,174.0,167.65375270722225,1.0056915385254406,0.9377076288798883,3.8453617343567537,0.0,0.804168572311678,0.0,0.0,0.0
SE-rest,2015,2016-01-03,196.0,210.3689551244832,1.057235853688379,0.9737710288462403,-2.05125237215478,0.0,1.0,0.0,0.0,0.0
SE-rest,2015,2016-01-10,253.0,224.1866649371729,1.1442069528560503,1.0406611514570963,-9.252901689381982,0.0,0.856511376011697,0.0,0.0,0.0
SE-rest,2015,2016-01-17,204.0,211.42609144213088,1.4852758020367975,1.3290467626617648,-9.032733205577568,0.0,0.0,0.0,0.0,0.0
SE-rest,2015,2016-01-24,273.0,288.2068886442812,1.4917780936550198,1.2974326214066318,-7.53989627642254,0.0,0.0,0.0,0.0,0.0
SE-rest,2015,2016-01-31,488.0,466.03621249101775,1.247080378745911,1.0406934354715358,2.5885068078687055,0.0,0.0,0.0,0.0,0.0
SE-rest,2015,2016-02-07,553.0,608.0746004710841,1.2270182160776064,0.9798821077073697,0.5107990985452745,0.0,0.0,0.0,0.0,0.0
SE-rest,2015,2016-02-14,717.0,640.7500711080994,1.1423534562550441,0.8749270203275746,0.6636247663740631,0.0,0.0,0.0,0.0,0.0
SE-rest,2015,2016-02-21,551.0,564.8195668222843,1.2252694095521472,0.9067512734440575,-1.5514251310853087,0.0,0.0,0.06860898400178818,0.0,0.0
SE-rest,2015,2016-02-28,474.0,479.84625676603673,1.3063774271650872,0.9367533577355174,-1.4144934995300507,0.0,0.0,0.309291721673057,0.0,0.0
SE-rest,2015,2016-03-06,381.0,414.92863818929584,1.337775372120923,0.9317118193521751,-0.292888732760946,0.0,0.0,0.48245912716620054,0.0,0.0
SE-rest,2015,2016-03-13,388.0,377.10143677193355,1.417023721447602,0.9598479771674032,1.0460295361963357,0.0,0.0,0.13964016715895444,0.0,0.0
SE-rest,2015,2016-03-20,363.0,344.154698661313,1.3328913891021033,0.8801052125169427,3.7808173386389,0.0,0.0,0.0,0.0,0.0
SE-rest,2015,2016-03-27,280.0,290.1658675485734,1.349477301039273,0.8723615196316661,3.0528614154374094,0.0,0.0,0.0,0.04007533985724581,0.0
SE-rest,2015,2016-04-03,270.0,266.246736230262,1.0769957130110908,0.6849933463888277,5.212655661874686,0.0,0.0,0.0,0.9429125391283791,0.0
SE-rest,2015,2016-04-10,176.0,181.3288213584999,1.2051961662101205,0.759265954796503,5.842188419015409,0.0,0.0,0.0,0.00815825269151667,0.0
SE-rest,2015,2016-04-17,120.0,115.60389013991008,1.184839158752497,0.7415586888471547,5.946647809540816,0.0,0.0,0.0,0.008853868322858257,0.0
SE-rest,2015,2016-04-24,86.0,76.12719945047364,1.2217613420624382,0.7612642864583261,5.319706745265383,0.0,0.0,0.0,0.0,0.0
SE-rest,2015,2016-05-01,36.0,51.67679273619039,1.2295098403617135,0.7636319262344162,5.503073234895619,0.0,0.0,0.0,0.0,0.0
SE-rest,2015,2016-05-08,41.0,37.7154911984751,0.9592653590119012,0.5944258725369843,12.560748944264388,0.0,0.0,0.0,0.0,0.0
SE-rest,2015,2016-05-15,28.0,25.081304497719533,1.01273535814037,0.62673979559822,11.189690998660923,0.0,0.0,0.0,0.0,0.0
SE-rest,2015,2016-05-22,14.0,15.255106920469075,0.9844629461432148,0.6087012619138267,11.407989313222474,0.0,0.0,0.0,0.0,0.0
SE-rest,2015,2016-05-29,13.0,10.633191085337188,0.9361241302262612,0.5784015617922,12.99082051219591,0.0,0.0,0.0,0.0,0.0
SE-rest,2015,2016-06-05,6.0,7.928332994621187,0.8548473389210146,0.5278875379122755,17.038703478458736,0.0,0.0,0.0,0.0,0.0
SE-rest,2015,2016-06-12,6.0,6.3380515245828235,0.9624141344037334,0.5940177419536996,12.273353642085917,0.0,0.0,0.0,0.0,0.057607209491457305
SE-M,2016,2016-07-03,,0.11237757595313282,0.927286499062628,0.9272669964297676,16.47714285714286,0.0,0.0,0.0,0.0,1.0
SE-M,2016,2016-07-10,,0.1516190315164267,0.9383900989876234,0.9383123496326868,16.315714285714286,0.0,0.0,0.0,0.0,1.0
SE-M,2016,2016-07-17,,0.22792828599633255,0.9392783659825967,0.9391226621166204,16.915714285714284,0.0,0.0,0.0,0.0,1.0
SE-M,2016,2016-07-24,,0.3028879421153592,0.9229758020591936,0.9227300409728078,19.442142857142862,0.0,0.0,0.0,0.0,1.0
SE-M,2016,2016-07-31,0.0,0.37040444976539666,0.9492538456389032,0.9488901359216599,18.43357142857143,0.0,0.0,0.0,0.0,1.0
SE-M,2016,2016-08-07,0.0,0.43098846676424063,0.9882965501190448,0.9877826441872896,16.890714285714285,0.0,0.0,0.0,0.0,1.0
SE-M,2016,2016-08-14,0.0,0.5105379883471167,1.039856120444017,1.0391415984601693,15.242142857142861,0.0,0.0,0.0,0.0,0.9928063747964827
SE-M,2016,2016-08-21,1.0,0.6239567463784796,0.9589623313890302,0.9581118136153315,16.239285714285717,0.0,0.0,0.0,0.0,0.5386176248067324
SE-M,2016,2016-08-28,1.0,0.7257935823481942,0.8647547803409076,0.8638124010635942,18.385714285714283,0.0,0.0,0.0,0.0,0.008215686160788658
SE-M,2016,2016-09-04,0.0,0.7249559076111969,0.888912554124669,0.8877795675619876,16.73071428571429,0.0,0.0,0.0,0.0,0.0
SE-M,2016,2016-09-11,1.0,0.685903327826273,0.8805134625622884,0.8792341950154333,17.549285714285713,0.0,0.0,0.0,0.0,0.0
SE-M,2016,2016-09-18,0.0,0.658847429121449,0.8864209668959788,0.8849807408986641,16.93642857142857,0.0,0.0,0.0,0.0,0.0
SE-M,2016,2016-09-25,0.0,0.6310829841404322,0.9275789380491913,0.9259144684361232,13.602142857142855,0.0,0.0,0.0,0.0,0.0
SE-M,2016,2016-10-02,3.0,0.6349429061402847,0.8934614001830826,0.8917016935613727,14.248571428571427,0.0,0.0,0.0,0.0,0.0
SE-M,2016,2016-10-09,3.0,0.6382678534385728,1.0347520362614513,1.032524707200046,8.965714285714286,0.0,0.0,0.0,0.0,0.0
SE-M,2016,2016-10-16,0.0,0.6970448250366899,1.0655749655221949,1.0630382029703256,7.969285714285713,0.0,0.0,0.0,0.0,0.0
SE-M,2016,2016-10-23,0.0,0.8525373086667958,1.0818510554918974,1.0789667962789615,7.808571428571428,0.0,0.0,0.0,0.0,0.0
SE-M,2016,2016-10-30,1.0,1.0526561452099794,1.1007766586223184,1.0974500098907145,7.880000000000002,0.0,0.0,0.0,0.0,0.0
SE-M,2016,2016-11-06,1.0,1.338123940488523,1.1717836032554962,1.167696825838784,5.4192857142857145,1.0,0.0,0.0,0.0,0.0
SE-M,2016,2016-11-13,0.0,1.7776928578212288,1.53655818155031,1.529996470534061,-1.5514285714285714,0.0,0.0,0.0,0.0,0.0
SE-M,2016,2016-11-20,3.0,3.241568777850442,1.3051800763249328,1.2975270292249657,5.251428571428571,0.0,0.0,0.0,0.0,0.0
SE-M,2016,2016-11-27,9.0,5.935600322033076,1.281493721304818,1.2707871420886971,6.471428571428572,0.0,0.0,0.0,0.0,0.0
SE-M,2016,2016-12-04,7.0,9.420856902450943,1.4741847218913633,1.4556278432693468,3.0821428571428577,0.0,0.0,0.0,0.0,0.0
SE-M,2016,2016-12-11,15.0,17.085974423866677,1.3518639542415996,1.3239333210900612,5.985,0.0,0.0,0.0,0.0,0.0
SE-M,2016,2016-12-18,23.0,31.562648659543292,1.5263650310052335,1.4724442425514215,1.6135714285714289,0.0,0.0,0.0,0.0,0.0
SE-M,2016,2016-12-25,82.0,58.04025385157422,1.1643698568723386,1.0946814837445549,4.444285714285715,0.0,0.5135965806106207,0.0,0.0,0.0
SE-M,2016,2017-01-01,79.0,88.02197656080163,0.9463013370949065,0.865813295777321,4.536428571428571,0.0,1.0,0.0,0.0,0.0
SE-M,2016,2017-01-08,64.0,81.70628445147209,1.0628347314027358,0.9518199551818176,-2.0364285714285715,0.0,1.0,0.0,0.0,0.0
SE-M,2016,2017-01-15,95.0,76.40361820993932,1.2940715254446171,1.133532449376724,0.8757142857142858,0.0,0.13906568769073022,0.0,0.0,0.0
SE-M,2016,2017-01-22,77.0,75.05893130173631,1.310729187682467,1.116066157033797,1.2021428571428572,0.0,0.0,0.0,0.0,0.0
SE-M,2016,2017-01-29,95.0,91.93989270187384,1.3682850962194895,1.1240827910779045,0.7321428571428574,0.0,0.0,0.0,0.0,0.0
SE-M,2016,2017-02-05,88.0,109.46449243367991,1.3785177359002805,1.0840548912117915,1.5192857142857146,0.0,0.0,0.0,0.0,0.0
SE-M,2016,2017-02-12,132.0,129.77370520511366,1.4702175178427883,1.0963900360590657,-1.475,0.0,0.0,0.0,0.0,0.0
SE-M,2016,2017-02-19,151.0,150.68504702513195,1.3548362831143825,0.9506248161299113,1.007857142857143,0.0,0.0,0.0,0.0,0.0
SE-M,2016,2017-02-26,176.0,156.66813038955996,0.9986831721233396,0.6667990158412727,3.956428571428572,0.0,0.0,1.0,0.0,0.0
SE-M,2016,2017-03-05,118.0,116.68952326076247,1.2151483763420856,0.7891263515802212,4.525,0.0,0.0,0.0,0.0,0.0
SE-M,2016,2017-03-12,72.0,73.53071661181627,1.3580253322759268,0.8634350755314885,2.0821428571428577,0.0,0.0,0.0,0.0,0.0
SE-M,2016,2017-03-19,46.0,52.20897323837835,1.3151109163048296,0.8221245995408598,4.6499999999999995,0.0,0.0,0.0,0.0,0.0
SE-M,2016,2017-03-26,36.0,38.91661724659855,1.3226219143845763,0.8167453215926131,5.6935714285714285,0.0,0.0,0.0,0.0,0.0
SE-M,2016,2017-04-02,29.0,28.746538409670148,1.2478127509897006,0.7637124788173819,8.222142857142858,0.0,0.0,0.0,0.0,0.0
SE-M,2016,2017-04-09,27.0,20.566877785983507,1.293836186503448,0.7870834753269474,8.108571428571429,0.0,0.0,0.0,0.0,0.0
SE-M,2016,2017-04-16,10.0,13.347979533655238,1.2298184104007828,0.7451332689828505,6.275714285714286,0.0,0.0,0.0,0.9912713334350628,0.0
SE-M,2016,2017-04-23,8.0,9.617841561029692,1.5601653525518848,0.94261210654611,4.964285714285714,0.0,0.0,0.0,0.00872866656493722,0.0
SE-M,2016,2017-04-30,5.0,6.928673096385753,1.5377324697941008,0.926502437462245,5.904285714285715,0.0,0.0,0.0,0.0,0.0
SE-M,2016,2017-05-07,8.0,6.007920179215951,1.322399880369942,0.7949687708012915,10.027857142857144,0.0,0.0,0.0,0.0,0.0
SE-M,2016,2017-05-14,6.0,4.909134648862409,1.4050971551075473,0.8433010064823808,8.484285714285715,0.0,0.0,0.0,0.0,0.0
SE-M,2016,2017-05-21,4.0,3.726493611833363,1.1313128570663509,0.678176037251987,15.319285714285714,0.0,0.0,0.0,0.0,0.0
SE-M,2016,2017-05-28,4.0,2.5333097639553497,1.106178134346612,0.6626805989412493,16.150714285714287,0.0,0.0,0.0,0.0,0.0
SE-M,2016,2017-06-04,0.0,1.494570453517278,1.14638989598603,0.686513190562361,14.23821948683904,0.0,0.0,0.0,0.0,0.0
SE-M,2016,2017-06-11,1.0,0.867458515509489,1.129676320734699,0.6763476977558052,15.582203412529449,0.0,0.0,0.0,0.0,0.08437157700575837
SE-O,2016,2016-07-03,,0.10718280455256005,0.929871026642676,0.9298606419195651,15.407857142857143,0.0,0.0,0.0,0.0,1.0
SE-O,2016,2016-07-10,,0.1372928607382336,0.9291722096448574,0.9291322605436613,15.845,0.0,0.0,0.0,0.0,1.0
SE-O,2016,2016-07-17,,0.1944805800128873,0.9298478292875466,0.9297697370332045,16.375000000000004,0.0,0.0,0.0,0.0,1.0
SE-O,2016,2016-07-24,,0.24987173724771292,0.9029600107100199,0.9028404973709249,20.013571428571428,0.0,0.0,0.0,0.0,1.0
SE-O,2016,2016-07-31,0.0,0.2954599810341311,0.9299356376041384,0.9297620171062148,18.62357142857143,0.0,0.0,0.0,0.0,1.0
SE-O,2016,2016-08-07,0.0,0.3327090153910319,0.9775490399350886,0.9773056838805151,16.422857142857143,0.0,0.0,0.0,0.0,1.0
SE-O,2016,2016-08-14,0.0,0.38754787041349975,1.0569260975756682,1.0565819929414473,13.96642857142857,0.0,0.0,0.0,0.0,1.0
SE-O,2016,2016-08-21,0.0,0.47940999045109106,1.0061802286800614,1.0057560368627663,16.053571428571427,0.0,0.0,0.0,0.0,0.9217530381562173
SE-O,2016,2016-08-28,1.0,0.5781657923851712,0.8645740312963657,0.8641219622275308,17.560714285714287,0.0,0.0,0.0,0.0,0.014206655462033186
SE-O,2016,2016-09-04,0.0,0.6004244243786405,0.8886670625745572,0.8881204118248477,15.770000000000001,0.0,0.0,0.0,0.0,0.0
SE-O,2016,2016-09-11,1.0,0.5725005146094336,0.8662337073654484,0.8656243303511367,17.305,0.0,0.0,0.0,0.0,0.0
SE-O,2016,2016-09-18,1.0,0.539764493535222,0.8685792796142885,0.8678968556271373,17.234999999999996,0.0,0.0,0.0,0.0,0.0
SE-O,2016,2016-09-25,1.0,0.5017145250839596,0.9010320390261003,0.9002535281487256,14.399285714285716,0.0,0.0,0.0,0.0,0.0
SE-O,2016,2016-10-02,1.0,0.4859079288138372,0.91612595320428,0.9152614014592145,13.642857142857144,0.0,0.0,0.0,0.0,0.0
SE-O,2016,2016-10-09,1.0,0.49141690090395995,1.081963784878403,1.080846262154517,8.525714285714287,0.0,0.0,0.0,0.0,0.0
SE-O,2016,2016-10-16,0.0,0.5719855814145522,1.1566618253084642,1.1553257555401932,6.964285714285714,0.0,0.0,0.0,0.0,0.0
SE-O,2016,2016-10-23,0.0,0.764714962334286,1.1654716884380834,1.1639252422673168,7.074285714285714,0.0,0.0,0.0,0.0,0.0
SE-O,2016,2016-10-30,1.0,1.0656134917290638,1.1716310528273617,1.169796456631897,7.272857142857143,0.00667805717554113,0.0,0.0,0.0,0.0
SE-O,2016,2016-11-06,1.0,1.4990479010278606,1.2952150456195288,1.2927339735461187,3.125714285714286,0.9933219428244591,0.0,0.0,0.0,0.0
SE-O,2016,2016-11-13,6.0,2.2692958520337227,1.552354828478394,1.5483554422114814,-1.0850000000000002,0.0,0.0,0.0,0.0,0.0
SE-O,2016,2016-11-20,1.0,4.568663053377403,1.3529056649627516,1.3475411783354139,5.1192857142857155,0.0,0.0,0.0,0.0,0.0
SE-O,2016,2016-11-27,7.0,8.654609255524981,1.3300136577515842,1.3216650863082113,6.228571428571429,0.0,0.0,0.0,0.0,0.0
SE-O,2016,2016-12-04,11.0,14.853324973654619,1.5610992297118795,1.544523822721065,1.0928571428571432,0.0,0.0,0.0,0.0,0.0
SE-O,2016,2016-12-11,39.0,29.616292855310235,1.349682244975574,1.32341358680434,5.121428571428572,0.0,0.0,0.0,0.0,0.0
SE-O,2016,2016-12-18,51.0,56.4739894453783,1.501454256300592,1.4487015611302692,0.8957142857142857,0.0,0.0,0.0,0.0,0.0
SE-O,2016,2016-12-25,107.0,102.29075943607397,1.1283060828240623,1.060187034061417,4.937857142857142,0.0,0.47881532153717554,0.0,0.0,0.0
SE-O,2016,2017-01-01,133.0,149.32378661415794,0.8888877205528286,0.8135407834259291,5.1621428571428565,0.0,1.0,0.0,0.0,0.0
SE-O,2016,2017-01-08,140.0,131.97976705927886,1.0130018364831501,0.9096377868991006,-2.712142857142857,0.0,1.0,0.0,0.0,0.0
SE-O,2016,2017-01-15,131.0,114.12413823770973,1.1933891654657718,1.052765923809305,1.5285714285714285,0.0,0.14568250263280955,0.0,0.0,0.0
SE-O,2016,2017-01-22,96.0,98.70733721864538,1.2356180110199821,1.0685940047558404,2.085,0.0,0.0,0.0,0.0,0.0
SE-O,2016,2017-01-29,100.0,109.07628624206777,1.3372028504913824,1.1291746781202563,1.2592857142857141,0.0,0.0,0.0,0.0,0.0
SE-O,2016,2017-02-05,122.0,125.7119810244094,1.4107409572112555,1.1556411416169148,0.9328571428571427,0.0,0.0,0.0,0.0,0.0
SE-O,2016,2017-02-12,153.0,158.88018563064787,1.5094949445579933,1.1860750566888658,-1.7535714285714283,0.0,0.0,0.0,0.0,0.0
SE-O,2016,2017-02-19,207.0,206.3001024862225,1.1732588682726328,0.8773073647497007,0.7571428571428571,0.0,0.0,0.8465485235113981,0.0,0.0
SE-O,2016,2017-02-26,228.0,219.76183236965778,1.2349361359636173,0.8861732796893472,2.4328571428571424,0.0,0.0,0.14161610224608123,0.0,0.0
SE-O,2016,2017-03-05,186.0,182.4826439284156,1.1740195545006868,0.8153381089754431,3.9971428571428578,0.0,0.0,0.011835374242520819,0.0,0.0
SE-O,2016,2017-03-12,156.0,141.44209877659128,1.2838030815211785,0.8695464997521716,1.0850000000000002,0.0,0.0,0.0,0.0,0.0
SE-O,2016,2017-03-19,99.0,109.0828472870947,1.2288673994952701,0.8156591574080695,4.332142857142857,0.0,0.0,0.0,0.0,0.0
SE-O,2016,2017-03-26,78.0,81.63995180763473,1.2842316793638064,0.8400591900219234,4.930000000000001,0.0,0.0,0.0,0.0,0.0
SE-O,2016,2017-04-02,58.0,60.909501898933456,1.2669469943815297,0.8193983827397365,7.029285714285715,0.0,0.0,0.0,0.0,0.0
SE-O,2016,2017-04-09,47.0,45.90457940809731,1.2996419410508504,0.8334358656972726,7.83357142857143,0.0,0.0,0.0,0.0,0.0
SE-O,2016,2017-04-16,33.0,32.326628811837715,1.2952823986478936,0.8254970164179033,5.151428571428572,0.0,0.0,0.0,0.9745501660912187,0.0
SE-O,2016,2017-04-23,27.0,25.832713828616377,1.5924299040718886,1.009734473729659,5.099285714285714,0.0,0.0,0.0,0.025449833908781534,0.0
SE-O,2016,2017-04-30,19.0,21.360951299699195,1.6519403400022306,1.0416335243956447,5.413571428571429,0.0,0.0,0.0,0.0,0.0
SE-O,2016,2017-05-07,18.0,21.55188365837445,1.3593791817249588,0.8525376428453277,11.233571428571429,0.0,0.0,0.0,0.0,0.0
SE-O,2016,2017-05-14,20.0,20.069080893093528,1.53905934034239,0.9609586430723424,7.652142857142858,0.0,0.0,0.0,0.0,0.0
SE-O,2016,2017-05-21,23.0,17.54523844445159,1.1955698829003727,0.7436548654212283,15.067857142857145,0.0,0.0,0.0,0.0,0.0
SE-O,2016,2017-05-28,17.0,13.701345915180756,1.151426744318588,0.7145690762660092,15.905714285714286,0.0,0.0,0.0,0.0,0.0
SE-O,2016,2017-06-04,7.0,8.903187115419895,1.191789992794808,0.738591759058047,13.757857142857144,0.0,0.0,0.0,0.0,0.0
SE-O,2016,2017-06-11,4.0,5.458042626297543,1.1665291274917338,0.722312488443945,14.835000000000003,0.0,0.0,0.0,0.0,0.01415032876979684
SE-rest,2016,2016-07-03,,0.5002592178606052,0.9326954560047538,0.932682227753088,16.769006710556493,0.0,0.0,0.0,0.0,1.0
SE-rest,2016,2016-07-10,,0.6581400954824452,0.9457507198288516,0.9456982658856191,16.449479510169606,0.0,0.0,0.0,0.0,1.0
SE-rest,2016,2016-07-17,,0.9680361566836913,0.9439781750881838,0.943874006765628,17.156527577675497,0.0,0.0,0.0,0.0,1.0
SE-rest,2016,2016-07-24,,1.2786142079209624,0.9354693491868622,0.9353037793979672,18.90418282002287,0.0,0.0,0.0,0.0,1.0
SE-rest,2016,2016-07-31,1.0,1.5614650868807418,0.9460344352152852,0.9457937762310047,19.125622684555072,0.0,0.0,0.0,0.0,1.0
SE-rest,2016,2016-08-07,4.0,1.808608652947108,0.9930561559847264,0.9927145000516807,17.03621701471861,0.0,0.0,0.0,0.0,1.0
SE-rest,2016,2016-08-14,0.0,2.1331003708793816,1.084334620110322,1.0838400869200011,14.375514644809483,0.0,0.0,0.0,0.0,0.9892545507402438
SE-rest,2016,2016-08-21,3.0,2.684573884051652,1.0458356098969241,1.0452066297134521,15.096710415587918,0.0,0.0,0.0,0.0,0.686973101282746
SE-rest,2016,2016-08-28,1.0,3.3977858152383646,0.9437536530789356,0.9430297848296669,16.91630592732183,0.0,0.0,0.0,0.0,0.0349907853074204
SE-rest,2016,2016-09-04,3.0,3.7667675392078745,0.9853340761239794,0.9844124213751144,14.945133582580999,0.0,0.0,0.0,0.0,0.0
SE-rest,2016,2016-09-11,5.0,4.00150159522866,0.9625864690476572,0.9615115428628079,16.129139655995022,0.0,0.0,0.0,0.0,0.0
SE-rest,2016,2016-09-18,6.0,4.237702225804505,0.9846467009685946,0.9833609145242947,14.488525930648837,0.0,0.0,0.0,0.0,0.0
SE-rest,2016,2016-09-25,1.0,4.404308940817831,0.9958089751047862,0.9943089842601183,12.606871186893331,0.0,0.0,0.0,0.0,0.0
SE-rest,2016,2016-10-02,5.0,4.732751594556595,0.9593862498632254,0.957736185395271,12.221534118435297,0.0,0.0,0.0,0.0,0.0
SE-rest,2016,2016-10-09,11.0,4.959906324149843,1.0755170620520966,1.0734210706338998,7.477754059522238,0.0,0.0,0.0,0.0,0.0
SE-rest,2016,2016-10-16,12.0,5.575012065567066,1.1200453510942696,1.1175397020334585,6.056387303539075,0.0,0.0,0.0,0.0,0.0
SE-rest,2016,2016-10-23,3.0,6.802916090468478,1.1413062182381732,1.13833318217348,6.487824451523232,0.0,0.0,0.0,0.0,0.0
SE-rest,2016,2016-10-30,3.0,8.69769867585429,1.2240358592753322,1.220235573843156,6.009239997767687,0.0020798067981061606,0.0,0.0,0.0,0.0
SE-rest,2016,2016-11-06,4.0,12.299276937570827,1.4003618040295236,1.3948789944112494,0.9131690957786026,0.9979201932018941,0.0,0.0,0.0,0.0
SE-rest,2016,2016-11-13,30.0,20.570096893784964,1.573926589355358,1.5651352991554153,-2.2257980264995347,0.0,0.0,0.0,0.0,0.0
SE-rest,2016,2016-11-20,42.0,43.71943655591222,1.3655680364356686,1.3531251228923211,3.2796577498529773,0.0,0.0,0.0,0.0,0.0
SE-rest,2016,2016-11-27,86.0,84.25589028509967,1.2964960785609734,1.2772296153419493,4.321810871937169,0.0,0.0,0.0,0.0,0.0
SE-rest,2016,2016-12-04,134.0,137.03320514517895,1.4763351101068027,1.440176467758844,-0.6488949663573182,0.0,0.0,0.0,0.0,0.0
SE-rest,2016,2016-12-11,262.0,244.03632890678995,1.4046247429371121,1.3448258720097397,1.802872973028281,0.0,0.0,0.0,0.0,0.0
SE-rest,2016,2016-12-18,401.0,441.2449779369194,1.5188768849636365,1.4056360630778755,-1.2911712499754429,0.0,0.0,0.0,0.0,0.0
SE-rest,2016,2016-12-25,814.0,791.4376376286513,1.1151674680494825,0.9786627302082148,3.167833740873992,0.0,0.5159636592569593,0.0,0.0,0.0
SE-rest,2016,2017-01-01,1090.0,1057.7790657303844,0.8827633411695549,0.7392937113013358,3.54850495463823,0.0,1.0,0.0,0.0,0.0
SE-rest,2016,2017-01-08,784.0,836.1404053998343,1.0221811663878542,0.8309473408062887,-6.086972199393232,0.0,0.9984986802044359,0.0,0.0,0.0
SE-rest,2016,2017-01-15,679.0,632.6612678963584,1.2624099000187299,1.0011486026564234,-0.5260997683252324,0.0,0.10995515787695538,0.0,0.0,0.0
SE-rest,2016,2017-01-22,458.0,481.61268402507505,1.3232310157314882,1.022632120729996,0.2468937712853802,0.0,0.003084084217263472,0.0,0.0,0.0
SE-rest,2016,2017-01-29,489.0,484.5684233460049,1.3907435093538012,1.0447015843765781,0.15304440794978205,0.0,0.0,0.0,0.0,0.0
SE-rest,2016,2017-02-05,489.0,505.25756119933544,1.426770874348838,1.0389872029508491,-0.03143013448412265,0.0,0.0,0.0,0.0,0.0
SE-rest,2016,2017-02-12,568.0,542.0376748829725,1.5128605828629957,1.0638550541698129,-4.126611195564191,0.0,0.0,0.0,0.0,0.0
SE-rest,2016,2017-02-19,547.0,586.3813022678016,1.3067090903586014,0.8859862912238475,1.4541360153226566,0.0,0.0,0.06860898400178818,0.0,0.0
SE-rest,2016,2017-02-26,616.0,568.3590973223818,1.2699217887638792,0.8359222278266325,-0.5387859531071656,0.0,0.0,0.309291721673057,0.0,0.0
SE-rest,2016,2017-03-05,449.0,454.2361738492766,1.2268146739418102,0.7903629290903316,0.9444149905394118,0.0,0.0,0.48245912716620054,0.0,0.0
SE-rest,2016,2017-03-12,313.0,331.8652618416281,1.4397252475415458,0.912640148192364,-0.4434744575475458,0.0,0.0,0.13964016715895444,0.0,0.0
SE-rest,2016,2017-03-19,268.0,256.0037667275573,1.4187639310719526,0.8864952818741078,3.672572218156708,0.0,0.0,0.0,0.0,0.0
SE-rest,2016,2017-03-26,191.0,209.19704453225535,1.439492382753931,0.888900001504668,4.457730752898789,0.0,0.0,0.0,0.0,0.0
SE-rest,2016,2017-04-02,183.0,175.96402118691316,1.4216175942195182,0.8691148673339902,5.1026543404886855,0.0,0.0,0.0,0.0,0.0
SE-rest,2016,2017-04-09,155.0,142.98911696603133,1.3912345030501996,0.8438701701617889,6.207651248207655,0.0,0.0,0.0,0.0007737336187460425,0.0
SE-rest,2016,2017-04-16,105.0,107.75435879772238,1.4644346113803581,0.8829042096377459,2.368904030140927,0.0,0.0,0.0,0.7217439996382476,0.0
SE-rest,2016,2017-04-23,86.0,90.82759162535754,1.587173667155977,0.9519856138933737,3.762755358999715,0.0,0.0,0.0,0.2774822667430066,0.0
SE-rest,2016,2017-04-30,72.0,76.36241527571228,1.7070132504415787,1.018550705902763,4.187210842917021,0.0,0.0,0.0,0.0,0.0
SE-rest,2016,2017-05-07,79.0,73.14939606406176,1.4547126025286048,0.8637257158826264,9.08289866536571,0.0,0.0,0.0,0.0,0.0
SE-rest,2016,2017-05-14,59.0,66.74030705102368,1.6905309918257352,0.9995382970587717,5.121229953915269,0.0,0.0,0.0,0.0,0.0
SE-rest,2016,2017-05-21,73.0,61.002854749455594,1.3115675853360875,0.7724591573446838,12.742138355915516,0.0,0.0,0.0,0.0,0.0
SE-rest,2016,2017-05-28,42.0,50.66623013720478,1.2092160907105334,0.7104420637931481,15.122444389233504,0.0,0.0,0.0,0.0,0.0
SE-rest,2016,2017-06-04,39.0,33.5595700088419,1.3158187772757408,0.7719409386516187,11.673602264553713,0.0,0.0,0.0,0.0,0.0
SE-rest,2016,2017-06-11,19.0,20.96030394206916,1.238088011606361,0.7256408668861695,14.286123850461209,0.0,0.0,0.0,0.0,0.09783547802570412
SE-M,2017,2017-07-02,,0.12328002522880317,0.8942044715460439,0.8941905569615779,15.136333688958034,0.0,0.0,0.0,0.0,1.0
SE-M,2017,2017-07-09,,0.14787153195600772,0.8862157287034754,0.8861645481521105,15.846705225932975,0.0,0.0,0.0,0.0,1.0
SE-M,2017,2017-07-16,,0.1914599553109968,0.8862790160087766,0.8861828936604181,16.135865986361644,0.0,0.0,0.0,0.0,1.0
SE-M,2017,2017-07-23,,0.22989673166474112,0.8836928716280329,0.883546238467033,16.74030307379106,0.0,0.0,0.0,0.0,1.0
SE-M,2017,2017-07-30,0.0,0.26217018675504966,0.8881235108824014,0.8879199282416979,17.00064687083104,0.0,0.0,0.0,0.0,1.0
SE-M,2017,2017-08-06,0.0,0.2887828213507424,0.8896862497603945,0.8894215309116433,17.46827030824858,0.0,0.0,0.0,0.0,1.0
SE-M,2017,2017-08-13,0.0,0.31125200153383636,0.898811024214732,0.898478160661421,17.348618270398106,0.0,0.0,0.0,0.0,1.0
SE-M,2017,2017-08-20,1.0,0.3324030867931519,0.8349840721353275,0.8346122977824671,16.808580246621702,0.0,0.0,0.0,0.0,0.4321937901972145
SE-M,2017,2017-08-27,1.0,0.34011709476978813,0.8034377526320172,0.8030231024824744,15.77893258417904,0.0,0.0,0.0,0.0,0.0206027129763643
SE-M,2017,2017-09-03,0.0,0.3195653551702775,0.8140808712538743,0.8136078115342265,15.820308223015735,0.0,0.0,0.0,0.0,0.0
SE-M,2017,2017-09-10,0.0,0.2974157374573658,0.854483451076417,0.8539328676051777,14.289326563220127,0.0,0.0,0.0,0.0,0.0
SE-M,2017,2017-09-17,0.0,0.2930926148789528,0.8983956297388095,0.8977567556859537,13.223768731696834,0.0,0.0,0.0,0.0,0.0
SE-M,2017,2017-09-24,0.0,0.30725023005094143,0.9310770664664195,0.930346487720333,12.834604471811401,0.0,0.0,0.0,0.0,0.0
SE-M,2017,2017-10-01,0.0,0.34124956239069826,0.9198621858810883,0.9190646947317214,14.085677891195791,0.0,0.0,0.0,0.0,0.0
SE-M,2017,2017-10-08,0.0,0.3716361714466546,1.027280537375739,1.026295493228772,11.066976739077335,0.0,0.0,0.0,0.0,0.0
SE-M,2017,2017-10-15,0.0,0.4295625483872316,1.0203204571116156,1.0192256310756753,11.709703497507004,0.0,0.0,0.0,0.0,0.0
SE-M,2017,2017-10-22,0.0,0.5310302015382551,1.0335849709223919,1.0323332515934502,11.266223035152837,0.0,0.0,0.0,0.0,0.0
SE-M,2017,2017-10-29,1.0,0.6269115844272398,1.0975772045812844,1.096065009778367,9.237820703635704,0.0,0.0,0.0,0.0,0.0
SE-M,2017,2017-11-05,2.0,0.7816830650630007,1.0562093352310724,1.054530826128255,8.304791738693849,1.0,0.0,0.0,0.0,0.0
SE-M,2017,2017-11-12,3.0,0.9810306798635933,1.1935720887522656,1.1913523153868224,5.928035723775343,0.0,0.0,0.0,0.0,0.0
SE-M,2017,2017-11-19,2.0,1.2811313991258388,1.2375901544590049,1.2348000825151721,4.787946207636574,0.0,0.0,0.0,0.0,0.0
SE-M,2017,2017-11-26,2.0,1.8731464716461783,1.2857549457708202,1.2820722840047385,3.943743923110628,0.0,0.0,0.0,0.0,0.0
SE-M,2017,2017-12-03,2.0,2.9030748196142175,1.3728634193181892,1.3675497348394352,3.067090794815724,0.0,0.0,0.0,0.0,0.0
SE-M,2017,2017-12-10,4.0,4.8307955716086095,1.3579722145105941,1.3503151564615419,4.659447645349834,0.0,0.0,0.0,0.0,0.0
SE-M,2017,2017-12-17,7.0,8.501676975878098,1.5619599699413411,1.5478315225723882,1.3424868263679912,0.0,0.0,0.0,0.0,0.0
SE-M,2017,2017-12-24,11.0,17.355194389315614,1.2769668425967247,1.2567572376941993,4.715239891265068,0.0,0.404185060130703,0.0,0.0,0.0
SE-M,2017,2017-12-31,37.0,31.936793044552218,1.0412400725677249,1.0153428037170955,4.177038758634681,0.0,0.9902157737574423,0.0,0.0,0.0
SE-M,2017,2018-01-07,38.0,37.6790521976478,1.055976124228876,1.0206957777651735,2.4890142634002825,0.0,0.9902157737574423,0.0,0.0,0.0
SE-M,2017,2018-01-14,45.0,39.271658661495906,1.3817338412209652,1.3212880214858203,0.9351584233594502,0.0,0.21668742254045895,0.0,0.0,0.0
SE-M,2017,2018-01-21,50.0,51.03361116103456,1.4466458993804427,1.3576031961619897,0.8656857558712573,0.0,0.0,0.0,0.0,0.0
SE-M,2017,2018-01-28,79.0,85.97338467078052,1.3073467324623917,1.189219067352816,3.696840511930165,0.0,0.0,0.0,0.0,0.0
SE-M,2017,2018-02-04,143.0,131.4614480129407,1.3648777854476581,1.189223502044861,1.9763752787903854,0.0,0.0,0.0,0.0,0.0
SE-M,2017,2018-02-11,179.0,174.75299844340833,1.502410384801213,1.2307170192566066,-2.0551503514474976,0.0,0.0,0.0,0.0,0.0
SE-M,2017,2018-02-18,181.0,246.44843662284353,1.3808882649720258,1.0367605728703615,1.526221056006969,0.0,0.0,0.0,0.0,0.0
SE-M,2017,2018-02-25,382.0,297.46164286931685,1.1739917355576146,0.808974023859696,-1.9102062721267659,0.0,0.0,1.0,0.0,0.0
SE-M,2017,2018-03-04,260.0,268.6648556103529,1.4963368924961478,0.9615170796809583,-5.14237554889764,0.0,0.0,0.0,0.0,0.0
SE-M,2017,2018-03-11,211.0,222.95529205788654,1.4233832551260526,0.8551229668512957,0.27003549856705017,0.0,0.0,0.0,0.0,0.0
SE-M,2017,2018-03-18,191.0,185.92243746722866,1.4974513899485704,0.8526160535445471,-0.4699504927776811,0.0,0.0,0.0,0.0,0.0
SE-M,2017,2018-03-25,128.0,143.7617620890348,1.4721430600054162,0.8038128142597197,1.587985958268718,0.0,0.0,0.0,0.0,0.0
SE-M,2017,2018-04-01,93.0,104.57812916855733,1.2934150395700872,0.6858343090738315,0.6486252641578096,0.0,0.0,0.0,0.8664472017168945,0.0
SE-M,2017,2018-04-08,87.0,75.8513123147788,1.1985912521710334,0.6254737840314014,5.838557186697285,0.0,0.0,0.0,0.08803843693170921,0.0
SE-M,2017,2018-04-15,51.0,40.674960332323856,1.0461515392535488,0.5416715189375038,8.598650583862208,0.0,0.0,0.0,0.04551436135139637,0.0
SE-M,2017,2018-04-22,19.0,19.564849568288704,0.9112024910419863,0.47038991906849065,12.300326957579243,0.0,0.0,0.0,0.0,0.0
SE-M,2017,2018-04-29,6.0,8.080605489158998,0.9655831820358272,0.49793467628612065,9.995652270407685,0.0,0.0,0.0,0.0,0.0
SE-M,2017,2018-05-06,2.0,3.0357778131246604,0.9418358030773362,0.4854866179766911,10.646044071185141,0.0,0.0,0.0,0.0,0.0
SE-M,2017,2018-05-13,1.0,1.157078654565404,0.8086406523839961,0.41676213149155944,16.193309832195446,0.0,0.0,0.0,0.0,0.0
SE-M,2017,2018-05-20,0.0,0.43881539962022065,0.8010144042378575,0.4128071585617689,16.80353881855395,0.0,0.0,0.0,0.0,0.0
SE-M,2017,2018-05-27,0.0,0.16981928110408473,0.7910155481699878,0.4076418970231554,17.36674353223926,0.0,0.0,0.0,0.0,0.0
SE-M,2017,2018-06-03,0.0,0.08099692970365338,0.759938392170918,0.39161828683092875,20.93398159110983,0.0,0.0,0.0,0.0,0.0
SE-M,2017,2018-06-10,0.0,0.05273835362761456,0.7811553450317753,0.4025446586716142,18.56565205745408,0.0,0.0,0.0,0.0,0.011010379403506786
SE-O,2017,2017-07-02,,0.2961698340482294,0.8577630051138634,0.8577475609630806,16.90142857142857,0.0,0.0,0.0,0.0,1.0
SE-O,2017,2017-07-09,,0.4083439586020272,0.8743205852611274,0.8742587281751951,15.855,0.0,0.0,0.0,0.0,1.0
SE-O,2017,2017-07-16,,0.611078596196166,0.8681399279010827,0.8680189390368663,16.445,0.0,0.0,0.0,0.0,1.0
SE-O,2017,2017-07-23,,0.7953045881855798,0.8566731446920118,0.8564848595355876,17.732857142857142,0.0,0.0,0.0,0.0,1.0
SE-O,2017,2017-07-30,2.0,0.9375351955351665,0.869152200254595,0.8688832467585239,17.375714285714285,0.0,0.0,0.0,0.0,1.0
SE-O,2017,2017-08-06,0.0,1.0442499976191966,0.893854022442523,0.8934891428583354,16.73071428571429,0.0,0.0,0.0,0.0,1.0
SE-O,2017,2017-08-13,1.0,1.1594633287006024,0.9102479395330224,0.9097760607542809,17.095714285714287,0.0,0.0,0.0,0.0,1.0
SE-O,2017,2017-08-20,1.0,1.2918227238659643,0.9157461666406647,0.9151596485283842,16.515,0.0,0.0,0.0,0.0,0.8000481395793163
SE-O,2017,2017-08-27,0.0,1.4307641050144442,0.8567491939453664,0.8560897926915121,15.141428571428571,0.0,0.0,0.0,0.0,0.029770469937864162
SE-O,2017,2017-09-03,2.0,1.487434558389848,0.8858570903941583,0.8850620299733184,14.749285714285715,0.0,0.0,0.0,0.0,0.0
SE-O,2017,2017-09-10,1.0,1.501191676066548,0.9257614019539349,0.9248063555054239,13.555714285714286,0.0,0.0,0.0,0.0,0.0
SE-O,2017,2017-09-17,0.0,1.5884188519537523,0.9501637321256334,0.9490427928181256,12.83357142857143,0.0,0.0,0.0,0.0,0.0
SE-O,2017,2017-09-24,3.0,1.7392811360816425,0.9665072535376146,0.9652073413336114,11.965,0.0,0.0,0.0,0.0,0.0
SE-O,2017,2017-10-01,1.0,1.9561416937272962,0.884341383743074,0.8829945009346457,14.045000000000002,0.0,0.0,0.0,0.0,0.0
SE-O,2017,2017-10-08,9.0,2.0221858509933837,0.9936879154800734,0.9919977040655799,9.642857142857142,0.0,0.0,0.0,0.0,0.0
SE-O,2017,2017-10-15,1.0,2.1222278401942516,0.9683501207221682,0.9665067099323579,10.305000000000001,0.0,0.0,0.0,0.0,0.0
SE-O,2017,2017-10-22,2.0,2.4179644639520124,0.9907297914124158,0.9886195746364291,10.035,0.0,0.0,0.0,0.0,0.0
SE-O,2017,2017-10-29,1.0,2.6168524333815246,1.093292734353467,1.0906802447031378,8.049999999999999,0.0,0.0,0.0,0.0,0.0
SE-O,2017,2017-11-05,1.0,3.15738252330138,1.0939065292442354,1.0909229456360314,7.435,0.9929637566342009,0.0,0.0,0.0,0.0
SE-O,2017,2017-11-12,1.0,4.052772743314405,1.2970096373222362,1.292858587145168,4.476428571428571,0.007036243365799479,0.0,0.0,0.0,0.0
SE-O,2017,2017-11-19,6.0,5.832857683164982,1.306330158313093,1.3011257360486412,3.7650000000000006,0.0,0.0,0.0,0.0,0.0
SE-O,2017,2017-11-26,12.0,9.680451417923788,1.3026211824024139,1.2957346668761038,2.3528571428571428,0.0,0.0,0.0,0.0,0.0
SE-O,2017,2017-12-03,21.0,15.883889408377758,1.2835045534371847,1.2740657754515439,2.144285714285714,0.0,0.0,0.0,0.0,0.0
SE-O,2017,2017-12-10,28.0,24.60184406340649,1.2102743232065412,1.1976930513086015,3.8885714285714283,0.0,0.0,0.0,0.0,0.0
SE-O,2017,2017-12-17,32.0,35.95222140825037,1.4168080484943038,1.3955387908454384,-0.4871428571428571,0.0,0.0,0.0,0.0,0.0
SE-O,2017,2017-12-24,55.0,57.82297085132642,1.1465923753365872,1.120808667142032,4.4121428571428565,0.0,0.4306145806195727,0.0,0.0,0.0
SE-O,2017,2017-12-31,73.0,87.77030995001121,0.9878320589806123,0.9572650057955361,3.681428571428572,0.0,0.9754233506936122,0.0,0.0,0.0
SE-O,2017,2018-01-07,100.0,90.70471844708969,1.0224980038063731,0.983360468206502,1.530714285714286,0.0,0.9754233506936122,0.0,0.0,0.0
SE-O,2017,2018-01-14,88.0,87.31084182514375,1.3159306077798008,1.2546003273885329,0.7385714285714285,0.0,0.13971106743755538,0.0,0.0,0.0
SE-O,2017,2018-01-21,116.0,104.39816670726623,1.3474807853791997,1.267340888052399,-0.32857142857142857,0.0,0.0,0.0,0.0,0.0
SE-O,2017,2018-01-28,153.0,155.584892804697,1.2081396411886272,1.1141630833374951,3.000714285714286,0.0,0.0,0.0,0.0,0.0
SE-O,2017,2018-02-04,202.0,212.16171316072285,1.298794428479923,1.168619479969816,-0.018571428571428555,0.0,0.0,0.0,0.0,0.0
SE-O,2017,2018-02-11,267.0,264.06994855466144,1.3411469219903722,1.1677001236560345,-2.116428571428571,0.0,0.0,0.0,0.0,0.0
SE-O,2017,2018-02-18,331.0,344.2289101933916,1.0473208886244774,0.8775947581326957,0.7242857142857143,0.0,0.0,0.8465485235113981,0.0,0.0
SE-O,2017,2018-02-25,388.0,359.3506043632452,1.2522662370919757,1.0147026065526525,-2.8735714285714287,0.0,0.0,0.14161610224608123,0.0,0.0
SE-O,2017,2018-03-04,314.0,334.187788853122,1.3194577734005648,1.0310298349500253,-6.7650000000000015,0.0,0.0,0.011835374242520819,0.0,0.0
SE-O,2017,2018-03-11,354.0,340.59861954157043,1.2263223688620168,0.9229527943333198,-0.9399999999999998,0.0,0.0,0.0,0.0,0.0
SE-O,2017,2018-03-18,317.0,325.51461318245845,1.242230997614522,0.9048453235092667,-1.5728571428571425,0.0,0.0,0.0,0.0,0.0
SE-O,2017,2018-03-25,302.0,280.81336105085745,1.2271860576877096,0.8694159757694925,1.1600000000000001,0.0,0.0,0.0,0.0,0.0
SE-O,2017,2018-04-01,207.0,227.75533339627282,1.3069052212859256,0.9042740780260018,-0.14214285714285707,0.0,0.0,0.0,0.10829124880628106,0.0
SE-O,2017,2018-04-08,196.0,203.69547733086034,1.0157121872972321,0.6900946813190549,4.903571428571429,0.0,0.0,0.0,0.8877472683367359,0.0
SE-O,2017,2018-04-15,136.0,143.39529911290919,1.0353846603017163,0.6960579392934151,8.167857142857143,0.0,0.0,0.0,0.003961482856983305,0.0
SE-O,2017,2018-04-22,110.0,86.48166915308157,0.9338139094326348,0.624114034299578,10.854285714285712,0.0,0.0,0.0,0.0,0.0
SE-O,2017,2018-04-29,43.0,47.32541348567118,1.0096654816744646,0.6728342707701174,8.482142857142858,0.0,0.0,0.0,0.0,0.0
SE-O,2017,2018-05-06,19.0,24.804594628274238,0.9730776960800193,0.647394748061438,9.817142857142857,0.0,0.0,0.0,0.0,0.0
SE-O,2017,2018-05-13,18.0,13.470023273131282,0.8033983965785138,0.5340636221483717,17.530714285714286,0.0,0.0,0.0,0.0,0.0
SE-O,2017,2018-05-20,4.0,6.735122986869089,0.8112234104990289,0.5390800563179047,17.585,0.0,0.0,0.0,0.0,0.0
SE-O,2017,2018-05-27,2.0,3.052840072603032,0.7949590469527379,0.5281856699045145,19.212857142857143,0.0,0.0,0.0,0.0,0.0
SE-O,2017,2018-06-03,3.0,1.4326746487566324,0.7818514427066195,0.5194308596954654,21.27285714285714,0.0,0.0,0.0,0.0,0.0
SE-O,2017,2018-06-10,1.0,0.7490346664947125,0.800743304717319,0.5319516120668891,19.037857142857142,0.0,0.0,0.0,0.0,0.0014627211981033939
SE-rest,2017,2017-07-02,,1.0975331098308416,0.9044551294528701,0.9044402011221042,15.046634156011738,0.0,0.0,0.0,0.0,1.0
SE-rest,2017,2017-07-09,,1.3253001041940726,0.9048197248260177,0.9047638161254797,15.126876321741701,0.0,0.0,0.0,0.0,1.0
SE-rest,2017,2017-07-16,,1.7287863590268195,0.8816074707102394,0.8815049206885746,16.44108234972138,0.0,0.0,0.0,0.0,1.0
SE-rest,2017,2017-07-23,,2.073328675235715,0.8813106945135936,0.8811545656463521,16.289649075219376,0.0,0.0,0.0,0.0,1.0
SE-rest,2017,2017-07-30,2.0,2.342740346994145,0.8636499474520333,0.8634400642592069,17.27660082450329,0.0,0.0,0.0,0.0,1.0
SE-rest,2017,2017-08-06,6.0,2.51962034266165,0.8682912448915824,0.8680207459908944,17.201798846090913,0.0,0.0,0.0,0.0,1.0
SE-rest,2017,2017-08-13,2.0,2.6254386094497932,0.8854009562273651,0.8850619224224089,17.08456528874357,0.0,0.0,0.0,0.0,1.0
SE-rest,2017,2017-08-20,0.0,2.762826773555542,0.8972491952484242,0.896837386598955,16.034275078907097,0.0,0.0,0.0,0.0,0.8074505528515763
SE-rest,2017,2017-08-27,1.0,2.9413736741982257,0.8677615750279571,0.8672941674841823,13.406829003112344,0.0,0.0,0.0,0.0,0.05372614386617813
SE-rest,2017,2017-09-03,5.0,3.0296536208248357,0.8629480439083839,0.8624150071063202,14.418451347791418,0.0,0.0,0.0,0.0,0.0
SE-rest,2017,2017-09-10,3.0,3.038095910410886,0.9192588458553488,0.9186166250054061,12.635998829725098,0.0,0.0,0.0,0.0,0.0
SE-rest,2017,2017-09-17,1.0,3.1750820212680138,0.9336589448151181,0.9329234803180526,12.628381821902806,0.0,0.0,0.0,0.0,0.0
SE-rest,2017,2017-09-24,5.0,3.42642721772803,0.9842586784382882,0.98338585649589,11.174629577252917,0.0,0.0,0.0,0.0,0.0
SE-rest,2017,2017-10-01,5.0,3.9110021824008117,0.947305119087272,0.9463572827101491,12.30516412542646,0.0,0.0,0.0,0.0,0.0
SE-rest,2017,2017-10-08,4.0,4.277626305367422,1.0574317131679394,1.056241331667744,9.200548956461647,0.0,0.0,0.0,0.0,0.0
SE-rest,2017,2017-10-15,6.0,4.922172363904864,1.0719610979232896,1.0705847439304192,8.892405260803729,0.0,0.0,0.0,0.0,0.0
SE-rest,2017,2017-10-22,7.0,6.258762292534771,1.1505914602032181,1.1488761052407865,7.466565125142404,0.0,0.0,0.0,0.0,0.0
SE-rest,2017,2017-10-29,5.0,8.05927539368303,1.2496565645922864,1.2474242888721025,5.253894155201545,0.0,0.0,0.0,0.0,0.0
SE-rest,2017,2017-11-05,7.0,12.004971435206446,1.1678666778843017,1.165255889690441,5.157182597455773,1.0,0.0,0.0,0.0,0.0
SE-rest,2017,2017-11-12,23.0,17.721877495904263,1.2405530969227585,1.2369922521822443,3.5708195705226933,0.0,0.0,0.0,0.0,0.0
SE-rest,2017,2017-11-19,24.0,25.01903263861493,1.2587994161615637,1.2540013944465713,1.1492468816097572,0.0,0.0,0.0,0.0,0.0
SE-rest,2017,2017-11-26,51.0,37.60350360618913,1.2177688811743812,1.2114178152542256,1.1651265332660574,0.0,0.0,0.0,0.0,0.0
SE-rest,2017,2017-12-03,49.0,54.82176112509919,1.2690017352361778,1.2598321850953618,1.1983684153283718,0.0,0.0,0.0,0.0,0.0
SE-rest,2017,2017-12-10,77.0,79.83181367540047,1.3550199259907887,1.3409227411796096,0.9387037942972684,0.0,0.0,0.0,0.0,0.0
SE-rest,2017,2017-12-17,120.0,130.51635248728394,1.493556508128575,1.4692984005935428,-0.9532041943609164,0.0,0.0,0.0,0.0,0.0
SE-rest,2017,2017-12-24,252.0,243.5223944323405,1.327192451417396,1.2911202266526267,0.3624432993187355,0.0,0.37652192996647965,0.0,0.0,0.0
SE-rest,2017,2017-12-31,422.0,437.0734016728185,1.0239492027972301,0.9809341172057401,1.319061459496423,0.0,1.0,0.0,0.0,0.0
SE-rest,2017,2018-01-07,538.0,520.722165307345,0.9926641659061044,0.9380077556147332,0.04255505872310688,0.0,1.0,0.0,0.0,0.0
SE-rest,2017,2018-01-14,499.0,498.71756373187065,1.3104373930901403,1.2205680122704023,-2.2897461362058134,0.0,0.17798358539745626,0.0,0.0,0.0
SE-rest,2017,2018-01-21,570.0,557.6544987918246,1.37311600370959,1.2515536400904932,-2.61725147415984,0.0,0.02168078770008596,0.0,0.0,0.0
SE-rest,2017,2018-01-28,761.0,790.9979276604048,1.297809994862645,1.1461788825444732,-0.0007830373001925002,0.0,0.02168078770008596,0.0,0.0,0.0
SE-rest,2017,2018-02-04,1096.0,1092.006746550781,1.3164293476119877,1.1163531244883016,-2.3377714214620933,0.0,0.02168078770008596,0.0,0.0,0.0
SE-rest,2017,2018-02-11,1351.0,1340.7848986010993,1.282336750143262,1.0360233823817981,-4.743392931644068,0.0,0.02168078770008596,0.0,0.0,0.0
SE-rest,2017,2018-02-18,1554.0,1525.2990607564989,1.1747577415997914,0.9029667401877033,-0.4028963856131305,0.0,0.02168078770008596,0.062200195146043406,0.0,0.0
SE-rest,2017,2018-02-25,1426.0,1449.4995789262055,1.239631289995989,0.9128657333005342,-6.349601725953987,0.0,0.02168078770008596,0.31725176858717313,0.0,0.0
SE-rest,2017,2018-03-04,1237.0,1250.502148807753,1.2670364115841402,0.8981751232459638,-8.605177221714836,0.0,0.02168078770008596,0.48090786910782907,0.0,0.0
SE-rest,2017,2018-03-11,1096.0,1067.398134591243,1.349736607116309,0.9250175692022632,-2.5189709207031536,0.0,0.02168078770008596,0.13964016715895444,0.0,0.0
SE-rest,2017,2018-03-18,878.0,915.1035815506348,1.437474492669812,0.9549960023376777,-3.517429807783521,0.0,0.02168078770008596,0.0,0.0,0.0
SE-rest,2017,2018-03-25,818.0,810.2579724515667,1.320346504050409,0.8529310176546232,0.7820565270274621,0.0,0.02168078770008596,0.0,0.0,0.0
SE-rest,2017,2018-04-01,697.0,674.6342596210095,1.3817832111624797,0.872637859597888,-2.08306311449037,0.0,0.02168078770008596,0.0,0.07909412378086188,0.0
SE-rest,2017,2018-04-08,594.0,583.2757288392345,1.1165985208580147,0.6935729118827721,2.920490639397767,0.0,0.02168078770008596,0.0,0.9193462242002485,0.0
SE-rest,2017,2018-04-15,355.0,394.45670720104357,1.2627616603362273,0.7765507346451074,4.824844922854408,0.0,0.02168078770008596,0.0,0.0,0.0
SE-rest,2017,2018-04-22,261.0,251.74482486647221,1.0267270958698462,0.6273732562130669,10.363024872835044,0.0,0.02168078770008596,0.0,0.0015596520188896604,0.0
SE-rest,2017,2018-04-29,167.0,150.36139895105583,1.1029006124959433,0.67177363298096,7.648362330157065,0.0,0.02168078770008596,0.0,0.0,0.0
SE-rest,2017,2018-05-06,65.0,80.70544936172973,1.0227222206006439,0.6218603018802904,9.245526860624324,0.0,0.02168078770008596,0.0,0.0,0.0
SE-rest,2017,2018-05-13,54.0,43.05596200754539,0.8196420765937422,0.4979682589146507,15.590852500685816,0.0,0.02168078770008596,0.0,0.0,0.0
SE-rest,2017,2018-05-20,21.0,20.266652689388778,0.8091170867625935,0.49142591380985057,15.998861554555774,0.0,0.02168078770008596,0.0,0.0,0.0
SE-rest,2017,2018-05-27,5.0,8.296068302548306,0.7863662423200244,0.4775491340673332,16.92185278813984,0.0,0.02168078770008596,0.0,0.0,0.0
SE-rest,2017,2018-06-03,3.0,3.385910435675316,0.764842140400033,0.4644512025689836,19.1009208046108,0.0,0.02168078770008596,0.0,0.0,0.0
SE-rest,2017,2018-06-10,1.0,1.5302020986172442,0.8121246704507364,0.4931469847531564,16.01217129761269,0.0,0.02168078770008596,0.0,0.0,0.01775989911465185
SE-M,2018,2018-07-01,,0.11483419320349919,0.8693483602225189,0.8693350034521684,18.72743179966568,0.0,0.0,0.0,0.0,1.0
SE-M,2018,2018-07-08,,0.13186072475743718,0.8693158781858202,0.8692674137805094,19.25673707389426,0.0,0.0,0.0,0.0,1.0
SE-M,2018,2018-07-15,,0.16306041494083406,0.8744617347833087,0.8743715316373565,19.536366403813872,0.0,0.0,0.0,0.0,1.0
SE-M,2018,2018-07-22,,0.19150218215157994,0.8673712177394906,0.8672357747955051,21.571590974581515,0.0,0.0,0.0,0.0,1.0
SE-M,2018,2018-07-29,0.0,0.21363970388761552,0.8687555056036406,0.8685702800122377,23.687686504819577,0.0,0.0,0.0,0.0,1.0
SE-M,2018,2018-08-05,0.0,0.2311724240450953,0.8867184845318192,0.8864752853454673,22.613017827902713,0.0,0.0,0.0,0.0,1.0
SE-M,2018,2018-08-12,0.0,0.24786919114609557,0.9213997376250617,0.9210857303424191,20.456052514626524,0.0,0.0,0.0,0.0,1.0
SE-M,2018,2018-08-19,0.0,0.2704694093067417,0.8859714246588845,0.88560542660077,18.653111476772683,0.0,0.0,0.0,0.0,0.596011632355644
SE-M,2018,2018-08-26,0.0,0.29355838325573613,0.8426557533335783,0.8422456875347476,16.963628097986025,0.0,0.0,0.0,0.0,0.05156053038773919
SE-M,2018,2018-09-02,0.0,0.2920418834215399,0.8452009659044938,0.8447307853697377,16.044809916633426,0.0,0.0,0.0,0.0,0.0
SE-M,2018,2018-09-09,1.0,0.28417482804442395,0.8306425424340952,0.8301241499955135,16.777142857142856,0.0,0.0,0.0,0.0,0.0
SE-M,2018,2018-09-16,2.0,0.2735542330563402,0.8554054036297327,0.8548154711546241,15.016428571428573,0.0,0.0,0.0,0.0,0.0
SE-M,2018,2018-09-23,0.0,0.2664894462158362,0.842591787503485,0.8419557149002376,16.267857142857146,0.0,0.0,0.0,0.0,0.0
SE-M,2018,2018-09-30,0.0,0.2641961957772381,0.9448362772962253,0.9440590326821191,11.623571428571429,0.0,0.0,0.0,0.0,0.0
SE-M,2018,2018-10-07,0.0,0.2851713776653755,0.9967451653074129,0.9958443309466241,10.177857142857144,0.0,0.0,0.0,0.0,0.0
SE-M,2018,2018-10-14,0.0,0.33069631850191117,0.9107329073310376,0.9098257288729904,13.357142857142858,0.0,0.0,0.0,0.0,0.0
SE-M,2018,2018-10-21,1.0,0.3685813278562391,1.0038859311830828,1.0027871156779167,10.801428571428573,0.0,0.0,0.0,0.0,0.0
SE-M,2018,2018-10-28,0.0,0.4026818404018489,1.155716131350902,1.1543088403293733,7.533571428571429,0.0,0.0,0.0,0.0,0.0
SE-M,2018,2018-11-04,0.0,0.5122491625703506,1.1145918214659019,1.1130426763279953,7.712857142857144,1.0,0.0,0.0,0.0,0.0
SE-M,2018,2018-11-11,1.0,0.7108831406871168,1.1776820421548473,1.1757681351582623,8.381428571428573,0.0,0.0,0.0,0.0,0.0
SE-M,2018,2018-11-18,0.0,0.9807347072609898,1.2441070365447737,1.2416598001467247,7.738717018358615,0.0,0.0,0.0,0.0,0.0
SE-M,2018,2018-11-25,0.0,1.434279188670875,1.4975382516919726,1.4937032199887568,3.055299698332808,0.0,0.0,0.0,0.0,0.0
SE-M,2018,2018-12-02,4.0,2.731588011588456,1.5751092912139963,1.568918705346268,0.9914285714285714,0.0,0.0,0.0,0.0,0.0
SE-M,2018,2018-12-09,5.0,6.227035903729687,1.3551473329671904,1.3459307666069709,6.020714285714286,0.0,0.0,0.0,0.0,0.0
SE-M,2018,2018-12-16,13.0,11.903886704885673,1.5221438740207416,1.5038259834248255,1.9728571428571429,0.0,0.0,0.0,0.0,0.0
SE-M,2018,2018-12-23,23.0,23.22452010483303,1.3623569675317577,1.331881636066011,1.6735714285714292,0.0,0.31350192422649453,0.0,0.0,0.0
SE-M,2018,2018-12-30,50.0,43.48469054412165,0.971659608442544,0.9361265302082463,4.479285714285715,0.0,1.0,0.0,0.0,0.0
SE-M,2018,2019-01-06,43.0,52.40211069361061,1.003060158015828,0.9542453906871363,2.8607142857142853,0.0,1.0,0.0,0.0,0.0
SE-M,2018,2019-01-13,45.0,48.82711758141925,1.252472779615992,1.1760739975762198,2.674285714285715,0.0,0.21990659956789654,0.0,0.0,0.0
SE-M,2018,2019-01-20,69.0,52.88342943593826,1.3208657304280973,1.2177212824392003,1.6285714285714292,0.0,0.0,0.0,0.0,0.0
SE-M,2018,2019-01-27,62.0,71.16904933860289,1.3670176097975728,1.2269186558005882,-0.9650000000000001,0.0,0.0,0.0,0.0,0.0
SE-M,2018,2019-02-03,93.0,100.96680514307202,1.2796270763086783,1.1064366600036901,1.0235714285714288,0.0,0.0,0.0,0.0,0.0
SE-M,2018,2019-02-10,150.0,130.8243048834288,1.1675909699405913,0.9676377620433518,3.5321428571428575,0.0,0.0,0.0,0.0,0.0
SE-M,2018,2019-02-17,135.0,142.01908830394171,1.124404766886433,0.8953156327629025,4.659285714285714,0.0,0.0,0.0,0.0,0.0
SE-M,2018,2019-02-24,120.0,128.26102417355202,0.9429805152970033,0.7280898943731924,4.075,0.0,0.0,1.0,0.0,0.0
SE-M,2018,2019-03-03,99.0,94.70521683053411,1.1384159177552078,0.8615862508456968,4.808571428571428,0.0,0.0,0.0,0.0,0.0
SE-M,2018,2019-03-10,67.0,65.9426784865056,1.153481036794371,0.8587945754162838,5.129285714285715,0.0,0.0,0.0,0.0,0.0
SE-M,2018,2019-03-17,57.0,50.61548715941631,1.2330258240890806,0.9057178707312801,4.45,0.0,0.0,0.0,0.0,0.0
SE-M,2018,2019-03-24,35.0,41.509860498875824,1.228778704708074,0.8920322469717819,6.251428571428572,0.0,0.0,0.0,0.0,0.0
SE-M,2018,2019-03-31,30.0,34.755018233426924,1.2474253151701282,0.896677940317646,7.277142857142858,0.0,0.0,0.0,0.0,0.0
SE-M,2018,2019-04-07,30.0,29.109036163834286,1.2448983199158061,0.8874014269330682,8.227142857142857,0.0,0.0,0.0,0.0,0.0
SE-M,2018,2019-04-14,20.0,24.60710279609378,1.4836964859004371,1.049579187980621,3.4885714285714284,0.0,0.0,0.0,0.033115035005662784,0.0
SE-M,2018,2019-04-21,36.0,21.287102764029534,1.086419139990916,0.763111918977783,8.514285714285716,0.0,0.0,0.0,0.9668849649943372,0.0
SE-M,2018,2019-04-28,21.0,20.292471115563508,1.1585233464074292,0.8098699791788407,12.509285714285712,0.0,0.0,0.0,0.0,0.0
SE-M,2018,2019-05-05,6.0,13.739674576819775,1.3933879417492403,0.9705201439826918,8.936428571428571,0.0,0.0,0.0,0.0,0.0
SE-M,2018,2019-05-12,8.0,10.70621649661462,1.4529406207305868,1.008360745179325,8.912142857142857,0.0,0.0,0.0,0.0,0.0
SE-M,2018,2019-05-19,8.0,10.470068929705604,1.3472832170294173,0.9316091924820362,11.937857142857142,0.0,0.0,0.0,0.0,0.0
SE-M,2018,2019-05-26,11.0,10.146373389279175,1.2383492702260186,0.8535989874377133,14.612857142857143,0.0,0.0,0.0,0.0,0.0
SE-M,2018,2019-06-02,17.0,8.499005504174718,1.2635440364230424,0.868883605456895,13.460714285714287,0.0,0.0,0.0,0.0,0.0
SE-M,2018,2019-06-09,3.0,6.826651773488296,1.1612254893266039,0.7970219944968822,18.384999999999998,0.0,0.0,0.0,0.0,0.06867477662353298
SE-O,2018,2018-07-01,,0.12871536818741408,0.9280088015330571,0.9279964816088251,19.61357142857143,0.0,0.0,0.0,0.0,1.0
SE-O,2018,2018-07-08,,0.18195898472563415,0.9312701974287086,0.9312208945437287,19.891428571428573,0.0,0.0,0.0,0.0,1.0
SE-O,2018,2018-07-15,,0.2848936946002042,0.9382983872318545,0.9381980119834162,20.476428571428574,0.0,0.0,0.0,0.0,1.0
SE-O,2018,2018-07-22,,0.38706166686386856,0.9483857744452779,0.948220414424988,20.766428571428573,0.0,0.0,0.0,0.0,1.0
SE-O,2018,2018-07-29,0.0,0.48416044444272904,0.9482534219873024,0.9480119011007788,23.05071428571428,0.0,0.0,0.0,0.0,1.0
SE-O,2018,2018-08-05,1.0,0.57896796723953,0.9710096747333811,0.9706715507650711,22.165,0.0,0.0,0.0,0.0,1.0
SE-O,2018,2018-08-12,0.0,0.6746157598374185,1.0222712261787645,1.021802138950461,18.99285714285714,0.0,0.0,0.0,0.0,1.0
SE-O,2018,2018-08-19,1.0,0.8044345606298323,1.053891160964368,1.0532634779026613,17.26642857142857,0.0,0.0,0.0,0.0,0.9956118364056901
SE-O,2018,2018-08-26,0.0,0.9928221370504496,0.9449395711992165,0.9442251722674143,15.916428571428572,0.0,0.0,0.0,0.0,0.08273416049497222
SE-O,2018,2018-09-02,0.0,1.126574811590677,0.9394791533378956,0.9386159435867925,15.331428571428573,0.0,0.0,0.0,0.0,0.0
SE-O,2018,2018-09-09,3.0,1.1723570889697208,0.9075284977080749,0.9065467864018634,16.557857142857145,0.0,0.0,0.0,0.0,0.0
SE-O,2018,2018-09-16,3.0,1.1574143691084782,0.9545713523362028,0.9533867551851591,13.622142857142856,0.0,0.0,0.0,0.0,0.0
SE-O,2018,2018-09-23,1.0,1.1547279383662439,0.927190530012521,0.925888316505352,15.031428571428574,0.0,0.0,0.0,0.0,0.0
SE-O,2018,2018-09-30,0.0,1.1736323695664104,1.063470534748014,1.0617909178316074,10.087857142857144,0.0,0.0,0.0,0.0,0.0
SE-O,2018,2018-10-07,1.0,1.317042141652304,1.1157418399757595,1.1137288740150295,8.505714285714287,0.0,0.0,0.0,0.0,0.0
SE-O,2018,2018-10-14,1.0,1.6310666594424394,0.9344569692955105,0.932524382368514,13.665714285714285,0.0,0.0,0.0,0.0,0.0
SE-O,2018,2018-10-21,3.0,1.8375511918141878,0.9867029778338077,0.9844084119398124,11.52357142857143,0.0,0.0,0.0,0.0,0.0
SE-O,2018,2018-10-28,3.0,1.8473007646855186,1.1932302215483996,1.1901047888027094,5.852142857142858,0.0,0.0,0.0,0.0,0.0
SE-O,2018,2018-11-04,3.0,2.193521410306178,1.0853031966183015,1.0820257930694657,7.037857142857143,1.0,0.0,0.0,0.0,0.0
SE-O,2018,2018-11-11,2.0,2.915687106528088,1.0904955685481696,1.0866689120002209,8.766428571428571,0.0,0.0,0.0,0.0,0.0
SE-O,2018,2018-11-18,4.0,3.5134783829328473,1.170562397471101,1.165752405012457,7.768571428571429,0.0,0.0,0.0,0.0,0.0
SE-O,2018,2018-11-25,4.0,4.4478155048174965,1.527424928523643,1.5196645649370748,0.7764285714285716,0.0,0.0,0.0,0.0,0.0
SE-O,2018,2018-12-02,2.0,7.979910609650101,1.5494267105174975,1.5380814046793745,0.7757142857142859,0.0,0.0,0.0,0.0,0.0
SE-O,2018,2018-12-09,22.0,17.998923477461318,1.4289893649845031,1.411749412176515,4.260714285714286,0.0,0.0,0.0,0.0,0.0
SE-O,2018,2018-12-16,31.0,35.54748894130636,1.549507322166972,1.5164807945292067,1.112142857142857,0.0,0.0,0.0,0.0,0.0
SE-O,2018,2018-12-23,87.0,73.09289805937313,1.4103914647743132,1.3539641599599126,0.09857142857142863,0.0,0.31874566016535233,0.0,0.0,0.0
SE-O,2018,2018-12-30,125.0,139.96942097761564,1.0320859708303594,0.9635215213386205,2.238571428571429,0.0,1.0,0.0,0.0,0.0
SE-O,2018,2019-01-06,161.0,172.67284378232938,0.9743948940909817,0.8878926112748304,2.632857142857143,0.0,1.0,0.0,0.0,0.0
SE-O,2018,2019-01-13,179.0,158.03737951542428,1.2574988164041023,1.1201181061113785,1.0885714285714285,0.0,0.15162718466379696,0.0,0.0,0.0
SE-O,2018,2019-01-20,161.0,155.00652677328682,1.313072598937108,1.1361689780252882,-0.965,0.0,0.0,0.0,0.0,0.0
SE-O,2018,2019-01-27,171.0,185.53630580808343,1.3266176808080854,1.1063594143474567,-2.217142857142857,0.0,0.0,0.0,0.0,0.0
SE-O,2018,2019-02-03,238.0,224.90970648833445,1.3230843313761722,1.0556013748301183,-2.2749999999999995,0.0,0.0,0.0,0.0,0.0
SE-O,2018,2019-02-10,237.0,258.04801101518626,1.1960969857182775,0.910514735815224,2.494285714285714,0.0,0.0,0.0,0.0,0.0
SE-O,2018,2019-02-17,260.0,254.6649270565659,0.9534179925079739,0.6993839660902569,4.166428571428572,0.0,0.0,0.8465485235113981,0.0,0.0
SE-O,2018,2019-02-24,206.0,191.19401164886432,1.1299546290637281,0.8104564763547947,3.681428571428572,0.0,0.0,0.14161610224608123,0.0,0.0
SE-O,2018,2019-03-03,119.0,123.0895493934915,1.1729933077563321,0.8276047305547242,4.430714285714286,0.0,0.0,0.011835374242520819,0.0,0.0
SE-O,2018,2019-03-10,83.0,86.57459220662031,1.30245218847752,0.9070675309288452,2.948571428571428,0.0,0.0,0.0,0.0,0.0
SE-O,2018,2019-03-17,73.0,67.94706089536395,1.3993392722088722,0.9630652039855576,2.7350000000000003,0.0,0.0,0.0,0.0,0.0
SE-O,2018,2019-03-24,52.0,60.70695551087293,1.3876677103067434,0.9441775732998664,5.424285714285714,0.0,0.0,0.0,0.0,0.0
SE-O,2018,2019-03-31,61.0,55.69822087068212,1.430375871205529,0.9630623095485384,6.611428571428571,0.0,0.0,0.0,0.0,0.0
SE-O,2018,2019-04-07,48.0,51.429110912476105,1.4447314189478146,0.9630200150528835,7.947857142857143,0.0,0.0,0.0,0.0,0.0
SE-O,2018,2019-04-14,40.0,49.11168478947583,1.746711920653124,1.151954999070045,3.124285714285715,0.0,0.0,0.0,0.0,0.0
SE-O,2018,2019-04-21,52.0,49.82538969431471,1.1602795316929502,0.7566947113106217,9.594999999999999,0.0,0.0,0.0,0.9571863149184267,0.0
SE-O,2018,2019-04-28,65.0,51.082699580849095,1.1278666468026612,0.7303742949258696,13.830714285714285,0.0,0.0,0.0,0.042813685081573384,0.0
SE-O,2018,2019-05-05,34.0,33.019657950247,1.325010264061196,0.8542191912675641,8.904999999999998,0.0,0.0,0.0,0.0,0.0
SE-O,2018,2019-05-12,15.0,21.69183145677574,1.351043276006866,0.8679331393804601,7.796428571428572,0.0,0.0,0.0,0.0,0.0
SE-O,2018,2019-05-19,20.0,17.041571996761334,1.1629702617842266,0.7450290847658697,12.357142857142858,0.0,0.0,0.0,0.0,0.0
SE-O,2018,2019-05-26,13.0,12.640677814936074,1.112010877494186,0.7111570448266787,14.036428571428573,0.0,0.0,0.0,0.0,0.0
SE-O,2018,2019-06-02,4.0,7.964206716159888,1.1965231084948955,0.7644174389714612,11.39357142857143,0.0,0.0,0.0,0.0,0.0
SE-O,2018,2019-06-09,7.0,5.051637840630288,1.0488139157711482,0.6695941443227883,17.255714285714284,0.0,0.0,0.0,0.0,0.0029254423962067878
SE-rest,2018,2018-07-01,,0.642181617504042,0.8707210296363463,0.8707097824636897,17.216183957821546,0.0,0.02168078770008596,0.0,0.0,1.0
SE-rest,2018,2018-07-08,,0.8149054207106559,0.8527035421975769,0.8526621376622091,18.45518828252699,0.0,0.02168078770008596,0.0,0.0,1.0
SE-rest,2018,2018-07-15,,1.1221921975006484,0.8335332162156749,0.8334566643033264,20.814283272324648,0.0,0.02168078770008596,0.0,0.0,1.0
SE-rest,2018,2018-07-22,,1.3594403707715557,0.819342488018041,0.8192280824082081,23.15793153481928,0.0,0.02168078770008596,0.0,0.0,1.0
SE-rest,2018,2018-07-29,2.0,1.5016964641100063,0.8156540789675643,0.8154992474502657,23.430710666918618,0.0,0.02168078770008596,0.0,0.0,1.0
SE-rest,2018,2018-08-05,2.0,1.590555121393423,0.8169770644515862,0.8167794529560828,22.842354225748903,0.0,0.02168078770008596,0.0,0.0,1.0
SE-rest,2018,2018-08-12,1.0,1.6485791303293325,0.8443345378730915,0.8440846271768327,19.48784033664561,0.0,0.02168078770008596,0.0,0.0,0.9962585951786443
SE-rest,2018,2018-08-19,4.0,1.7228441402276036,0.862047144793482,0.8617422716811584,17.09608338725001,0.0,0.02168078770008596,0.0,0.0,0.9340014023329525
SE-rest,2018,2018-08-26,0.0,1.841600873749443,0.7900789500956636,0.7897523915565008,15.49257480321923,0.0,0.02168078770008596,0.0,0.0,0.08842008468964616
SE-rest,2018,2018-09-02,1.0,1.8557825825530068,0.7976875943171328,0.7973130451167035,15.077698931143422,0.0,0.02168078770008596,0.0,0.0,0.0
SE-rest,2018,2018-09-09,1.0,1.7933677577680565,0.7978594562090205,0.7974409921693952,15.944732868329979,0.0,0.02168078770008596,0.0,0.0,0.0
SE-rest,2018,2018-09-16,3.0,1.743229793570201,0.8614475501020484,0.8609478610629934,13.4702118914781,0.0,0.02168078770008596,0.0,0.0,0.0
SE-rest,2018,2018-09-23,0.0,1.7796304586440232,0.8659510426719382,0.8653968669850476,14.17615645499468,0.0,0.02168078770008596,0.0,0.0,0.0
SE-rest,2018,2018-09-30,1.0,1.9103565585883142,1.0362059034596132,1.035470668816093,8.570340381492313,0.0,0.02168078770008596,0.0,0.0,0.0
SE-rest,2018,2018-10-07,5.0,2.3197746872952716,1.091331508696544,1.0904520121181396,7.115464961568705,0.0,0.02168078770008596,0.0,0.0,0.0
SE-rest,2018,2018-10-14,4.0,3.0990533030163574,0.919795611554175,0.9189447657016613,11.835280082406882,0.0013301719692353222,0.02168078770008596,0.0,0.0,0.0
SE-rest,2018,2018-10-21,6.0,3.6629506930026428,1.0131922186540117,1.0121287476016485,9.400907323384656,0.0,0.02168078770008596,0.0,0.0,0.0
SE-rest,2018,2018-10-28,2.0,3.9862099075517485,1.2744443411751438,1.2728984272302355,3.6271291218274144,0.0,0.02168078770008596,0.0,0.0,0.0
SE-rest,2018,2018-11-04,3.0,5.512962924120663,1.1544696943263364,1.152769661749046,5.855839575815442,0.9986698280307645,0.02168078770008596,0.0,0.0,0.0
SE-rest,2018,2018-11-11,8.0,8.37435984767109,1.1908893650489014,1.18870414695318,7.14907953335356,0.0,0.02168078770008596,0.0,0.0,0.0
SE-rest,2018,2018-11-18,11.0,11.716971492389941,1.2396296051421491,1.2367117301285295,6.499352301282956,0.0,0.02168078770008596,0.0,0.0,0.0
SE-rest,2018,2018-11-25,20.0,17.103197946037838,1.5542165647331605,1.549134940173443,-0.8344438090347014,0.0,0.02168078770008596,0.0,0.0,0.0
SE-rest,2018,2018-12-02,33.0,33.09099945684234,1.5286792273747427,1.5204347547712131,-0.21785646572742318,0.0,0.02168078770008596,0.0,0.0,0.0
SE-rest,2018,2018-12-09,69.0,74.29426310592827,1.4359706319917023,1.4218544533706579,2.553303413809251,0.0,0.02168078770008596,0.0,0.0,0.0
SE-rest,2018,2018-12-16,147.0,148.33094096271373,1.513426720565603,1.4854557569204085,-1.3724088453729024,0.0,0.02168078770008596,0.0,0.0,0.0
SE-rest,2018,2018-12-23,303.0,295.78954531664635,1.3079475375313163,1.2627052584599405,-2.0100151907652997,0.0,0.35498211825307135,0.0,0.0,0.0
SE-rest,2018,2018-12-30,530.0,519.4449669016258,0.988864333350364,0.9343369182526623,-0.6979814405461892,0.0,1.0,0.0,0.0,0.0
SE-rest,2018,2019-01-06,582.0,594.6694434810245,0.9554624240061624,0.8867144758769585,0.2182581704438477,0.0,1.0,0.0,0.0,0.0
SE-rest,2018,2019-01-13,524.0,531.7228801906915,1.2344777702510232,1.1264221061513278,-0.5655897727721965,0.0,0.1794378680686411,0.0,0.0,0.0
SE-rest,2018,2019-01-20,530.0,519.8491346755741,1.3269622012973645,1.1842688347971522,-4.990367231370918,0.0,0.0,0.0,0.0,0.0
SE-rest,2018,2019-01-27,651.0,655.3803180149162,1.274705841049441,1.10429699142297,-5.768641400751228,0.0,0.0,0.0,0.0,0.0
SE-rest,2018,2019-02-03,824.0,820.0738586910995,1.2088842089456548,1.0119855875270505,-4.149308915992917,0.0,0.0,0.0,0.0,0.0
SE-rest,2018,2019-02-10,914.0,907.6117063033616,1.1498451852288603,0.9300619549473182,-1.424622930610432,0.0,0.0,0.0,0.0,0.0
SE-rest,2018,2019-02-17,897.0,886.4278971436271,1.0983593724053062,0.8618317069396316,2.6443473450089243,0.0,0.0,0.062200195146043406,0.0,0.0
SE-rest,2018,2019-02-24,718.0,750.0806012023147,1.1504602196584606,0.8812495343910463,1.1792432972141191,0.0,0.0,0.3157005105288018,0.0,0.0
SE-rest,2018,2019-03-03,609.0,594.3082779102522,1.1089085900853586,0.8332399071523884,2.9069613199838016,0.0,0.0,0.4806893553614326,0.0,0.0
SE-rest,2018,2019-03-10,451.0,461.3020658226268,1.3313826083626714,0.9847955010680796,-0.9702121084885819,0.0,0.0,0.14140993896372225,0.0,0.0
SE-rest,2018,2019-03-17,408.0,395.33941088364685,1.3551515932457827,0.9861796868165962,0.24083445864204453,0.0,0.0,0.0,0.0,0.0
SE-rest,2018,2019-03-24,390.0,380.4252083388087,1.2718021092914336,0.9111827511089048,4.391484530467198,0.0,0.0,0.0,0.0,0.0
SE-rest,2018,2019-03-31,337.0,351.7191540776561,1.3050378968471417,0.9223634230647392,5.487340349341818,0.0,0.0,0.0,0.0,0.0
SE-rest,2018,2019-04-07,295.0,308.2760621083028,1.3697010861920347,0.9562599449744228,4.961450650470289,0.0,0.0,0.0,0.0,0.0
SE-rest,2018,2019-04-14,296.0,276.79675717177486,1.5320216819956574,1.0565874893574456,1.1281008273480357,0.0,0.0,0.0,0.0015538304011108188,0.0
SE-rest,2018,2019-04-21,252.0,260.58492218152054,1.0308842288556666,0.7029883708318792,8.594483632259058,0.0,0.0,0.0,0.8011339428341505,0.0
SE-rest,2018,2019-04-28,242.0,240.38587702662554,0.9749003324340526,0.6606159597330713,12.03474577059822,0.0,0.0,0.0,0.19731222676473886,0.0
SE-rest,2018,2019-05-05,146.0,139.02192219732692,1.2003861900325894,0.8105331918510268,6.527360340184734,0.0,0.0,0.0,0.0,0.0
SE-rest,2018,2019-05-12,77.0,81.93574550519334,1.1214422110928879,0.7553185691212548,7.849138345322751,0.0,0.0,0.0,0.0,0.0
SE-rest,2018,2019-05-19,58.0,55.88820586177626,0.9831997705594903,0.6611308849196449,11.298903261586329,0.0,0.0,0.0,0.0,0.0
SE-rest,2018,2019-05-26,35.0,35.008193502149055,0.9080704435133604,0.610096122083902,13.961636618997783,0.0,0.0,0.0,0.0,0.0
SE-rest,2018,2019-06-02,18.0,18.609074594732192,0.9577791395821486,0.6432316924209308,11.653045267926887,0.0,0.0,0.0,0.0,0.0
SE-rest,2018,2019-06-09,9.0,9.686599287515868,0.8314473102287608,0.5582638733310584,18.258348501784408,0.0,0.0,0.0,0.0,0.017458161377217608
SE-M,2019,2019-06-30,,0.11717932961255872,0.828377778335687,0.8283664209694098,20.142142857142858,0.0,0.0,0.0,0.0,1.0
SE-M,2019,2019-07-07,,0.12245185092821517,0.8956105135400951,0.8955673613775991,15.098571428571429,0.0,0.0,0.0,0.0,1.0
SE-M,2019,2019-07-14,,0.1361958950248205,0.8607098230689674,0.8606348946433736,17.500000000000004,0.0,0.0,0.0,0.0,1.0
SE-M,2019,2019-07-21,,0.1519680770152006,0.860963679522758,0.8608532498693693,18.084285714285716,0.0,0.0,0.0,0.0,1.0
SE-M,2019,2019-07-28,0.0,0.1618959071023398,0.8455932789400304,0.8454487314557779,20.794285714285714,0.0,0.0,0.0,0.0,1.0
SE-M,2019,2019-08-04,0.0,0.1668517842316664,0.8708083545191604,0.8706216047656625,19.052142857142858,0.0,0.0,0.0,0.0,1.0
SE-M,2019,2019-08-11,0.0,0.17133627546441338,0.8753337579928472,0.8751062197374573,18.986428571428576,0.0,0.0,0.0,0.0,1.0
SE-M,2019,2019-08-18,0.0,0.17936528607099245,0.8802447557323159,0.8799740146490913,16.87142857142857,0.0,0.0,0.0,0.0,0.7742675229806223
SE-M,2019,2019-08-25,1.0,0.1875177008709325,0.7831064106415797,0.7828285893746768,18.020000000000003,0.0,0.0,0.0,0.0,0.07670306994272817
SE-M,2019,2019-09-01,0.0,0.18133301229162757,0.7588799370188449,0.7585793567837612,20.909285714285716,0.0,0.0,0.0,0.0,0.0
SE-M,2019,2019-09-08,0.0,0.16179917583488973,0.832946332190396,0.8325848093148476,15.271428571428572,0.0,0.0,0.0,0.0,0.0
SE-M,2019,2019-09-15,0.0,0.15220678804012872,0.8510885493677914,0.850685687457579,15.127857142857144,0.0,0.0,0.0,0.0,0.0
SE-M,2019,2019-09-22,0.0,0.15573607918928506,0.9461001113098896,0.9456115399546705,12.007142857142858,0.0,0.0,0.0,0.0,0.0
SE-M,2019,2019-09-29,0.0,0.17350866962058864,0.927330995850073,0.9268052643317953,13.405000000000001,0.0,0.0,0.0,0.0,0.0
SE-M,2019,2019-10-06,0.0,0.19794938165220222,1.1531144365733434,1.1523893190649972,7.908571428571428,0.0,0.0,0.0,0.0,0.0
SE-M,2019,2019-10-13,0.0,0.2527569953010797,1.1013568071044983,1.100565409667113,9.865,0.0,0.0,0.0,0.0,0.0
SE-M,2019,2019-10-20,0.0,0.3638196641133049,1.0399991002681708,1.0391301829781125,11.952857142857143,0.0,0.0,0.0,0.0,0.0
SE-M,2019,2019-10-27,1.0,0.4480660546994896,1.0776726291006404,1.076625943285494,11.535714285714286,0.0,0.0,0.0,0.0,0.0
SE-M,2019,2019-11-03,0.0,0.5475299420017941,1.2775048932363127,1.2760256611819878,5.945,1.0,0.0,0.0,0.0,0.0
SE-M,2019,2019-11-10,2.0,0.7946191169504542,1.4184704088511713,1.416359544065394,5.034999999999999,0.0,0.0,0.0,0.0,0.0
SE-M,2019,2019-11-17,0.0,1.386373777839824,1.3824938746795445,1.379575909457513,6.1328571428571435,0.0,0.0,0.0,0.0,0.0
SE-M,2019,2019-11-24,0.0,2.5714187282527075,1.305991344171493,1.301821015138197,7.567857142857144,0.0,0.0,0.0,0.0,0.0
SE-M,2019,2019-12-01,4.0,4.356528674168105,1.4064692631521811,1.3994236111661411,4.772857142857143,0.0,0.0,0.0,0.0,0.0
SE-M,2019,2019-12-08,12.0,7.572776372621743,1.3137058051227501,1.302887861833034,5.567142857142858,0.0,0.0,0.0,0.0,0.0
SE-M,2019,2019-12-15,15.0,13.314742104394393,1.3303512893281557,1.3123701737173243,4.2907142857142855,0.0,0.0,0.0,0.0,0.0
SE-M,2019,2019-12-22,25.0,21.21270400231061,1.1465429047468343,1.1222181843477903,5.695714285714286,0.0,0.31255966022097953,0.0,0.0,0.0
SE-M,2019,2019-12-29,27.0,30.00845866059273,1.0238471963314721,0.9932067130300994,2.568571428571429,0.0,0.9891070161119845,0.0,0.0,0.0
SE-M,2019,2020-01-05,19.0,32.092698860628005,0.9839367153799562,0.9467057122391883,4.059285714285713,0.0,1.0,0.0,0.0,0.0
SE-M,2019,2020-01-12,41.0,31.07806745011164,1.1235946678594193,1.072420077845635,5.525714285714287,0.0,0.3965626513067201,0.0,0.0,0.0
SE-M,2019,2020-01-19,24.0,31.06122886306784,1.214195312168117,1.1477949890934378,5.7857142857142865,0.0,0.0,0.0,0.0,0.0
SE-M,2019,2020-01-26,51.0,37.30814071447406,1.2131052092171828,1.1324452193081362,5.085714285714286,0.0,0.0,0.0,0.0,0.0
SE-M,2019,2020-02-02,49.0,46.74804630048136,1.1972518446983076,1.1003581459528522,5.666428571428573,0.0,0.0,0.0,0.0,0.0
SE-M,2019,2020-02-09,45.0,57.272774384062764,1.2833685466308131,1.1569028928905456,4.534285714285715,0.0,0.0,0.0,0.0,0.0
SE-M,2019,2020-02-16,69.0,70.46948113407909,1.2866751531147593,1.1311809337175829,5.11,0.0,0.0,0.0,0.0,0.0
SE-M,2019,2020-02-23,88.0,87.04487540870346,1.048753106321461,0.8968128390807287,5.415000000000001,0.0,0.0,1.0,0.0,0.0
SE-M,2019,2020-03-01,95.0,90.11407560413016,1.3858873695254659,1.1537065642580178,3.229285714285715,0.0,0.0,0.0,0.0,0.0
SE-M,2019,2020-03-08,92.0,94.78305247880397,1.3438762832191298,1.080377516058548,4.292142857142858,0.0,0.0,0.0,0.0,0.0
SE-M,2019,2020-03-15,112.0,110.52800323434228,1.2958233001954977,1.002054257156471,5.283571428571429,0.0,0.0,0.0,0.0,0.0
SE-M,2019,2020-03-22,,116.5328397624817,1.2755348154832793,0.9495818918233828,5.708571428571429,0.0,0.0,0.0,0.0,0.0
SE-M,2019,2020-03-29,,111.80074699792314,1.3831437185071866,0.9924983683928783,3.420714285714286,0.0,0.0,0.0,0.0,0.0
SE-M,2019,2020-04-05,,108.92409385161066,1.284536208988381,0.8884715148237358,5.561428571428571,0.0,0.0,0.0,0.0,0.0
SE-M,2019,2020-04-12,,94.80366810135527,0.9707761146020675,0.6535738289525552,8.814285714285715,0.0,0.0,0.0,0.9834939305318536,0.0
SE-M,2019,2020-04-19,,73.52628447450823,1.1803305243564581,0.7828080171733257,7.770714285714286,0.0,0.0,0.0,0.016506069468146315,0.0
SE-M,2019,2020-04-26,,42.905762882069425,1.0736552180019825,0.7048186503547592,10.434285714285716,0.0,0.0,0.0,0.0,0.0
SE-M,2019,2020-05-03,,25.705114715792416,1.1389304867501502,0.7431736007496854,8.782142857142857,0.0,0.0,0.0,0.0,0.0
SE-M,2019,2020-05-10,,17.41128823240311,1.0523328833293544,0.6840579802302627,11.060000000000002,0.0,0.0,0.0,0.0,0.0
SE-M,2019,2020-05-17,,10.055106939141401,1.1506383652540129,0.7462815736324833,8.5,0.0,0.0,0.0,0.0,0.0
SE-M,2019,2020-05-24,,6.02054123060727,1.0189684337584757,0.6599726219447193,11.941428571428574,0.0,0.0,0.0,0.0,0.0
SE-M,2019,2020-05-31,,3.544495916093134,0.9552389408724612,0.6182578685984687,14.290714285714289,0.0,0.0,0.0,0.0,0.0
SE-M,2019,2020-06-07,,1.9105839842665269,0.9531090367206312,0.6166614945356856,14.623571428571429,0.0,0.0,0.0,0.0,0.0020553214867192076
SE-O,2019,2019-06-30,,0.9571656367645702,0.9472264279195647,0.9471385974578764,19.326428571428572,0.0,0.0,0.0,0.0,1.0
SE-O,2019,2019-07-07,,1.010032320538809,1.048360877426531,1.048010804131059,14.027142857142858,0.0,0.0,0.0,0.0,1.0
SE-O,2019,2019-07-14,,1.18103246635536,0.9805338800672054,0.9799192781404347,17.82214285714286,0.0,0.0,0.0,0.0,1.0
SE-O,2019,2019-07-21,,1.401338379681,0.9866377959298254,0.9856984755545951,18.022142857142857,0.0,0.0,0.0,0.0,1.0
SE-O,2019,2019-07-28,3.0,1.5711953280413242,0.9634712209698518,0.9622125790959865,21.95642857142857,0.0,0.0,0.0,0.0,1.0
SE-O,2019,2019-08-04,0.0,1.700743775130098,1.0034968994528588,1.00180567666772,18.68,0.0,0.0,0.0,0.0,1.0
SE-O,2019,2019-08-11,1.0,1.8373935246865578,1.0161293489751657,1.0139868500627895,17.477857142857143,0.0,0.0,0.0,0.0,1.0
SE-O,2019,2019-08-18,1.0,2.0474799144196383,1.0288043997336762,1.0261440249327898,16.099999999999998,0.0,0.0,0.0,0.0,1.0
SE-O,2019,2019-08-25,2.0,2.299649872647266,0.8691229708728802,0.86644322966796,16.78142857142857,0.0,0.0,0.0,0.0,0.1616211031538355
SE-O,2019,2019-09-01,7.0,2.3271754414636394,0.7935344033373051,0.790759664564533,19.139285714285712,0.0,0.0,0.0,0.0,0.0
SE-O,2019,2019-09-08,2.0,1.9496819503533456,0.8436438656856804,0.8404215038791168,14.057142857142859,0.0,0.0,0.0,0.0,0.0
SE-O,2019,2019-09-15,0.0,1.5887739505738434,0.8144524703546911,0.8111150163377726,14.94,0.0,0.0,0.0,0.0,0.0
SE-O,2019,2019-09-22,2.0,1.3421619937240852,0.8806164001362004,0.8767931312579488,11.821428571428571,0.0,0.0,0.0,0.0,0.0
SE-O,2019,2019-09-29,2.0,1.212254183830715,0.8651490200073182,0.8611870142614259,12.230714285714285,0.0,0.0,0.0,0.0,0.0
SE-O,2019,2019-10-06,0.0,1.1422542451838111,1.088913812237204,1.0836563411894833,6.2542857142857144,0.0,0.0,0.0,0.0,0.0
SE-O,2019,2019-10-13,1.0,1.2346657632963929,1.0122424386328985,1.0070359835471756,8.862857142857143,0.0,0.0,0.0,0.0,0.0
SE-O,2019,2019-10-20,1.0,1.550498539242449,0.969237744739048,0.9639016792771127,10.776428571428573,0.0,0.0,0.0,0.0,0.0
SE-O,2019,2019-10-27,2.0,1.703309619399385,1.0473416486109772,1.0411700411624232,9.812142857142858,0.0,0.0,0.0,0.0,0.0
SE-O,2019,2019-11-03,0.0,1.9140076526410261,1.269414424897148,1.2612792621730722,4.181428571428571,1.0,0.0,0.0,0.0,0.0
SE-O,2019,2019-11-10,3.0,2.698523480602023,1.4709817303588668,1.4601757469037657,2.323571428571429,0.0,0.0,0.0,0.0,0.0
SE-O,2019,2019-11-17,3.0,4.924345026736859,1.3793088115600802,1.3666290510683774,5.104285714285714,0.0,0.0,0.0,0.0,0.0
SE-O,2019,2019-11-24,10.0,9.298336813113686,1.308289595653323,1.2921263370158749,6.690714285714286,0.0,0.0,0.0,0.0,0.0
SE-O,2019,2019-12-01,13.0,15.545768955488604,1.4619800361229243,1.436116490492268,2.48,0.0,0.0,0.0,0.0,0.0
SE-O,2019,2019-12-08,28.0,27.521960209325776,1.3016286313374024,1.2660762506920573,4.728571428571429,0.0,0.0,0.0,0.0,0.0
SE-O,2019,2019-12-15,55.0,48.268536101149266,1.3102433510889158,1.2550787576671234,3.338571428571428,0.0,0.0,0.0,0.0,0.0
SE-O,2019,2019-12-22,88.0,71.49237079189932,1.118913486820181,1.050007186475881,5.281428571428571,0.0,0.30126649640802505,0.0,0.0,0.0
SE-O,2019,2019-12-29,59.0,92.20957303286477,0.9885663290187775,0.9083292749974031,2.173571428571429,0.0,1.0,0.0,0.0,0.0
SE-O,2019,2020-01-05,98.0,87.91591118673645,0.9223071620028778,0.8335962777009132,4.755,0.0,1.0,0.0,0.0,0.0
SE-O,2019,2020-01-12,83.0,71.79795819260582,1.1677740808693475,1.0411436604171487,5.199285714285714,0.0,0.2993440559263617,0.0,0.0,0.0
SE-O,2019,2020-01-19,49.0,62.16409328591548,1.2718329049570545,1.1160893919999277,5.584285714285714,0.0,0.0,0.0,0.0,0.0
SE-O,2019,2020-01-26,67.0,70.01104221791735,1.2799283277923503,1.1010919251042472,5.346428571428572,0.0,0.0,0.0,0.0,0.0
SE-O,2019,2020-02-02,101.0,83.91786013881054,1.3077497081896665,1.098238659086274,4.586428571428572,0.0,0.0,0.0,0.0,0.0
SE-O,2019,2020-02-09,89.0,99.57095750380525,1.3884579821639922,1.1318541945115164,2.9778571428571428,0.0,0.0,0.0,0.0,0.0
SE-O,2019,2020-02-16,122.0,119.41506136995567,1.1282902273917617,0.8897053542413653,4.6414285714285715,0.0,0.0,0.8324551660883983,0.0,0.0
SE-O,2019,2020-02-23,121.0,121.69745021064124,1.285898508112277,0.9848467892688461,5.225714285714285,0.0,0.0,0.14833195229524018,0.0,0.0
SE-O,2019,2020-03-01,104.0,112.17651378926325,1.4960914753570838,1.1101622543953067,1.0514285714285714,0.0,0.0,0.019212881616361723,0.0,0.0
SE-O,2019,2020-03-08,131.0,118.17878757462799,1.396189018518431,0.9983141983438522,3.462857142857143,0.0,0.0,0.0,0.0,0.0
SE-O,2019,2020-03-15,121.0,126.1080350519853,1.3567053054605662,0.9356619219862702,4.168571428571428,0.0,0.0,0.0,0.0,0.0
SE-O,2019,2020-03-22,,119.09101908433134,1.3501621044979635,0.9018627137908909,4.289285714285714,0.0,0.0,0.0,0.0,0.0
SE-O,2019,2020-03-29,,103.8263281888043,1.3697213302027975,0.8901692927668224,3.959285714285715,0.0,0.0,0.0,0.0,0.0
SE-O,2019,2020-04-05,,88.57627764993899,1.319773972253386,0.8380818409722982,5.046428571428572,0.0,0.0,0.0,0.0,0.0
SE-O,2019,2020-04-12,,68.70487461709519,1.0346936366969204,0.646618421750538,7.6899999999999995,0.0,0.0,0.0,0.9058421577812991,0.0
SE-O,2019,2020-04-19,,49.85215250800498,1.215983800485985,0.7534767609899269,6.863571428571428,0.0,0.0,0.0,0.09415784221870115,0.0
SE-O,2019,2020-04-26,,28.164121644346373,1.0648824210181,0.6562205881381946,10.924285714285714,0.0,0.0,0.0,0.0,0.0
SE-O,2019,2020-05-03,,15.926592109084858,1.2098591711249873,0.7433190043817691,7.3864285714285725,0.0,0.0,0.0,0.0,0.0
SE-O,2019,2020-05-10,,10.368930920745939,1.1192466765595774,0.6862925365344011,9.439285714285715,0.0,0.0,0.0,0.0,0.0
SE-O,2019,2020-05-17,,5.959597891589626,1.2228062777409878,0.7489077090767291,7.117857142857143,0.0,0.0,0.0,0.0,0.0
SE-O,2019,2020-05-24,,3.6785062304481784,1.0427871413404473,0.6381723458814399,11.605714285714285,0.0,0.0,0.0,0.0,0.0
SE-O,2019,2020-05-31,,2.2312334246498944,0.95459207734559,0.5839678569516131,14.68857142857143,0.0,0.0,0.0,0.0,0.0
SE-O,2019,2020-06-07,,1.2285001403392335,0.9470544745398747,0.5792358004134239,15.504285714285713,0.0,0.0,0.0,0.0,0.0
SE-rest,2019,2019-06-30,,0.933364190744896,0.960104127373141,0.9600760276148874,17.697397032973292,0.0,0.0,0.0,0.0,1.0
SE-rest,2019,2019-07-07,,1.121320287424788,1.049757741158926,1.0496383032966952,13.814325494420576,0.0,0.0,0.0,0.0,1.0
SE-rest,2019,2019-07-14,,1.5670880931420528,1.0167088395331747,1.0164748223607074,15.62915571773976,0.0,0.0,0.0,0.0,1.0
SE-rest,2019,2019-07-21,,2.1313824122722576,1.0133013554106314,1.0129200547028985,16.814358230641776,0.0,0.0,0.0,0.0,1.0
SE-rest,2019,2019-07-28,1.0,2.674850203140854,0.9640157810513852,0.9634881472830915,21.74954073870798,0.0,0.0,0.0,0.0,1.0
SE-rest,2019,2019-08-04,4.0,3.0863544605691504,1.0356655884187835,1.0349001746834527,15.973026398906569,0.0,0.0,0.0,0.0,1.0
SE-rest,2019,2019-08-11,2.0,3.5437140984523214,0.9967414913606125,0.9957804995142132,17.025219440674302,0.0,0.0,0.0,0.0,0.9992054748891867
SE-rest,2019,2019-08-18,4.0,4.081283802065715,0.9723257754826349,0.9711494198392282,16.463597727533873,0.0,0.0,0.0,0.0,0.9606543544801633
SE-rest,2019,2019-08-25,9.0,4.446523074330091,0.8267639108535466,0.8255651391107112,16.410331089622748,0.0,0.0,0.0,0.0,0.13177852686031583
SE-rest,2019,2019-09-01,4.0,4.246807783852928,0.7595024140636418,0.7582559666345825,19.30506756438891,0.0,0.0,0.0,0.0,0.0
SE-rest,2019,2019-09-08,5.0,3.4528617372035386,0.8315627206014288,0.8300732765039411,13.725008534531595,0.0,0.0,0.0,0.0,0.0
SE-rest,2019,2019-09-15,0.0,2.810526141404342,0.8265796785259554,0.8249875510946171,14.369928805605124,0.0,0.0,0.0,0.0,0.0
SE-rest,2019,2019-09-22,3.0,2.480791241707748,0.9749235118379207,0.9729163325897725,9.630139736397192,0.0,0.0,0.0,0.0,0.0
SE-rest,2019,2019-09-29,2.0,2.5318592792299475,0.9909308052560375,0.988735020541094,9.919169833202863,0.0,0.0,0.0,0.0,0.0
SE-rest,2019,2019-10-06,1.0,2.901682139918181,1.216810456159727,1.2138690700363528,5.406420022110322,0.0,0.0,0.0,0.0,0.0
SE-rest,2019,2019-10-13,3.0,3.8207040907911907,1.1785747338866026,1.1753645074045822,7.128407237420026,0.0013301719692353222,0.0,0.0,0.0,0.0
SE-rest,2019,2019-10-20,7.0,5.825937392183217,1.1621984335119724,1.1585197312709583,8.134993445710071,0.0,0.0,0.0,0.0,0.0
SE-rest,2019,2019-10-27,4.0,8.095740965883918,1.185934232680701,1.1814733330070428,7.873826805818437,0.0046765191003894655,0.0,0.0,0.0,0.0
SE-rest,2019,2019-11-03,11.0,11.068084655646569,1.3313893833693802,1.3252008107846651,2.2957097158689583,0.9939933089303752,0.0,0.0,0.0,0.0
SE-rest,2019,2019-11-10,18.0,17.483544849058244,1.3921153875154109,1.3834406154634438,0.3792718091322606,0.0,0.0,0.0,0.0,0.0
SE-rest,2019,2019-11-17,36.0,30.43499491691054,1.206037635823069,1.1953762280420015,3.2929476538471993,0.0,0.0,0.0,0.0,0.0
SE-rest,2019,2019-11-24,55.0,47.236446017296096,1.0991014323930044,1.0857138154945947,5.0924619813949965,0.0,0.0,0.0,0.0,0.0
SE-rest,2019,2019-12-01,51.0,59.364379650844604,1.2453901875964182,1.2251844669477563,0.8686056416555322,0.0,0.0,0.0,0.0,0.0
SE-rest,2019,2019-12-08,78.0,76.72079396344667,1.2383219441820223,1.2109966173769415,2.153120011016209,0.0,0.0,0.0,0.0,0.0
SE-rest,2019,2019-12-15,109.0,110.50835173535648,1.312454964588411,1.2722113411356097,2.0477619735117356,0.0,0.0,0.0,0.0,0.0
SE-rest,2019,2019-12-22,173.0,162.50469062340986,1.252371501511765,1.1979859267031088,2.6708773379708224,0.0,0.3445580957902141,0.0,0.0,0.0
SE-rest,2019,2019-12-29,200.0,238.83977196256592,1.0821418383845363,1.017766926375861,0.5635748053624701,0.0,0.9981611811006461,0.0,0.0,0.0
SE-rest,2019,2020-01-05,286.0,273.0731986066032,0.939361792236496,0.869993530296496,3.656710132368638,0.0,1.0,0.0,0.0,0.0
SE-rest,2019,2020-01-12,288.0,253.09581599358518,1.1489222733885154,1.0500737759697396,3.355295512764709,0.0,0.3021227765264092,0.0,0.0,0.0
SE-rest,2019,2020-01-19,220.0,231.64344683294811,1.2568097257984028,1.1309741435723628,3.7864157867884507,0.0,0.0,0.0,0.0,0.0
SE-rest,2019,2020-01-26,244.0,267.125051838862,1.2899586322247223,1.1376764346045491,3.5152532168741577,0.0,0.0,0.0,0.0,0.0
SE-rest,2019,2020-02-02,347.0,331.0954774420088,1.2927562344716403,1.111413313282414,2.9929344746360327,0.0,0.0,0.0,0.0,0.0
SE-rest,2019,2020-02-09,405.0,410.295462990455,1.3698527348363192,1.140330626738625,0.4374560663684538,0.0,0.0,0.0,0.0,0.0
SE-rest,2019,2020-02-16,541.0,502.91549193025423,1.334550817464542,1.067480698921318,2.750076521394223,0.0,0.0,0.0715513379363827,0.0,0.0
SE-rest,2019,2020-02-23,531.0,580.1440707123326,1.2986412310790645,0.994390097085721,4.298559623452346,0.0,0.0,0.3079006257968338,0.0,0.0
SE-rest,2019,2020-03-01,590.0,616.9510563769766,1.4018654343487555,1.0253110687620794,-0.5483157044367358,0.0,0.0,0.48090786910782907,0.0,0.0
SE-rest,2019,2020-03-08,707.0,633.1419452623065,1.3530350017481692,0.9430973695961484,1.5658843295607376,0.0,0.0,0.13964016715895444,0.0,0.0
SE-rest,2019,2020-03-15,578.0,610.038106767217,1.3070932290017978,0.8729030334336171,3.0496537307547413,0.0,0.0,0.0,0.0,0.0
SE-rest,2019,2020-03-22,,520.221487037373,1.3150058464537189,0.8486879351619014,2.8417470454467773,0.0,0.0,0.0,0.0,0.0
SE-rest,2019,2020-03-29,,411.5350795438577,1.2728038613613573,0.8001690615967009,3.9418835691530143,0.0,0.0,0.0,0.0,0.0
SE-rest,2019,2020-04-05,,309.97342883900893,1.3072384537377002,0.8062138135524839,3.108028674310676,0.0,0.0,0.0,0.0,0.0
SE-rest,2019,2020-04-12,,213.78755948397762,1.0270669422346852,0.6254990590109536,7.041340543732523,0.0,0.0,0.0,0.6428161304302326,0.0
SE-rest,2019,2020-04-19,,147.50412182519767,1.105530957345225,0.6690893454974814,6.328022492564912,0.0,0.0,0.0,0.35718386956976733,0.0
SE-rest,2019,2020-04-26,,76.24941371222268,1.0509033091894397,0.6338222353978809,9.233908747707929,0.0,0.0,0.0,0.0,0.0
SE-rest,2019,2020-05-03,,38.71894120571563,1.1962538347127136,0.7201658479822722,5.7663552597572,0.0,0.0,0.0,0.0,0.0
SE-rest,2019,2020-05-10,,23.799462416786255,1.078695793904455,0.6486461302051192,8.478226578949906,0.0,0.0,0.0,0.0,0.0
SE-rest,2019,2020-05-17,,12.873839947191186,1.188972356190325,0.7145062915762698,5.921562020895119,0.0,0.0,0.0,0.0,0.0
SE-rest,2019,2020-05-24,,7.424407161694798,1.0276612923430726,0.6173291339263194,9.819683123735429,0.0,0.0,0.0,0.0,0.0
SE-rest,2019,2020-05-31,,4.302035364132124,0.909016348723471,0.5459501324245571,13.712840446418667,0.0,0.0,0.0,0.0,0.0
SE-rest,2019,2020-06-07,,2.2838296368139774,0.89502654415035,0.5374942945855467,14.57941010997616,0.0,0.0,0.0,0.0,0.005129367468076502
SE-M,2022,2022-07-03,,0.9743196358525503,0.9103842515053522,0.9102775790526548,19.740000000000002,0.0,0.0,0.0,0.0,1.0
SE-M,2022,2022-07-10,,1.0557181884694347,0.9477476597056346,0.947350239617537,16.955000000000002,0.0,0.0,0.0,0.0,1.0
SE-M,2022,2022-07-17,,1.238679241354343,0.9442871430258911,0.9435556604204705,17.657857142857146,0.0,0.0,0.0,0.0,1.0
SE-M,2022,2022-07-24,,1.4400514453128184,0.9233312890055958,0.9222503438036531,19.85571428571429,0.0,0.0,0.0,0.0,1.0
SE-M,2022,2022-07-31,2.0,1.6055363670980585,0.9492039754678377,0.9476848067772619,17.282142857142855,0.0,0.0,0.0,0.0,1.0
SE-M,2022,2022-08-07,2.0,1.7646469316752773,0.9385107154298976,0.9365655637457816,18.42214285714286,0.0,0.0,0.0,0.0,1.0
SE-M,2022,2022-08-14,2.0,1.9133439642329502,0.9189419391118704,0.9165819078255149,19.65285714285714,0.0,0.0,0.0,0.0,1.0
SE-M,2022,2022-08-21,2.0,2.0169077048606967,0.8094543278894498,0.8069853778524821,21.42142857142857,0.0,0.0,0.0,0.0,0.2901213173656766
SE-M,2022,2022-08-28,2.0,1.922457596732984,0.7904367895941559,0.7877026860968132,19.200714285714287,0.0,0.0,0.0,0.0,0.0
SE-M,2022,2022-09-04,2.0,1.6644834344671329,0.8461599631167944,0.84292806405504,15.280714285714287,0.0,0.0,0.0,0.0,0.0
SE-M,2022,2022-09-11,2.0,1.4931209524883884,0.8538796193884152,0.8503187189713458,15.61214285714286,0.0,0.0,0.0,0.0,0.0
SE-M,2022,2022-09-18,1.0,1.4342459430091115,0.913879020230609,0.9097432369204821,13.952142857142857,0.0,0.0,0.0,0.0,0.0
SE-M,2022,2022-09-25,0.0,1.4600502946125475,0.9997810242074402,0.9948583332680128,11.731428571428571,0.0,0.0,0.0,0.0,0.0
SE-M,2022,2022-10-02,2.0,1.6724563343404997,1.0465033917017472,1.0408319757041837,11.417142857142858,0.0,0.0,0.0,0.0,0.0
SE-M,2022,2022-10-09,2.0,2.0419683186987143,1.0421397529113727,1.0358535681511092,12.832142857142857,0.0,0.0,0.0,0.0,0.0
SE-M,2022,2022-10-16,0.0,2.5025622149939295,1.1090525935591493,1.1015224298489334,11.796428571428573,0.0,0.0,0.0,0.0,0.0
SE-M,2022,2022-10-23,2.0,3.186488762133047,1.2074620713385111,1.198004175625854,9.97857142857143,0.0,0.0,0.0,0.0,0.0
SE-M,2022,2022-10-30,7.0,4.382683547918366,1.0855699963406271,1.0755133424736905,12.941428571428572,0.019900239810839226,0.0,0.0,0.0,0.0
SE-M,2022,2022-11-06,7.0,5.715236225321876,1.1060121415354258,1.0938953304591255,10.544285714285715,0.9800997601891607,0.0,0.0,0.0,0.0
SE-M,2022,2022-11-13,5.0,6.928623194216865,1.1050866835009214,1.09071174229623,11.877142857142857,0.0,0.0,0.0,0.0,0.0
SE-M,2022,2022-11-20,13.0,8.525971618594008,1.430023107045874,1.4072800116891244,4.495,0.0,0.0,0.0,0.0,0.0
SE-M,2022,2022-11-27,13.0,12.759133694813459,1.4675017497406164,1.4358677119124608,4.26,0.0,0.0,0.0,0.0,0.0
SE-M,2022,2022-12-04,17.0,25.453213281753342,1.5483711270708584,1.4969154405655485,3.2942857142857145,0.0,0.0,0.0,0.0,0.0
SE-M,2022,2022-12-11,55.0,51.179053085984265,1.7111333966844438,1.6098617169727405,-1.1721428571428572,0.0,0.0,0.0,0.0,0.0
SE-M,2022,2022-12-18,116.0,119.14721521121825,1.731151447826803,1.5217607615642585,-4.460714285714286,0.0,0.0,0.0,0.0,0.0
SE-M,2022,2022-12-25,241.0,266.1921990768901,1.2022088048659452,0.9387948580832656,2.8485714285714288,0.0,0.5045626257076979,0.0,0.0,0.0
SE-M,2022,2023-01-01,415.0,367.196859164319,0.849078634918576,0.6021091393849185,6.180000000000001,0.0,1.0,0.0,0.0,0.0
SE-M,2022,2023-01-08,309.0,258.11680770364853,0.8776980008401644,0.5954445059430443,5.228571428571428,0.0,1.0,0.0,0.0,0.0
SE-M,2022,2023-01-15,137.0,145.93857107282412,1.2108033251339765,0.80257448330162,5.845714285714286,0.0,0.2053682549326616,0.0,0.0,0.0
SE-M,2022,2023-01-22,49.0,71.56326070229524,1.658871985576965,1.077680461388472,1.6400000000000001,0.0,0.0,0.0,0.0,0.0
SE-M,2022,2023-01-29,40.0,58.3217923722607,1.8262174296847624,1.1564950665516662,1.215714285714286,0.0,0.0,0.0,0.0,0.0
SE-M,2022,2023-02-05,72.0,68.9440641189667,1.8435495096270014,1.1286386025724244,1.7507142857142857,0.0,0.0,0.0,0.0,0.0
SE-M,2022,2023-02-12,110.0,85.3156750859725,1.796993777905009,1.0554955031387956,2.6685714285714286,0.0,0.0,0.0,0.0,0.0
SE-M,2022,2023-02-19,100.0,102.17132206243244,1.7309398685618542,0.9710317952025493,4.6207142857142856,0.0,0.0,0.0,0.0,0.0
SE-M,2022,2023-02-26,99.0,102.43829892754849,1.5411296427818182,0.8305443362649912,3.0707142857142857,0.0,0.0,0.9800997601891607,0.0,0.0
SE-M,2022,2023-03-05,85.0,87.66811633399249,2.002425484339898,1.04277984959524,1.905,0.0,0.0,0.019900239810839226,0.0,0.0
SE-M,2022,2023-03-12,69.0,79.27483225358526,2.13558662365778,1.0681857897891327,-0.20857142857142866,0.0,0.0,0.0,0.0,0.0
SE-M,2022,2023-03-19,103.0,84.15771533750701,1.830963414537266,0.877892224115534,5.1971428571428575,0.0,0.0,0.0,0.0,0.0
SE-M,2022,2023-03-26,79.0,80.53909588166303,1.744039425481072,0.8086722494582946,6.968571428571429,0.0,0.0,0.0,0.0,0.0
SE-M,2022,2023-04-02,60.0,64.29803796983767,1.9918578686516615,0.899990513299865,3.8757142857142854,0.0,0.0,0.0,0.0,0.0
SE-M,2022,2023-04-09,46.0,47.8885596268791,1.7748726491819107,0.7850717951346752,4.425714285714286,0.0,0.0,0.0,0.7578057518202803,0.0
SE-M,2022,2023-04-16,44.0,40.116622755019776,1.7514283124325698,0.7634784268654263,7.867857142857143,0.0,0.0,0.0,0.24219424817971952,0.0
SE-M,2022,2023-04-23,29.0,26.45389942351623,1.7444887753233078,0.7531480395997618,9.969285714285716,0.0,0.0,0.0,0.0,0.0
SE-M,2022,2023-04-30,10.0,17.415235323646314,1.9462502650298859,0.8347717772037756,7.878571428571431,0.0,0.0,0.0,0.0,0.0
SE-M,2022,2023-05-07,13.0,11.897333713225075,1.9617411940825509,0.8372054794083036,8.096428571428572,0.0,0.0,0.0,0.0,0.0
SE-M,2022,2023-05-14,8.0,8.801157329746644,1.633520815905624,0.6946510160207853,13.687142857142858,0.0,0.0,0.0,0.0,0.0
SE-M,2022,2023-05-21,9.0,6.205118483345069,1.6877663702377064,0.7161793650241043,12.387142857142857,0.0,0.0,0.0,0.0,0.0
SE-M,2022,2023-05-28,6.0,3.8666291198780423,1.5860351025913972,0.672124407757681,14.237142857142857,0.0,0.0,0.0,0.0,0.0
SE-M,2022,2023-06-04,1.0,2.3453618350409693,1.5719978730270372,0.6656581669546332,14.435714285714287,0.0,0.0,0.0,0.0,0.0
SE-M,2022,2023-06-11,1.0,1.4121583659680783,1.5183792645565788,0.642642665365966,16.587857142857143,0.0,0.0,0.0,0.0,0.05991371129622848
SE-O,2022,2022-07-03,,0.7025220710346558,0.9748907985766418,0.9748140323755466,19.907857142857143,0.0,0.0,0.0,0.0,1.0
SE-O,2022,2022-07-10,,0.788079473725747,1.0274191553246401,1.027119809846984,16.57357142857143,0.0,0.0,0.0,0.0,1.0
SE-O,2022,2022-07-17,,0.9967459854869937,1.0338523043154233,1.0332691142867758,16.971428571428568,0.0,0.0,0.0,0.0,1.0
SE-O,2022,2022-07-24,,1.2569923255866005,1.0111466254960952,1.0102415074262032,20.15428571428572,0.0,0.0,0.0,0.0,1.0
SE-O,2022,2022-07-31,1.0,1.52552727401635,1.0405669387509453,1.0392290712092416,17.845,0.0,0.0,0.0,0.0,1.0
SE-O,2022,2022-08-07,2.0,1.8306778978593625,1.0582439756405495,1.0563823074992276,17.087142857142858,0.0,0.0,0.0,0.0,1.0
SE-O,2022,2022-08-14,0.0,2.1876185479539068,1.0151370872597287,1.0127891112216774,19.61642857142857,0.0,0.0,0.0,0.0,1.0
SE-O,2022,2022-08-21,4.0,2.551324238341482,0.9060462786546134,0.9034223034096275,20.31357142857143,0.0,0.0,0.0,0.0,0.47782182827740155
SE-O,2022,2022-08-28,4.0,2.6196360123429097,0.8363996658162717,0.8335476028714774,18.106428571428573,0.0,0.0,0.0,0.0,0.0081820362655258
SE-O,2022,2022-09-04,3.0,2.335022645047456,0.865543034508401,0.8622200286037282,14.510714285714286,0.0,0.0,0.0,0.0,0.0
SE-O,2022,2022-09-11,3.0,2.004761459265054,0.8566137501066061,0.8529987812272514,14.106428571428571,0.0,0.0,0.0,0.0,0.0
SE-O,2022,2022-09-18,2.0,1.7559507089527893,0.8677814921802165,0.8638256221101058,13.352142857142857,0.0,0.0,0.0,0.0,0.0
SE-O,2022,2022-09-25,1.0,1.5708832927375682,0.9240602372873006,0.9195518015957057,11.416428571428574,0.0,0.0,0.0,0.0,0.0
SE-O,2022,2022-10-02,1.0,1.5112585982791507,0.9546550045629104,0.9496788627848437,11.015714285714287,0.0,0.0,0.0,0.0,0.0
SE-O,2022,2022-10-09,1.0,1.5429554971608177,0.9625968448902705,0.9572396382215084,11.725,0.0,0.0,0.0,0.0,0.0
SE-O,2022,2022-10-16,2.0,1.6349741811360463,1.0187198970963849,1.0126572198518289,11.022142857142857,0.0,0.0,0.0,0.0,0.0
SE-O,2022,2022-10-23,0.0,1.81757879540224,1.167627277519853,1.1601171496920535,8.62857142857143,0.0,0.0,0.0,0.0,0.0
SE-O,2022,2022-10-30,3.0,2.3009103467760332,1.0747007123957013,1.0670919485813364,12.244285714285718,0.0,0.0,0.0,0.0,0.0
SE-O,2022,2022-11-06,1.0,2.954011676424498,1.1238263882207145,1.1149897471791415,10.662857142857144,1.0,0.0,0.0,0.0,0.0
SE-O,2022,2022-11-13,5.0,3.674931766628201,1.197191965141288,1.1865360013831798,11.522857142857145,0.0,0.0,0.0,0.0,0.0
SE-O,2022,2022-11-20,2.0,5.024115858218048,1.5943540762801087,1.5773072761153604,4.235714285714286,0.0,0.0,0.0,0.0,0.0
SE-O,2022,2022-11-27,10.0,9.43948717816556,1.6531041974319358,1.6280067194767631,3.150714285714286,0.0,0.0,0.0,0.0,0.0
SE-O,2022,2022-12-04,26.0,23.91686997610666,1.6375183594372906,1.5941549777201982,2.7192857142857148,0.0,0.0,0.0,0.0,0.0
SE-O,2022,2022-12-11,51.0,57.4378612335739,1.7408637825705908,1.646394127314698,-2.9214285714285717,0.0,0.0,0.0,0.0,0.0
SE-O,2022,2022-12-18,134.0,144.7926701019201,1.5744388784642085,1.3895160665917603,-4.371428571428571,0.0,0.0,0.0,0.0,0.0
SE-O,2022,2022-12-25,369.0,298.93976638890524,1.1054578977435483,0.8797660245620149,1.6364285714285713,0.0,0.4661379478566324,0.0,0.0,0.0
SE-O,2022,2023-01-01,329.0,360.5221882919406,0.849456782980905,0.6266663250186338,4.378571428571428,0.0,1.0,0.0,0.0,0.0
SE-O,2022,2023-01-08,240.0,243.5089292060035,0.9508517056069687,0.6754388310131254,2.177142857142857,0.0,1.0,0.0,0.0,0.0
SE-O,2022,2023-01-15,151.0,148.10395855618785,1.2632346271293506,0.8757920302705825,5.115,0.0,0.1384315087164952,0.0,0.0,0.0
SE-O,2022,2023-01-22,67.0,85.12268540573342,1.627765174399564,1.1028303218209061,1.0064285714285712,0.0,0.0,0.0,0.0,0.0
SE-O,2022,2023-01-29,71.0,77.40221762916352,1.6752660995804116,1.1027040162685142,1.7521428571428572,0.0,0.0,0.0,0.0,0.0
SE-O,2022,2023-02-05,101.0,90.58595658025794,1.743903304471349,1.1076700374638209,0.4064285714285714,0.0,0.0,0.0,0.0,0.0
SE-O,2022,2023-02-12,114.0,105.4050384442844,1.6247586503625129,0.9905769471943608,3.2635714285714283,0.0,0.0,0.0,0.0,0.0
SE-O,2022,2023-02-19,105.0,115.99344378546637,1.3490605512628402,0.7920136998239665,3.93,0.0,0.0,0.8465485235113981,0.0,0.0
SE-O,2022,2023-02-26,113.0,98.9441388473301,1.684099326873447,0.9611642311720153,1.9700000000000004,0.0,0.0,0.14161610224608123,0.0,0.0
SE-O,2022,2023-03-05,80.0,79.27983555578473,1.8264274597940096,1.0132006701608842,1.7828571428571427,0.0,0.0,0.011835374242520819,0.0,0.0
SE-O,2022,2023-03-12,61.0,75.53900524482845,2.121276307596766,1.1390838716552683,-3.1664285714285714,0.0,0.0,0.0,0.0,0.0
SE-O,2022,2023-03-19,85.0,84.33836818908134,1.8458785248602114,0.9536075618055116,3.7342857142857144,0.0,0.0,0.0,0.0,0.0
SE-O,2022,2023-03-26,100.0,91.02608152479903,1.7519616866325758,0.8737683176276523,5.440714285714285,0.0,0.0,0.0,0.0,0.0
SE-O,2022,2023-04-02,83.0,80.35630850477233,2.069032032305498,1.0009117369762228,0.6528571428571429,0.0,0.0,0.0,0.0,0.0
SE-O,2022,2023-04-09,64.0,68.93946832002983,1.8460239903727071,0.866673881939069,4.248571428571429,0.0,0.0,0.0,0.2441504246621627,0.0
SE-O,2022,2023-04-16,77.0,66.75036008398328,1.5219351058474277,0.6989907199010633,8.517142857142858,0.0,0.0,0.0,0.7558495753378374,0.0
SE-O,2022,2023-04-23,35.0,45.86937865392433,1.6856180952950004,0.7641327363101081,10.488571428571428,0.0,0.0,0.0,0.0,0.0
SE-O,2022,2023-04-30,27.0,29.298261159468545,1.9552527325983358,0.8780173930826021,7.296428571428572,0.0,0.0,0.0,0.0,0.0
SE-O,2022,2023-05-07,24.0,20.444055254886806,1.921630699535186,0.8562817944463098,7.944999999999999,0.0,0.0,0.0,0.0,0.0
SE-O,2022,2023-05-14,13.0,15.967024417435251,1.5223317508273075,0.6746025486175041,15.147142857142857,0.0,0.0,0.0,0.0,0.0
SE-O,2022,2023-05-21,14.0,11.14812126621715,1.579277315750342,0.6976866833643616,13.137857142857143,0.0,0.0,0.0,0.0,0.0
SE-O,2022,2023-05-28,12.0,6.635723789891202,1.4915030040469996,0.6577345201917719,14.592142857142857,0.0,0.0,0.0,0.0,0.0
SE-O,2022,2023-06-04,1.0,3.7598309828813203,1.5043538636826561,0.6627589451319527,13.985714285714286,0.0,0.0,0.0,0.0,0.0
SE-O,2022,2023-06-11,1.0,2.1142165300046,1.4190879558777976,0.6248459582787066,17.157142857142862,0.0,0.0,0.0,0.0,0.0611725605687207
SE-rest,2022,2022-07-03,,7.1003097360313285,0.957130872814018,0.9570340153675387,21.182951245343645,0.0,0.0,0.0,0.0,1.0
SE-rest,2022,2022-07-10,,8.105564705690236,1.0285865430869119,1.0281956868736872,16.15173437114662,0.0,0.0,0.0,0.0,1.0
SE-rest,2022,2022-07-17,,10.568961759656563,1.0408993464145397,1.0401185800662758,16.35414975842897,0.0,0.0,0.0,0.0,1.0
SE-rest,2022,2022-07-24,,13.846767045957524,1.0047275947839671,1.0035102258063284,19.260527907394728,0.0,0.0,0.0,0.0,1.0
SE-rest,2022,2022-07-31,13.0,17.210536299776848,1.0167461176803876,1.0149624340750512,17.24857761147764,0.0,0.0,0.0,0.0,1.0
SE-rest,2022,2022-08-07,25.0,20.416650386758448,0.9837493608091391,0.9814105675799955,17.797373063637572,0.0,0.0,0.0,0.0,1.0
SE-rest,2022,2022-08-14,21.0,23.022679210541963,0.9235131013037738,0.9207153816022791,19.514576305849307,0.0,0.0,0.0,0.0,0.9994871560896222
SE-rest,2022,2022-08-21,27.0,24.086647853354314,0.7975369939572421,0.7946422019350087,20.792301305042304,0.0,0.0,0.0,0.0,0.4194925286111721
SE-rest,2022,2022-08-28,25.0,21.83105846777193,0.7571417626770423,0.754039797421117,17.209372953549035,0.0,0.0,0.0,0.0,0.020656937267001112
SE-rest,2022,2022-09-04,18.0,17.43480055329897,0.8433300986191602,0.8395568788353405,12.06247610888328,0.0,0.0,0.0,0.0,0.0
SE-rest,2022,2022-09-11,11.0,14.44486125172026,0.8449999247609778,0.8409206305814616,12.425760848212418,0.0,0.0,0.0,0.0,0.0
SE-rest,2022,2022-09-18,11.0,13.32053455635608,0.8703046644814212,0.8658063012488044,12.208230388531478,0.0,0.0,0.0,0.0,0.0
SE-rest,2022,2022-09-25,12.0,12.793684650859152,0.9371813568517524,0.932009503630719,10.570415706639665,0.0,0.0,0.0,0.0,0.0
SE-rest,2022,2022-10-02,15.0,13.414374776699141,0.9576772551629319,0.9520165372521289,10.354400198236721,0.0,0.0,0.0,0.0,0.0
SE-rest,2022,2022-10-09,8.0,14.605400741225754,0.9453008372673148,0.9393086398192724,10.89247983916707,0.0,0.0,0.0,0.0,0.0
SE-rest,2022,2022-10-16,28.0,15.9717281005028,0.9893405354926911,0.9826069721964615,9.604112864651581,0.0013301719692353222,0.0,0.0,0.0,0.0
SE-rest,2022,2022-10-23,15.0,17.798340872949073,1.1448598942674384,1.1364095764535136,6.496347271375832,0.0,0.0,0.0,0.0,0.0
SE-rest,2022,2022-10-30,21.0,22.044090793032005,1.0781007650698506,1.0693148358747284,9.546320897126384,0.0,0.0,0.0,0.0,0.0
SE-rest,2022,2022-11-06,27.0,28.623739746215026,1.1360093955736528,1.1256585360500264,8.493605109531416,0.9905540866876795,0.0,0.0,0.0,0.0
SE-rest,2022,2022-11-13,37.0,36.8191950883553,1.2653365338731963,1.2520910076423306,8.976582913830326,0.008115741343085127,0.0,0.0,0.0,0.0
SE-rest,2022,2022-11-20,40.0,54.05853523694044,1.6482261512751823,1.6267085320405137,1.8562019618619818,0.0,0.0,0.0,0.0,0.0
SE-rest,2022,2022-11-27,119.0,111.50594935404186,1.6231967252010489,1.591281743326482,0.8314531080969397,0.0,0.0,0.0,0.0,0.0
SE-rest,2022,2022-12-04,285.0,275.82498432427155,1.4801576435644925,1.4292841353906314,1.0479110768579072,0.0,0.0,0.0,0.0,0.0
SE-rest,2022,2022-12-11,575.0,573.7191033142838,1.5419995751634408,1.4454571933229066,-5.166176197625239,0.0,0.0,0.0,0.0,0.0
SE-rest,2022,2022-12-18,1136.0,1126.897291180244,1.4991035700832662,1.3267506652347762,-7.290011525449337,0.0,0.0008490278314139176,0.0,0.0,0.0
SE-rest,2022,2022-12-25,1904.0,1988.7370826123251,1.1177268609855362,0.9117057861466653,-1.3281612482136482,0.0,0.5056293980170642,0.0,0.0,0.0
SE-rest,2022,2023-01-01,2518.0,2403.0004411811988,0.8391831257092907,0.64243608645738,1.7864911100125036,0.0,1.0,0.0,0.0,0.0
SE-rest,2022,2023-01-08,1676.0,1681.4258017551551,0.9356630441743902,0.6933877962180703,-1.5294682226800127,0.0,1.0,0.0,0.0,0.0
SE-rest,2022,2023-01-15,1064.0,1055.348614664866,1.2786275661745825,0.9271006312139293,2.973976327986928,0.0,0.11660342603946962,0.0,0.0,0.0
SE-rest,2022,2023-01-22,584.0,646.6106403744695,1.594670449581783,1.1305602182892376,-0.860853823219826,0.0,0.0006412676381238291,0.0,0.0,0.0
SE-rest,2022,2023-01-29,648.0,635.3428247198187,1.5462987797178052,1.0655730169077724,0.20711072316658255,0.0,0.0,0.0,0.0,0.0
SE-rest,2022,2023-02-05,766.0,742.221777609019,1.5414492970129139,1.0286713802101122,-2.563487097602671,0.0,0.0,0.0,0.0,0.0
SE-rest,2022,2023-02-12,812.0,796.0257434449702,1.4563340735031691,0.9407552833943732,0.7880699733700632,0.0,0.0,0.0,0.0,0.0
SE-rest,2022,2023-02-19,783.0,784.3997118215373,1.4889920594281065,0.9334878268832741,2.1640676231384814,0.0,0.0,0.06552325580608219,0.0,0.0
SE-rest,2022,2023-02-26,678.0,709.0386469444434,1.6413576744441798,1.0002726973251226,-1.2825205152553365,0.0,0.0,0.3157005105288018,0.0,0.0
SE-rest,2022,2023-03-05,660.0,665.8898139519372,1.4921268241966377,0.884523807426627,1.7358176368366907,0.0,0.0,0.48245912716620054,0.0,0.0
SE-rest,2022,2023-03-12,634.0,609.0499628676121,1.7743782916147641,1.0258630831462925,-4.616617858236102,0.0,0.0,0.13631710649891568,0.0,0.0
SE-rest,2022,2023-03-19,576.0,568.3338208885813,1.6593953789118323,0.9346937100703734,1.1550533334651096,0.0,0.0,0.0,0.0,0.0
SE-rest,2022,2023-03-26,524.0,545.3092783366174,1.5996559116177493,0.8805176383417103,2.792753936791659,0.0,0.0,0.0,0.0,0.0
SE-rest,2022,2023-04-02,468.0,470.6770952127106,1.785335102371278,0.9635590107095524,-1.9607874335680393,0.0,0.0,0.0,0.0,0.0
SE-rest,2022,2023-04-09,427.0,397.7732888855145,1.616923242372026,0.8568161932379917,1.8514380488675872,0.0,0.0,0.0,0.2089592531433013,0.0
SE-rest,2022,2023-04-16,368.0,373.33779782557394,1.4053078201894675,0.7347541849619016,5.839266757763702,0.0,0.0,0.0,0.7861903915417041,0.0
SE-rest,2022,2023-04-23,241.0,257.77256735757703,1.5484208017222616,0.8027193058971999,8.91154852305847,0.0,0.0,0.0,0.004850355314994877,0.0
SE-rest,2022,2023-04-30,170.0,176.53559255703644,1.8454580617541452,0.9501388592305376,5.195042459224644,0.0,0.0,0.0,0.0,0.0
SE-rest,2022,2023-05-07,137.0,138.2580158140225,1.7767922420711169,0.908973750762125,5.698354878508929,0.0,0.0,0.0,0.0,0.0
SE-rest,2022,2023-05-14,141.0,119.86225277185673,1.336848240921759,0.6805946396643768,13.288569232216227,0.0,0.0,0.0,0.0,0.0
SE-rest,2022,2023-05-21,93.0,89.50131482086744,1.4132713400954866,0.7175107071055262,12.133843191649916,0.0,0.0,0.0,0.0,0.0
SE-rest,2022,2023-05-28,44.0,55.22999131473301,1.3767864114978454,0.6977964850924359,14.338990227051017,0.0,0.0,0.0,0.0,0.0
SE-rest,2022,2023-06-04,24.0,33.30961259944685,1.4802227261318166,0.7494269876414403,12.45816476961547,0.0,0.0,0.0,0.0,0.0
SE-rest,2022,2023-06-11,30.0,21.21866216930634,1.4150137245051275,0.7158815941525811,14.865073726340754,0.0,0.0,0.0,0.0,0.10006469345285196
SE-M,2023,2023-07-02,,0.12856939009367715,0.9321574866636827,0.9321376968293871,17.83214285714286,0.0,0.0,0.0,0.0,1.0
SE-M,2023,2023-07-09,,0.17858266315920787,0.9525860440346621,0.9525052949611316,17.245,0.0,0.0,0.0,0.0,1.0
SE-M,2023,2023-07-16,,0.27880084433090047,0.9425003084406708,0.9423381467482758,18.797857142857147,0.0,0.0,0.0,0.0,1.0
SE-M,2023,2023-07-23,,0.37758076785853745,0.9991624274608962,0.9988803471290081,16.24214285714286,0.0,0.0,0.0,0.0,1.0
SE-M,2023,2023-07-30,0.0,0.483547734128981,1.0075429370733375,1.007117555002753,17.324285714285715,0.0,0.0,0.0,0.0,1.0
SE-M,2023,2023-08-06,0.0,0.6139308656265439,1.04535838761654,1.044733808338712,16.919285714285717,0.0,0.0,0.0,0.0,1.0
SE-M,2023,2023-08-13,0.0,0.7726199354478622,1.1070174875438556,1.1061050801234253,15.481428571428575,0.0,0.0,0.0,0.0,1.0
SE-M,2023,2023-08-20,2.0,1.0117523650075726,0.9660989450030036,0.9650290940784075,19.020000000000003,0.0,0.0,0.0,0.0,0.3286817443573655
SE-M,2023,2023-08-27,1.0,1.203284127280476,0.9538383684092208,0.9525044227075838,17.957857142857144,0.0,0.0,0.0,0.0,0.0
SE-M,2023,2023-09-03,1.0,1.2507652576059314,1.0187762931563344,1.0170429298640034,15.651428571428573,0.0,0.0,0.0,0.0,0.0
SE-M,2023,2023-09-10,1.0,1.3421673409710455,0.9921215139589671,0.990097033253664,18.812142857142856,0.0,0.0,0.0,0.0,0.0
SE-M,2023,2023-09-17,1.0,1.4709924813619468,1.0470670553058066,1.0445406306515819,16.410714285714285,0.0,0.0,0.0,0.0,0.0
SE-M,2023,2023-09-24,0.0,1.6410490255880552,1.0450260311270514,1.0420540558963705,16.697142857142858,0.0,0.0,0.0,0.0,0.0
SE-M,2023,2023-10-01,3.0,1.875443927812809,1.043796564205431,1.0403159592151774,15.682142857142859,0.0,0.0,0.0,0.0,0.0
SE-M,2023,2023-10-08,2.0,2.1512590952193547,1.0964867697319693,1.092206285694203,12.899285714285716,0.0,0.0,0.0,0.0,0.0
SE-M,2023,2023-10-15,5.0,2.4772028032893445,1.0813627504557393,1.07640636190112,11.78357142857143,0.0,0.0,0.0,0.0,0.0
SE-M,2023,2023-10-22,5.0,3.0246850651403836,1.2089496573013003,1.2023534600846022,7.8292857142857155,0.0,0.0,0.0,0.0,0.0
SE-M,2023,2023-10-29,3.0,3.9441556643554763,1.1948240089204187,1.186831562629857,7.736428571428571,0.0,0.0,0.0,0.0,0.0
SE-M,2023,2023-11-05,5.0,5.375021641510506,1.0860183324092734,1.077034017314469,8.747857142857143,1.0,0.0,0.0,0.0,0.0
SE-M,2023,2023-11-12,5.0,6.861015735739175,1.1653438459630958,1.153485182017199,8.15,0.0,0.0,0.0,0.0,0.0
SE-M,2023,2023-11-19,6.0,8.485770973169307,1.3569790797377812,1.3394735682580465,3.6292857142857144,0.0,0.0,0.0,0.0,0.0
SE-M,2023,2023-11-26,22.0,12.682370849951392,1.4054232783376857,1.3805602040975866,1.9157142857142861,0.0,0.0,0.0,0.0,0.0
SE-M,2023,2023-12-03,11.0,22.18299008391809,1.593925647166229,1.5505560811581998,-4.799285714285714,0.0,0.0,0.0,0.0,0.0
SE-M,2023,2023-12-10,48.0,46.18531546064716,1.4121184260715942,1.3458004290943784,0.9478571428571428,0.0,0.0,0.0,0.0,0.0
SE-M,2023,2023-12-17,95.0,88.60834107079944,1.286422720548315,1.1861690155154299,3.056428571428572,0.0,0.0,0.0,0.0,0.0
SE-M,2023,2023-12-24,144.0,134.35423371957262,1.0851328686374495,0.9607452105047974,4.2092857142857145,0.0,0.3873096047730976,0.0,0.0,0.0
SE-M,2023,2023-12-31,136.0,150.29545887908012,0.8700051230561666,0.7446942321040881,4.912142857142858,0.0,1.0,0.0,0.0,0.0
SE-M,2023,2024-01-07,117.0,121.15064944817432,1.0390707338741925,0.8698641846778797,-3.9392857142857145,0.0,1.0,0.0,0.0,0.0
SE-M,2023,2024-01-14,90.0,86.01344084228745,1.2998835970788354,1.066428628547291,-1.5607142857142862,0.0,0.2640497133009519,0.0,0.0,0.0
SE-M,2023,2024-01-21,90.0,77.61045757970322,1.4379161508879788,1.1504336114037397,-1.5378571428571426,0.0,0.0,0.0,0.0,0.0
SE-M,2023,2024-01-28,80.0,91.28977672394207,1.2875357206601787,0.9989994000385547,4.576428571428572,0.0,0.0,0.0,0.0,0.0
SE-M,2023,2024-02-04,84.0,100.85498145803098,1.2859206410594326,0.9679933643475109,5.052857142857143,0.0,0.0,0.0,0.0,0.0
SE-M,2023,2024-02-11,105.0,101.78931729901322,1.3980206494660516,1.0204635664777066,1.6392857142857145,0.0,0.0,0.0,0.0,0.0
SE-M,2023,2024-02-18,124.0,98.98651394703826,1.2498831019282204,0.8852610745623247,4.409999999999999,0.0,0.0,0.0,0.0,0.0
SE-M,2023,2024-02-25,78.0,91.39901346904782,0.9838319893832053,0.6814197990640457,5.222857142857142,0.0,0.0,1.0,0.0,0.0
SE-M,2023,2024-03-03,77.0,66.32243791394208,1.244252792584431,0.850103554782153,4.460714285714286,0.0,0.0,0.0,0.0,0.0
SE-M,2023,2024-03-10,32.0,44.654532315391414,1.3617722651976456,0.9197150806284551,2.1428571428571432,0.0,0.0,0.0,0.0,0.0
SE-M,2023,2024-03-17,39.0,34.27212421341298,1.2381770678550104,0.8282877694256275,5.524285714285716,0.0,0.0,0.0,0.0,0.0
SE-M,2023,2024-03-24,28.0,27.92908724294334,1.2992475421180374,0.8627553965541258,4.604285714285715,0.0,0.0,0.0,0.0,0.0
SE-M,2023,2024-03-31,21.0,20.85014663873406,1.0737650236710163,0.7091699615628041,7.364285714285715,0.0,0.0,0.0,0.7292188438401652,0.0
SE-M,2023,2024-04-07,17.0,16.14232623017011,1.2165128513467613,0.8007753796575204,7.182142857142857,0.0,0.0,0.0,0.258381829814101,0.0
SE-M,2023,2024-04-14,9.0,10.181269967440299,1.130437772427131,0.7423491688941448,11.180000000000001,0.0,0.0,0.0,0.012399326345733595,0.0
SE-M,2023,2024-04-21,6.0,6.707495310809821,1.445732118953647,0.9478591223455266,5.600714285714285,0.0,0.0,0.0,0.0,0.0
SE-M,2023,2024-04-28,4.0,4.967319514445233,1.462212073863575,0.9571514865847718,6.351428571428572,0.0,0.0,0.0,0.0,0.0
SE-M,2023,2024-05-05,4.0,4.607688914983786,1.1394198586566604,0.7448245716697491,14.339285714285714,0.0,0.0,0.0,0.0,0.0
SE-M,2023,2024-05-12,3.0,3.678017859889198,1.242987535656906,0.8118123787395077,11.494285714285715,0.0,0.0,0.0,0.0,0.0
SE-M,2023,2024-05-19,5.0,2.610748569545801,1.1189595380549096,0.7303398814422378,15.675,0.0,0.0,0.0,0.0,0.0
SE-M,2023,2024-05-26,2.0,1.8266712839186754,1.093638557754946,0.7135183788108023,16.887857142857147,0.0,0.0,0.0,0.0,0.0
SE-M,2023,2024-06-02,1.0,1.2017486208050592,1.0839755930398411,0.7070244496244624,17.816428571428574,0.0,0.0,0.0,0.0,0.0
SE-M,2023,2024-06-09,1.0,0.7916162063303572,1.1766120776389557,0.7673012027631312,14.132142857142858,0.0,0.0,0.0,0.0,0.06217642486057033
SE-O,2023,2023-07-02,,0.2136779098522727,0.8541909809743699,0.8541708556513993,17.892142857142854,0.0,0.0,0.0,0.0,1.0
SE-O,2023,2023-07-09,,0.270035627782957,0.8824289620615924,0.8823499514129697,16.347142857142856,0.0,0.0,0.0,0.0,1.0
SE-O,2023,2023-07-16,,0.3798947215048679,0.8648039911752807,0.864653820033522,17.512857142857143,0.0,0.0,0.0,0.0,1.0
SE-O,2023,2023-07-23,,0.4739032923866989,0.9002514152329424,0.9000072559440221,15.641428571428573,0.0,0.0,0.0,0.0,1.0
SE-O,2023,2023-07-30,1.0,0.5593323249278771,0.9047800258526955,0.9044323258488097,16.135714285714286,0.0,0.0,0.0,0.0,1.0
SE-O,2023,2023-08-06,0.0,0.6475729488257708,0.9193141428981931,0.918843180228751,16.302142857142858,0.0,0.0,0.0,0.0,1.0
SE-O,2023,2023-08-13,0.0,0.7326670294625043,0.9596943135147191,0.9590632577030717,15.327857142857143,0.0,0.0,0.0,0.0,1.0
SE-O,2023,2023-08-20,0.0,0.8402762144635436,0.8925879475366549,0.8918556942923168,18.201428571428576,0.0,0.0,0.0,0.0,0.753036463998823
SE-O,2023,2023-08-27,2.0,0.9137665820341128,0.8303730292333589,0.8295596629886365,16.55142857142857,0.0,0.0,0.0,0.0,0.03052632741022037
SE-O,2023,2023-09-03,2.0,0.8924968241359177,0.8573019675659564,0.8563355783122419,15.626428571428574,0.0,0.0,0.0,0.0,0.0
SE-O,2023,2023-09-10,0.0,0.8529565536395516,0.8425125441111591,0.8414411755344248,18.34857142857143,0.0,0.0,0.0,0.0,0.0
SE-O,2023,2023-09-17,0.0,0.8242492946766646,0.9093994526604547,0.9081124544455524,15.726428571428572,0.0,0.0,0.0,0.0,0.0
SE-O,2023,2023-09-24,1.0,0.8321663318321922,0.9347754750910547,0.9333067599555364,15.702857142857145,0.0,0.0,0.0,0.0,0.0
SE-O,2023,2023-10-01,0.0,0.8958136075470294,0.9577561394941795,0.9560860398671506,15.48142857142857,0.0,0.0,0.0,0.0,0.0
SE-O,2023,2023-10-08,0.0,0.9943947864251472,1.1109456567185436,1.1087778947034452,10.945714285714287,0.0,0.0,0.0,0.0,0.0
SE-O,2023,2023-10-15,3.0,1.219322499911882,1.1290382257769718,1.1265120289749286,10.280714285714287,0.0,0.0,0.0,0.0,0.0
SE-O,2023,2023-10-22,1.0,1.7063759540099095,1.3205229763786082,1.3169921429092617,5.799285714285714,0.0,0.0,0.0,0.0,0.0
SE-O,2023,2023-10-29,3.0,2.635584106866373,1.3277382244029634,1.3231899956604305,5.1450000000000005,0.0,0.0,0.0,0.0,0.0
SE-O,2023,2023-11-05,7.0,4.410758812639665,1.171363385496236,1.1659716435723944,6.522142857142858,1.0,0.0,0.0,0.0,0.0
SE-O,2023,2023-11-12,4.0,6.839912577882901,1.2000612855872876,1.192601296754519,6.7299999999999995,0.0,0.0,0.0,0.0,0.0
SE-O,2023,2023-11-19,11.0,9.369482758043617,1.4233921069770525,1.4110168804071332,0.7864285714285714,0.0,0.0,0.0,0.0,0.0
SE-O,2023,2023-11-26,18.0,15.373512717588227,1.3638278863949924,1.345743895235382,1.2942857142857136,0.0,0.0,0.0,0.0,0.0
SE-O,2023,2023-12-03,23.0,27.108254568349306,1.5252270908978913,1.4921358897081358,-5.450714285714286,0.0,0.0,0.0,0.0,0.0
SE-O,2023,2023-12-10,47.0,53.11493135748431,1.40673167152945,1.3526089986239247,-1.5314285714285716,0.0,0.0,0.0,0.0,0.0
SE-O,2023,2023-12-17,116.0,99.61154668869159,1.2678849900103069,1.185452614311544,1.707857142857143,0.0,0.0,0.0,0.0,0.0
SE-O,2023,2023-12-24,159.0,150.9892463427684,1.1357485605056103,1.025136024940079,1.625,0.0,0.38000484619065966,0.0,0.0,0.0
SE-O,2023,2023-12-31,152.0,176.04502111071244,0.9623573317393762,0.8403299593022763,2.1242857142857146,0.0,1.0,0.0,0.0,0.0
SE-O,2023,2024-01-07,152.0,161.1882798740658,1.0987650940932459,0.9344146023969913,-6.839999999999999,0.0,1.0,0.0,0.0,0.0
SE-O,2023,2024-01-14,136.0,134.20815479193578,1.3383227042852113,1.1080143947393646,-3.065714285714286,0.0,0.15593863436539038,0.0,0.0,0.0
SE-O,2023,2024-01-21,155.0,134.96572407631487,1.3570224182839092,1.08661812279347,-4.512857142857144,0.0,0.0,0.0,0.0,0.0
SE-O,2023,2024-01-28,169.0,154.80912186513544,1.152556193712936,0.8906815335242264,3.8857142857142857,0.0,0.0,0.0,0.0,0.0
SE-O,2023,2024-02-04,128.0,151.17970490583258,1.1653271508957352,0.8747067385289028,4.743571428571428,0.0,0.0,0.0,0.0,0.0
SE-O,2023,2024-02-11,121.0,128.7985105740724,1.4056665391436058,1.0275185502627093,-1.7349999999999997,0.0,0.0,0.0,0.0,0.0
SE-O,2023,2024-02-18,107.0,114.96702944152784,1.064524653281911,0.759119057431482,2.111428571428571,0.0,0.0,0.8465485235113981,0.0,0.0
SE-O,2023,2024-02-25,118.0,97.63536697710731,1.1135520780886259,0.7811319409234739,4.352857142857143,0.0,0.0,0.14161610224608123,0.0,0.0
SE-O,2023,2024-03-03,73.0,68.2558406297679,1.1266149459238746,0.7813636797278548,4.542142857142857,0.0,0.0,0.011835374242520819,0.0,0.0
SE-O,2023,2024-03-10,36.0,46.48918153783356,1.259148081359686,0.8661517660342419,1.7228571428571426,0.0,0.0,0.0,0.0,0.0
SE-O,2023,2024-03-17,43.0,33.00638608597123,1.2122096294898768,0.8285698964513654,4.613571428571428,0.0,0.0,0.0,0.0,0.0
SE-O,2023,2024-03-24,28.0,25.178499428078638,1.3806651074982235,0.9389279151988622,3.733571428571429,0.0,0.0,0.0,0.0,0.0
SE-O,2023,2024-03-31,9.0,19.78172602668427,1.3396847857615108,0.9068221936755696,6.9799999999999995,0.0,0.0,0.0,0.21358163063275984,0.0
SE-O,2023,2024-04-07,7.0,18.836802988468747,1.433460848629555,0.9662901091134329,4.491428571428571,0.0,0.0,0.0,0.7680431357706166,0.0
SE-O,2023,2024-04-14,10.0,16.2984139357457,1.341569634377798,0.9008578030688827,9.565,0.0,0.0,0.0,0.018375233596623686,0.0
SE-O,2023,2024-04-21,39.0,14.474204181004717,1.5541988260211916,1.040043689989293,4.713571428571429,0.0,0.0,0.0,0.0,0.0
SE-O,2023,2024-04-28,12.0,13.657971949021174,1.4622875337204488,0.9749501394890661,6.1085714285714285,0.0,0.0,0.0,0.0,0.0
SE-O,2023,2024-05-05,8.0,14.071082143750873,1.0942167685792712,0.7272166083967697,14.305714285714288,0.0,0.0,0.0,0.0,0.0
SE-O,2023,2024-05-12,8.0,11.33050225334149,1.1582267231497911,0.7682809105626399,11.709285714285715,0.0,0.0,0.0,0.0,0.0
SE-O,2023,2024-05-19,15.0,7.613543307294106,0.9898611631451006,0.6557838726515064,17.732142857142858,0.0,0.0,0.0,0.0,0.0
SE-O,2023,2024-05-26,4.0,4.706919036185074,0.9739174144114001,0.6447954269630516,18.336428571428574,0.0,0.0,0.0,0.0,0.0
SE-O,2023,2024-06-02,1.0,2.651448255388577,0.9762919057458319,0.6461292367369884,18.255714285714284,0.0,0.0,0.0,0.0,0.0
SE-O,2023,2024-06-09,1.0,1.49158106006111,1.0913620936655448,0.7221198591475785,13.097142857142858,0.0,0.0,0.0,0.0,0.00306114218122255
SE-rest,2023,2023-07-02,,8.647587730174935,0.8242645333627827,0.8241879036047638,18.915774199444872,0.0,0.0,0.0,0.0,1.0
SE-rest,2023,2023-07-09,,8.594607538616865,0.8549958051151314,0.8547291518332232,16.303100458242547,0.0,0.0,0.0,0.0,1.0
SE-rest,2023,2023-07-16,,8.776934969930393,0.8214557194950746,0.8210142686627585,17.957919988961745,0.0,0.0,0.0,0.0,1.0
SE-rest,2023,2023-07-23,,8.776079225245418,0.8400993791296419,0.8394628531555645,15.789215327348696,0.0,0.0,0.0,0.0,1.0
SE-rest,2023,2023-07-30,11.0,8.71947686792678,0.8206874454564931,0.8198848185526698,16.43778204988677,0.0,0.0,0.0,0.0,1.0
SE-rest,2023,2023-08-06,10.0,8.68587912221515,0.8229842686913081,0.8220010460819952,16.275980248740126,0.0,0.0,0.0,0.0,1.0
SE-rest,2023,2023-08-13,8.0,8.54136930393079,0.851858068933316,0.8506559486092685,15.587580980685745,0.0,0.0,0.0,0.0,0.999462786526827
SE-rest,2023,2023-08-20,6.0,8.596812785055302,0.8102880239841117,0.8089667982632942,17.515008633497843,0.0,0.0,0.0,0.0,0.7168843800212056
SE-rest,2023,2023-08-27,8.0,8.576123513344804,0.7785146378424157,0.777083555871064,16.25057091986647,0.0,0.0,0.0,0.0,0.07944191225560979
SE-rest,2023,2023-09-03,7.0,8.158953527043849,0.8278763033227887,0.8261904662934633,14.668890071435891,0.0,0.0,0.0,0.0,0.0
SE-rest,2023,2023-09-10,8.0,7.898367405725445,0.8265175652459801,0.8246677794307359,16.998250356293646,0.0,0.0,0.0,0.0,0.0
SE-rest,2023,2023-09-17,7.0,7.9991425804302105,0.9174433288100349,0.915193417012944,14.077962323920957,0.0,0.0,0.0,0.0,0.0
SE-rest,2023,2023-09-24,10.0,8.576504896195807,0.932068574176663,0.9295531700053169,14.656379946704535,0.0,0.0,0.0,0.0,0.0
SE-rest,2023,2023-10-01,8.0,9.792168949007536,0.9718995328993392,0.9689999713639053,13.755427930393022,0.0,0.0,0.0,0.0,0.0
SE-rest,2023,2023-10-08,11.0,11.35190539542299,1.1650135379534774,1.161113179482106,8.653208095313458,0.0,0.0,0.0,0.0,0.0
SE-rest,2023,2023-10-15,20.0,14.993640350026864,1.193686393917503,1.1890298860037254,8.00078329383691,0.0013301719692353222,0.0,0.0,0.0,0.0
SE-rest,2023,2023-10-22,17.0,22.901588951687035,1.3531809112018351,1.3466797986381864,3.956032312957174,0.0,0.0,0.0,0.0,0.0
SE-rest,2023,2023-10-29,32.0,37.840577126239495,1.3137063200576986,1.305309899536595,2.9059743066283987,0.0003191058861565043,0.0,0.0,0.0,0.0
SE-rest,2023,2023-11-05,74.0,64.20510990409393,1.0980791918131618,1.0884847949097936,4.099283743735788,0.990234980801523,0.0,0.0,0.0,0.0
SE-rest,2023,2023-11-12,113.0,91.55460195176161,1.0810976434185078,1.0686843207632664,5.123257697624436,0.008115741343085127,0.0,0.0,0.0,0.0
SE-rest,2023,2023-11-19,94.0,106.93330309803815,1.374024684296692,1.353372486365407,-1.958497004120061,0.0,0.0,0.0,0.0,0.0
SE-rest,2023,2023-11-26,140.0,151.98405311870607,1.451143844615672,1.4198639411826217,-1.472817686794294,0.0,0.0,0.0,0.0,0.0
SE-rest,2023,2023-12-03,251.0,277.35415056746467,1.5082169393573306,1.4562910550565948,-5.535949224739413,0.0,0.0,0.0,0.0,0.0
SE-rest,2023,2023-12-10,589.0,549.0005521147932,1.3525691610539485,1.2739658759926769,-5.242863718770913,0.0,0.0,0.0,0.0,0.0
SE-rest,2023,2023-12-17,975.0,946.4422313396632,1.231715914547332,1.1191465709444257,-1.5909551632730725,0.0,0.0,0.0,0.0,0.0
SE-rest,2023,2023-12-24,1217.0,1278.1522013971046,1.0630712826131008,0.9279385020091058,-0.5794912103338709,0.0,0.4385243448354253,0.0,0.0,0.0
SE-rest,2023,2023-12-31,1381.0,1348.680731427306,0.9404917665408128,0.7938665840742712,-2.3625652628012683,0.0,1.0,0.0,0.0,0.0
SE-rest,2023,2024-01-07,1081.0,1095.9469147990453,1.011594495740182,0.8339322906366343,-10.354588128181812,0.0,1.0,0.0,0.0,0.0
SE-rest,2023,2024-01-14,793.0,801.4716934323965,1.2304713586825902,0.9944731308094165,-2.3376062080184714,0.0,0.15573208574581526,0.0,0.0,0.0
SE-rest,2023,2024-01-21,694.0,666.89607969395,1.3750357692038473,1.0877191448955215,-8.68708448759155,0.0,0.0,0.0,0.0,0.0
SE-rest,2023,2024-01-28,677.0,691.8843636021144,1.2485443028340542,0.9643543125507208,1.2435860074689613,0.0,0.0,0.0,0.0,0.0
SE-rest,2023,2024-02-04,707.0,713.0965525632627,1.2345525304210399,0.9325217450570787,2.3908501652710865,0.0,0.0,0.0,0.0,0.0
SE-rest,2023,2024-02-11,668.0,675.5588065500219,1.3928938819219128,1.0295836146149093,-5.520409746734289,0.0,0.0,0.0,0.0,0.0
SE-rest,2023,2024-02-18,669.0,650.6660384002457,1.2487663215772744,0.9030517791270777,-0.7337969513715622,0.0,0.0,0.06552325580608219,0.0,0.0
SE-rest,2023,2024-02-25,624.0,614.5047145862434,1.1365189691333664,0.807376424683425,1.9973962417995208,0.0,0.0,0.31725176858717313,0.0,0.0
SE-rest,2023,2024-03-03,494.0,494.7345686699304,1.1418679496681372,0.8009422705568354,2.3709335559808795,0.0,0.0,0.48090786910782907,0.0,0.0
SE-rest,2023,2024-03-10,315.0,360.7994354541921,1.3212025542466794,0.9177729662527486,0.10570147970244599,0.0,0.0,0.13631710649891568,0.0,0.0
SE-rest,2023,2024-03-17,330.0,276.429479402778,1.260252191971089,0.8680974805814429,2.610299958179122,0.0,0.0,0.0,0.0,0.0
SE-rest,2023,2024-03-24,203.0,229.61463575482423,1.3238574342572225,0.9055812141722726,1.781607320044172,0.0,0.0,0.0,0.0,0.0
SE-rest,2023,2024-03-31,196.0,184.0228674779823,1.2657848519424848,0.8607328272154217,4.245337774808644,0.0,0.0,0.0,0.05478710953021847,0.0
SE-rest,2023,2024-04-07,160.0,166.25990494656514,1.2530077917959292,0.84806847588157,1.5796368146033861,0.0,0.0,0.0,0.9311853639655128,0.0
SE-rest,2023,2024-04-14,131.0,124.86521655465378,1.2174027671543584,0.8210403610722531,9.102968245628018,0.0,0.0,0.0,0.014027526504268804,0.0
SE-rest,2023,2024-04-21,83.0,94.83224246666555,1.661765857829001,1.1173013198852872,2.1502443174386205,0.0,0.0,0.0,0.0,0.0
SE-rest,2023,2024-04-28,92.0,87.73505563408449,1.6661857532724815,1.1158932353403404,3.250178625994149,0.0,0.0,0.0,0.0,0.0
SE-rest,2023,2024-05-05,98.0,105.05862749911905,1.2434593987087348,0.8292934161892703,11.481867983463744,0.0,0.0,0.0,0.0,0.0
SE-rest,2023,2024-05-12,109.0,103.56772131757074,1.3561914681248728,0.9015717707182442,8.610603216113091,0.0,0.0,0.0,0.0,0.0
SE-rest,2023,2024-05-19,99.0,87.23002084213016,1.0496354715449003,0.6959985455503804,16.683954571189393,0.0,0.0,0.0,0.0,0.0
SE-rest,2023,2024-05-26,53.0,63.39686065591479,1.0677237411851004,0.7069655575911756,15.808955680874845,0.0,0.0,0.0,0.0,0.0
SE-rest,2023,2024-06-02,43.0,39.92493115395793,1.01361701216933,0.6705367701310289,18.748140416846162,0.0,0.0,0.0,0.0,0.0
SE-rest,2023,2024-06-09,23.0,24.154407018039677,1.108894386622402,0.7331611674620097,14.533022693274162,0.0,0.0,0.0,0.0,0.04110255561090713
SE-M,2024,2024-06-30,,0.44045491935725734,0.8465507339357468,0.8465183458250122,18.78642857142857,0.0,0.0,0.0,0.0,1.0
SE-M,2024,2024-07-07,,0.5437518710740283,0.8881904092025668,0.8880616248588986,15.70142857142857,0.0,0.0,0.0,0.0,1.0
SE-M,2024,2024-07-14,,0.7461266875493935,0.8593160272655487,0.8590758992482349,17.656428571428574,0.0,0.0,0.0,0.0,1.0
SE-M,2024,2024-07-21,,0.9271393814753696,0.8469269727595402,0.8465623967684578,18.580714285714286,0.0,0.0,0.0,0.0,1.0
SE-M,2024,2024-07-28,1.0,1.0514161530269988,0.8481014142851857,0.8475982044389732,18.079285714285714,0.0,0.0,0.0,0.0,1.0
SE-M,2024,2024-08-04,3.0,1.13235311859556,0.8480756378223097,0.8474271461330584,18.005714285714287,0.0,0.0,0.0,0.0,1.0
SE-M,2024,2024-08-11,1.0,1.1943809980357472,0.8478888518385318,0.8470894494970331,18.583181581088418,0.0,0.0,0.0,0.0,1.0
SE-M,2024,2024-08-18,0.0,1.240093367307191,0.7923609498516173,0.7914728709196791,18.503762866725584,0.0,0.0,0.0,0.0,0.4566147573162706
SE-M,2024,2024-08-25,1.0,1.2344484336861126,0.7609817991321705,0.760002636655812,17.353571428571428,0.0,0.0,0.0,0.0,0.0068901367967743625
SE-M,2024,2024-09-01,1.0,1.150289980820102,0.7723922056203139,0.7712804959565221,17.97214285714286,0.0,0.0,0.0,0.0,0.0
SE-M,2024,2024-09-08,0.0,1.0686085689701925,0.762211133374125,0.7610035101368217,21.099285714285713,0.0,0.0,0.0,0.0,0.0
SE-M,2024,2024-09-15,1.0,1.022908805296883,0.880444403577345,0.8789184744322346,13.485714285714286,0.0,0.0,0.0,0.0,0.0
SE-M,2024,2024-09-22,3.0,1.055398247619134,0.8632002506226727,0.8615600787269385,14.760714285714286,0.0,0.0,0.0,0.0,0.0
SE-M,2024,2024-09-29,0.0,1.1699894423677173,0.920048641785222,0.9181303150556637,13.374285714285714,0.0,0.0,0.0,0.0,0.0
SE-M,2024,2024-10-06,1.0,1.295068629876551,1.1006773532463752,1.0981308457054513,8.476428571428572,0.0,0.0,0.0,0.0,0.0
SE-M,2024,2024-10-13,1.0,1.6597050944414034,1.0186842517173282,1.0160086644033328,11.275714285714287,0.0,0.0,0.0,0.0,0.0
SE-M,2024,2024-10-20,2.0,2.175385108613771,1.0593748236496974,1.056186504166449,10.642857142857142,0.0,0.0,0.0,0.0,0.0
SE-M,2024,2024-10-27,3.0,2.7480741409584875,1.0412269669808571,1.0375985770757536,11.210714285714285,0.0,0.0,0.0,0.0,0.0
SE-M,2024,2024-11-03,3.0,3.2583112386794397,1.0398791964956204,1.035690010658768,9.839285714285714,1.0,0.0,0.0,0.0,0.0
SE-M,2024,2024-11-10,5.0,3.80218374916038,1.1567503448792853,1.1513195305041453,8.162857142857144,0.0,0.0,0.0,0.0,0.0
SE-M,2024,2024-11-17,8.0,4.829891314492941,1.2072356730060196,1.2004279727131841,7.227142857142858,0.0,0.0,0.0,0.0,0.0
SE-M,2024,2024-11-24,5.0,6.926126628789289,1.470215015344936,1.459599558368478,1.8314285714285714,0.0,0.0,0.0,0.0,0.0
SE-M,2024,2024-12-01,11.0,11.990812096629526,1.3372143099184792,1.3235663372273574,5.877857142857144,0.0,0.0,0.0,0.0,0.0
SE-M,2024,2024-12-08,14.0,21.08277659986966,1.4289971755590405,1.4070452032186416,4.131428571428572,0.0,0.0,0.0,0.0,0.0
SE-M,2024,2024-12-15,45.0,39.35770331439638,1.490670138366583,1.4525645480374045,2.06,0.0,0.003082982230078811,0.0,0.0,0.0
SE-M,2024,2024-12-22,78.0,75.78535718113659,1.1347956462610582,1.086732403369625,6.627142857142857,0.0,0.3070897691708177,0.0,0.0,0.0
SE-M,2024,2024-12-29,116.0,112.38715667037786,0.93674386118635,0.8809893893641311,4.932142857142857,0.0,1.0,0.0,0.0,0.0
SE-M,2024,2025-01-05,114.0,112.39490556795002,0.9838136570110834,0.9120163677764294,2.6921428571428576,0.0,1.0,0.0,0.0,0.0
SE-M,2024,2025-01-12,87.0,93.51838991824653,1.2507705650555245,1.1437223709787996,1.862142857142857,0.0,0.3581478187533237,0.0,0.0,0.0
SE-M,2024,2025-01-19,92.0,92.90590681469108,1.3321472989948748,1.195644569975879,2.7478571428571428,0.0,0.0,0.0,0.0,0.0
SE-M,2024,2025-01-26,128.0,124.46319116796764,1.3165682796777127,1.1506882783340735,2.827142857142857,0.0,0.0,0.0,0.0,0.0
SE-M,2024,2025-02-02,171.0,164.30184416986697,1.292113399942943,1.092230247937772,3.2107142857142854,0.0,0.0,0.0,0.0,0.0
SE-M,2024,2025-02-09,188.0,196.1536723307807,1.3402482040386534,1.0893146251548507,2.164285714285714,0.0,0.0,0.0,0.0,0.0
SE-M,2024,2025-02-16,214.0,229.9348990093576,1.4293354663734927,1.1070451883936365,-1.5892857142857142,0.0,0.0,0.0,0.0,0.0
SE-M,2024,2025-02-23,265.0,264.8777656081302,1.0712983101053533,0.7890495028249687,0.8135714285714286,0.0,0.0,1.0,0.0,0.0
SE-M,2024,2025-03-02,292.0,252.4196392411659,1.1545358656020699,0.81989399908511,4.744285714285715,0.0,0.0,0.0,0.0,0.0
SE-M,2024,2025-03-09,196.0,184.8447809546429,1.0929794958773684,0.7564697569064939,7.099285714285714,0.0,0.0,0.0,0.0,0.0
SE-M,2024,2025-03-16,99.0,127.5723450998418,1.3318273717970341,0.9050359804812166,3.087142857142857,0.0,0.0,0.0,0.0,0.0
SE-M,2024,2025-03-23,89.0,92.87532880474956,1.313872766043362,0.8785689946702178,4.913571428571429,0.0,0.0,0.0,0.0,0.0
SE-M,2024,2025-03-30,86.0,76.59589707153779,1.2751414138147237,0.8414958399594734,6.790000000000001,0.0,0.0,0.0,0.0,0.0
SE-M,2024,2025-04-06,53.0,60.41516288561913,1.278309604059914,0.8352873375205964,7.535714285714286,0.0,0.0,0.0,0.0,0.0
SE-M,2024,2025-04-13,49.0,45.559587312654656,1.2500133071246222,0.8108154688031617,8.75,0.0,0.0,0.0,0.0,0.0
SE-M,2024,2025-04-20,41.0,32.77794621564103,1.0156985077050737,0.6555447631347057,11.019285714285715,0.0,0.0,0.0,1.0,0.0
SE-M,2024,2025-04-27,15.0,23.55930744118462,1.3060982558012584,0.840563590231719,9.482857142857142,0.0,0.0,0.0,0.0,0.0
SE-M,2024,2025-05-04,19.0,14.095311251839725,1.2524876814776196,0.8042524048103596,12.164285714285715,0.0,0.0,0.0,0.0,0.0
SE-M,2024,2025-05-11,5.0,10.159260582225857,1.403294815803567,0.8995413502589951,9.777857142857142,0.0,0.0,0.0,0.0,0.0
SE-M,2024,2025-05-18,8.0,8.053311866400286,1.3343893146427261,0.8540858616289472,12.137142857142859,0.0,0.0,0.0,0.0,0.0
SE-M,2024,2025-05-25,7.0,6.6642233952182375,1.382344689343348,0.8837065188687461,11.75357142857143,0.0,0.0,0.0,0.0,0.0
SE-M,2024,2025-06-01,7.0,5.4597906151173605,1.2764162467046047,0.8151699400739488,14.202142857142857,0.0,0.0,0.0,0.0,0.0
SE-M,2024,2025-06-08,5.0,4.336996835398348,1.2790491827016908,0.8162122953016118,14.64,0.0,0.0,0.0,0.0,0.07573150705643043
SE-O,2024,2024-06-30,,0.4905387892651879,0.917529574449021,0.9175045892659764,18.482857142857142,0.0,0.0,0.0,0.0,1.0
SE-O,2024,2024-07-07,,0.6104020938213698,0.9811368964117698,0.9810333012070888,14.755,0.0,0.0,0.0,0.0,1.0
SE-O,2024,2024-07-14,,0.8764950674808463,0.9457231800662773,0.9455236799796906,17.240714285714283,0.0,0.0,0.0,0.0,1.0
SE-O,2024,2024-07-21,,1.1621800702134075,0.940034500753697,0.9397175301327642,18.513571428571428,0.0,0.0,0.0,0.0,1.0
SE-O,2024,2024-07-28,2.0,1.3956289121900736,0.9570418077017173,0.9565799685310552,18.025714285714287,0.0,0.0,0.0,0.0,1.0
SE-O,2024,2024-08-04,1.0,1.6060624634764245,0.9737789214563979,0.9731471247090189,18.12428571428572,0.0,0.0,0.0,0.0,1.0
SE-O,2024,2024-08-11,1.0,1.8476534848620927,0.9928866819166215,0.9920521067509275,18.2,0.0,0.0,0.0,0.0,1.0
SE-O,2024,2024-08-18,1.0,2.123663905806166,0.9615739601957366,0.9605577572963405,17.64857142857143,0.0,0.0,0.0,0.0,0.6489464289642652
SE-O,2024,2024-08-25,4.0,2.369054585369221,0.9002069487913629,0.8990534006179169,16.24857142857143,0.0,0.0,0.0,0.0,0.06347397735022318
SE-O,2024,2024-09-01,2.0,2.4664974075896167,0.8847247889219175,0.8833989516528231,17.27714285714286,0.0,0.0,0.0,0.0,0.0
SE-O,2024,2024-09-08,4.0,2.3859189409051593,0.8610257105315673,0.8595605843851658,19.987142857142857,0.0,0.0,0.0,0.0,0.0
SE-O,2024,2024-09-15,1.0,2.2556501177995125,0.9796248848805353,0.9777618243994518,13.260714285714286,0.0,0.0,0.0,0.0,0.0
SE-O,2024,2024-09-22,1.0,2.251707578519399,0.9438330847732723,0.9418308915590112,14.421428571428574,0.0,0.0,0.0,0.0,0.0
SE-O,2024,2024-09-29,4.0,2.4397658510184423,1.0325410356563776,1.0301021357293174,11.478571428571428,0.0,0.0,0.0,0.0,0.0
SE-O,2024,2024-10-06,1.0,2.66601455280817,1.0839554143535104,1.0810819277972696,9.272142857142857,0.0,0.0,0.0,0.0,0.0
SE-O,2024,2024-10-13,4.0,3.296238986646255,1.0153768982850673,1.0123219489040027,10.482857142857142,0.0,0.0,0.0,0.0,0.0
SE-O,2024,2024-10-20,5.0,3.906196358579252,1.0187113135578207,1.0152426485374533,9.611428571428572,0.0,0.0,0.0,0.0,0.0
SE-O,2024,2024-10-27,4.0,4.483165204447793,0.915402749681556,0.9118983100598269,11.309285714285712,0.0,0.0,0.0,0.0,0.0
SE-O,2024,2024-11-03,6.0,4.45566621449537,0.8918002970443926,0.888054398003881,9.629999999999999,1.0,0.0,0.0,0.0,0.0
SE-O,2024,2024-11-10,7.0,4.120896042436057,1.0183075766486334,1.013664794016042,6.915,0.0,0.0,0.0,0.0,0.0
SE-O,2024,2024-11-17,3.0,4.096222091024102,1.0477511204391061,1.0425442472806428,6.240000000000001,0.0,0.0,0.0,0.0,0.0
SE-O,2024,2024-11-24,3.0,4.692629847240692,1.3023234275419058,1.2951345633258295,-0.7742857142857141,0.0,0.0,0.0,0.0,0.0
SE-O,2024,2024-12-01,9.0,6.406646945362571,1.1307375885123305,1.1235652777300733,6.1364285714285725,0.0,0.0,0.0,0.0,0.0
SE-O,2024,2024-12-08,6.0,8.940186425938393,1.3656560541329148,1.3554120541780592,2.117857142857143,0.0,0.0,0.0,0.0,0.0
SE-O,2024,2024-12-15,12.0,14.116156005186989,1.5268259687352626,1.5118703405920955,0.5357142857142859,0.0,0.0,0.0,0.0,0.0
SE-O,2024,2024-12-22,27.0,27.82724101388485,1.262725720521786,1.2448436567846186,5.810714285714286,0.0,0.29506105160725676,0.0,0.0,0.0
SE-O,2024,2024-12-29,42.0,48.52943257121302,1.0143578876591826,0.9942412750742774,5.877857142857143,0.0,1.0,0.0,0.0,0.0
SE-O,2024,2025-01-05,57.0,59.507032044703266,1.162813898605563,1.132957355373356,-0.5064285714285718,0.0,1.0,0.0,0.0,0.0
SE-O,2024,2025-01-12,70.0,65.69928786738616,1.3311809028921842,1.2867875612733237,-0.24071428571428566,0.0,0.3411702913846672,0.0,0.0,0.0
SE-O,2024,2025-01-19,104.0,87.60213224702134,1.1957647530612068,1.1424454141378872,4.197857142857143,0.0,0.0,0.0,0.0,0.0
SE-O,2024,2025-01-26,123.0,127.00305270177373,1.1892918245693738,1.1190796253364361,2.712857142857143,0.0,0.0,0.0,0.0,0.0
SE-O,2024,2025-02-02,168.0,159.7511717623125,1.199380915929291,1.1079870254870614,2.072142857142857,0.0,0.0,0.0,0.0,0.0
SE-O,2024,2025-02-09,171.0,186.7371812942589,1.2503239316650752,1.1298594959552977,1.6035714285714284,0.0,0.0,0.0,0.0,0.0
SE-O,2024,2025-02-16,222.0,225.24152300574175,1.1666468291779235,1.0266797703410964,-2.7142857142857144,0.0,0.0,0.8465485235113981,0.0,0.0
SE-O,2024,2025-02-23,230.0,258.8857200903542,1.224708729819875,1.0468945553200428,0.47571428571428587,0.0,0.0,0.14161610224608123,0.0,0.0
SE-O,2024,2025-03-02,337.0,285.1351277541649,1.1237097173920476,0.9313767780633315,3.463571428571428,0.0,0.0,0.011835374242520819,0.0,0.0
SE-O,2024,2025-03-09,279.0,271.76592506133215,0.9961394496367425,0.8051985901390826,7.024285714285715,0.0,0.0,0.0,0.0,0.0
SE-O,2024,2025-03-16,190.0,224.07857642320525,1.2282068926830827,0.9733529364331203,1.633571428571429,0.0,0.0,0.0,0.0,0.0
SE-O,2024,2025-03-23,209.0,183.53871011465762,1.1681293580706984,0.9082757042662003,4.720714285714286,0.0,0.0,0.0,0.0,0.0
SE-O,2024,2025-03-30,149.0,164.71400964922208,1.1465019670390366,0.8769758516220711,6.717142857142858,0.0,0.0,0.0,0.0,0.0
SE-O,2024,2025-04-06,122.0,137.93512334579424,1.1645171560399632,0.8790791659036431,7.158571428571429,0.0,0.0,0.0,0.0,0.0
SE-O,2024,2025-04-13,136.0,111.1252954466647,1.1342453783593902,0.8471980750444356,8.678571428571429,0.0,0.0,0.0,0.0,0.0
SE-O,2024,2025-04-20,92.0,85.52094036840336,0.9395544954206978,0.6964156759637606,11.320714285714285,0.0,0.0,0.0,0.9855665067144398,0.0
SE-O,2024,2025-04-27,49.0,65.17253784625909,1.254308859581069,0.9251957827844483,8.985714285714286,0.0,0.0,0.0,0.014433493285560135,0.0
SE-O,2024,2025-05-04,27.0,43.630525786303615,1.155853191127037,0.8488700930874176,11.46142857142857,0.0,0.0,0.0,0.0,0.0
SE-O,2024,2025-05-11,48.0,34.74915191531842,1.135268622918597,0.8310023859660987,10.37857142857143,0.0,0.0,0.0,0.0,0.0
SE-O,2024,2025-05-18,36.0,27.364933566196758,0.9745703939272902,0.7116668443715407,13.234285714285715,0.0,0.0,0.0,0.0,0.0
SE-O,2024,2025-05-25,22.0,18.97715148566614,1.0296232329694035,0.7508009284871642,10.790714285714287,0.0,0.0,0.0,0.0,0.0
SE-O,2024,2025-06-01,10.0,11.906630389222158,0.9303811742620808,0.6778273261228528,13.002857142857144,0.0,0.0,0.0,0.0,0.0
SE-O,2024,2025-06-08,3.0,7.195688074225888,0.919343116673777,0.6694338471831927,13.357142857142858,0.0,0.0,0.0,0.0,0.0
SE-rest,2024,2024-06-30,,7.845278822849865,1.038032934791292,1.0379735586437087,19.30117521272391,0.0,0.0,0.0,0.0,1.0
SE-rest,2024,2024-07-07,,8.999159008078855,1.1118716255789631,1.111629415047182,15.382208737644845,0.0,0.0,0.0,0.0,1.0
SE-rest,2024,2024-07-14,,12.12629273234858,1.0818139000854592,1.081339404135992,17.627707668759072,0.0,0.0,0.0,0.0,1.0
SE-rest,2024,2024-07-21,,16.36950846819361,1.0625722061830811,1.0618090879455644,18.523212025969208,0.0,0.0,0.0,0.0,1.0
SE-rest,2024,2024-07-28,7.0,20.618625426355926,1.0071063937789508,1.0060521729010181,18.562712512983314,0.0,0.0,0.0,0.0,1.0
SE-rest,2024,2024-08-04,34.0,23.909874735098636,0.9176267893577302,0.9163526431078285,17.832888454070552,0.0,0.0,0.0,0.0,1.0
SE-rest,2024,2024-08-11,37.0,24.637626324798035,0.8279855661712763,0.8265828170690567,18.326171119472537,0.0,0.0,0.0,0.0,1.0
SE-rest,2024,2024-08-18,24.0,22.00483277545269,0.7801703973161732,0.7786605291455979,17.831440395308345,0.0,0.0,0.0,0.0,0.8652986148553257
SE-rest,2024,2024-08-25,14.0,17.702402472173404,0.7009204267263721,0.6994390565564949,16.644106307305094,0.0,0.0,0.0,0.0,0.05411609555274627
SE-rest,2024,2024-09-01,9.0,13.158759812604915,0.7309864297006584,0.7293482555795815,16.26594039309381,0.0,0.0,0.0,0.0,0.0
SE-rest,2024,2024-09-08,7.0,9.65790171509123,0.7547681219241706,0.7529987697437889,18.048630609474447,0.0,0.0,0.0,0.0,0.0
SE-rest,2024,2024-09-15,6.0,7.832320810800482,0.8952077477481256,0.8930211579285944,13.309072612226233,0.0,0.0,0.0,0.0,0.0
SE-rest,2024,2024-09-22,6.0,7.40744143161379,0.955536117414586,0.953095696840361,12.778929261754456,0.0,0.0,0.0,0.0,0.0
SE-rest,2024,2024-09-29,5.0,8.384326012464179,1.072151794841717,1.0692642603504272,10.82999486247066,0.0,0.0,0.0,0.0,0.0
SE-rest,2024,2024-10-06,9.0,10.43685687171779,1.1807998969811524,1.17738815503476,7.668627769840154,0.0,0.0,0.0,0.0,0.0
SE-rest,2024,2024-10-13,18.0,15.245755044393054,1.0589660036641588,1.0556080819163713,9.239508405187921,0.0013301719692353222,0.0,0.0,0.0,0.0
SE-rest,2024,2024-10-20,25.0,20.360565598741193,1.0117135242559863,1.008174913612638,8.582498779926231,0.0,0.0,0.0,0.0,0.0
SE-rest,2024,2024-10-27,32.0,24.23217410381156,0.8984898111731591,0.895039881613758,10.101822562021619,0.0,0.0,0.0,0.0,0.0
SE-rest,2024,2024-11-03,24.0,23.956158177826794,0.944848284087584,0.9409311473783025,6.771288062995221,0.9986698280307645,0.0,0.0,0.0,0.0
SE-rest,2024,2024-11-10,14.0,22.983639838941176,1.072527802309199,1.0677295649911875,5.095215343865844,0.0,0.0,0.0,0.0,0.0
SE-rest,2024,2024-11-17,34.0,24.98384321113858,1.119894916595127,1.1144245638912131,4.978669944463119,0.0,0.0,0.0,0.0,0.0
SE-rest,2024,2024-11-24,25.0,31.416929973759448,1.4367182020238178,1.4288002970604392,-1.9759239299068703,0.0,0.0,0.0,0.0,0.0
SE-rest,2024,2024-12-01,48.0,49.69262295206616,1.333199169457078,1.3243030982751516,3.875703812797969,0.0,0.0,0.0,0.0,0.0
SE-rest,2024,2024-12-08,69.0,89.18375376930646,1.4939708394459004,1.4807904796243838,-0.20093187467445617,0.0,0.0,0.0,0.0,0.0
SE-rest,2024,2024-12-15,196.0,175.7082228421819,1.4486939664936693,1.4294726996369669,-1.2229385569246196,0.0,0.0,0.0,0.0,0.0
SE-rest,2024,2024-12-22,367.0,344.74167790523194,1.18896968225085,1.164339889863293,1.9099989670013102,0.0,0.29885516629219094,0.0,0.0,0.0
SE-rest,2024,2024-12-29,514.0,541.2290142523386,0.8974753268562858,0.8714075289127249,3.575487815305636,0.0,1.0,0.0,0.0,0.0
SE-rest,2024,2025-01-05,560.0,568.1829597749755,1.0396785871107044,1.0023975288670075,-5.009934617816884,0.0,1.0,0.0,0.0,0.0
SE-rest,2024,2025-01-12,520.0,512.6048924118027,1.2267382368763484,1.1736850292436896,-2.087421396797193,0.0,0.2741258623319688,0.0,0.0,0.0
SE-rest,2024,2025-01-19,578.0,560.65628262894,1.1437549872735595,1.0835285828279337,3.0237882152701188,0.0,0.0,0.0,0.0,0.0
SE-rest,2024,2025-01-26,688.0,704.8043092517382,1.2055916963449291,1.1283933036433762,1.248603932539557,0.0,0.0,0.0,0.0,0.0
SE-rest,2024,2025-02-02,869.0,850.8836862225535,1.2617459865476093,1.1630101620674869,0.09957761358580701,0.0,0.0,0.0,0.0,0.0
SE-rest,2024,2025-02-09,1017.0,1054.006884990483,1.280490871284343,1.1569311345199527,-0.3132345892832217,0.0,0.0,0.0,0.0,0.0
SE-rest,2024,2025-02-16,1381.0,1366.720483558266,1.3017548142421245,1.1455726117195606,-4.099955482997868,0.0,0.0,0.062200195146043406,0.0,0.0
SE-rest,2024,2025-02-23,1772.0,1727.9276048408074,1.1471158776456227,0.9784891770943303,-1.0775392876517622,0.0,0.0,0.31725176858717313,0.0,0.0
SE-rest,2024,2025-03-02,1875.0,1939.046596118554,1.02523940107737,0.8497351331025796,2.561248797744058,0.0,0.0,0.48090786910782907,0.0,0.0
SE-rest,2024,2025-03-09,1735.0,1701.104618304649,0.9616688693093112,0.7804906522379159,6.546302734065733,0.0,0.0,0.13964016715895444,0.0,0.0
SE-rest,2024,2025-03-16,1292.0,1279.2936857825846,1.2579930022141126,1.0044197928992535,0.013131810261965304,0.0,0.0,0.0,0.0,0.0
SE-rest,2024,2025-03-23,1008.0,1030.928801145718,1.2257187447642406,0.9623874902334946,3.5317014198661263,0.0,0.0,0.0,0.0,0.0
SE-rest,2024,2025-03-30,980.0,966.533377985488,1.202170893708919,0.9292581678052062,5.938139813094944,0.0,0.0,0.0,0.0,0.0
SE-rest,2024,2025-04-06,863.0,897.742480728748,1.1763026743318414,0.8967244667801032,6.702425562721047,0.0,0.0,0.0,0.0,0.0
SE-rest,2024,2025-04-13,770.0,772.2404788702337,1.1223580622549936,0.846019504982768,6.27975365892062,0.0,0.0,0.0,0.0,0.0
SE-rest,2024,2025-04-20,675.0,607.3546775843527,0.8426756773304306,0.6302287309351418,9.559866544537764,0.0,0.0,0.0,0.796085517128215,0.0
SE-rest,2024,2025-04-27,415.0,442.90720497044845,1.088565902519582,0.8107645439864742,6.375694202293403,0.0,0.0,0.0,0.20391448287178512,0.0
SE-rest,2024,2025-05-04,244.0,253.60332743420338,1.0598281134081362,0.7869179915065095,9.851596868789686,0.0,0.0,0.0,0.0,0.0
SE-rest,2024,2025-05-11,163.0,171.31266260640325,1.2261955382547245,0.9083780627949077,7.217799105099367,0.0,0.0,0.0,0.0,0.0
SE-rest,2024,2025-05-18,139.0,131.25214433839466,1.1051907630008884,0.8171431953234959,10.894400443092804,0.0,0.0,0.0,0.0,0.0
SE-rest,2024,2025-05-25,102.0,104.01589616959073,1.1754522664489289,0.8678404012390138,10.04554849416313,0.0,0.0,0.0,0.0,0.0
SE-rest,2024,2025-06-01,80.0,80.07843415675032,1.0540393789563913,0.7773262600658877,13.163540209710915,0.0,0.0,0.0,0.0,0.0
SE-rest,2024,2025-06-08,61.0,58.900538519843494,1.0384488767435458,0.7652316745479462,13.772259074524074,0.0,0.0,0.0,0.0,0.0005044499498596246
