series,season,week_end,observed,fitted,r_t,r_eff,temperature,hol_host,hol_jul,hol_sport,hol_pask,hol_sommar
SE-M,2015,2015-06-28,,7.377904619844237,0.9365014519958516,0.9355002583189258,13.91,0.0,0.0,0.0,0.0,1.0
SE-M,2015,2015-07-05,,7.445349394715797,0.9334409145045094,0.9300981800538007,19.70642857142857,0.0,0.0,0.0,0.0,1.0
SE-M,2015,2015-07-12,,7.537976511069509,0.9306494381856556,0.9249690534768744,15.992142857142854,0.0,0.0,0.0,0.0,1.0
SE-M,2015,2015-07-19,,7.571477084147391,0.9281960134835501,0.9201995632653573,16.27857142857143,0.0,0.0,0.0,0.0,1.0
SE-M,2015,2015-07-26,,7.539625561553063,0.9261571553256877,0.9158791228697352,16.454285714285714,0.0,0.0,0.0,0.0,1.0
SE-M,2015,2015-08-02,,7.454599493309972,0.9246180711926433,0.9121006335302523,14.940000000000001,0.0,0.0,0.0,0.0,1.0
SE-M,2015,2015-08-09,,7.33027631426949,0.9236743528331149,0.9089622215467871,18.775714285714287,0.0,0.0,0.0,0.0,1.0
SE-M,2015,2015-08-16,,7.18019341671239,0.9234342721845625,0.9065696888387879,18.529285714285717,0.0,0.0,0.0,0.0,1.0
SE-M,2015,2015-08-23,,7.0172755225332395,0.9240217774378,0.9050396911300866,18.162142857142857,0.0,0.0,0.0,0.0,0.14285714285714285
SE-M,2015,2015-08-30,,6.8535280316040925,0.9255802975935008,0.9045036662478181,17.450714285714287,0.0,0.0,0.0,0.0,0.0
SE-M,2015,2015-09-06,,6.699946178553567,0.9282774761484937,0.9051125452484626,14.684285714285718,0.0,0.0,0.0,0.0,0.0
SE-M,2015,2015-09-13,,6.56663355198852,0.9323109628551334,0.9070422833051143,13.646428571428572,0.0,0.0,0.0,0.0,0.0
SE-M,2015,2015-09-20,,6.4631280186825855,0.9379153908274801,0.9105002340653696,15.00642857142857,0.0,0.0,0.0,0.0,0.0
SE-M,2015,2015-09-27,,6.398943280512412,0.9453706460474256,0.9157323448074166,12.98,0.0,0.0,0.0,0.0,0.0
SE-M,2015,2015-10-04,,6.384360859545846,0.9550114859352862,0.9230310478539199,10.894285714285713,0.0,0.0,0.0,0.0,0.0
SE-M,2015,2015-10-11,,6.431556747845262,0.9672384682508705,0.9327435331657564,9.077142857142857,0.0,0.0,0.0,0.0,0.0
SE-M,2015,2015-10-18,,6.5562330842083005,0.9825299930329842,0.9452797554010282,8.338571428571429,0.0,0.0,0.0,0.0,0.0
SE-M,2015,2015-10-25,,6.780077001966841,1.0014550164651017,0.96111896635192,9.731428571428571,0.0,0.0,0.0,0.0,0.0
SE-M,2015,2015-11-01,,7.134646498111037,1.024685579725445,0.9808125482372028,8.14857142857143,1.0,0.0,0.0,0.0,0.0
SE-M,2015,2015-11-08,,7.667813564891802,1.0530105158099816,1.0049818383384637,9.197857142857144,0.0,0.0,0.0,0.0,0.0
SE-M,2015,2015-11-15,,8.454962938659841,1.0873375027312513,1.034293633977869,9.832142857142857,0.0,0.0,0.0,0.0,0.0
SE-M,2015,2015-11-22,,9.619263002320686,1.1282994492707952,1.069040311683025,5.256428571428572,0.0,0.0,0.0,0.0,0.0
SE-M,2015,2015-11-29,,11.36671174523291,1.1725667740729748,1.1055953924573543,3.4978571428571428,0.0,0.0,0.0,0.0,0.0
SE-M,2015,2015-12-06,9.0,14.014982850852254,1.2052023197036157,1.1293019792444645,7.407857142857144,0.0,0.0,0.0,0.0,0.0
SE-M,2015,2015-12-13,16.0,17.876283786945457,1.2046496412924161,1.1197137033109177,5.581428571428572,0.0,0.0,0.0,0.0,0.0
SE-M,2015,2015-12-20,19.0,22.789813107372463,1.170808374881146,1.0774272128208489,5.615000000000001,0.0,0.0,0.0,0.0,0.0
SE-M,2015,2015-12-27,52.0,26.222706835139867,1.1482311828310372,1.0445210596227827,7.2821428571428575,0.0,0.8571428571428571,0.0,0.0,0.0
SE-M,2015,2016-01-03,37.0,31.33102526090281,1.1873998948442837,1.0662655594613448,1.0164285714285715,0.0,1.0,0.0,0.0,0.0
SE-M,2015,2016-01-10,23.0,37.0178941971609,1.2879134106191932,1.1387458010928095,-2.087142857142857,0.0,0.8571428571428571,0.0,0.0,0.0
SE-M,2015,2016-01-17,26.0,42.464103706159094,1.404618198563534,1.2161116419500755,-3.310714285714286,0.0,0.0,0.0,0.0,0.0
SE-M,2015,2016-01-24,46.0,57.094096566678374,1.4775384805126195,1.2397680096741492,-3.0985714285714288,0.0,0.0,0.0,0.0,0.0
SE-M,2015,2016-01-31,86.0,82.43886392894001,1.4774662764163664,1.1832393923163125,5.093571428571429,0.0,0.0,0.0,0.0,0.0
SE-M,2015,2016-02-07,140.0,115.28021297034405,1.4340290876156876,1.0791453581252093,4.4835714285714285,0.0,0.0,0.0,0.0,0.0
SE-M,2015,2016-02-14,176.0,142.49088956106348,1.3983456724683185,0.9802884969684553,2.295714285714286,0.0,0.0,0.0,0.0,0.0
SE-M,2015,2016-02-21,121.0,150.82509258175435,1.3885469820517653,0.907987744014154,0.3328571428571428,0.0,0.0,0.0,0.0,0.0
SE-M,2015,2016-02-28,152.0,139.09987682505096,1.3963573180298436,0.8590582680344624,2.1685714285714286,0.0,0.0,1.0,0.0,0.0
SE-M,2015,2016-03-06,97.0,115.51831705341635,1.4113087247101004,0.8265410623929961,1.2692857142857146,0.0,0.0,0.0,0.0,0.0
SE-M,2015,2016-03-13,92.0,89.14387156716687,1.4223504550487314,0.802404323337199,1.7992857142857144,0.0,0.0,0.0,0.0,0.0
SE-M,2015,2016-03-20,63.0,65.34866231593122,1.4247020837221842,0.7822200529348958,4.258571428571428,0.0,0.0,0.0,0.0,0.0
SE-M,2015,2016-03-27,43.0,44.96156204977498,1.4190281592937222,0.7645163612287957,5.380714285714285,0.0,0.0,0.0,0.8138547107500492,0.0
SE-M,2015,2016-04-03,39.0,32.65838159793144,1.4166705070451557,0.7535472565815319,6.3692857142857155,0.0,0.0,0.0,0.14338042286784644,0.0
SE-M,2015,2016-04-10,24.0,21.08651955710228,1.4282556170125178,0.7532211213034309,7.565000000000002,0.0,0.0,0.0,0.0427648663821042,0.0
SE-M,2015,2016-04-17,10.0,14.046888191459152,1.4454360233853778,0.7578352793719619,7.334285714285714,0.0,0.0,0.0,0.0,0.0
SE-M,2015,2016-04-24,5.0,9.512730734321359,1.4485314507559983,0.7563518502353367,7.230000000000002,0.0,0.0,0.0,0.0,0.0
SE-M,2015,2016-05-01,8.0,6.606135823064357,1.4299864146520858,0.7444880404018709,6.167142857142857,0.0,0.0,0.0,0.0,0.0
SE-M,2015,2016-05-08,6.0,4.677653376986823,1.3997659148238746,0.7272198692346731,12.067857142857145,0.0,0.0,0.0,0.0,0.0
SE-M,2015,2016-05-15,7.0,3.3574229913128493,1.3726963959857896,0.7120543204956828,13.41857142857143,0.0,0.0,0.0,0.0,0.0
SE-M,2015,2016-05-22,1.0,2.458797070397022,1.3561284106501719,0.7026313875014283,12.954285714285716,0.0,0.0,0.0,0.0,0.0
SE-M,2015,2016-05-29,2.0,1.870023647195637,1.3486892634407313,0.6981135826539149,16.31,0.0,0.0,0.0,0.0,0.0
SE-M,2015,2016-06-05,0.0,1.5011830594806015,1.3468049288995267,0.6965718356561339,20.247142857142855,0.0,0.0,0.0,0.0,0.0
SE-M,2015,2016-06-12,1.0,1.2784050013616648,1.3466143850995753,0.6959634166417976,14.197857142857144,0.0,0.0,0.0,0.0,0.0
SE-O,2015,2015-06-28,,6.011053011651308,0.9411987680611414,0.9405758996803646,14.177857142857144,0.0,0.0,0.0,0.0,1.0
SE-O,2015,2015-07-05,,6.228575233110659,0.9382932769819167,0.9361685903881537,20.197857142857142,0.0,0.0,0.0,0.0,1.0
SE-O,2015,2015-07-12,,6.617751551595255,0.9355594387207555,0.931863883810953,15.914285714285715,0.0,0.0,0.0,0.0,1.0
SE-O,2015,2015-07-19,,6.96240788068401,0.9330461283450411,0.9277291248454649,16.23642857142857,0.0,0.0,0.0,0.0,1.0
SE-O,2015,2015-07-26,,7.2233041418668,0.9308090715166435,0.9238365104906333,14.937857142857142,0.0,0.0,0.0,0.0,1.0
SE-O,2015,2015-08-02,,7.405906907859727,0.9289114764190931,0.9202627796372165,15.110000000000001,0.0,0.0,0.0,0.0,1.0
SE-O,2015,2015-08-09,,7.520592817766623,0.9274249732330769,0.9170898555502595,18.372142857142858,0.0,0.0,0.0,0.0,1.0
SE-O,2015,2015-08-16,,7.578411050134277,0.9264309132663363,0.9144059489415046,18.300000000000004,0.0,0.0,0.0,0.0,1.0
SE-O,2015,2015-08-23,,7.591170313720265,0.9260220962830862,0.912307166229806,18.592142857142854,0.0,0.0,0.0,0.0,0.7142857142857143
SE-O,2015,2015-08-30,,7.570993440075423,0.9263050020710756,0.910899664446218,16.880714285714284,0.0,0.0,0.0,0.0,0.0
SE-O,2015,2015-09-06,,7.529986591329006,0.9274026100947758,0.9103023929912181,14.020000000000001,0.0,0.0,0.0,0.0,0.0
SE-O,2015,2015-09-13,,7.480037226325036,0.9294578980274496,0.9106504616103636,13.692142857142857,0.0,0.0,0.0,0.0,0.0
SE-O,2015,2015-09-20,,7.432766648235845,0.9326381138056407,0.9120991696466743,14.603571428571428,0.0,0.0,0.0,0.0,0.0
SE-O,2015,2015-09-27,,7.399659320233787,0.9371399131196145,0.9148287177758111,12.072857142857144,0.0,0.0,0.0,0.0,0.0
SE-O,2015,2015-10-04,,7.392395111580734,0.9431954398125636,0.9190495910255623,11.760714285714286,0.0,0.0,0.0,0.0,0.0
SE-O,2015,2015-10-11,,7.423426228506265,0.9510793935528518,0.9250085379315889,8.633571428571427,0.0,0.0,0.0,0.0,0.0
SE-O,2015,2015-10-18,,7.506873835378684,0.9611170685231806,0.9329949562721217,7.387857142857143,0.0,0.0,0.0,0.0,0.0
SE-O,2015,2015-10-25,,7.6598810066079395,0.9736932481184883,0.9433473023698452,9.590714285714286,0.00667805717554113,0.0,0.0,0.0,0.0
SE-O,2015,2015-11-01,,7.904669168324275,0.989261653595001,0.9564587858019495,7.497142857142857,0.9933219428244591,0.0,0.0,0.0,0.0
SE-O,2015,2015-11-08,,8.271745124265859,1.0083562644431703,0.9727828552704728,9.492142857142856,0.0,0.0,0.0,0.0,0.0
SE-O,2015,2015-11-15,,8.805085522125648,1.031596206407247,0.9928290927013979,9.169285714285712,0.0,0.0,0.0,0.0,0.0
SE-O,2015,2015-11-22,,9.570793877588844,1.059463511752228,1.0169355496420294,3.2042857142857146,0.0,0.0,0.0,0.0,0.0
SE-O,2015,2015-11-29,,10.670410255866901,1.090444897798818,1.0434730225654076,3.9335714285714287,0.0,0.0,0.0,0.0,0.0
SE-O,2015,2015-12-06,10.0,12.247709974249794,1.1184610812007438,1.0664122603129818,6.933571428571429,0.0,0.0,0.0,0.0,0.0
SE-O,2015,2015-12-13,15.0,14.449212730781346,1.1383024744251575,1.0805958264597666,5.0807142857142855,0.0,0.0,0.0,0.0,0.0
SE-O,2015,2015-12-20,18.0,17.349516992638357,1.1557171345911377,1.0913022920999123,5.078571428571428,0.0,0.0,0.0,0.0,0.0
SE-O,2015,2015-12-27,25.0,19.90778199109762,1.1894179449682925,1.1157642663485072,6.003571428571428,0.0,0.7142857142857143,0.0,0.0,0.0
SE-O,2015,2016-01-03,27.0,25.65447293195881,1.2574916557863696,1.1696264865533266,-0.06785714285714269,0.0,1.0,0.0,0.0,0.0
SE-O,2015,2016-01-10,29.0,35.029650766469786,1.3541471326438579,1.2444163770895944,-4.740714285714285,0.0,0.8571428571428571,0.0,0.0,0.0
SE-O,2015,2016-01-17,45.0,47.90472421095127,1.4440195657755013,1.3020263243466483,-5.817142857142857,0.0,0.0,0.0,0.0,0.0
SE-O,2015,2016-01-24,59.0,74.69437314731611,1.4684959547246683,1.2831827532068356,-4.1814285714285715,0.0,0.0,0.0,0.0,0.0
SE-O,2015,2016-01-31,125.0,118.46392337532393,1.4007615300827667,1.1665311873812478,4.636428571428572,0.0,0.0,0.0,0.0,0.0
SE-O,2015,2016-02-07,191.0,168.37127369591815,1.3002294446472793,1.0189365724181791,3.332857142857143,0.0,0.0,0.0,0.0,0.0
SE-O,2015,2016-02-14,219.0,196.57627557985612,1.245152926752521,0.9171723907492256,0.8392857142857143,0.0,0.0,0.0,0.0,0.0
SE-O,2015,2016-02-21,195.0,189.29535434857968,1.2660291688043803,0.8827742073099882,-0.36571428571428577,0.0,0.0,0.8465485235113981,0.0,0.0
SE-O,2015,2016-02-28,142.0,161.63435627166524,1.3410234670987842,0.8921589376985999,0.7221428571428571,0.0,0.0,0.14161610224608123,0.0,0.0
SE-O,2015,2016-03-06,115.0,133.55385831305387,1.4195262091190248,0.9062608364833008,0.7892857142857145,0.0,0.0,0.011835374242520819,0.0,0.0
SE-O,2015,2016-03-13,114.0,112.22241664553259,1.4605760910653252,0.8989441546519937,1.6285714285714286,0.0,0.0,0.0,0.0,0.0
SE-O,2015,2016-03-20,90.0,95.30695612606743,1.4528862287244888,0.8664758325488574,5.220714285714286,0.0,0.0,0.0,0.0,0.0
SE-O,2015,2016-03-27,88.0,76.84449468390905,1.4168047867394564,0.8238780984688564,4.607142857142857,0.0,0.0,0.0,0.1520711904924412,0.0
SE-O,2015,2016-04-03,66.0,63.472557915844945,1.3927026959222668,0.7948098429974396,6.564285714285715,0.0,0.0,0.0,0.8479288095075591,0.0
SE-O,2015,2016-04-10,57.0,45.053709976882374,1.4135094734245937,0.7959383428837852,6.979285714285716,0.0,0.0,0.0,0.0,0.0
SE-O,2015,2016-04-17,26.0,32.04911386145008,1.4797235804119413,0.8250772245082219,7.859285714285714,0.0,0.0,0.0,0.0,0.0
SE-O,2015,2016-04-24,14.0,23.347150891284294,1.5507250640550578,0.8580307912294399,6.625714285714286,0.0,0.0,0.0,0.0,0.0
SE-O,2015,2016-05-01,16.0,18.07742621247365,1.5815900158608085,0.8695316043750825,6.453571428571428,0.0,0.0,0.0,0.0,0.0
SE-O,2015,2016-05-08,13.0,14.755693329662822,1.5530167452635395,0.8492705024211398,12.077857142857143,0.0,0.0,0.0,0.0,0.0
SE-O,2015,2016-05-15,15.0,12.15533845253992,1.4827386403831138,0.8073760021299013,13.568571428571428,0.0,0.0,0.0,0.0,0.0
SE-O,2015,2016-05-22,18.0,9.64993980841544,1.4144581740739777,0.7677255147846769,12.757142857142858,0.0,0.0,0.0,0.0,0.0
SE-O,2015,2016-05-29,8.0,7.256238693278464,1.3758423898468306,0.7450370994629546,14.463571428571429,0.0,0.0,0.0,0.0,0.0
SE-O,2015,2016-06-05,3.0,5.271906611512476,1.3629395562454032,0.7368080981603129,20.38,0.0,0.0,0.0,0.0,0.0
SE-O,2015,2016-06-12,1.0,3.8440899188118083,1.361056835540925,0.7348527120253328,14.797857142857143,0.0,0.0,0.0,0.0,0.0
SE-rest,2015,2015-06-28,,41.3640329547645,0.939776129164155,0.9386673769277786,14.411653185766436,0.0,0.0,0.0,0.0,1.0
SE-rest,2015,2015-07-05,,41.42954360974407,0.936908663786147,0.9332289388223819,19.747206954881303,0.0,0.0,0.0,0.0,1.0
SE-rest,2015,2015-07-12,,41.359072363860896,0.9343420506523987,0.9281296522805743,15.311256910505945,0.0,0.0,0.0,0.0,1.0
SE-rest,2015,2015-07-19,,40.97272269392657,0.9321465265724004,0.9234542578493573,15.559955797277633,0.0,0.0,0.0,0.0,1.0
SE-rest,2015,2015-07-26,,40.29888008883033,0.9303984367199065,0.9192882596222479,15.283587929437184,0.0,0.0,0.0,0.0,1.0
SE-rest,2015,2015-08-02,,39.4087990345419,0.9291813366455017,0.9157189913381079,14.948097409791355,0.0,0.0,0.0,0.0,1.0
SE-rest,2015,2015-08-09,,38.375664010957834,0.928587567789944,0.9128374296388124,17.647067334944563,0.0,0.0,0.0,0.0,1.0
SE-rest,2015,2015-08-16,,37.26880672242528,0.9287203622705361,0.9107406174065528,17.185837248386935,0.0,0.0,0.0,0.0,0.993918324172473
SE-rest,2015,2015-08-23,,36.15204794345157,0.9296965398027496,0.9095346728973726,16.81389181053833,0.0,0.0,0.0,0.0,0.5181398418736434
SE-rest,2015,2015-08-30,,35.08266788539762,0.9316498655984573,0.909338368933775,17.226807809297505,0.0,0.0,0.0,0.0,0.0025692288509087747
SE-rest,2015,2015-09-06,,34.11148954567469,0.9347351425077318,0.9102872746999539,13.576497995715373,0.0,0.0,0.0,0.0,0.0
SE-rest,2015,2015-09-13,,33.28398446241959,0.9391331096849073,0.9125384523776691,12.655746261475732,0.0,0.0,0.0,0.0,0.0
SE-rest,2015,2015-09-20,,32.642328792438896,0.9450562083409118,0.9162756816719341,14.272403190360864,0.0,0.0,0.0,0.0,0.0
SE-rest,2015,2015-09-27,,32.22840542375471,0.9527552456387127,0.9217151340579219,11.66446532117652,0.0,0.0,0.0,0.0,0.0
SE-rest,2015,2015-10-04,,32.087888585365455,0.9625269317010902,0.9291113176004328,11.054324910944514,0.0,0.0,0.0,0.0,0.0
SE-rest,2015,2015-10-11,,32.27578522662508,0.974722171552851,0.9387629367423218,5.9613623969542635,0.0,0.0,0.0,0.0,0.0
SE-rest,2015,2015-10-18,,32.86419842092518,0.9897548516716155,0.951018019299568,6.06214283425154,0.0,0.0,0.0,0.0,0.0
SE-rest,2015,2015-10-25,,33.95374100293612,1.0081106556205728,0.9662771860900691,8.401532098329549,0.0020798067981061606,0.0,0.0,0.0,0.0
SE-rest,2015,2015-11-01,,35.69120552997997,1.0303551873958137,0.9849931783798359,5.935214665793281,0.9979201932018941,0.0,0.0,0.0,0.0
SE-rest,2015,2015-11-08,,38.29828677045444,1.0571385925174854,1.0076617899529334,7.739135486738638,0.0,0.0,0.0,0.0,0.0
SE-rest,2015,2015-11-15,,42.120357368813956,1.0892059682918467,1.0348089578273334,5.592775021425922,0.0,0.0,0.0,0.0,0.0
SE-rest,2015,2015-11-22,,47.71311628048025,1.1276086025030654,1.0671498926132135,1.0943324996315973,0.0,0.0,0.0,0.0,0.0
SE-rest,2015,2015-11-29,,56.01094598553675,1.1749071502762312,1.1066376248710774,2.3102298072830947,0.0,0.0,0.0,0.0,0.0
SE-rest,2015,2015-12-06,71.0,68.71528256621582,1.2309446673591808,1.1523021631340769,4.242721237742958,0.0,0.0,0.0,0.0,0.0
SE-rest,2015,2015-12-13,81.0,88.95713353369754,1.2687435958866857,1.177765242703582,3.113678243978964,0.0,0.0,0.0,0.0,0.0
SE-rest,2015,2015-12-20,108.0,120.2740612544342,1.2445286687968558,1.1421694548920136,2.427118411258527,0.0,0.0,0.0,0.0,0.0
SE-rest,2015,2015-12-27,174.0,151.19748770876183,1.1822257653663197,1.0695984125714377,3.8453617343567537,0.0,0.804168572311678,0.0,0.0,0.0
SE-rest,2015,2016-01-03,196.0,192.10379302752938,1.165280965621999,1.0374151185389808,-2.05125237215478,0.0,1.0,0.0,0.0,0.0
SE-rest,2015,2016-01-10,253.0,226.39277014647672,1.251197082479602,1.0939693351910293,-9.252901689381982,0.0,0.856511376011697,0.0,0.0,0.0
SE-rest,2015,2016-01-17,204.0,243.59906598282222,1.406061284890745,1.20135980322838,-9.032733205577568,0.0,0.0,0.0,0.0,0.0
SE-rest,2015,2016-01-24,273.0,311.4175618813734,1.4833930622605462,1.2253193503674886,-7.53989627642254,0.0,0.0,0.0,0.0,0.0
SE-rest,2015,2016-01-31,488.0,438.9743090800483,1.4236567291671391,1.1207288552064765,2.5885068078687055,0.0,0.0,0.0,0.0,0.0
SE-rest,2015,2016-02-07,553.0,577.8032586363029,1.3172701469317423,0.9796973859026837,0.5107990985452745,0.0,0.0,0.0,0.0,0.0
SE-rest,2015,2016-02-14,717.0,633.431102172497,1.2675878204372701,0.8928290139248293,0.6636247663740631,0.0,0.0,0.0,0.0,0.0
SE-rest,2015,2016-02-21,551.0,579.1029947887205,1.325396675713977,0.8909832193030045,-1.5514251310853087,0.0,0.0,0.06860898400178818,0.0,0.0
SE-rest,2015,2016-02-28,474.0,485.58694134326726,1.4462060209742325,0.9329111050280663,-1.4144934995300507,0.0,0.0,0.309291721673057,0.0,0.0
SE-rest,2015,2016-03-06,381.0,415.90985046201786,1.5445352513584252,0.9580184640982073,-0.292888732760946,0.0,0.0,0.48245912716620054,0.0,0.0
SE-rest,2015,2016-03-13,388.0,377.80384721477037,1.568094434745476,0.9364121637567847,1.0460295361963357,0.0,0.0,0.13964016715895444,0.0,0.0
SE-rest,2015,2016-03-20,363.0,347.027901393021,1.5389147801331522,0.8877634157896628,3.7808173386389,0.0,0.0,0.0,0.0,0.0
SE-rest,2015,2016-03-27,280.0,295.2319360546524,1.4826244752567308,0.8312021505243692,3.0528614154374094,0.0,0.0,0.0,0.04007533985724581,0.0
SE-rest,2015,2016-04-03,270.0,250.97574035354336,1.423880784434571,0.7814531050445136,5.212655661874686,0.0,0.0,0.0,0.9429125391283791,0.0
SE-rest,2015,2016-04-10,176.0,178.3874256356828,1.3889373600597026,0.7512412408868956,5.842188419015409,0.0,0.0,0.0,0.00815825269151667,0.0
SE-rest,2015,2016-04-17,120.0,121.72808704193213,1.3803366254170821,0.7394656739556552,5.946647809540816,0.0,0.0,0.0,0.008853868322858257,0.0
SE-rest,2015,2016-04-24,86.0,79.93101479378792,1.3894636061942118,0.7396868548003449,5.319706745265383,0.0,0.0,0.0,0.0,0.0
SE-rest,2015,2016-05-01,36.0,52.28361527442192,1.3877421462218085,0.7356647648537719,5.503073234895619,0.0,0.0,0.0,0.0,0.0
SE-rest,2015,2016-05-08,41.0,34.76344311569412,1.3611580309567934,0.7195096527263711,12.560748944264388,0.0,0.0,0.0,0.0,0.0
SE-rest,2015,2016-05-15,28.0,23.42786136812577,1.3308346805925635,0.7021054072464291,11.189690998660923,0.0,0.0,0.0,0.0,0.0
SE-rest,2015,2016-05-22,14.0,15.97582331146251,1.3093081454823163,0.6897999348942351,11.407989313222474,0.0,0.0,0.0,0.0,0.0
SE-rest,2015,2016-05-29,13.0,11.205415894682318,1.297977121691827,0.6831331477072003,12.99082051219591,0.0,0.0,0.0,0.0,0.0
SE-rest,2015,2016-06-05,6.0,8.281825372646136,1.2947902413614325,0.6809022749786174,17.038703478458736,0.0,0.0,0.0,0.0,0.0
SE-rest,2015,2016-06-12,6.0,6.561337223158354,1.2944366485046588,0.680243350622163,12.273353642085917,0.0,0.0,0.0,0.0,0.057607209491457305
SE-M,2016,2016-07-03,,0.10975488911134948,0.9679446669720225,0.9679262978232279,16.47714285714286,0.0,0.0,0.0,0.0,1.0
SE-M,2016,2016-07-10,,0.13580287570359878,0.9677567164928286,0.9676865343012404,16.315714285714286,0.0,0.0,0.0,0.0,1.0
SE-M,2016,2016-07-17,,0.18658801074321968,0.9696378025483126,0.9695008400386926,16.915714285714284,0.0,0.0,0.0,0.0,1.0
SE-M,2016,2016-07-24,,0.23979932411030302,0.974014016367011,0.9737950727084286,19.442142857142862,0.0,0.0,0.0,0.0,1.0
SE-M,2016,2016-07-31,0.0,0.29176881476683153,0.9803209641669708,0.9800041665614314,18.43357142857143,0.0,0.0,0.0,0.0,1.0
SE-M,2016,2016-08-07,0.0,0.3438696204312658,0.9866754825934755,0.9862444317573782,16.890714285714285,0.0,0.0,0.0,0.0,1.0
SE-M,2016,2016-08-14,0.0,0.3976345623184696,0.9911115663118474,0.9905500022196055,15.242142857142861,0.0,0.0,0.0,0.0,0.9928063747964827
SE-M,2016,2016-08-21,1.0,0.4535069217920783,0.9938589799626675,0.9931505172624958,16.239285714285717,0.0,0.0,0.0,0.0,0.5386176248067324
SE-M,2016,2016-08-28,1.0,0.5110107328488883,0.9969781970797857,0.9961048439589328,18.385714285714283,0.0,0.0,0.0,0.0,0.008215686160788658
SE-M,2016,2016-09-04,0.0,0.5701800239361178,1.001064105268998,1.0000061519623706,16.73071428571429,0.0,0.0,0.0,0.0,0.0
SE-M,2016,2016-09-11,1.0,0.6321448284691322,1.0051827629347347,1.0039197513392308,17.549285714285713,0.0,0.0,0.0,0.0,0.0
SE-M,2016,2016-09-18,0.0,0.6980810450006292,1.007257895895705,1.005770988949529,16.93642857142857,0.0,0.0,0.0,0.0,0.0
SE-M,2016,2016-09-25,0.0,0.7678058936394299,1.005402050488929,1.003676510417992,13.602142857142855,0.0,0.0,0.0,0.0,0.0
SE-M,2016,2016-10-02,3.0,0.8381699495183083,1.005147609868608,1.0031613482986201,14.248571428571427,0.0,0.0,0.0,0.0,0.0
SE-M,2016,2016-10-09,3.0,0.9070767895680186,1.0180144873405728,1.0157165709784677,8.965714285714286,0.0,0.0,0.0,0.0,0.0
SE-M,2016,2016-10-16,0.0,0.9847934183806837,1.0497268698007773,1.047029682846002,7.969285714285713,0.0,0.0,0.0,0.0,0.0
SE-M,2016,2016-10-23,0.0,1.0997806521701419,1.0980271702370916,1.0948040596286204,7.808571428571428,0.0,0.0,0.0,0.0,0.0
SE-M,2016,2016-10-30,1.0,1.2980007692364401,1.1593818385644759,1.1554421930037475,7.880000000000002,0.0,0.0,0.0,0.0,0.0
SE-M,2016,2016-11-06,1.0,1.6545519832762636,1.2288803548502438,1.2239181585285839,5.4192857142857145,1.0,0.0,0.0,0.0,0.0
SE-M,2016,2016-11-13,0.0,2.31130200790391,1.2949495851300397,1.2884624879581377,-1.5514285714285714,0.0,0.0,0.0,0.0,0.0
SE-M,2016,2016-11-20,3.0,3.5432009926006156,1.3456261191968213,1.336736592686908,5.251428571428571,0.0,0.0,0.0,0.0,0.0
SE-M,2016,2016-11-27,9.0,5.860832479542736,1.381094158261669,1.3681437208345157,6.471428571428572,0.0,0.0,0.0,0.0,0.0
SE-M,2016,2016-12-04,7.0,10.207067304741521,1.39861630239098,1.3785769069882254,3.0821428571428577,0.0,0.0,0.0,0.0,0.0
SE-M,2016,2016-12-11,15.0,18.221353871292443,1.3754629765271764,1.3437267681003207,5.985,0.0,0.0,0.0,0.0,0.0
SE-M,2016,2016-12-18,23.0,31.74098778373839,1.2979128434366902,1.2495521107997336,1.6135714285714289,0.0,0.0,0.0,0.0,0.0
SE-M,2016,2016-12-25,82.0,50.09409596185195,1.2051291728550166,1.1364823346900115,4.444285714285715,0.0,0.5135965806106207,0.0,0.0,0.0
SE-M,2016,2017-01-01,79.0,67.89370250343875,1.1539217092708534,1.0613068747517498,4.536428571428571,0.0,1.0,0.0,0.0,0.0
SE-M,2016,2017-01-08,64.0,77.90055667355712,1.1552938684111396,1.0336219802166078,-2.0364285714285715,0.0,1.0,0.0,0.0,0.0
SE-M,2016,2017-01-15,95.0,88.94765043750901,1.199509386057782,1.0415502807021588,0.8757142857142858,0.0,0.13906568769073022,0.0,0.0,0.0
SE-M,2016,2017-01-22,77.0,92.20367194568846,1.2744217888101093,1.0702081528933591,1.2021428571428572,0.0,0.0,0.0,0.0,0.0
SE-M,2016,2017-01-29,95.0,100.49041611836115,1.3543050402964059,1.0934004735041747,0.7321428571428574,0.0,0.0,0.0,0.0,0.0
SE-M,2016,2017-02-05,88.0,114.08636089056847,1.4008023250585162,1.0785130522816393,1.5192857142857146,0.0,0.0,0.0,0.0,0.0
SE-M,2016,2017-02-12,132.0,130.61029953032178,1.3863964381855454,1.0107363842331671,-1.475,0.0,0.0,0.0,0.0,0.0
SE-M,2016,2017-02-19,151.0,140.5439983179294,1.3284993518314603,0.916510856869545,1.007857142857143,0.0,0.0,0.0,0.0,0.0
SE-M,2016,2017-02-26,176.0,133.46897804608244,1.2752975393375103,0.8389635441853749,3.956428571428572,0.0,0.0,1.0,0.0,0.0
SE-M,2016,2017-03-05,118.0,110.08134552169311,1.260008092338021,0.7995852547723874,4.525,0.0,0.0,0.0,0.0,0.0
SE-M,2016,2017-03-12,72.0,81.52466555497986,1.27876185715637,0.7909073928056466,2.0821428571428577,0.0,0.0,0.0,0.0,0.0
SE-M,2016,2017-03-19,46.0,57.2206654371206,1.3091537459064146,0.7951463504648313,4.6499999999999995,0.0,0.0,0.0,0.0,0.0
SE-M,2016,2017-03-26,36.0,39.73190501073442,1.333134036693828,0.7993335857021904,5.6935714285714285,0.0,0.0,0.0,0.0,0.0
SE-M,2016,2017-04-02,29.0,27.778697046644155,1.3510129888528404,0.802628668590759,8.222142857142858,0.0,0.0,0.0,0.0,0.0
SE-M,2016,2017-04-09,27.0,19.576272868821288,1.375873852163627,0.8120102237927525,8.108571428571429,0.0,0.0,0.0,0.0,0.0
SE-M,2016,2017-04-16,10.0,13.604293708438531,1.40985480265236,0.8280409695095312,6.275714285714286,0.0,0.0,0.0,0.9912713334350628,0.0
SE-M,2016,2017-04-23,8.0,10.509997293855934,1.4371880572161848,0.8410101641032529,4.964285714285714,0.0,0.0,0.0,0.00872866656493722,0.0
SE-M,2016,2017-04-30,5.0,7.617189006954209,1.443425787954587,0.8422861178621661,5.904285714285715,0.0,0.0,0.0,0.0,0.0
SE-M,2016,2017-05-07,8.0,5.81060805981842,1.4291476358614692,0.8321592561121063,10.027857142857144,0.0,0.0,0.0,0.0,0.0
SE-M,2016,2017-05-14,6.0,4.422989970460459,1.406720726217929,0.8177789598133914,8.484285714285715,0.0,0.0,0.0,0.0,0.0
SE-M,2016,2017-05-21,4.0,3.3093517365854486,1.3873844689210237,0.8055851595179204,15.319285714285714,0.0,0.0,0.0,0.0,0.0
SE-M,2016,2017-05-28,4.0,2.425888218964463,1.3772662059101883,0.7990281785910119,16.150714285714287,0.0,0.0,0.0,0.0,0.0
SE-M,2016,2017-06-04,0.0,1.7541597784844376,1.3747982233252034,0.7971063838017856,14.23821948683904,0.0,0.0,0.0,0.0,0.0
SE-M,2016,2017-06-11,1.0,1.2655049555402313,1.3745854969686278,0.7966272307875053,15.582203412529449,0.0,0.0,0.0,0.0,0.08437157700575837
SE-O,2016,2016-07-03,,0.10143892533491103,0.9534317773954406,0.9534208702634659,15.407857142857143,0.0,0.0,0.0,0.0,1.0
SE-O,2016,2016-07-10,,0.12080968430252252,0.9527500460717349,0.95270927364384,15.845,0.0,0.0,0.0,0.0,1.0
SE-O,2016,2016-07-17,,0.15801531539754926,0.954436013525539,0.9543580807219209,16.375000000000004,0.0,0.0,0.0,0.0,1.0
SE-O,2016,2016-07-24,,0.1961091345733137,0.9590598690959,0.9589374278829123,20.013571428571428,0.0,0.0,0.0,0.0,1.0
SE-O,2016,2016-07-31,0.0,0.2325295693913757,0.9664673345312894,0.9662926220376542,18.62357142857143,0.0,0.0,0.0,0.0,1.0
SE-O,2016,2016-08-07,0.0,0.2686552065950235,0.9754540397924066,0.9752186990953042,16.422857142857143,0.0,0.0,0.0,0.0,1.0
SE-O,2016,2016-08-14,0.0,0.30623844924699695,0.9840600842581083,0.9837553260380545,13.96642857142857,0.0,0.0,0.0,0.0,1.0
SE-O,2016,2016-08-21,0.0,0.34654755053550157,0.9904946451520821,0.9901116063665107,16.053571428571427,0.0,0.0,0.0,0.0,0.9217530381562173
SE-O,2016,2016-08-28,1.0,0.3899238741095778,0.994493797368362,0.9940235510970092,17.560714285714287,0.0,0.0,0.0,0.0,0.014206655462033186
SE-O,2016,2016-09-04,0.0,0.43584147990097744,0.9965637189418166,0.995997237741566,15.770000000000001,0.0,0.0,0.0,0.0,0.0
SE-O,2016,2016-09-11,1.0,0.4834481442435249,0.9977779443617543,0.9971057986165298,17.305,0.0,0.0,0.0,0.0,0.0
SE-O,2016,2016-09-18,1.0,0.5319712598877739,1.0012786269997276,1.0004888968064432,17.234999999999996,0.0,0.0,0.0,0.0,0.0
SE-O,2016,2016-09-25,1.0,0.5821828816571741,1.0110074617235538,1.0100826806505891,14.399285714285716,0.0,0.0,0.0,0.0,0.0
SE-O,2016,2016-10-02,1.0,0.6384630875193753,1.0309265629453275,1.0298393853439776,13.642857142857144,0.0,0.0,0.0,0.0,0.0
SE-O,2016,2016-10-09,1.0,0.7108811163762068,1.06412430673931,1.0628316289001838,8.525714285714287,0.0,0.0,0.0,0.0,0.0
SE-O,2016,2016-10-16,0.0,0.8182223528594297,1.1103129200645931,1.1087495695129852,6.964285714285714,0.0,0.0,0.0,0.0,0.0
SE-O,2016,2016-10-23,0.0,0.9929953428443087,1.1650943650005863,1.1631633044597371,7.074285714285714,0.0,0.0,0.0,0.0,0.0
SE-O,2016,2016-10-30,1.0,1.2906947559854922,1.2231732117816871,1.2207211502281325,7.272857142857143,0.00667805717554113,0.0,0.0,0.0,0.0
SE-O,2016,2016-11-06,1.0,1.8113643227417928,1.2824809148326657,1.2792395614457228,3.125714285714286,0.9933219428244591,0.0,0.0,0.0,0.0
SE-O,2016,2016-11-13,6.0,2.752399344673658,1.34823353455689,1.3436746497564087,-1.0850000000000002,0.0,0.0,0.0,0.0,0.0
SE-O,2016,2016-11-20,1.0,4.553763282232874,1.4186666941497903,1.4117035680394032,5.1192857142857155,0.0,0.0,0.0,0.0,0.0
SE-O,2016,2016-11-27,7.0,8.265689593968796,1.4687496688073107,1.457186906394585,6.228571428571429,0.0,0.0,0.0,0.0,0.0
SE-O,2016,2016-12-04,11.0,16.171544687717464,1.4666877702821617,1.4464313966794193,1.0928571428571432,0.0,0.0,0.0,0.0,0.0
SE-O,2016,2016-12-11,39.0,32.08439124617067,1.4037390126155773,1.3685410100043043,5.121428571428572,0.0,0.0,0.0,0.0,0.0
SE-O,2016,2016-12-18,51.0,59.18299361755565,1.2960018371861526,1.2395034572146915,0.8957142857142857,0.0,0.0,0.0,0.0,0.0
SE-O,2016,2016-12-25,107.0,93.96710642428003,1.1740138643558509,1.0937017302483167,4.937857142857142,0.0,0.47881532153717554,0.0,0.0,0.0
SE-O,2016,2017-01-01,133.0,122.40349372047471,1.08653268746429,0.9830643276453145,5.1621428571428565,0.0,1.0,0.0,0.0,0.0
SE-O,2016,2017-01-08,140.0,128.1808712131213,1.0676325102884345,0.9393022074502179,-2.712142857142857,0.0,1.0,0.0,0.0,0.0
SE-O,2016,2017-01-15,131.0,127.90737931677101,1.1279557455443714,0.9669556896857622,1.5285714285714285,0.0,0.14568250263280955,0.0,0.0,0.0
SE-O,2016,2017-01-22,96.0,114.62066139976969,1.2490900418084363,1.0431640478316135,2.085,0.0,0.0,0.0,0.0,0.0
SE-O,2016,2017-01-29,100.0,114.04746978332872,1.3826436555751396,1.1202750058429574,1.2592857142857141,0.0,0.0,0.0,0.0,0.0
SE-O,2016,2017-02-05,122.0,128.7348494364488,1.4697179534805962,1.1454310045471605,0.9328571428571427,0.0,0.0,0.0,0.0,0.0
SE-O,2016,2017-02-12,153.0,158.25525392929177,1.4727650058371746,1.0918155375815544,-1.7535714285714283,0.0,0.0,0.0,0.0,0.0
SE-O,2016,2017-02-19,207.0,190.81359869154855,1.411628422896332,0.9879620365137011,0.7571428571428571,0.0,0.0,0.8465485235113981,0.0,0.0
SE-O,2016,2017-02-26,228.0,204.29313871115883,1.3468333323011004,0.8915200748819189,2.4328571428571424,0.0,0.0,0.14161610224608123,0.0,0.0
SE-O,2016,2017-03-05,186.0,186.98366719275884,1.3181706650223748,0.8331280339053936,3.9971428571428578,0.0,0.0,0.011835374242520819,0.0,0.0
SE-O,2016,2017-03-12,156.0,149.84523618077418,1.3314823979097157,0.812563621787403,1.0850000000000002,0.0,0.0,0.0,0.0,0.0
SE-O,2016,2017-03-19,99.0,110.96450362654896,1.3726554367387294,0.8163085198571568,4.332142857142857,0.0,0.0,0.0,0.0,0.0
SE-O,2016,2017-03-26,78.0,80.17996371811833,1.4214029511552142,0.8291507286360932,4.930000000000001,0.0,0.0,0.0,0.0,0.0
SE-O,2016,2017-04-02,58.0,58.53780047661242,1.4708304494526898,0.8454475483136312,7.029285714285715,0.0,0.0,0.0,0.0,0.0
SE-O,2016,2017-04-09,47.0,43.82887729080698,1.5262747395651723,0.8672279518636216,7.83357142857143,0.0,0.0,0.0,0.0,0.0
SE-O,2016,2017-04-16,33.0,33.07880383313894,1.5924519874311027,0.8962998441987365,5.151428571428572,0.0,0.0,0.0,0.9745501660912187,0.0
SE-O,2016,2017-04-23,27.0,28.31122308179571,1.6591381784284305,0.9262363498409085,5.099285714285714,0.0,0.0,0.0,0.025449833908781534,0.0
SE-O,2016,2017-04-30,19.0,23.4146470298676,1.6983367728329168,0.9411618775271587,5.413571428571429,0.0,0.0,0.0,0.0,0.0
SE-O,2016,2017-05-07,18.0,20.83731866524497,1.6817743130609986,0.9257635764652729,11.233571428571429,0.0,0.0,0.0,0.0,0.0
SE-O,2016,2017-05-14,20.0,18.658935006203677,1.6146547370625501,0.8836585343963771,7.652142857142858,0.0,0.0,0.0,0.0,0.0
SE-O,2016,2017-05-21,23.0,16.015762333633567,1.538981819254911,0.8383271965902857,15.067857142857145,0.0,0.0,0.0,0.0,0.0
SE-O,2016,2017-05-28,17.0,12.790091721504936,1.4921980674396893,0.8100346231603001,15.905714285714286,0.0,0.0,0.0,0.0,0.0
SE-O,2016,2017-06-04,7.0,9.55164015996128,1.4764663228757093,0.7995201331221902,13.757857142857144,0.0,0.0,0.0,0.0,0.0
SE-O,2016,2017-06-11,4.0,6.853860571450548,1.474281451273369,0.7969490253107677,14.835000000000003,0.0,0.0,0.0,0.0,0.01415032876979684
SE-rest,2016,2016-07-03,,0.562446075158952,0.9892858153001061,0.9892675315595831,16.769006710556493,0.0,0.0,0.0,0.0,1.0
SE-rest,2016,2016-07-10,,0.6935067573894559,0.9890828077126927,0.9890128121436212,16.449479510169606,0.0,0.0,0.0,0.0,1.0
SE-rest,2016,2016-07-17,,0.9540829711886291,0.9893276667268666,0.9891907547155663,17.156527577675497,0.0,0.0,0.0,0.0,1.0
SE-rest,2016,2016-07-24,,1.2342940369287523,0.9898665914165798,0.9896476619797822,18.90418282002287,0.0,0.0,0.0,0.0,1.0
SE-rest,2016,2016-07-31,1.0,1.5113303396099291,0.991274209809861,0.9909580372758533,19.125622684555072,0.0,0.0,0.0,0.0,1.0
SE-rest,2016,2016-08-07,4.0,1.7854732270076232,0.9969196060933666,0.9964889802954803,17.03621701471861,0.0,0.0,0.0,0.0,1.0
SE-rest,2016,2016-08-14,0.0,2.065265459030372,1.0082853681924682,1.007719235373028,14.375514644809483,0.0,0.0,0.0,0.0,0.9892545507402438
SE-rest,2016,2016-08-21,3.0,2.3716615084117034,1.0217700463620072,1.021044218754762,15.096710415587918,0.0,0.0,0.0,0.0,0.686973101282746
SE-rest,2016,2016-08-28,1.0,2.729032963063844,1.0322877455437725,1.0313769124971781,16.91630592732183,0.0,0.0,0.0,0.0,0.0349907853074204
SE-rest,2016,2016-09-04,3.0,3.152172783804544,1.0353895570895715,1.0342704772044666,14.945133582580999,0.0,0.0,0.0,0.0,0.0
SE-rest,2016,2016-09-11,5.0,3.6320012703136255,1.0342984774843484,1.032945971953537,16.129139655995022,0.0,0.0,0.0,0.0,0.0
SE-rest,2016,2016-09-18,6.0,4.14456761709034,1.0349397554101845,1.0333211785679712,14.488525930648837,0.0,0.0,0.0,0.0,0.0
SE-rest,2016,2016-09-25,1.0,4.683472928124102,1.0331783639089627,1.0312657534093979,12.606871186893331,0.0,0.0,0.0,0.0,0.0
SE-rest,2016,2016-10-02,5.0,5.2479761146860415,1.0242805230854735,1.0220588444257233,12.221534118435297,0.0,0.0,0.0,0.0,0.0
SE-rest,2016,2016-10-09,11.0,5.793414915811708,1.0263752722707677,1.0237937682051608,7.477754059522238,0.0,0.0,0.0,0.0,0.0
SE-rest,2016,2016-10-16,12.0,6.320299739359637,1.0707719786628398,1.0676671124892934,6.056387303539075,0.0,0.0,0.0,0.0,0.0
SE-rest,2016,2016-10-23,3.0,7.100886449926434,1.169254705882444,1.165314039727187,6.487824451523232,0.0,0.0,0.0,0.0,0.0
SE-rest,2016,2016-10-30,3.0,8.866242481919024,1.294226256577738,1.2889852675140456,6.009239997767687,0.0020798067981061606,0.0,0.0,0.0,0.0
SE-rest,2016,2016-11-06,4.0,13.080701104111272,1.3871981911008844,1.3799801421310531,0.9131690957786026,0.9979201932018941,0.0,0.0,0.0,0.0
SE-rest,2016,2016-11-13,30.0,22.493697343581466,1.4165361606632627,1.4061355812372511,-2.2257980264995347,0.0,0.0,0.0,0.0,0.0
SE-rest,2016,2016-11-20,42.0,41.554080174022815,1.4109247376721201,1.3949314936641266,3.2796577498529773,0.0,0.0,0.0,0.0,0.0
SE-rest,2016,2016-11-27,86.0,76.9520645113238,1.4142113309760849,1.387852374267355,4.321810871937169,0.0,0.0,0.0,0.0,0.0
SE-rest,2016,2016-12-04,134.0,140.40153775024908,1.4483529141655214,1.402035194850389,-0.6488949663573182,0.0,0.0,0.0,0.0,0.0
SE-rest,2016,2016-12-11,262.0,257.6367830899177,1.4761109636563468,1.3926003537117964,1.802872973028281,0.0,0.0,0.0,0.0,0.0
SE-rest,2016,2016-12-18,401.0,471.5317818944507,1.3895230327906458,1.2528689758086202,-1.2911712499754429,0.0,0.0,0.0,0.0,0.0
SE-rest,2016,2016-12-25,814.0,766.7433252799939,1.190921724818064,1.0092202362490388,3.167833740873992,0.0,0.5159636592569593,0.0,0.0,0.0
SE-rest,2016,2017-01-01,1090.0,940.8470004359036,1.065661123503814,0.8507792087249483,3.54850495463823,0.0,1.0,0.0,0.0,0.0
SE-rest,2016,2017-01-08,784.0,833.6208474248015,1.0945409323329776,0.8343590263347103,-6.086972199393232,0.0,0.9984986802044359,0.0,0.0,0.0
SE-rest,2016,2017-01-15,679.0,682.3870257334147,1.2385656587451948,0.909849511413349,-0.5260997683252324,0.0,0.10995515787695538,0.0,0.0,0.0
SE-rest,2016,2017-01-22,458.0,520.4007177261317,1.4227131518707135,1.009271399993383,0.2468937712853802,0.0,0.003084084217263472,0.0,0.0,0.0
SE-rest,2016,2017-01-29,489.0,473.5647670735029,1.5645293193510437,1.0680316359561433,0.15304440794978205,0.0,0.0,0.0,0.0,0.0
SE-rest,2016,2017-02-05,489.0,496.3584975883531,1.631707944512182,1.0648800544486263,-0.03143013448412265,0.0,0.0,0.0,0.0,0.0
SE-rest,2016,2017-02-12,568.0,549.0633226000961,1.6188024821565674,1.004189170362616,-4.126611195564191,0.0,0.0,0.0,0.0,0.0
SE-rest,2016,2017-02-19,547.0,580.9671856425823,1.5465487235349908,0.9119444582550338,1.4541360153226566,0.0,0.0,0.06860898400178818,0.0,0.0
SE-rest,2016,2017-02-26,616.0,546.9723859142606,1.4937467311687078,0.8434306038738111,-0.5387859531071656,0.0,0.0,0.309291721673057,0.0,0.0
SE-rest,2016,2017-03-05,449.0,450.02419751232736,1.5298848846391826,0.835357347464582,0.9444149905394118,0.0,0.0,0.48245912716620054,0.0,0.0
SE-rest,2016,2017-03-12,313.0,342.6431029699007,1.6200716644873943,0.8618064818324312,-0.4434744575475458,0.0,0.0,0.13964016715895444,0.0,0.0
SE-rest,2016,2017-03-19,268.0,261.75095441254564,1.7029176788155256,0.886691651576964,3.672572218156708,0.0,0.0,0.0,0.0,0.0
SE-rest,2016,2017-03-26,191.0,208.75584244092096,1.7359838293443424,0.887715204649069,4.457730752898789,0.0,0.0,0.0,0.0,0.0
SE-rest,2016,2017-04-02,183.0,171.46864013849637,1.7281616446678891,0.8705090783589434,5.1026543404886855,0.0,0.0,0.0,0.0,0.0
SE-rest,2016,2017-04-09,155.0,139.62442460481265,1.7500834463784094,0.8708880660243634,6.207651248207655,0.0,0.0,0.0,0.0007737336187460425,0.0
SE-rest,2016,2017-04-16,105.0,109.03026236016595,1.8313010099353926,0.902245049254344,2.368904030140927,0.0,0.0,0.0,0.7217439996382476,0.0
SE-rest,2016,2017-04-23,86.0,94.34519115527998,1.9267512228845576,0.9410008800199516,3.762755358999715,0.0,0.0,0.0,0.2774822667430066,0.0
SE-rest,2016,2017-04-30,72.0,79.41964332624332,1.9727326934887646,0.9556682202080252,4.187210842917021,0.0,0.0,0.0,0.0,0.0
SE-rest,2016,2017-05-07,79.0,72.48726436498471,1.9446919236133946,0.9349905800870622,9.08289866536571,0.0,0.0,0.0,0.0,0.0
SE-rest,2016,2017-05-14,59.0,66.3077500565787,1.859806072358907,0.8882409798814062,5.121229953915269,0.0,0.0,0.0,0.0,0.0
SE-rest,2016,2017-05-21,73.0,57.69953146845181,1.7646044796893678,0.8382571041682504,12.742138355915516,0.0,0.0,0.0,0.0,0.0
SE-rest,2016,2017-05-28,42.0,46.34880709829508,1.702220870256417,0.8054095593366387,15.122444389233504,0.0,0.0,0.0,0.0,0.0
SE-rest,2016,2017-06-04,39.0,34.563785731491606,1.6753892577401504,0.7904892525234911,11.673602264553713,0.0,0.0,0.0,0.0,0.0
SE-rest,2016,2017-06-11,19.0,24.56874771489008,1.6707289650398498,0.7867540625913231,14.286123850461209,0.0,0.0,0.0,0.0,0.09783547802570412
SE-M,2017,2017-07-02,,0.12141462346151427,0.9300029129769783,0.9299903594039421,15.136333688958034,0.0,0.0,0.0,0.0,1.0
SE-M,2017,2017-07-09,,0.1337710127837413,0.9272574987021746,0.9272128383554735,15.846705225932975,0.0,0.0,0.0,0.0,1.0
SE-M,2017,2017-07-16,,0.15671423216586822,0.9255814167144678,0.9255002740716813,16.135865986361644,0.0,0.0,0.0,0.0,1.0
SE-M,2017,2017-07-23,,0.1787505317380725,0.9250571888122954,0.9249356539313718,16.74030307379106,0.0,0.0,0.0,0.0,1.0
SE-M,2017,2017-07-30,0.0,0.19796206043658962,0.9251633817674432,0.9249979771340886,17.00064687083104,0.0,0.0,0.0,0.0,1.0
SE-M,2017,2017-08-06,0.0,0.21476389742528326,0.9247018335524497,0.9244896784202866,17.46827030824858,0.0,0.0,0.0,0.0,1.0
SE-M,2017,2017-08-13,0.0,0.22948170925144984,0.9229674423168321,0.9227063756373776,17.348618270398106,0.0,0.0,0.0,0.0,1.0
SE-M,2017,2017-08-20,1.0,0.24203096077651945,0.9217873903062405,0.9214752973891451,16.808580246621702,0.0,0.0,0.0,0.0,0.4321937901972145
SE-M,2017,2017-08-27,1.0,0.25245510459757436,0.92509504774573,0.9247284220617058,15.77893258417904,0.0,0.0,0.0,0.0,0.0206027129763643
SE-M,2017,2017-09-03,0.0,0.2619003324272552,0.9354358629758881,0.9350089733190935,15.820308223015735,0.0,0.0,0.0,0.0,0.0
SE-M,2017,2017-09-10,0.0,0.27285568268833016,0.9530290875903754,0.9525337776826461,14.289326563220127,0.0,0.0,0.0,0.0,0.0
SE-M,2017,2017-09-17,0.0,0.28852541168344925,0.9772995071948144,0.9767246313838022,13.223768731696834,0.0,0.0,0.0,0.0,0.0
SE-M,2017,2017-09-24,0.0,0.31254028868084766,1.0072875432521171,1.0066180548504142,12.834604471811401,0.0,0.0,0.0,0.0,0.0
SE-M,2017,2017-10-01,0.0,0.3493718543127554,1.0413571365752314,1.0405729448413505,14.085677891195791,0.0,0.0,0.0,0.0,0.0
SE-M,2017,2017-10-08,0.0,0.4051366528243869,1.076799972925069,1.0758745792566176,11.066976739077335,0.0,0.0,0.0,0.0,0.0
SE-M,2017,2017-10-15,0.0,0.4885323407147748,1.1094800664733662,1.1083791969184984,11.709703497507004,0.0,0.0,0.0,0.0,0.0
SE-M,2017,2017-10-22,0.0,0.6114444181661872,1.1345642040779635,1.1332442514809367,11.266223035152837,0.0,0.0,0.0,0.0,0.0
SE-M,2017,2017-10-29,1.0,0.788337962523852,1.150026899495531,1.1484304339671676,9.237820703635704,0.0,0.0,0.0,0.0,0.0
SE-M,2017,2017-11-05,2.0,1.034818377790427,1.160419735461936,1.158463281364643,8.304791738693849,1.0,0.0,0.0,0.0,0.0
SE-M,2017,2017-11-12,3.0,1.370473613030428,1.1754675425477292,1.1730181779212177,5.928035723775343,0.0,0.0,0.0,0.0,0.0
SE-M,2017,2017-11-19,2.0,1.834533908675033,1.2030161941998987,1.1998560708204162,4.787946207636574,0.0,0.0,0.0,0.0,0.0
SE-M,2017,2017-11-26,2.0,2.5190881584296196,1.2430839084248337,1.2388561464148469,3.943743923110628,0.0,0.0,0.0,0.0,0.0
SE-M,2017,2017-12-03,2.0,3.6195777262493865,1.2872634994246783,1.2813802114229793,3.067090794815724,0.0,0.0,0.0,0.0,0.0
SE-M,2017,2017-12-10,4.0,5.509824737247561,1.320538187191436,1.3120393986813337,4.659447645349834,0.0,0.0,0.0,0.0,0.0
SE-M,2017,2017-12-17,7.0,8.823949193015899,1.3249384784787177,1.3123620087303272,1.3424868263679912,0.0,0.0,0.0,0.0,0.0
SE-M,2017,2017-12-24,11.0,14.394335814853283,1.2918875277341915,1.2733060103610736,4.715239891265068,0.0,0.404185060130703,0.0,0.0,0.0
SE-M,2017,2017-12-31,37.0,22.72963218161741,1.2472257338392636,1.2201820178485547,4.177038758634681,0.0,0.9902157737574423,0.0,0.0,0.0
SE-M,2017,2018-01-07,38.0,33.48068381422205,1.2326877429059508,1.193440938476456,2.4890142634002825,0.0,0.9902157737574423,0.0,0.0,0.0
SE-M,2017,2018-01-14,45.0,46.525788600603065,1.2597416919584867,1.2022206208354453,0.9351584233594502,0.0,0.21668742254045895,0.0,0.0,0.0
SE-M,2017,2018-01-21,50.0,63.78657083020457,1.3093240765911625,1.2243131609157965,0.8656857558712573,0.0,0.0,0.0,0.0,0.0
SE-M,2017,2018-01-28,79.0,89.41460772462293,1.3533648913747882,1.2282032030673409,3.696840511930165,0.0,0.0,0.0,0.0,0.0
SE-M,2017,2018-02-04,143.0,127.5141682064028,1.3826190801331337,1.2009670217031108,1.9763752787903854,0.0,0.0,0.0,0.0,0.0
SE-M,2017,2018-02-11,179.0,178.1299158476446,1.398244682814995,1.1424230238648574,-2.0551503514474976,0.0,0.0,0.0,0.0,0.0
SE-M,2017,2018-02-18,181.0,232.8969300888536,1.393546830068224,1.053376906355693,1.526221056006969,0.0,0.0,0.0,0.0,0.0
SE-M,2017,2018-02-25,382.0,272.1306172477247,1.3867090947914522,0.9616654421513451,-1.9102062721267659,0.0,0.0,1.0,0.0,0.0
SE-M,2017,2018-03-04,260.0,276.22396537494194,1.40513378387293,0.8968171836796976,-5.14237554889764,0.0,0.0,0.0,0.0,0.0
SE-M,2017,2018-03-11,211.0,246.8170297034818,1.4348737230430935,0.8521579344831611,0.27003549856705017,0.0,0.0,0.0,0.0,0.0
SE-M,2017,2018-03-18,191.0,200.45979336404804,1.4451497108925366,0.8103764841285573,-0.4699504927776811,0.0,0.0,0.0,0.0,0.0
SE-M,2017,2018-03-25,128.0,150.8896772332647,1.4096866241993227,0.7582152922748673,1.587985958268718,0.0,0.0,0.0,0.0,0.0
SE-M,2017,2018-04-01,93.0,102.3288954565327,1.3249613930520516,0.6937505377889518,0.6486252641578096,0.0,0.0,0.0,0.8664472017168945,0.0
SE-M,2017,2018-04-08,87.0,68.57605896588666,1.2236499234896263,0.6311389265547359,5.838557186697285,0.0,0.0,0.0,0.08803843693170921,0.0
SE-M,2017,2018-04-15,51.0,36.96311791522599,1.1430301692680267,0.5852204101697778,8.598650583862208,0.0,0.0,0.0,0.04551436135139637,0.0
SE-M,2017,2018-04-22,19.0,18.513137479263843,1.0937291267832814,0.5581279436484652,12.300326957579243,0.0,0.0,0.0,0.0,0.0
SE-M,2017,2018-04-29,6.0,8.509487922367118,1.0674612012387217,0.5439516836288649,9.995652270407685,0.0,0.0,0.0,0.0,0.0
SE-M,2017,2018-05-06,2.0,3.708219929228321,1.0543352765592073,0.5369421495035872,10.646044071185141,0.0,0.0,0.0,0.0,0.0
SE-M,2017,2018-05-13,1.0,1.5760472672221097,1.0483164399342146,0.5337417642400164,16.193309832195446,0.0,0.0,0.0,0.0,0.0
SE-M,2017,2018-05-20,0.0,0.6689741689880482,1.0459516402020188,0.5324786730514427,16.80353881855395,0.0,0.0,0.0,0.0,0.0
SE-M,2017,2018-05-27,0.0,0.2913683612796356,1.045167375587401,0.5320514793252359,17.36674353223926,0.0,0.0,0.0,0.0,0.0
SE-M,2017,2018-06-03,0.0,0.13576454050099762,1.0449733960226701,0.5319375380416387,20.93398159110983,0.0,0.0,0.0,0.0,0.0
SE-M,2017,2018-06-10,0.0,0.07191582248407011,1.0449494152807242,0.5319153520689923,18.56565205745408,0.0,0.0,0.0,0.0,0.011010379403506786
SE-O,2017,2017-07-02,,0.3565902432060496,0.9643264171359566,0.9643062081693639,16.90142857142857,0.0,0.0,0.0,0.0,1.0
SE-O,2017,2017-07-09,,0.4175891768030242,0.9617811135072285,0.9617063168708073,15.855,0.0,0.0,0.0,0.0,1.0
SE-O,2017,2017-07-16,,0.5351594887788653,0.9584648089446126,0.9583237236567034,16.445,0.0,0.0,0.0,0.0,1.0
SE-O,2017,2017-07-23,,0.6541900304484232,0.9553098736583426,0.9550919764680351,17.732857142857142,0.0,0.0,0.0,0.0,1.0
SE-O,2017,2017-07-30,2.0,0.7623609429031952,0.9551890516980873,0.9548840328737874,17.375714285714285,0.0,0.0,0.0,0.0,1.0
SE-O,2017,2017-08-06,0.0,0.8604915139581268,0.9600211858524732,0.9596176080614229,16.73071428571429,0.0,0.0,0.0,0.0,1.0
SE-O,2017,2017-08-13,1.0,0.9544837259268375,0.9692302686100176,0.9687149576461357,17.095714285714287,0.0,0.0,0.0,0.0,1.0
SE-O,2017,2017-08-20,1.0,1.0525217499601485,0.9818461346817777,0.9812034700349461,16.515,0.0,0.0,0.0,0.0,0.8000481395793163
SE-O,2017,2017-08-27,0.0,1.1635302149300895,0.9954747593180517,0.9946870827189693,15.141428571428571,0.0,0.0,0.0,0.0,0.029770469937864162
SE-O,2017,2017-09-03,2.0,1.295450043926915,1.008088572012267,1.0071363045978188,14.749285714285715,0.0,0.0,0.0,0.0,0.0
SE-O,2017,2017-09-10,1.0,1.453463332825927,1.017630336721967,1.0164929422105584,13.555714285714286,0.0,0.0,0.0,0.0,0.0
SE-O,2017,2017-09-17,0.0,1.6395578232122656,1.0187117402579566,1.0173743822994081,12.83357142857143,0.0,0.0,0.0,0.0,0.0
SE-O,2017,2017-09-24,3.0,1.8449706454315502,1.008210840680378,1.0066688162446857,11.965,0.0,0.0,0.0,0.0,0.0
SE-O,2017,2017-10-01,1.0,2.04223707035156,0.991675769877747,0.9899272906769676,14.045000000000002,0.0,0.0,0.0,0.0,0.0
SE-O,2017,2017-10-08,9.0,2.1974784566689025,0.9857346308218559,0.9837550600640588,9.642857142857142,0.0,0.0,0.0,0.0,0.0
SE-O,2017,2017-10-15,1.0,2.3082662145154895,1.0061808788028106,1.0039015924607528,10.305000000000001,0.0,0.0,0.0,0.0,0.0
SE-O,2017,2017-10-22,2.0,2.4383664803320215,1.0549221193508855,1.0522343351861985,10.035,0.0,0.0,0.0,0.0,0.0
SE-O,2017,2017-10-29,1.0,2.7036111117958463,1.1270526879909994,1.1237993583685597,8.049999999999999,0.0,0.0,0.0,0.0,0.0
SE-O,2017,2017-11-05,1.0,3.273716361845426,1.209006984875692,1.2049688129366622,7.435,0.9929637566342009,0.0,0.0,0.0,0.0
SE-O,2017,2017-11-12,1.0,4.43021617004419,1.2762934660897443,1.2711685268133912,4.476428571428571,0.007036243365799479,0.0,0.0,0.0,0.0
SE-O,2017,2017-11-19,6.0,6.646271609370974,1.305677341143875,1.2990284622969137,3.7650000000000006,0.0,0.0,0.0,0.0,0.0
SE-O,2017,2017-11-26,12.0,10.582589759904423,1.2954870977775828,1.2866441544899434,2.3528571428571428,0.0,0.0,0.0,0.0,0.0
SE-O,2017,2017-12-03,21.0,16.888106914995227,1.2669803222194804,1.2549223541697556,2.144285714285714,0.0,0.0,0.0,0.0,0.0
SE-O,2017,2017-12-10,28.0,25.959750945049883,1.2404032024401843,1.2236791465345536,3.8885714285714283,0.0,0.0,0.0,0.0,0.0
SE-O,2017,2017-12-17,32.0,38.02225142745473,1.2127481848486057,1.1896566867495828,-0.4871428571428571,0.0,0.0,0.0,0.0,0.0
SE-O,2017,2017-12-24,55.0,52.98114224204277,1.1769909001255559,1.1459278576413652,4.4121428571428565,0.0,0.4306145806195727,0.0,0.0,0.0
SE-O,2017,2017-12-31,73.0,69.51171922362344,1.1494081233992295,1.1086207153849907,3.681428571428572,0.0,0.9754233506936122,0.0,0.0,0.0
SE-O,2017,2018-01-07,100.0,85.63837178633719,1.1569429258714543,1.1034334910743864,1.530714285714286,0.0,0.9754233506936122,0.0,0.0,0.0
SE-O,2017,2018-01-14,88.0,101.90136590308674,1.2027177542081773,1.1315910526072446,0.7385714285714285,0.0,0.13971106743755538,0.0,0.0,0.0
SE-O,2017,2018-01-21,116.0,123.2327837033238,1.2587449861045346,1.1638620308180325,-0.32857142857142857,0.0,0.0,0.0,0.0,0.0
SE-O,2017,2018-01-28,153.0,156.00809602072712,1.299085305341357,1.1735024527202393,3.000714285714286,0.0,0.0,0.0,0.0,0.0
SE-O,2017,2018-02-04,202.0,203.85140740085788,1.3110889833212256,1.1479739608820476,-0.018571428571428555,0.0,0.0,0.0,0.0,0.0
SE-O,2017,2018-02-11,267.0,262.9940976654625,1.2981596193083884,1.0924595041180147,-2.116428571428571,0.0,0.0,0.0,0.0,0.0
SE-O,2017,2018-02-18,331.0,318.835282526017,1.2839542019219308,1.0317619733810157,0.7242857142857143,0.0,0.0,0.8465485235113981,0.0,0.0
SE-O,2017,2018-02-25,388.0,353.2105250669732,1.2961075607567973,0.9914394544039637,-2.8735714285714287,0.0,0.0,0.14161610224608123,0.0,0.0
SE-O,2017,2018-03-04,314.0,360.6035367455936,1.3300425674669192,0.9679553456717201,-6.7650000000000015,0.0,0.0,0.011835374242520819,0.0,0.0
SE-O,2017,2018-03-11,354.0,348.8002934948307,1.3590725472708463,0.9422470445964802,-0.9399999999999998,0.0,0.0,0.0,0.0,0.0
SE-O,2017,2018-03-18,317.0,323.52212810319,1.3741992010945534,0.9108196842946301,-1.5728571428571425,0.0,0.0,0.0,0.0,0.0
SE-O,2017,2018-03-25,302.0,286.3186920602608,1.3726878053499718,0.8748154450883002,1.1600000000000001,0.0,0.0,0.0,0.0,0.0
SE-O,2017,2018-04-01,207.0,233.6541715749836,1.3398647207182923,0.8272364614266493,-0.14214285714285707,0.0,0.0,0.0,0.10829124880628106,0.0
SE-O,2017,2018-04-08,196.0,193.5671747230578,1.2662760196142417,0.7639014633803753,4.903571428571429,0.0,0.0,0.0,0.8877472683367359,0.0
SE-O,2017,2018-04-15,136.0,133.7678589130269,1.1791065195868076,0.70082294392929,8.167857142857143,0.0,0.0,0.0,0.003961482856983305,0.0
SE-O,2017,2018-04-22,110.0,85.38268640836489,1.1167630717641375,0.6581900610029774,10.854285714285712,0.0,0.0,0.0,0.0,0.0
SE-O,2017,2018-04-29,43.0,49.09533225531477,1.0876149283857177,0.6381685420152208,8.482142857142858,0.0,0.0,0.0,0.0,0.0
SE-O,2017,2018-05-06,19.0,26.2804037767189,1.0753198970312199,0.6295196535992493,9.817142857142857,0.0,0.0,0.0,0.0,0.0
SE-O,2017,2018-05-13,18.0,13.569113282922087,1.0725785438270348,0.6271874770119652,17.530714285714286,0.0,0.0,0.0,0.0,0.0
SE-O,2017,2018-05-20,4.0,6.925273265342545,1.0757435763065295,0.628663605540358,17.585,0.0,0.0,0.0,0.0,0.0
SE-O,2017,2018-05-27,2.0,3.5572640151709187,1.0781273634737791,0.6298588434577678,19.212857142857143,0.0,0.0,0.0,0.0,0.0
SE-O,2017,2018-06-03,3.0,1.8669920311186925,1.0785243042770996,0.6299822397272461,21.27285714285714,0.0,0.0,0.0,0.0,0.0
SE-O,2017,2018-06-10,1.0,1.016901232217059,1.0785233049182412,0.6299183724373618,19.037857142857142,0.0,0.0,0.0,0.0,0.0014627211981033939
SE-rest,2017,2017-07-02,,1.682916562471187,0.9699828296648969,0.9699600472626232,15.046634156011738,0.0,0.0,0.0,0.0,1.0
SE-rest,2017,2017-07-09,,1.791931753337569,0.9656168811901014,0.9655375727168013,15.126876321741701,0.0,0.0,0.0,0.0,1.0
SE-rest,2017,2017-07-16,,1.9982252802412968,0.9579988150531703,0.9578583893301724,16.44108234972138,0.0,0.0,0.0,0.0,1.0
SE-rest,2017,2017-07-23,,2.1943932424642165,0.9467243267580275,0.9465202707874221,16.289649075219376,0.0,0.0,0.0,0.0,1.0
SE-rest,2017,2017-07-30,2.0,2.3458030609084393,0.9339819122009592,0.9337135845071443,17.27660082450329,0.0,0.0,0.0,0.0,1.0
SE-rest,2017,2017-08-06,6.0,2.439818421205013,0.9280467686881929,0.9277123823254725,17.201798846090913,0.0,0.0,0.0,0.0,1.0
SE-rest,2017,2017-08-13,2.0,2.486357873409114,0.9354331794532464,0.935026958726649,17.08456528874357,0.0,0.0,0.0,0.0,1.0
SE-rest,2017,2017-08-20,0.0,2.527043917508224,0.9508187438635805,0.9503334992806651,16.034275078907097,0.0,0.0,0.0,0.0,0.8074505528515763
SE-rest,2017,2017-08-27,1.0,2.6063862003325142,0.9655345330486086,0.9649645140666671,13.406829003112344,0.0,0.0,0.0,0.0,0.05372614386617813
SE-rest,2017,2017-09-03,5.0,2.741287182202262,0.9793131055387472,0.9786511275915847,14.418451347791418,0.0,0.0,0.0,0.0,0.0
SE-rest,2017,2017-09-10,3.0,2.9311696239828455,0.9955856299129707,0.9948201081187108,12.635998829725098,0.0,0.0,0.0,0.0,0.0
SE-rest,2017,2017-09-17,1.0,3.186154878583687,1.0116267190531598,1.0107449387765104,12.628381821902806,0.0,0.0,0.0,0.0,0.0
SE-rest,2017,2017-09-24,5.0,3.5233140759413626,1.02626420546547,1.025251331408418,11.174629577252917,0.0,0.0,0.0,0.0,0.0
SE-rest,2017,2017-10-01,5.0,3.954725531868605,1.0451389275797054,1.043970086009495,12.30516412542646,0.0,0.0,0.0,0.0,0.0
SE-rest,2017,2017-10-08,4.0,4.514315846761417,1.0728679631657663,1.0715033996056793,9.200548956461647,0.0,0.0,0.0,0.0,0.0
SE-rest,2017,2017-10-15,6.0,5.2928865408555605,1.112812217381167,1.1111889631605472,8.892405260803729,0.0,0.0,0.0,0.0,0.0
SE-rest,2017,2017-10-22,7.0,6.4759422844391725,1.1667928930893718,1.1648092422395941,7.466565125142404,0.0,0.0,0.0,0.0,0.0
SE-rest,2017,2017-10-29,5.0,8.435867539707777,1.2216924171938115,1.2192048912501767,5.253894155201545,0.0,0.0,0.0,0.0,0.0
SE-rest,2017,2017-11-05,7.0,11.830861228909246,1.25002861707883,1.2468623048271652,5.157182597455773,1.0,0.0,0.0,0.0,0.0
SE-rest,2017,2017-11-12,23.0,17.49136802403656,1.2441139128150411,1.2400355404613028,3.5708195705226933,0.0,0.0,0.0,0.0,0.0
SE-rest,2017,2017-11-19,24.0,26.041414192429123,1.2270856965268793,1.2217257418414569,1.1492468816097572,0.0,0.0,0.0,0.0,0.0
SE-rest,2017,2017-11-26,51.0,37.88080449130047,1.238956772148192,1.2316069941616359,1.1651265332660574,0.0,0.0,0.0,0.0,0.0
SE-rest,2017,2017-12-03,49.0,54.63442320857666,1.3053376028197863,1.2945408093663222,1.1983684153283718,0.0,0.0,0.0,0.0,0.0
SE-rest,2017,2017-12-10,77.0,83.30722745904163,1.3859530035034482,1.3691081727090446,0.9387037942972684,0.0,0.0,0.0,0.0,0.0
SE-rest,2017,2017-12-17,120.0,140.5931523441276,1.3851949452650865,1.3588140851739756,-0.9532041943609164,0.0,0.0,0.0,0.0,0.0
SE-rest,2017,2017-12-24,252.0,246.42706091250759,1.2629585378474506,1.2247125715254172,0.3624432993187355,0.0,0.37652192996647965,0.0,0.0,0.0
SE-rest,2017,2017-12-31,422.0,384.6401418268798,1.1297989521169942,1.0789190627160226,1.319061459496423,0.0,1.0,0.0,0.0,0.0
SE-rest,2017,2018-01-07,538.0,489.99408262528533,1.108100670562468,1.0403437446176815,0.04255505872310688,0.0,1.0,0.0,0.0,0.0
SE-rest,2017,2018-01-14,499.0,543.1159494056749,1.2048494858271204,1.1099631381377315,-2.2897461362058134,0.0,0.17798358539745626,0.0,0.0,0.0
SE-rest,2017,2018-01-21,570.0,612.4511109393734,1.3277412025121826,1.1938492033676333,-2.61725147415984,0.0,0.02168078770008596,0.0,0.0,0.0
SE-rest,2017,2018-01-28,761.0,777.6970496184141,1.3786006069894814,1.1976338049034951,-0.0007830373001925002,0.0,0.02168078770008596,0.0,0.0,0.0
SE-rest,2017,2018-02-04,1096.0,1056.0822288964855,1.3460143828923807,1.1155595779433347,-2.3377714214620933,0.0,0.02168078770008596,0.0,0.0,0.0
SE-rest,2017,2018-02-11,1351.0,1349.610618794789,1.288034475924985,1.0095116100025128,-4.743392931644068,0.0,0.02168078770008596,0.0,0.0,0.0
SE-rest,2017,2018-02-18,1554.0,1498.024008384845,1.260473531982269,0.9335917898767491,-0.4028963856131305,0.0,0.02168078770008596,0.062200195146043406,0.0,0.0
SE-rest,2017,2018-02-25,1426.0,1439.831613987916,1.2870860220852651,0.9054290995379771,-6.349601725953987,0.0,0.02168078770008596,0.31725176858717313,0.0,0.0
SE-rest,2017,2018-03-04,1237.0,1262.3617581345402,1.353918801043952,0.910005460514988,-8.605177221714836,0.0,0.02168078770008596,0.48090786910782907,0.0,0.0
SE-rest,2017,2018-03-11,1096.0,1075.3515590049974,1.437671484162363,0.9274780469266416,-2.5189709207031536,0.0,0.02168078770008596,0.13964016715895444,0.0,0.0
SE-rest,2017,2018-03-18,878.0,929.157250068749,1.490352379717297,0.9259288073564946,-3.517429807783521,0.0,0.02168078770008596,0.0,0.0,0.0
SE-rest,2017,2018-03-25,818.0,816.9353347642455,1.4684531500490299,0.8821512757236872,0.7820565270274621,0.0,0.02168078770008596,0.0,0.0,0.0
SE-rest,2017,2018-04-01,697.0,679.1788405368218,1.4039615512286956,0.8207427201968835,-2.08306311449037,0.0,0.02168078770008596,0.0,0.07909412378086188,0.0
SE-rest,2017,2018-04-08,594.0,564.5842321698176,1.3431878625725735,0.7699638141113949,2.920490639397767,0.0,0.02168078770008596,0.0,0.9193462242002485,0.0
SE-rest,2017,2018-04-15,355.0,389.33174651143463,1.278825937568062,0.7237412347677744,4.824844922854408,0.0,0.02168078770008596,0.0,0.0,0.0
SE-rest,2017,2018-04-22,261.0,253.70921450767497,1.2019876009534372,0.6750911145616715,10.363024872835044,0.0,0.02168078770008596,0.0,0.0015596520188896604,0.0
SE-rest,2017,2018-04-29,167.0,151.36955552523074,1.132509255040052,0.6334621213633707,7.648362330157065,0.0,0.02168078770008596,0.0,0.0,0.0
SE-rest,2017,2018-05-06,65.0,82.74838607849533,1.0716012278192182,0.5981730350705218,9.245526860624324,0.0,0.02168078770008596,0.0,0.0,0.0
SE-rest,2017,2018-05-13,54.0,41.83619504910586,1.0232006895272048,0.5706147883158905,15.590852500685816,0.0,0.02168078770008596,0.0,0.0,0.0
SE-rest,2017,2018-05-20,21.0,19.799535909620037,0.9981036921979962,0.5563841347333139,15.998861554555774,0.0,0.02168078770008596,0.0,0.0,0.0
SE-rest,2017,2018-05-27,5.0,8.96586866885546,0.9893618211228921,0.551407486481123,16.92185278813984,0.0,0.02168078770008596,0.0,0.0,0.0
SE-rest,2017,2018-06-03,3.0,4.019477778447152,0.987184147455277,0.550145719100705,19.1009208046108,0.0,0.02168078770008596,0.0,0.0,0.0
SE-rest,2017,2018-06-10,1.0,1.8586937246185715,0.9869211138989858,0.5499746221942527,16.01217129761269,0.0,0.02168078770008596,0.0,0.0,0.01775989911465185
SE-M,2018,2018-07-01,,0.1015921549859333,0.9300160585753403,0.9300018103079333,18.72743179966568,0.0,0.0,0.0,0.0,1.0
SE-M,2018,2018-07-08,,0.11303829648489022,0.927977864516779,0.9279268198130135,19.25673707389426,0.0,0.0,0.0,0.0,1.0
SE-M,2018,2018-07-15,,0.1343859918439681,0.9279493118566248,0.9278557954356038,19.536366403813872,0.0,0.0,0.0,0.0,1.0
SE-M,2018,2018-07-22,,0.155187173376225,0.9303506944929787,0.9302092557110887,21.571590974581515,0.0,0.0,0.0,0.0,1.0
SE-M,2018,2018-07-29,0.0,0.1739636098474923,0.9351240618858122,0.9349291728749778,23.687686504819577,0.0,0.0,0.0,0.0,1.0
SE-M,2018,2018-08-05,0.0,0.19156044862499721,0.941549612180128,0.9412955147040598,22.613017827902713,0.0,0.0,0.0,0.0,1.0
SE-M,2018,2018-08-12,0.0,0.2089610729447861,0.9484165415785579,0.9480973253137001,20.456052514626524,0.0,0.0,0.0,0.0,1.0
SE-M,2018,2018-08-19,0.0,0.2268702871207432,0.9540627864381909,0.9536727920180856,18.653111476772683,0.0,0.0,0.0,0.0,0.596011632355644
SE-M,2018,2018-08-26,0.0,0.24550769000250142,0.9564560145302642,0.9559906490096679,16.963628097986025,0.0,0.0,0.0,0.0,0.05156053038773919
SE-M,2018,2018-09-02,0.0,0.2643278289332387,0.9542766868896138,0.9537331375446998,16.044809916633426,0.0,0.0,0.0,0.0,0.0
SE-M,2018,2018-09-09,1.0,0.2818984914855276,0.9497546049648167,0.9491305656062862,16.777142857142856,0.0,0.0,0.0,0.0,0.0
SE-M,2018,2018-09-16,2.0,0.2966788390340803,0.9491310626830401,0.9484210610699932,15.016428571428573,0.0,0.0,0.0,0.0,0.0
SE-M,2018,2018-09-23,0.0,0.3089399021368584,0.9571988316334564,0.9563922785872977,16.267857142857146,0.0,0.0,0.0,0.0,0.0
SE-M,2018,2018-09-30,0.0,0.3217708287843894,0.9744349192987256,0.9735167492678869,11.623571428571429,0.0,0.0,0.0,0.0,0.0
SE-M,2018,2018-10-07,0.0,0.3399074414847981,0.9999633777445517,0.9989133180491621,10.177857142857144,0.0,0.0,0.0,0.0,0.0
SE-M,2018,2018-10-14,0.0,0.368815355664842,1.0335052690049085,1.032294800511931,13.357142857142858,0.0,0.0,0.0,0.0,0.0
SE-M,2018,2018-10-21,1.0,0.4155180057069336,1.0765478557421446,1.075133373028121,10.801428571428573,0.0,0.0,0.0,0.0,0.0
SE-M,2018,2018-10-28,0.0,0.4915987705852817,1.130435663246635,1.128748535705966,7.533571428571429,0.0,0.0,0.0,0.0,0.0
SE-M,2018,2018-11-04,0.0,0.6192486864181059,1.193889328566646,1.1918200405979584,7.712857142857144,1.0,0.0,0.0,0.0,0.0
SE-M,2018,2018-11-11,1.0,0.8424249558545319,1.2644911140935566,1.261851806307203,8.381428571428573,0.0,0.0,0.0,0.0,0.0
SE-M,2018,2018-11-18,0.0,1.2525817652160067,1.3353673168092697,1.3318172729145206,7.738717018358615,0.0,0.0,0.0,0.0,0.0
SE-M,2018,2018-11-25,0.0,2.046226486021614,1.3910016988901848,1.3859079021985437,3.055299698332808,0.0,0.0,0.0,0.0,0.0
SE-M,2018,2018-12-02,4.0,3.6264680687964574,1.4157192772254343,1.4079012787267775,0.9914285714285714,0.0,0.0,0.0,0.0,0.0
SE-M,2018,2018-12-09,5.0,6.725655954684456,1.3997441567331432,1.387170814811228,6.020714285714286,0.0,0.0,0.0,0.0,0.0
SE-M,2018,2018-12-16,13.0,12.378495340639372,1.3417866475147977,1.3215800451375646,1.9728571428571429,0.0,0.0,0.0,0.0,0.0
SE-M,2018,2018-12-23,23.0,21.288490524959975,1.2622838156587144,1.2312357239652492,1.6735714285714292,0.0,0.31350192422649453,0.0,0.0,0.0
SE-M,2018,2018-12-30,50.0,32.6639201680067,1.2025653291391605,1.1571910248138537,4.479285714285715,0.0,1.0,0.0,0.0,0.0
SE-M,2018,2019-01-06,43.0,44.46632339426071,1.190229965842463,1.125715167848909,2.8607142857142853,0.0,1.0,0.0,0.0,0.0
SE-M,2018,2019-01-13,45.0,55.93808636195318,1.2165141836519457,1.1261761801913237,2.674285714285715,0.0,0.21990659956789654,0.0,0.0,0.0
SE-M,2018,2019-01-20,69.0,68.5622261295894,1.2592319548555777,1.1347027750851701,1.6285714285714292,0.0,0.0,0.0,0.0,0.0
SE-M,2018,2019-01-27,62.0,84.42432031261501,1.2876673949072752,1.1212359641502665,-0.9650000000000001,0.0,0.0,0.0,0.0,0.0
SE-M,2018,2019-02-03,93.0,103.50857722313103,1.2736096321629258,1.0634927147521362,1.0235714285714288,0.0,0.0,0.0,0.0,0.0
SE-M,2018,2019-02-10,150.0,120.15156779799436,1.2287697652335543,0.9798435705768277,3.5321428571428575,0.0,0.0,0.0,0.0,0.0
SE-M,2018,2019-02-17,135.0,125.07680725929525,1.1868019178585516,0.9055065761744837,4.659285714285714,0.0,0.0,0.0,0.0,0.0
SE-M,2018,2019-02-24,120.0,114.79655761262836,1.1668966936533234,0.8575084878544089,4.075,0.0,0.0,1.0,0.0,0.0
SE-M,2018,2019-03-03,99.0,94.80403055524012,1.175264636387096,0.8384133696449013,4.808571428571428,0.0,0.0,0.0,0.0,0.0
SE-M,2018,2019-03-10,67.0,73.34270113994907,1.2100303933144485,0.8436766338863756,5.129285714285715,0.0,0.0,0.0,0.0,0.0
SE-M,2018,2019-03-17,57.0,55.60077147435484,1.2639483507806482,0.8655573442242295,4.45,0.0,0.0,0.0,0.0,0.0
SE-M,2018,2019-03-24,35.0,42.930257243320476,1.3224289104778768,0.8923502634257188,6.251428571428572,0.0,0.0,0.0,0.0,0.0
SE-M,2018,2019-03-31,30.0,34.55865097611729,1.3647876359954338,0.9094004135224921,7.277142857142858,0.0,0.0,0.0,0.0,0.0
SE-M,2018,2019-04-07,30.0,28.98907570469256,1.3773409153666658,0.9077599977884993,8.227142857142857,0.0,0.0,0.0,0.0,0.0
SE-M,2018,2019-04-14,20.0,24.77113725008853,1.3636360629675657,0.8903280438104344,3.4885714285714284,0.0,0.0,0.0,0.033115035005662784,0.0
SE-M,2018,2019-04-21,36.0,20.38776505551165,1.3546122401051872,0.8775805057838506,8.514285714285716,0.0,0.0,0.0,0.9668849649943372,0.0
SE-M,2018,2019-04-28,21.0,17.74507171902932,1.3807622652681193,0.8888441298631907,12.509285714285712,0.0,0.0,0.0,0.0,0.0
SE-M,2018,2019-05-05,6.0,14.083565560921286,1.4316456791509982,0.9166555717058055,8.936428571428571,0.0,0.0,0.0,0.0,0.0
SE-M,2018,2019-05-12,8.0,11.87150135650016,1.4745204043572693,0.9396073241477679,8.912142857142857,0.0,0.0,0.0,0.0,0.0
SE-M,2018,2019-05-19,8.0,10.46169514856397,1.4865621710194394,0.9431484475882463,11.937857142857142,0.0,0.0,0.0,0.0,0.0
SE-M,2018,2019-05-26,11.0,9.47140173223315,1.4719087698646545,0.9301437967762414,14.612857142857143,0.0,0.0,0.0,0.0,0.0
SE-M,2018,2019-06-02,17.0,8.540869999257328,1.4567713071293542,0.917336364458216,13.460714285714287,0.0,0.0,0.0,0.0,0.0
SE-M,2018,2019-06-09,3.0,7.544921794336069,1.45323875845737,0.9123083545161899,18.384999999999998,0.0,0.0,0.0,0.0,0.06867477662353298
SE-O,2018,2018-07-01,,0.12546326212080955,0.9946369325265664,0.9946228545923358,19.61357142857143,0.0,0.0,0.0,0.0,1.0
SE-O,2018,2018-07-08,,0.16563075438757746,0.9953449177153947,0.9952892038651513,19.891428571428573,0.0,0.0,0.0,0.0,1.0
SE-O,2018,2018-07-15,,0.2460653047478872,0.9974538299849431,0.9973414168914579,20.476428571428574,0.0,0.0,0.0,0.0,1.0
SE-O,2018,2018-07-22,,0.33394068588761366,1.0011069040869074,1.0009221295221766,20.766428571428573,0.0,0.0,0.0,0.0,1.0
SE-O,2018,2018-07-29,0.0,0.42332585108123055,1.005837132906583,1.005563475606682,23.05071428571428,0.0,0.0,0.0,0.0,1.0
SE-O,2018,2018-08-05,1.0,0.5155495711878215,1.0114004467637245,1.0110201171297157,22.165,0.0,0.0,0.0,0.0,1.0
SE-O,2018,2018-08-12,0.0,0.612791392049904,1.017401511091475,1.0168951091239011,18.99285714285714,0.0,0.0,0.0,0.0,1.0
SE-O,2018,2018-08-19,1.0,0.7174566423379894,1.022213499214089,1.0215605553134008,17.26642857142857,0.0,0.0,0.0,0.0,0.9956118364056901
SE-O,2018,2018-08-26,0.0,0.8311989944670728,1.0225371797273521,1.021718646436612,15.916428571428572,0.0,0.0,0.0,0.0,0.08273416049497222
SE-O,2018,2018-09-02,0.0,0.9523837191846176,1.0147205471588079,1.01372311230055,15.331428571428573,0.0,0.0,0.0,0.0,0.0
SE-O,2018,2018-09-09,3.0,1.0720104686295744,1.0024556746393027,1.0012691088666514,16.557857142857145,0.0,0.0,0.0,0.0,0.0
SE-O,2018,2018-09-16,3.0,1.1767472509249546,0.9959191686688464,0.9945259184869532,13.622142857142856,0.0,0.0,0.0,0.0,0.0
SE-O,2018,2018-09-23,1.0,1.2634055951159393,1.000352919803462,0.9987246798372349,15.031428571428574,0.0,0.0,0.0,0.0,0.0
SE-O,2018,2018-09-30,0.0,1.3458900305755708,1.012653029502941,1.0107567197909224,10.087857142857144,0.0,0.0,0.0,0.0,0.0
SE-O,2018,2018-10-07,1.0,1.4450220101388163,1.0272923782577426,1.0250943767165843,8.505714285714287,0.0,0.0,0.0,0.0,0.0
SE-O,2018,2018-10-14,1.0,1.5768413726407138,1.0415628449762822,1.0390255933598869,13.665714285714285,0.0,0.0,0.0,0.0,0.0
SE-O,2018,2018-10-21,3.0,1.7513457353316573,1.0584277096422103,1.055494757807671,11.52357142857143,0.0,0.0,0.0,0.0,0.0
SE-O,2018,2018-10-28,3.0,1.982070886672313,1.0860159336078425,1.082584422302345,5.852142857142858,0.0,0.0,0.0,0.0,0.0
SE-O,2018,2018-11-04,3.0,2.30829778118788,1.1321585369726448,1.1280460719884995,7.037857142857143,1.0,0.0,0.0,0.0,0.0
SE-O,2018,2018-11-11,2.0,2.828551379110595,1.2009912207512234,1.1958823723250267,8.766428571428571,0.0,0.0,0.0,0.0,0.0
SE-O,2018,2018-11-18,4.0,3.763671828801944,1.2932635315928158,1.2865813474643073,7.768571428571429,0.0,0.0,0.0,0.0,0.0
SE-O,2018,2018-11-25,4.0,5.627622895678128,1.398601981240588,1.3892235165770945,0.7764285714285716,0.0,0.0,0.0,0.0,0.0
SE-O,2018,2018-12-02,2.0,9.689911343845562,1.4783470782290618,1.4640670421169255,0.7757142857142859,0.0,0.0,0.0,0.0,0.0
SE-O,2018,2018-12-09,22.0,18.853038336046946,1.489039810428663,1.4656706796690144,4.260714285714286,0.0,0.0,0.0,0.0,0.0
SE-O,2018,2018-12-16,31.0,38.16980425242721,1.4183534328302034,1.3794599614245002,1.112142857142857,0.0,0.0,0.0,0.0,0.0
SE-O,2018,2018-12-23,87.0,71.85667258491517,1.2999357595352339,1.2389787493210604,0.09857142857142863,0.0,0.31874566016535233,0.0,0.0,0.0
SE-O,2018,2018-12-30,125.0,114.70139912007667,1.2017794975979574,1.113834043543632,2.238571428571429,0.0,1.0,0.0,0.0,0.0
SE-O,2018,2019-01-06,161.0,151.6240483351911,1.1670726398601494,1.0466528025422175,2.632857142857143,0.0,1.0,0.0,0.0,0.0
SE-O,2018,2019-01-13,179.0,173.51707774114232,1.2057173161198995,1.0429186237750458,1.0885714285714285,0.0,0.15162718466379696,0.0,0.0,0.0
SE-O,2018,2019-01-20,161.0,186.78871672219498,1.287820760388088,1.0696314224043584,-0.965,0.0,0.0,0.0,0.0,0.0
SE-O,2018,2019-01-27,171.0,203.7929216318858,1.3461875652545043,1.0663232373778266,-2.217142857142857,0.0,0.0,0.0,0.0,0.0
SE-O,2018,2019-02-03,238.0,226.5767253399905,1.3357986911749122,1.0028235795227025,-2.2749999999999995,0.0,0.0,0.0,0.0,0.0
SE-O,2018,2019-02-10,237.0,239.7571115927633,1.2736109181880535,0.9063384870645338,2.494285714285714,0.0,0.0,0.0,0.0,0.0
SE-O,2018,2019-02-17,260.0,224.4475515208297,1.2170962636091627,0.8278955615776974,4.166428571428572,0.0,0.0,0.8465485235113981,0.0,0.0
SE-O,2018,2019-02-24,206.0,181.8778276304078,1.2191720812239046,0.8018877689281608,3.681428571428572,0.0,0.0,0.14161610224608123,0.0,0.0
SE-O,2018,2019-03-03,119.0,133.21463279957084,1.2842614621205803,0.8242993791593453,4.430714285714286,0.0,0.0,0.011835374242520819,0.0,0.0
SE-O,2018,2019-03-10,83.0,95.6332741984603,1.3837064942845636,0.8715302562186522,2.948571428571428,0.0,0.0,0.0,0.0,0.0
SE-O,2018,2019-03-17,73.0,72.33032715367523,1.4897113998464793,0.9234698995989333,2.7350000000000003,0.0,0.0,0.0,0.0,0.0
SE-O,2018,2019-03-24,52.0,59.69336325276398,1.5811875514037805,0.9659251667519165,5.424285714285714,0.0,0.0,0.0,0.0,0.0
SE-O,2018,2019-03-31,61.0,53.70590612421037,1.6479157979967087,0.9923700921022511,6.611428571428571,0.0,0.0,0.0,0.0,0.0
SE-O,2018,2019-04-07,48.0,51.465553296824886,1.6769832552389317,0.9954026631960284,7.947857142857143,0.0,0.0,0.0,0.0,0.0
SE-O,2018,2019-04-14,40.0,50.81420158663646,1.6346480442383207,0.9565206056711615,3.124285714285715,0.0,0.0,0.0,0.0,0.0
SE-O,2018,2019-04-21,52.0,47.769598826539806,1.5322051931872533,0.8850565496630499,9.594999999999999,0.0,0.0,0.0,0.9571863149184267,0.0
SE-O,2018,2019-04-28,65.0,44.72684424102286,1.4410832367063822,0.8238895275358529,13.830714285714285,0.0,0.0,0.0,0.042813685081573384,0.0
SE-O,2018,2019-05-05,34.0,34.45453584173113,1.39825796779204,0.7934854725849767,8.904999999999998,0.0,0.0,0.0,0.0,0.0
SE-O,2018,2019-05-12,15.0,25.06287452130154,1.3825318511046043,0.7805404016572073,7.796428571428572,0.0,0.0,0.0,0.0,0.0
SE-O,2018,2019-05-19,20.0,17.40559556434317,1.3761526899505927,0.7742290951292803,12.357142857142858,0.0,0.0,0.0,0.0,0.0
SE-O,2018,2019-05-26,13.0,11.83297496433318,1.3785671681577074,0.7737597909586514,14.036428571428573,0.0,0.0,0.0,0.0,0.0
SE-O,2018,2019-06-02,4.0,7.98790777616456,1.382951552957824,0.774980787008145,11.39357142857143,0.0,0.0,0.0,0.0,0.0
SE-O,2018,2019-06-09,7.0,5.404348379483917,1.38400446848879,0.7747263216973664,17.255714285714284,0.0,0.0,0.0,0.0,0.0029254423962067878
SE-rest,2018,2018-07-01,,0.9647115017702383,0.968130429414971,0.9681106200329631,17.216183957821546,0.0,0.02168078770008596,0.0,0.0,1.0
SE-rest,2018,2018-07-08,,1.043618130638934,0.9639560931104345,0.9638863572550802,18.45518828252699,0.0,0.02168078770008596,0.0,0.0,1.0
SE-rest,2018,2018-07-15,,1.1937340470352749,0.9568834981559095,0.9567585504207043,20.814283272324648,0.0,0.02168078770008596,0.0,0.0,1.0
SE-rest,2018,2018-07-22,,1.3390940311019084,0.947027209750838,0.9468434936807191,23.15793153481928,0.0,0.02168078770008596,0.0,0.0,1.0
SE-rest,2018,2018-07-29,2.0,1.4572382389197174,0.9359853302439337,0.9357409540982523,23.430710666918618,0.0,0.02168078770008596,0.0,0.0,1.0
SE-rest,2018,2018-08-05,2.0,1.5412757093775857,0.9261565644225662,0.9258506184102352,22.842354225748903,0.0,0.02168078770008596,0.0,0.0,1.0
SE-rest,2018,2018-08-12,1.0,1.59133031733348,0.9199526610182192,0.9195841875692398,19.48784033664561,0.0,0.02168078770008596,0.0,0.0,0.9962585951786443
SE-rest,2018,2018-08-19,4.0,1.6147538582177294,0.9216040583418449,0.9211698390383306,17.09608338725001,0.0,0.02168078770008596,0.0,0.0,0.9340014023329525
SE-rest,2018,2018-08-26,0.0,1.6276542545179655,0.9332401526961538,0.9327336525326191,15.49257480321923,0.0,0.02168078770008596,0.0,0.0,0.08842008468964616
SE-rest,2018,2018-09-02,1.0,1.654087535602794,0.9513701423073856,0.9507833066633068,15.077698931143422,0.0,0.02168078770008596,0.0,0.0,0.0
SE-rest,2018,2018-09-09,1.0,1.7153244068443054,0.9730470881879177,0.972370212529803,15.944732868329979,0.0,0.02168078770008596,0.0,0.0,0.0
SE-rest,2018,2018-09-16,3.0,1.825817724613592,0.9975998819558546,0.9968199362563048,13.4702118914781,0.0,0.02168078770008596,0.0,0.0,0.0
SE-rest,2018,2018-09-23,0.0,1.9995670550196398,1.0211361068093836,1.0202387091990028,14.17615645499468,0.0,0.02168078770008596,0.0,0.0,0.0
SE-rest,2018,2018-09-30,1.0,2.2518317123573457,1.0364618096328986,1.0354353887248617,8.570340381492313,0.0,0.02168078770008596,0.0,0.0,0.0
SE-rest,2018,2018-10-07,5.0,2.585195557237205,1.0456675245584017,1.0444969301916376,7.115464961568705,0.0,0.02168078770008596,0.0,0.0,0.0
SE-rest,2018,2018-10-14,4.0,2.990944503888693,1.0609739318890123,1.0596266301080106,11.835280082406882,0.0013301719692353222,0.02168078770008596,0.0,0.0,0.0
SE-rest,2018,2018-10-21,6.0,3.489223541192666,1.0950093313554492,1.0934224626333382,9.400907323384656,0.0,0.02168078770008596,0.0,0.0,0.0
SE-rest,2018,2018-10-28,2.0,4.185538494749913,1.1508729384389151,1.148944872882503,3.6271291218274144,0.0,0.02168078770008596,0.0,0.0,0.0
SE-rest,2018,2018-11-04,3.0,5.3301559659514,1.2187499982357797,1.2163300522570901,5.855839575815442,0.9986698280307645,0.02168078770008596,0.0,0.0,0.0
SE-rest,2018,2018-11-11,8.0,7.392741036315219,1.2902851837508305,1.2871189403815013,7.14907953335356,0.0,0.02168078770008596,0.0,0.0,0.0
SE-rest,2018,2018-11-18,11.0,11.287872742694512,1.3648977740056423,1.360484685552516,6.499352301282956,0.0,0.02168078770008596,0.0,0.0,0.0
SE-rest,2018,2018-11-25,20.0,19.0560293888353,1.4427188907821693,1.4359841582439326,-0.8344438090347014,0.0,0.02168078770008596,0.0,0.0,0.0
SE-rest,2018,2018-12-02,33.0,35.67804488701656,1.5105620103724047,1.4991157001683482,-0.21785646572742318,0.0,0.02168078770008596,0.0,0.0,0.0
SE-rest,2018,2018-12-09,69.0,73.33599718448671,1.5252780944520439,1.5042125448217865,2.553303413809251,0.0,0.02168078770008596,0.0,0.0,0.0
SE-rest,2018,2018-12-16,147.0,156.15338484412968,1.4313959256727735,1.3935666483875324,-1.3724088453729024,0.0,0.02168078770008596,0.0,0.0,0.0
SE-rest,2018,2018-12-23,303.0,303.4908499790853,1.2466821814210471,1.1879744378404247,-2.0100151907652997,0.0,0.35498211825307135,0.0,0.0,0.0
SE-rest,2018,2018-12-30,530.0,469.2674638176506,1.1000331332033908,1.0205800844590636,-0.6979814405461892,0.0,1.0,0.0,0.0,0.0
SE-rest,2018,2019-01-06,582.0,556.9142854510021,1.0904762894533133,0.9846536032990397,0.2182581704438477,0.0,1.0,0.0,0.0,0.0
SE-rest,2018,2019-01-13,524.0,563.9348065945253,1.1982094240321717,1.0523893625390912,-0.5655897727721965,0.0,0.1794378680686411,0.0,0.0,0.0
SE-rest,2018,2019-01-20,530.0,577.8501491670993,1.3235436860146959,1.1253624810302187,-4.990367231370918,0.0,0.0,0.0,0.0,0.0
SE-rest,2018,2019-01-27,651.0,661.2708832732528,1.3659056594699859,1.1143499159815353,-5.768641400751228,0.0,0.0,0.0,0.0,0.0
SE-rest,2018,2019-02-03,824.0,797.459912845203,1.3203350560257754,1.0250263250572307,-4.149308915992917,0.0,0.0,0.0,0.0,0.0
SE-rest,2018,2019-02-10,914.0,892.7780563969234,1.2581495030300096,0.9282146338147953,-1.424622930610432,0.0,0.0,0.0,0.0,0.0
SE-rest,2018,2019-02-17,897.0,866.4283926801236,1.2386099057376936,0.8735272782614761,2.6443473450089243,0.0,0.0,0.062200195146043406,0.0,0.0
SE-rest,2018,2019-02-24,718.0,740.3651154925622,1.277012386762623,0.8678636016668247,1.1792432972141191,0.0,0.0,0.3157005105288018,0.0,0.0
SE-rest,2018,2019-03-03,609.0,594.3592920712578,1.3607309270951735,0.8967482809657696,2.9069613199838016,0.0,0.0,0.4806893553614326,0.0,0.0
SE-rest,2018,2019-03-10,451.0,481.4199901712832,1.4535061355450156,0.9323130743257898,-0.9702121084885819,0.0,0.0,0.14140993896372225,0.0,0.0
SE-rest,2018,2019-03-17,408.0,411.4442795759023,1.5156231501116733,0.9480665567241433,0.24083445864204453,0.0,0.0,0.0,0.0,0.0
SE-rest,2018,2019-03-24,390.0,368.8426289425778,1.5640055540150861,0.9554448140027259,4.391484530467198,0.0,0.0,0.0,0.0,0.0
SE-rest,2018,2019-03-31,337.0,338.1530908816828,1.6171083428557806,0.9658494799273203,5.487340349341818,0.0,0.0,0.0,0.0,0.0
SE-rest,2018,2019-04-07,295.0,315.17123028746147,1.6312002410165294,0.9534039306432246,4.961450650470289,0.0,0.0,0.0,0.0,0.0
SE-rest,2018,2019-04-14,296.0,294.42678516255614,1.563314354540686,0.8957880051331523,1.1281008273480357,0.0,0.0,0.0,0.0015538304011108188,0.0
SE-rest,2018,2019-04-21,252.0,254.71226351247861,1.4429962541513002,0.813655081431801,8.594483632259058,0.0,0.0,0.0,0.8011339428341505,0.0
SE-rest,2018,2019-04-28,242.0,214.42269030176627,1.3435718077457222,0.7491421618904097,12.03474577059822,0.0,0.0,0.0,0.19731222676473886,0.0
SE-rest,2018,2019-05-05,146.0,145.17545716197625,1.29798304529202,0.7186660097448888,6.527360340184734,0.0,0.0,0.0,0.0,0.0
SE-rest,2018,2019-05-12,77.0,92.1436585435479,1.2757657265263191,0.7034126603959845,7.849138345322751,0.0,0.0,0.0,0.0,0.0
SE-rest,2018,2019-05-19,58.0,55.49844362691125,1.2542720802815972,0.6898746422157899,11.298903261586329,0.0,0.0,0.0,0.0,0.0
SE-rest,2018,2019-05-26,35.0,32.42963905869014,1.2393225497344635,0.6807040129225135,13.961636618997783,0.0,0.0,0.0,0.0,0.0
SE-rest,2018,2019-06-02,18.0,18.54230371417826,1.2339249603821705,0.6772078956752352,11.653045267926887,0.0,0.0,0.0,0.0,0.0
SE-rest,2018,2019-06-09,9.0,10.484575353670728,1.2331739933459247,0.6764953714750057,18.258348501784408,0.0,0.0,0.0,0.0,0.017458161377217608
SE-M,2019,2019-06-30,,0.10507073539645817,0.9015064720777273,0.9014961412541878,20.142142857142858,0.0,0.0,0.0,0.0,1.0
SE-M,2019,2019-07-07,,0.10964132027735098,0.8978085499807398,0.8977732018556946,15.098571428571429,0.0,0.0,0.0,0.0,1.0
SE-M,2019,2019-07-14,,0.11767685030484897,0.8956823910401797,0.8956206452012285,17.500000000000004,0.0,0.0,0.0,0.0,1.0
SE-M,2019,2019-07-21,,0.12475886292191335,0.8953836675490159,0.8952942811487645,18.084285714285716,0.0,0.0,0.0,0.0,1.0
SE-M,2019,2019-07-28,0.0,0.13046713128343118,0.8968524367779723,0.8967341853673797,20.794285714285714,0.0,0.0,0.0,0.0,1.0
SE-M,2019,2019-08-04,0.0,0.13531837968791197,0.8996266385323074,0.8994782735121628,19.052142857142858,0.0,0.0,0.0,0.0,1.0
SE-M,2019,2019-08-11,0.0,0.13980096803538533,0.9031040343475454,0.9029242940887877,18.986428571428576,0.0,0.0,0.0,0.0,1.0
SE-M,2019,2019-08-18,0.0,0.1442342666377479,0.9073846464721435,0.9071721247219849,16.87142857142857,0.0,0.0,0.0,0.0,0.7742675229806223
SE-M,2019,2019-08-25,1.0,0.14884112371261715,0.914392301056638,0.9141448569961513,18.020000000000003,0.0,0.0,0.0,0.0,0.07670306994272817
SE-M,2019,2019-09-01,0.0,0.15404290468486737,0.9264589430099388,0.9261730820315875,20.909285714285716,0.0,0.0,0.0,0.0,0.0
SE-M,2019,2019-09-08,0.0,0.16078154526540928,0.9443700593988449,0.9440407409605464,15.271428571428572,0.0,0.0,0.0,0.0,0.0
SE-M,2019,2019-09-15,0.0,0.17046183231800838,0.9682844926529308,0.9679047219126602,15.127857142857144,0.0,0.0,0.0,0.0,0.0
SE-M,2019,2019-09-22,0.0,0.18490249332845998,0.998230722741689,0.9977907960805233,12.007142857142858,0.0,0.0,0.0,0.0,0.0
SE-M,2019,2019-09-29,0.0,0.206619691333915,1.033964423214459,1.0334507964991064,13.405000000000001,0.0,0.0,0.0,0.0,0.0
SE-M,2019,2019-10-06,0.0,0.23944762629296545,1.0747362761916788,1.0741297908615965,7.908571428571428,0.0,0.0,0.0,0.0,0.0
SE-M,2019,2019-10-13,0.0,0.2896108064688794,1.1190539107245068,1.1183268667120596,9.865,0.0,0.0,0.0,0.0,0.0
SE-M,2019,2019-10-20,0.0,0.36758687669591145,1.1651985695391525,1.164309154055081,11.952857142857143,0.0,0.0,0.0,0.0,0.0
SE-M,2019,2019-10-27,1.0,0.4915921904475149,1.2126347596397657,1.2115155056090419,11.535714285714286,0.0,0.0,0.0,0.0,0.0
SE-M,2019,2019-11-03,0.0,0.6950398482774539,1.2612261354725014,1.2597621220536332,5.945,1.0,0.0,0.0,0.0,0.0
SE-M,2019,2019-11-10,2.0,1.0426959971380723,1.3101299219914864,1.3081159493043149,5.034999999999999,0.0,0.0,0.0,0.0,0.0
SE-M,2019,2019-11-17,0.0,1.6643691020209235,1.3522535412694616,1.3493194480325563,6.1328571428571435,0.0,0.0,0.0,0.0,0.0
SE-M,2019,2019-11-24,0.0,2.8161607799040818,1.3670827636588976,1.362604008927423,7.567857142857144,0.0,0.0,0.0,0.0,0.0
SE-M,2019,2019-12-01,4.0,4.920544144992511,1.3376100750106261,1.330662610321167,4.772857142857143,0.0,0.0,0.0,0.0,0.0
SE-M,2019,2019-12-08,12.0,8.418471115438427,1.272554147988623,1.26200153202976,5.567142857142858,0.0,0.0,0.0,0.0,0.0
SE-M,2019,2019-12-15,15.0,13.335148814245578,1.1983595455729674,1.1830548854999652,4.2907142857142855,0.0,0.0,0.0,0.0,0.0
SE-M,2019,2019-12-22,25.0,18.959556519401573,1.1407273097184298,1.1195753053550286,5.695714285714286,0.0,0.31255966022097953,0.0,0.0,0.0
SE-M,2019,2019-12-29,27.0,24.24919713429879,1.1133710438497395,1.0851203636346463,2.568571428571429,0.0,0.9891070161119845,0.0,0.0,0.0
SE-M,2019,2020-01-05,19.0,28.75232736870231,1.1102336505074863,1.073443644731764,4.059285714285713,0.0,1.0,0.0,0.0,0.0
SE-M,2019,2020-01-12,41.0,32.814997489038475,1.1219769985797388,1.074989853522413,5.525714285714287,0.0,0.3965626513067201,0.0,0.0,0.0
SE-M,2019,2020-01-19,24.0,37.06239589759505,1.1417487872213568,1.0826138040857116,5.7857142857142865,0.0,0.0,0.0,0.0,0.0
SE-M,2019,2020-01-26,51.0,42.1304478142078,1.165157399995805,1.091525954471736,5.085714285714286,0.0,0.0,0.0,0.0,0.0
SE-M,2019,2020-02-02,49.0,48.477390822826024,1.1957014388012426,1.1042144460051768,5.666428571428573,0.0,0.0,0.0,0.0,0.0
SE-M,2019,2020-02-09,45.0,56.728805160635346,1.223048092584264,1.1101094671797063,4.534285714285715,0.0,0.0,0.0,0.0,0.0
SE-M,2019,2020-02-16,69.0,67.38188880971948,1.2352569747381137,1.0979639493432842,5.11,0.0,0.0,0.0,0.0,0.0
SE-M,2019,2020-02-23,88.0,79.6512856520342,1.238485838624922,1.0739382077378585,5.415000000000001,0.0,0.0,1.0,0.0,0.0
SE-M,2019,2020-03-01,95.0,91.54092651586008,1.2425754997522833,1.0476062167674924,3.229285714285715,0.0,0.0,0.0,0.0,0.0
SE-M,2019,2020-03-08,92.0,101.11838116561012,1.246633304057669,1.019282935565,4.292142857142858,0.0,0.0,0.0,0.0,0.0
SE-M,2019,2020-03-15,112.0,106.9226537332759,1.2476874831723126,0.988087738316187,5.283571428571429,0.0,0.0,0.0,0.0,0.0
SE-M,2019,2020-03-22,,107.73347924013792,1.2477066517290651,0.9574072425275039,5.708571428571429,0.0,0.0,0.0,0.0,0.0
SE-M,2019,2020-03-29,,103.18447884734547,1.2477066517321482,0.9294619798843761,3.420714285714286,0.0,0.0,0.0,0.0,0.0
SE-M,2019,2020-04-05,,94.09879241569875,1.2477066517348927,0.9051516835951479,5.561428571428571,0.0,0.0,0.0,0.0,0.0
SE-M,2019,2020-04-12,,79.9724042758053,1.247706651738076,0.8848187773993048,8.814285714285715,0.0,0.0,0.0,0.9834939305318536,0.0
SE-M,2019,2020-04-19,,70.93441605721539,1.2477066517424067,0.86835948913564,7.770714285714286,0.0,0.0,0.0,0.016506069468146315,0.0
SE-M,2019,2020-04-26,,55.89198423569435,1.2477066517481403,0.855381901045425,10.434285714285716,0.0,0.0,0.0,0.0,0.0
SE-M,2019,2020-05-03,,43.07938744191153,1.2477066517550472,0.845358403474645,8.782142857142857,0.0,0.0,0.0,0.0,0.0
SE-M,2019,2020-05-10,,35.32333344414562,1.2477066517628372,0.8377380367216499,11.060000000000002,0.0,0.0,0.0,0.0,0.0
SE-M,2019,2020-05-17,,26.061166473425434,1.2477066517715716,0.8320131896619108,8.5,0.0,0.0,0.0,0.0,0.0
SE-M,2019,2020-05-24,,19.609208320554927,1.247706651780994,0.8277500144679736,11.941428571428574,0.0,0.0,0.0,0.0,0.0
SE-M,2019,2020-05-31,,14.620221334948766,1.2477066517900255,0.8245954325449933,14.290714285714289,0.0,0.0,0.0,0.0,0.0
SE-M,2019,2020-06-07,,10.82826560438335,1.2477066517976758,0.8222715236149861,14.623571428571429,0.0,0.0,0.0,0.0,0.0020553214867192076
SE-O,2019,2019-06-30,,1.041368367976269,1.0011798230262638,1.0010885866954466,19.326428571428572,0.0,0.0,0.0,0.0,1.0
SE-O,2019,2019-07-07,,1.1132519770411484,0.9997187641481238,0.9993982919257246,14.027142857142858,0.0,0.0,0.0,0.0,1.0
SE-O,2019,2019-07-14,,1.2562008325026497,0.9967153161837825,0.9961394942464936,17.82214285714286,0.0,0.0,0.0,0.0,1.0
SE-O,2019,2019-07-21,,1.407421008977281,0.993352651764688,0.992497290920207,18.022142857142857,0.0,0.0,0.0,0.0,1.0
SE-O,2019,2019-07-28,3.0,1.5504796913938121,0.9921601456636227,0.9910003767298805,21.95642857142857,0.0,0.0,0.0,0.0,1.0
SE-O,2019,2019-08-04,0.0,1.6849900827998403,0.9916556314924855,0.9901678419570794,18.68,0.0,0.0,0.0,0.0,1.0
SE-O,2019,2019-08-11,1.0,1.8143508102498602,0.9844993062212326,0.9826746976536711,17.477857142857143,0.0,0.0,0.0,0.0,1.0
SE-O,2019,2019-08-18,1.0,1.9298204394620042,0.9644532910669188,0.9623116429295526,16.099999999999998,0.0,0.0,0.0,0.0,1.0
SE-O,2019,2019-08-25,2.0,2.0007658182715833,0.9333482111050453,0.930933987671468,16.78142857142857,0.0,0.0,0.0,0.0,0.1616211031538355
SE-O,2019,2019-09-01,7.0,1.9880350403089362,0.9043504810358931,0.9016979810725225,19.139285714285712,0.0,0.0,0.0,0.0,0.0
SE-O,2019,2019-09-08,2.0,1.8826229343517724,0.888890671927218,0.8860029019334715,14.057142857142859,0.0,0.0,0.0,0.0,0.0
SE-O,2019,2019-09-15,0.0,1.7236514347202618,0.8868585387862178,0.8837246067905691,14.94,0.0,0.0,0.0,0.0,0.0
SE-O,2019,2019-09-22,2.0,1.5628752577270353,0.8968820812638257,0.8934786089546476,11.821428571428571,0.0,0.0,0.0,0.0,0.0
SE-O,2019,2019-09-29,2.0,1.4353830439068003,0.9210273943445275,0.9173044946958623,12.230714285714285,0.0,0.0,0.0,0.0,0.0
SE-O,2019,2019-10-06,0.0,1.363624690370858,0.9598241714407766,0.9557071114890932,6.2542857142857144,0.0,0.0,0.0,0.0,0.0
SE-O,2019,2019-10-13,1.0,1.367263699493658,1.0119129624448824,1.007304221511131,8.862857142857143,0.0,0.0,0.0,0.0,0.0
SE-O,2019,2019-10-20,1.0,1.4709390186025753,1.0772274977638712,1.071988985537137,10.776428571428573,0.0,0.0,0.0,0.0,0.0
SE-O,2019,2019-10-27,2.0,1.7212532873853352,1.155755511317876,1.1496791467676215,9.812142857142858,0.0,0.0,0.0,0.0,0.0
SE-O,2019,2019-11-03,0.0,2.2211644062335596,1.2421379414320628,1.2349104748679895,4.181428571428571,1.0,0.0,0.0,0.0,0.0
SE-O,2019,2019-11-10,3.0,3.1968163320452847,1.3242096461352406,1.3153272537086202,2.323571428571429,0.0,0.0,0.0,0.0,0.0
SE-O,2019,2019-11-17,3.0,5.1279946002206955,1.3866839121399346,1.375239858873025,5.104285714285714,0.0,0.0,0.0,0.0,0.0
SE-O,2019,2019-11-24,10.0,8.98788297733169,1.4140758410332706,1.3983915695095561,6.690714285714286,0.0,0.0,0.0,0.0,0.0
SE-O,2019,2019-12-01,13.0,16.504206329119405,1.3898917216496591,1.367251858471598,2.48,0.0,0.0,0.0,0.0,0.0
SE-O,2019,2019-12-08,28.0,29.78313508918773,1.3042415230713218,1.271589923824399,4.728571428571429,0.0,0.0,0.0,0.0,0.0
SE-O,2019,2019-12-15,55.0,48.674403664335,1.1884184457271065,1.1438160439078768,3.338571428571428,0.0,0.0,0.0,0.0,0.0
SE-O,2019,2019-12-22,88.0,67.53689104898375,1.0968564055932468,1.0394975160387898,5.281428571428571,0.0,0.30126649640802505,0.0,0.0,0.0
SE-O,2019,2019-12-29,59.0,78.95284233679516,1.0480249733712494,0.9774468185488254,2.173571428571429,0.0,1.0,0.0,0.0,0.0
SE-O,2019,2020-01-05,98.0,80.99935577134859,1.0444346657888457,0.9592616888015221,4.755,0.0,1.0,0.0,0.0,0.0
SE-O,2019,2020-01-12,83.0,77.27607684722639,1.0982163125241595,0.9939209036651666,5.199285714285714,0.0,0.2993440559263617,0.0,0.0,0.0
SE-O,2019,2020-01-19,49.0,74.06079884041932,1.1804709175032089,1.0521603087209177,5.584285714285714,0.0,0.0,0.0,0.0,0.0
SE-O,2019,2020-01-26,67.0,76.38137315981871,1.23818143765428,1.0846024022960903,5.346428571428572,0.0,0.0,0.0,0.0,0.0
SE-O,2019,2020-02-02,101.0,84.98417983738327,1.259738214758688,1.081217243245891,4.586428571428572,0.0,0.0,0.0,0.0,0.0
SE-O,2019,2020-02-09,89.0,97.03688466593951,1.2618220335681822,1.0578552007532367,2.9778571428571428,0.0,0.0,0.0,0.0,0.0
SE-O,2019,2020-02-16,122.0,108.74714061260124,1.261913904503714,1.0307686138721173,4.6414285714285715,0.0,0.0,0.8324551660883983,0.0,0.0
SE-O,2019,2020-02-23,121.0,117.0858584740742,1.2760867887176164,1.0138712871375468,5.225714285714285,0.0,0.0,0.14833195229524018,0.0,0.0
SE-O,2019,2020-03-01,104.0,121.59525581018374,1.2925759004651485,0.9978449519946135,1.0514285714285714,0.0,0.0,0.019212881616361723,0.0,0.0
SE-O,2019,2020-03-08,131.0,122.89227668850181,1.297813424425313,0.9732284983646837,3.462857142857143,0.0,0.0,0.0,0.0,0.0
SE-O,2019,2020-03-15,121.0,120.13675903989726,1.2982203939662647,0.94664437605695,4.168571428571428,0.0,0.0,0.0,0.0,0.0
SE-O,2019,2020-03-22,,112.65364323795454,1.2982262999968366,0.9225226652641,4.289285714285714,0.0,0.0,0.0,0.0,0.0
SE-O,2019,2020-03-29,,101.25172103636444,1.2982262999967464,0.9017076683472444,3.959285714285715,0.0,0.0,0.0,0.0,0.0
SE-O,2019,2020-04-05,,87.56302396018299,1.2982262999954677,0.8843408557236171,5.046428571428572,0.0,0.0,0.0,0.0,0.0
SE-O,2019,2020-04-12,,71.38875173772914,1.2982262999929854,0.8702470034489435,7.6899999999999995,0.0,0.0,0.0,0.9058421577812991,0.0
SE-O,2019,2020-04-19,,61.44979244541426,1.2982262999892686,0.8590608923379548,6.863571428571428,0.0,0.0,0.0,0.09415784221870115,0.0
SE-O,2019,2020-04-26,,47.406355075982106,1.2982262999843697,0.8503355556344134,10.924285714285714,0.0,0.0,0.0,0.0,0.0
SE-O,2019,2020-05-03,,36.12048460935252,1.2982262999798144,0.8436189781445641,7.3864285714285725,0.0,0.0,0.0,0.0,0.0
SE-O,2019,2020-05-10,,29.49680433862676,1.298226299975751,0.8384987358246004,9.439285714285715,0.0,0.0,0.0,0.0,0.0
SE-O,2019,2020-05-17,,21.805139736289377,1.2982262999724998,0.8346219704952708,7.117857142857143,0.0,0.0,0.0,0.0,0.0
SE-O,2019,2020-05-24,,16.525777245880175,1.2982262999702567,0.8316995197825988,11.605714285714285,0.0,0.0,0.0,0.0,0.0
SE-O,2019,2020-05-31,,12.46667299958374,1.2982262999691112,0.8295014109885793,14.68857142857143,0.0,0.0,0.0,0.0,0.0
SE-O,2019,2020-06-07,,9.381388696199167,1.2982262999695102,0.8278485931840976,15.504285714285713,0.0,0.0,0.0,0.0,0.0
SE-rest,2019,2019-06-30,,1.1351452361075691,1.025134403766628,1.0251019504021168,17.697397032973292,0.0,0.0,0.0,0.0,1.0
SE-rest,2019,2019-07-07,,1.3187140282390521,1.0267762678376315,1.026654999172874,13.814325494420576,0.0,0.0,0.0,0.0,1.0
SE-rest,2019,2019-07-14,,1.6982366379045053,1.0286027542031444,1.0283695432104627,15.62915571773976,0.0,0.0,0.0,0.0,1.0
SE-rest,2019,2019-07-21,,2.133686470593972,1.0290253452473634,1.0286560427331015,16.814358230641776,0.0,0.0,0.0,0.0,1.0
SE-rest,2019,2019-07-28,1.0,2.5949707550936485,1.02347583572856,1.0229484146437768,21.74954073870798,0.0,0.0,0.0,0.0,1.0
SE-rest,2019,2019-08-04,4.0,3.0662251969517045,1.0074163458572136,1.0067166587927003,15.973026398906569,0.0,0.0,0.0,0.0,1.0
SE-rest,2019,2019-08-11,2.0,3.500723696398083,0.9780426572702462,0.9771716008542742,17.025219440674302,0.0,0.0,0.0,0.0,0.9992054748891867
SE-rest,2019,2019-08-18,4.0,3.8140900663184882,0.9376337794933063,0.9366095873310104,16.463597727533873,0.0,0.0,0.0,0.0,0.9606543544801633
SE-rest,2019,2019-08-25,9.0,3.9092184767188463,0.900511741845787,0.8993535535825995,16.410331089622748,0.0,0.0,0.0,0.0,0.13177852686031583
SE-rest,2019,2019-09-01,4.0,3.759255033030265,0.8816813446370266,0.8803910192599961,19.30506756438891,0.0,0.0,0.0,0.0,0.0
SE-rest,2019,2019-09-08,5.0,3.4597388442493493,0.8866694406883884,0.8852291911386577,13.725008534531595,0.0,0.0,0.0,0.0,0.0
SE-rest,2019,2019-09-15,0.0,3.1595680780646562,0.9141454861673394,0.9125227378122147,14.369928805605124,0.0,0.0,0.0,0.0,0.0
SE-rest,2019,2019-09-22,3.0,2.9780310360463833,0.9605760424690332,0.9587259838648166,9.630139736397192,0.0,0.0,0.0,0.0,0.0
SE-rest,2019,2019-09-29,2.0,2.9894795167442605,1.0236528459866483,1.021513292038973,9.919169833202863,0.0,0.0,0.0,0.0,0.0
SE-rest,2019,2019-10-06,1.0,3.2680209946636998,1.0964109496630712,1.0939037376854919,5.406420022110322,0.0,0.0,0.0,0.0,0.0
SE-rest,2019,2019-10-13,3.0,3.938390879506424,1.169703198043192,1.1667248451927288,7.128407237420026,0.0013301719692353222,0.0,0.0,0.0,0.0
SE-rest,2019,2019-10-20,7.0,5.232514067505612,1.2385226795030648,1.2349053870250597,8.134993445710071,0.0,0.0,0.0,0.0,0.0
SE-rest,2019,2019-10-27,4.0,7.607062528017168,1.2909790031962547,1.286456341357166,7.873826805818437,0.0046765191003894655,0.0,0.0,0.0,0.0
SE-rest,2019,2019-11-03,11.0,11.902101322920785,1.304186303166297,1.2983848917431973,2.2957097158689583,0.9939933089303752,0.0,0.0,0.0,0.0
SE-rest,2019,2019-11-10,18.0,19.22557675834784,1.2695200726274967,1.2619637428161836,0.3792718091322606,0.0,0.0,0.0,0.0,0.0
SE-rest,2019,2019-11-17,36.0,30.157423837117822,1.2161359732647774,1.2061935539520372,3.2929476538471993,0.0,0.0,0.0,0.0,0.0
SE-rest,2019,2019-11-24,55.0,43.95351584770887,1.1959420650445478,1.1825162315752924,5.0924619813949965,0.0,0.0,0.0,0.0,0.0
SE-rest,2019,2019-12-01,51.0,60.307087131737916,1.2205347788476555,1.201797100469409,0.8686056416555322,0.0,0.0,0.0,0.0,0.0
SE-rest,2019,2019-12-08,78.0,82.44658768875871,1.249741127317963,1.2233317639158146,2.153120011016209,0.0,0.0,0.0,0.0,0.0
SE-rest,2019,2019-12-15,109.0,115.99473858387998,1.2434628545304616,1.2069762952577932,2.0477619735117356,0.0,0.0,0.0,0.0,0.0
SE-rest,2019,2019-12-22,173.0,163.37163132197145,1.191067497144608,1.1429451233547694,2.6708773379708224,0.0,0.3445580957902141,0.0,0.0,0.0
SE-rest,2019,2019-12-29,200.0,216.1989451409901,1.1077973690750451,1.0484056974861287,0.5635748053624701,0.0,0.9981611811006461,0.0,0.0,0.0
SE-rest,2019,2020-01-05,286.0,254.02318134524495,1.0483481868073894,0.9778353820857691,3.656710132368638,0.0,1.0,0.0,0.0,0.0
SE-rest,2019,2020-01-12,288.0,261.8710423376908,1.0833051835369423,0.9962766215297637,3.355295512764709,0.0,0.3021227765264092,0.0,0.0,0.0
SE-rest,2019,2020-01-19,220.0,256.48723934983207,1.196224847300083,1.083919869327507,3.7864157867884507,0.0,0.0,0.0,0.0,0.0
SE-rest,2019,2020-01-26,244.0,271.71966511137083,1.2907848737966334,1.1486353502499829,3.5152532168741577,0.0,0.0,0.0,0.0,0.0
SE-rest,2019,2020-02-02,347.0,325.8886854004061,1.314991353180816,1.1428695581074808,2.9929344746360327,0.0,0.0,0.0,0.0,0.0
SE-rest,2019,2020-02-09,405.0,410.14002929026304,1.3028367530172698,1.0990379189514987,0.4374560663684538,0.0,0.0,0.0,0.0,0.0
SE-rest,2019,2020-02-16,541.0,497.72939721550824,1.3086545926578432,1.0656757708203553,2.750076521394223,0.0,0.0,0.0715513379363827,0.0,0.0
SE-rest,2019,2020-02-23,531.0,568.6246891593346,1.3336501227892783,1.0434888701708254,4.298559623452346,0.0,0.0,0.3079006257968338,0.0,0.0
SE-rest,2019,2020-03-01,590.0,622.094173897779,1.3235670601449734,0.9916968688246639,-0.5483157044367358,0.0,0.0,0.48090786910782907,0.0,0.0
SE-rest,2019,2020-03-08,707.0,641.9248343616855,1.2950671316273616,0.9297104751805068,1.5658843295607376,0.0,0.0,0.13964016715895444,0.0,0.0
SE-rest,2019,2020-03-15,578.0,604.3269703524502,1.2870774197172874,0.8893784243076187,3.0496537307547413,0.0,0.0,0.0,0.0,0.0
SE-rest,2019,2020-03-22,,522.4285023247639,1.2869435060724688,0.8613711319133434,2.8417470454467773,0.0,0.0,0.0,0.0,0.0
SE-rest,2019,2020-03-29,,424.61430613600845,1.2869435060678127,0.8397966946948634,3.9418835691530143,0.0,0.0,0.0,0.0,0.0
SE-rest,2019,2020-04-05,,329.7969132895256,1.2869435060646761,0.8236819667471579,3.108028674310676,0.0,0.0,0.0,0.0,0.0
SE-rest,2019,2020-04-12,,241.26012452900727,1.28694350606223,0.8119451762993654,7.041340543732523,0.0,0.0,0.0,0.6428161304302326,0.0
SE-rest,2019,2020-04-19,,187.0223221096197,1.2869435060603107,0.8035502051227082,6.328022492564912,0.0,0.0,0.0,0.35718386956976733,0.0
SE-rest,2019,2020-04-26,,129.72554925649837,1.2869435060585286,0.7976206375368496,9.233908747707929,0.0,0.0,0.0,0.0,0.0
SE-rest,2019,2020-05-03,,89.55094485338286,1.2869435060561365,0.7934675116012018,5.7663552597572,0.0,0.0,0.0,0.0,0.0
SE-rest,2019,2020-05-10,,66.67282025051051,1.28694350605299,0.7905737257332888,8.478226578949906,0.0,0.0,0.0,0.0,0.0
SE-rest,2019,2020-05-17,,44.92127317981505,1.2869435060482615,0.7885627369777506,5.921562020895119,0.0,0.0,0.0,0.0,0.0
SE-rest,2019,2020-05-24,,31.237419200741513,1.286943506042661,0.7871658234151664,9.819683123735429,0.0,0.0,0.0,0.0,0.0
SE-rest,2019,2020-05-31,,21.706433091506025,1.2869435060363386,0.7861937933694417,13.712840446418667,0.0,0.0,0.0,0.0,0.0
SE-rest,2019,2020-06-07,,15.105832889688974,1.286943506029051,0.78551466665706,14.57941010997616,0.0,0.0,0.0,0.0,0.005129367468076502
SE-M,2022,2022-07-03,,1.2610610025623976,0.9786396604872802,0.9784814223420388,19.740000000000002,0.0,0.0,0.0,0.0,1.0
SE-M,2022,2022-07-10,,1.3310096618371228,0.9747381704299977,0.9741902857410162,16.955000000000002,0.0,0.0,0.0,0.0,1.0
SE-M,2022,2022-07-17,,1.4639052518453566,0.9677518823430592,0.9667865310851358,17.657857142857146,0.0,0.0,0.0,0.0,1.0
SE-M,2022,2022-07-24,,1.590800531534333,0.9576746998754034,0.956276261414492,19.85571428571429,0.0,0.0,0.0,0.0,1.0
SE-M,2022,2022-07-31,2.0,1.6891068137713505,0.9453716840663324,0.9435378241699492,17.282142857142855,0.0,0.0,0.0,0.0,1.0
SE-M,2022,2022-08-07,2.0,1.7495285145185524,0.932463925447197,0.9302029930216111,18.42214285714286,0.0,0.0,0.0,0.0,1.0
SE-M,2022,2022-08-14,2.0,1.7686100242132485,0.920695786322301,0.9180219693429839,19.65285714285714,0.0,0.0,0.0,0.0,1.0
SE-M,2022,2022-08-21,2.0,1.749747029167016,0.9119269992972597,0.9088535401826798,21.42142857142857,0.0,0.0,0.0,0.0,0.2901213173656766
SE-M,2022,2022-08-28,2.0,1.703071861043473,0.9084129323922504,0.9049431598645106,19.200714285714287,0.0,0.0,0.0,0.0,0.0
SE-M,2022,2022-09-04,2.0,1.6439938871292594,0.9129955649085216,0.9091118948739834,15.280714285714287,0.0,0.0,0.0,0.0,0.0
SE-M,2022,2022-09-11,2.0,1.5917724041304844,0.928462575137071,0.9241168568635819,15.61214285714286,0.0,0.0,0.0,0.0,0.0
SE-M,2022,2022-09-18,1.0,1.568529916686096,0.955194688523133,0.9503096870826878,13.952142857142857,0.0,0.0,0.0,0.0,0.0
SE-M,2022,2022-09-25,0.0,1.5976652060398884,0.9901372195166634,0.9846172136931921,11.731428571428571,0.0,0.0,0.0,0.0,0.0
SE-M,2022,2022-10-02,2.0,1.7019429038657812,1.0307590069335997,1.0244813139875109,11.417142857142858,0.0,0.0,0.0,0.0,0.0
SE-M,2022,2022-10-09,2.0,1.9076433467661098,1.0756649631177002,1.0684598357394635,12.832142857142857,0.0,0.0,0.0,0.0,0.0
SE-M,2022,2022-10-16,0.0,2.257303662242722,1.1179775731036172,1.1096437243290225,11.796428571428573,0.0,0.0,0.0,0.0,0.0
SE-M,2022,2022-10-23,2.0,2.814770673243106,1.1497341929747569,1.140035417530546,9.97857142857143,0.0,0.0,0.0,0.0,0.0
SE-M,2022,2022-10-30,7.0,3.6552956940852304,1.1770291734016836,1.1655576545065915,12.941428571428572,0.019900239810839226,0.0,0.0,0.0,0.0
SE-M,2022,2022-11-06,7.0,4.888119032771028,1.2162816548647803,1.2022304341068346,10.544285714285715,0.9800997601891607,0.0,0.0,0.0,0.0
SE-M,2022,2022-11-13,5.0,6.780819894643474,1.27760845397667,1.2594800505346062,11.877142857142857,0.0,0.0,0.0,0.0,0.0
SE-M,2022,2022-11-20,13.0,10.018608007642182,1.3673530361458075,1.3421782534270263,4.495,0.0,0.0,0.0,0.0,0.0
SE-M,2022,2022-11-27,13.0,16.344510780237865,1.4818191535571847,1.4431697739460232,4.26,0.0,0.0,0.0,0.0,0.0
SE-M,2022,2022-12-04,17.0,30.40802783917336,1.5758769185984431,1.5099221120617525,3.2942857142857145,0.0,0.0,0.0,0.0,0.0
SE-M,2022,2022-12-11,55.0,63.15343059696009,1.5768743619293153,1.4583941700364977,-1.1721428571428572,0.0,0.0,0.0,0.0,0.0
SE-M,2022,2022-12-18,116.0,129.4326125411626,1.4519146987513416,1.2559965682061525,-4.460714285714286,0.0,0.0,0.0,0.0,0.0
SE-M,2022,2022-12-25,241.0,217.9972535880064,1.2611617635887131,0.9945197805298054,2.8485714285714288,0.0,0.5045626257076979,0.0,0.0,0.0
SE-M,2022,2023-01-01,415.0,264.79326430933145,1.1237171584517267,0.8116483302462518,6.180000000000001,0.0,1.0,0.0,0.0,0.0
SE-M,2022,2023-01-08,309.0,225.57675017298732,1.1145805866500083,0.7557118991081898,5.228571428571428,0.0,1.0,0.0,0.0,0.0
SE-M,2022,2023-01-15,137.0,168.57319080994574,1.238064818159741,0.8039610534015693,5.845714285714286,0.0,0.2053682549326616,0.0,0.0,0.0
SE-M,2022,2023-01-22,49.0,109.2278013504276,1.451619803065013,0.9113474325565162,1.6400000000000001,0.0,0.0,0.0,0.0,0.0
SE-M,2022,2023-01-29,40.0,82.37884682360634,1.6686388220724182,1.0143648642481893,1.215714285714286,0.0,0.0,0.0,0.0,0.0
SE-M,2022,2023-02-05,72.0,75.17676999180964,1.80601204637818,1.0595383780573358,1.7507142857142857,0.0,0.0,0.0,0.0,0.0
SE-M,2022,2023-02-12,110.0,78.8038432994228,1.8630373058879763,1.049353770553195,2.6685714285714286,0.0,0.0,0.0,0.0,0.0
SE-M,2022,2023-02-19,100.0,85.67455378788645,1.897227219879041,1.0212945895645402,4.6207142857142856,0.0,0.0,0.0,0.0,0.0
SE-M,2022,2023-02-26,99.0,90.65334597497508,1.9464060871227982,0.9984872845477569,3.0707142857142857,0.0,0.0,0.9800997601891607,0.0,0.0
SE-M,2022,2023-03-05,85.0,92.08728546272413,2.0049204340883158,0.9787957755641765,1.905,0.0,0.0,0.019900239810839226,0.0,0.0
SE-M,2022,2023-03-12,69.0,90.30705770077992,2.0396637366329697,0.9480523657362451,-0.20857142857142866,0.0,0.0,0.0,0.0,0.0
SE-M,2022,2023-03-19,103.0,85.04201347103646,2.042886604079684,0.9070264021175093,5.1971428571428575,0.0,0.0,0.0,0.0,0.0
SE-M,2022,2023-03-26,79.0,75.5673885510636,2.035747386954191,0.8687401197324128,6.968571428571429,0.0,0.0,0.0,0.0,0.0
SE-M,2022,2023-04-02,60.0,62.85616864848707,2.0242139321144994,0.8366620897536189,3.8757142857142854,0.0,0.0,0.0,0.0,0.0
SE-M,2022,2023-04-09,46.0,47.95031713642018,2.008792428943408,0.8103991174073101,4.425714285714286,0.0,0.0,0.0,0.7578057518202803,0.0
SE-M,2022,2023-04-16,44.0,37.74805674572313,2.00323505293692,0.7941053179708696,7.867857142857143,0.0,0.0,0.0,0.24219424817971952,0.0
SE-M,2022,2023-04-23,29.0,26.038809693433357,2.016738216546297,0.7896448393145988,9.969285714285716,0.0,0.0,0.0,0.0,0.0
SE-M,2022,2023-04-30,10.0,18.168743324771132,2.0314049418420437,0.7885412963462116,7.878571428571431,0.0,0.0,0.0,0.0,0.0
SE-M,2022,2023-05-07,13.0,12.608659625193525,2.0252153130287995,0.7814140651249604,8.096428571428572,0.0,0.0,0.0,0.0,0.0
SE-M,2022,2023-05-14,8.0,8.71672554840437,1.998072221990664,0.7677591769847022,13.687142857142858,0.0,0.0,0.0,0.0,0.0
SE-M,2022,2023-05-21,9.0,5.949048662471635,1.966306398949309,0.7534623196427102,12.387142857142857,0.0,0.0,0.0,0.0,0.0
SE-M,2022,2023-05-28,6.0,3.9818102246469733,1.9471952056349993,0.7447789609857637,14.237142857142857,0.0,0.0,0.0,0.0,0.0
SE-M,2022,2023-06-04,1.0,2.626564086885047,1.9415026662991932,0.7417096880328357,14.435714285714287,0.0,0.0,0.0,0.0,0.0
SE-M,2022,2023-06-11,1.0,1.731829435317334,1.9408203822956192,0.7408524484849197,16.587857142857143,0.0,0.0,0.0,0.0,0.05991371129622848
SE-O,2022,2022-07-03,,0.8294243130192266,1.0410431967756408,1.0409290633185997,19.907857142857143,0.0,0.0,0.0,0.0,1.0
SE-O,2022,2022-07-10,,0.9208044893598518,1.0425968068150715,1.042181884418493,16.57357142857143,0.0,0.0,0.0,0.0,1.0
SE-O,2022,2022-07-17,,1.112618367206046,1.0433254666542797,1.042548732434444,16.971428571428568,0.0,0.0,0.0,0.0,1.0
SE-O,2022,2022-07-24,,1.336722688612637,1.042512114055041,1.0413096038296323,20.15428571428572,0.0,0.0,0.0,0.0,1.0
SE-O,2022,2022-07-31,1.0,1.5768946837206586,1.038086699995797,1.036397108428188,17.845,0.0,0.0,0.0,0.0,1.0
SE-O,2022,2022-08-07,2.0,1.8257023842625055,1.0264192544272723,1.0241970754031802,17.087142857142858,0.0,0.0,0.0,0.0,1.0
SE-O,2022,2022-08-14,0.0,2.064352562373481,1.0030292288467517,1.000267192732697,19.61642857142857,0.0,0.0,0.0,0.0,1.0
SE-O,2022,2022-08-21,4.0,2.253164918679177,0.9690824613591191,0.9658195348435229,20.31357142857143,0.0,0.0,0.0,0.0,0.47782182827740155
SE-O,2022,2022-08-28,4.0,2.338528901849898,0.9340467345564082,0.9303400257800003,18.106428571428573,0.0,0.0,0.0,0.0,0.0081820362655258
SE-O,2022,2022-09-04,3.0,2.291613494293883,0.9064896685916101,0.9023860198424126,14.510714285714286,0.0,0.0,0.0,0.0,0.0
SE-O,2022,2022-09-11,3.0,2.13405206945954,0.8913853613304169,0.8869036523826554,14.106428571428571,0.0,0.0,0.0,0.0,0.0
SE-O,2022,2022-09-18,2.0,1.9221129874450735,0.8909645121824801,0.8860884564592982,13.352142857142857,0.0,0.0,0.0,0.0,0.0
SE-O,2022,2022-09-25,1.0,1.7154535225042977,0.9046179135691992,0.8993032148982946,11.416428571428574,0.0,0.0,0.0,0.0,0.0
SE-O,2022,2022-10-02,1.0,1.5560725570072065,0.930648341471685,0.9248287141077374,11.015714285714287,0.0,0.0,0.0,0.0,0.0
SE-O,2022,2022-10-09,1.0,1.4661511844258923,0.9685618612590868,0.9621412073971679,11.725,0.0,0.0,0.0,0.0,0.0
SE-O,2022,2022-10-16,2.0,1.4595603406937028,1.019492040624949,1.0123262181137545,11.022142857142857,0.0,0.0,0.0,0.0,0.0
SE-O,2022,2022-10-23,0.0,1.558032102420765,1.08414618443178,1.076025354993519,8.62857142857143,0.0,0.0,0.0,0.0,0.0
SE-O,2022,2022-10-30,3.0,1.809918740197,1.1639428928121343,1.1545404311400898,12.244285714285718,0.0,0.0,0.0,0.0,0.0
SE-O,2022,2022-11-06,1.0,2.325172118061901,1.2623423768957918,1.2510852869671336,10.662857142857144,1.0,0.0,0.0,0.0,0.0
SE-O,2022,2022-11-13,5.0,3.374502487723916,1.382061334062173,1.3678288038818358,11.522857142857145,0.0,0.0,0.0,0.0,0.0
SE-O,2022,2022-11-20,2.0,5.682146398853112,1.515598042580555,1.4959397566919892,4.235714285714286,0.0,0.0,0.0,0.0,0.0
SE-O,2022,2022-11-27,10.0,11.340141867370468,1.6362518217160216,1.6050836868514338,3.150714285714286,0.0,0.0,0.0,0.0,0.0
SE-O,2022,2022-12-04,26.0,26.458641104051516,1.7047995191279899,1.646134234295825,2.7192857142857148,0.0,0.0,0.0,0.0,0.0
SE-O,2022,2022-12-11,51.0,66.93281738512212,1.647795421482656,1.5292399432920074,-2.9214285714285717,0.0,0.0,0.0,0.0,0.0
SE-O,2022,2022-12-18,134.0,155.18498261329796,1.4302565236864793,1.2268472646197768,-4.371428571428571,0.0,0.0,0.0,0.0,0.0
SE-O,2022,2022-12-25,369.0,264.7720824670594,1.1923281942519066,0.9232813980409366,1.6364285714285713,0.0,0.4661379478566324,0.0,0.0,0.0
SE-O,2022,2023-01-01,329.0,298.39435179357315,1.0848735618917744,0.7703911699959772,4.378571428571428,0.0,1.0,0.0,0.0,0.0
SE-O,2022,2023-01-08,240.0,232.446142797607,1.131999695747938,0.7579295266129955,2.177142857142857,0.0,1.0,0.0,0.0,0.0
SE-O,2022,2023-01-15,151.0,165.72701951009236,1.3135793042512929,0.8438291402475889,5.115,0.0,0.1384315087164952,0.0,0.0,0.0
SE-O,2022,2023-01-22,67.0,109.58658318551409,1.5625678173733692,0.9688175707346584,1.0064285714285712,0.0,0.0,0.0,0.0,0.0
SE-O,2022,2023-01-29,71.0,89.72520387817102,1.7569774395818096,1.0496391480833658,1.7521428571428572,0.0,0.0,0.0,0.0,0.0
SE-O,2022,2023-02-05,101.0,89.04180147786744,1.8282609672042225,1.0468976644423265,0.4064285714285714,0.0,0.0,0.0,0.0,0.0
SE-O,2022,2023-02-12,114.0,95.53816639695613,1.8252799761800482,0.9976169641378968,3.2635714285714283,0.0,0.0,0.0,0.0,0.0
SE-O,2022,2023-02-19,105.0,99.02307792134532,1.8341118764025006,0.9563535821125916,3.93,0.0,0.0,0.8465485235113981,0.0,0.0
SE-O,2022,2023-02-26,113.0,95.54104952115524,1.9186788257910774,0.9562275981359415,1.9700000000000004,0.0,0.0,0.14161610224608123,0.0,0.0
SE-O,2022,2023-03-05,80.0,88.58378322780965,2.083717594330423,0.9933378941725329,1.7828571428571427,0.0,0.0,0.011835374242520819,0.0,0.0
SE-O,2022,2023-03-12,61.0,84.14711334974263,2.2427051622416734,1.0203690088474586,-3.1664285714285714,0.0,0.0,0.0,0.0,0.0
SE-O,2022,2023-03-19,85.0,84.31989394778722,2.31157873217822,1.0001919825037768,3.7342857142857144,0.0,0.0,0.0,0.0,0.0
SE-O,2022,2023-03-26,100.0,85.37518548297871,2.30721726935878,0.9485120389301075,5.440714285714285,0.0,0.0,0.0,0.0,0.0
SE-O,2022,2023-04-02,83.0,81.94112560017565,2.2770614820019324,0.8928468253946946,0.6528571428571429,0.0,0.0,0.0,0.0,0.0
SE-O,2022,2023-04-09,64.0,70.38008377825703,2.2423461345327866,0.845063683259775,4.248571428571429,0.0,0.0,0.0,0.2441504246621627,0.0
SE-O,2022,2023-04-16,77.0,60.14791106954138,2.233312861146323,0.8163196398763863,8.517142857142858,0.0,0.0,0.0,0.7558495753378374,0.0
SE-O,2022,2023-04-23,35.0,43.85850533964755,2.254534906940972,0.8057681836277331,10.488571428571428,0.0,0.0,0.0,0.0,0.0
SE-O,2022,2023-04-30,27.0,31.697195190676737,2.26571797593287,0.796757444054192,7.296428571428572,0.0,0.0,0.0,0.0,0.0
SE-O,2022,2023-05-07,24.0,22.468583505705524,2.2432110263267084,0.7799001642975799,7.944999999999999,0.0,0.0,0.0,0.0,0.0
SE-O,2022,2023-05-14,13.0,15.602193301908576,2.187601128637085,0.7547219017332215,15.147142857142857,0.0,0.0,0.0,0.0,0.0
SE-O,2022,2023-05-21,14.0,10.4761622916714,2.122779314882199,0.7287353704346711,13.137857142857143,0.0,0.0,0.0,0.0,0.0
SE-O,2022,2023-05-28,12.0,6.730721741756069,2.0824235150828763,0.7127057257780429,14.592142857142857,0.0,0.0,0.0,0.0,0.0
SE-O,2022,2023-06-04,1.0,4.158589728384968,2.07031236219692,0.7072592979576069,13.985714285714286,0.0,0.0,0.0,0.0,0.0
SE-O,2022,2023-06-11,1.0,2.519848060329875,2.0688888607896607,0.7059857984287662,17.157142857142862,0.0,0.0,0.0,0.0,0.0611725605687207
SE-rest,2022,2022-07-03,,8.457174689422757,1.060116079254104,1.0599506948747723,21.182951245343645,0.0,0.0,0.0,0.0,1.0
SE-rest,2022,2022-07-10,,9.562491532233485,1.0622843071523955,1.0616738060313076,16.15173437114662,0.0,0.0,0.0,0.0,1.0
SE-rest,2022,2022-07-17,,11.92640861388343,1.0626623603464977,1.061500551472747,16.35414975842897,0.0,0.0,0.0,0.0,1.0
SE-rest,2022,2022-07-24,,14.761853822887119,1.0563482587870374,1.0545308483541245,19.260527907394728,0.0,0.0,0.0,0.0,1.0
SE-rest,2022,2022-07-31,13.0,17.816171730187353,1.032164645882951,1.0296333014752188,17.24857761147764,0.0,0.0,0.0,0.0,1.0
SE-rest,2022,2022-08-07,25.0,20.68189064858862,0.9871284517817369,0.9839147652314341,17.797373063637572,0.0,0.0,0.0,0.0,1.0
SE-rest,2022,2022-08-14,21.0,22.523087976466076,0.9320023578403139,0.9282152968947723,19.514576305849307,0.0,0.0,0.0,0.0,0.9994871560896222
SE-rest,2022,2022-08-21,27.0,22.568119540895424,0.8826118508605677,0.8783706250505761,20.792301305042304,0.0,0.0,0.0,0.0,0.4194925286111721
SE-rest,2022,2022-08-28,25.0,20.773357961432097,0.8577223465965923,0.8530534990686266,17.209372953549035,0.0,0.0,0.0,0.0,0.020656937267001112
SE-rest,2022,2022-09-04,18.0,18.0179580839878,0.8646854484322369,0.8595099363106141,12.06247610888328,0.0,0.0,0.0,0.0,0.0
SE-rest,2022,2022-09-11,11.0,15.460237825596547,0.895490045949591,0.8896992101561486,12.425760848212418,0.0,0.0,0.0,0.0,0.0
SE-rest,2022,2022-09-18,11.0,13.79502733856881,0.9356894389074776,0.9292092052195369,12.208230388531478,0.0,0.0,0.0,0.0,0.0
SE-rest,2022,2022-09-25,12.0,13.161675487797437,0.97451429750245,0.9673076742479313,10.570415706639665,0.0,0.0,0.0,0.0,0.0
SE-rest,2022,2022-10-02,15.0,13.443134184011502,1.0048308938409138,0.9968910087576978,10.354400198236721,0.0,0.0,0.0,0.0,0.0
SE-rest,2022,2022-10-09,8.0,14.47868116609705,1.0205023316000637,1.0118633971444495,10.89247983916707,0.0,0.0,0.0,0.0,0.0
SE-rest,2022,2022-10-16,28.0,16.06109361607873,1.0340105578394228,1.0246018375451633,9.604112864651581,0.0013301719692353222,0.0,0.0,0.0,0.0
SE-rest,2022,2022-10-23,15.0,18.040389037306948,1.0686686744801863,1.058168017889378,6.496347271375832,0.0,0.0,0.0,0.0,0.0
SE-rest,2022,2022-10-30,21.0,20.814368118128797,1.1317513291076655,1.1196306237652234,9.546320897126384,0.0,0.0,0.0,0.0,0.0
SE-rest,2022,2022-11-06,27.0,25.585063436070456,1.234749115436805,1.2200496729614196,8.493605109531416,0.9905540866876795,0.0,0.0,0.0,0.0
SE-rest,2022,2022-11-13,37.0,35.25047060788256,1.385494701146193,1.3663586632072082,8.976582913830326,0.008115741343085127,0.0,0.0,0.0,0.0
SE-rest,2022,2022-11-20,40.0,58.061432179592295,1.5339295342361414,1.507030690627079,1.8562019618619818,0.0,0.0,0.0,0.0,0.0
SE-rest,2022,2022-11-27,119.0,116.91408821294284,1.6007243815289034,1.559251912085554,0.8314531080969397,0.0,0.0,0.0,0.0,0.0
SE-rest,2022,2022-12-04,285.0,263.4910594395542,1.6043882853389808,1.5321055316194883,1.0479110768579072,0.0,0.0,0.0,0.0,0.0
SE-rest,2022,2022-12-11,575.0,590.8061701447974,1.5756586373365609,1.4409312150951494,-5.166176197625239,0.0,0.0,0.0,0.0,0.0
SE-rest,2022,2022-12-18,1136.0,1204.8525925353993,1.437790835436123,1.2146088003965965,-7.290011525449337,0.0,0.0008490278314139176,0.0,0.0,0.0
SE-rest,2022,2022-12-25,1904.0,1947.0356064412397,1.199436810647088,0.9149904373963211,-1.3281612482136482,0.0,0.5056293980170642,0.0,0.0,0.0
SE-rest,2022,2023-01-01,2518.0,2168.3223855170604,1.0491636439751475,0.735649697206645,1.7864911100125036,0.0,1.0,0.0,0.0,0.0
SE-rest,2022,2023-01-08,1676.0,1634.244284110308,1.1105320064133841,0.7382740713204673,-1.5294682226800127,0.0,1.0,0.0,0.0,0.0
SE-rest,2022,2023-01-15,1064.0,1108.6608373394524,1.369511847802094,0.8774266787361155,2.973976327986928,0.0,0.11660342603946962,0.0,0.0,0.0
SE-rest,2022,2023-01-22,584.0,728.18277206924,1.681834108996064,1.0408769344681201,-0.860853823219826,0.0,0.0006412676381238291,0.0,0.0,0.0
SE-rest,2022,2023-01-29,648.0,649.0866676514202,1.8297965291720448,1.0874776288616208,0.20711072316658255,0.0,0.0,0.0,0.0,0.0
SE-rest,2022,2023-02-05,766.0,708.7390168741624,1.810742141399176,1.0260188673237214,-2.563487097602671,0.0,0.0,0.0,0.0,0.0
SE-rest,2022,2023-02-12,812.0,774.3967456117207,1.7884034195280374,0.963863618967558,0.7880699733700632,0.0,0.0,0.0,0.0,0.0
SE-rest,2022,2023-02-19,783.0,770.5898985468617,1.8490787287912336,0.9495375918239743,2.1640676231384814,0.0,0.0,0.06552325580608219,0.0,0.0
SE-rest,2022,2023-02-26,678.0,717.6832906745103,1.9590334053113487,0.9603921394836946,-1.2825205152553365,0.0,0.0,0.3157005105288018,0.0,0.0
SE-rest,2022,2023-03-05,660.0,662.7604646031763,2.0555083454762944,0.9629488748182923,1.7358176368366907,0.0,0.0,0.48245912716620054,0.0,0.0
SE-rest,2022,2023-03-12,634.0,618.217391679763,2.13695731606726,0.9576464451072176,-4.616617858236102,0.0,0.0,0.13631710649891568,0.0,0.0
SE-rest,2022,2023-03-19,576.0,576.0496022777804,2.2168331632394627,0.9517815895469376,1.1550533334651096,0.0,0.0,0.0,0.0,0.0
SE-rest,2022,2023-03-26,524.0,532.412344270723,2.261550236210584,0.9323364114373331,2.792753936791659,0.0,0.0,0.0,0.0,0.0
SE-rest,2022,2023-04-02,468.0,483.0731857584308,2.2322164136793097,0.8871435997572076,-1.9607874335680393,0.0,0.0,0.0,0.0,0.0
SE-rest,2022,2023-04-09,427.0,406.59604004707705,2.179208544530956,0.8402795184884061,1.8514380488675872,0.0,0.0,0.0,0.2089592531433013,0.0
SE-rest,2022,2023-04-16,368.0,344.3276542059094,2.2035587220586295,0.8302181970097502,5.839266757763702,0.0,0.0,0.0,0.7861903915417041,0.0
SE-rest,2022,2023-04-23,241.0,252.2769345821411,2.3050335550230856,0.8531997321390486,8.91154852305847,0.0,0.0,0.0,0.004850355314994877,0.0
SE-rest,2022,2023-04-30,170.0,191.08955444816544,2.35734443885473,0.8603375612090325,5.195042459224644,0.0,0.0,0.0,0.0,0.0
SE-rest,2022,2023-05-07,137.0,149.03303451712804,2.271316613482786,0.8197947012797117,5.698354878508929,0.0,0.0,0.0,0.0,0.0
SE-rest,2022,2023-05-14,141.0,114.31646364100155,2.142582946618143,0.76719305468639,13.288569232216227,0.0,0.0,0.0,0.0,0.0
SE-rest,2022,2023-05-21,93.0,81.39649985628823,2.100135353699822,0.7480698596479813,12.133843191649916,0.0,0.0,0.0,0.0,0.0
SE-rest,2022,2023-05-28,44.0,54.08129446590572,2.1328345686588825,0.7571470563410603,14.338990227051017,0.0,0.0,0.0,0.0,0.0
SE-rest,2022,2023-06-04,24.0,35.31281554397488,2.164637279500801,0.7666953333729805,12.45816476961547,0.0,0.0,0.0,0.0,0.0
SE-rest,2022,2023-06-11,30.0,23.520709755670413,2.1712624747557676,0.7678457855974042,14.865073726340754,0.0,0.0,0.0,0.0,0.10006469345285196
SE-M,2023,2023-07-02,,0.1339572553339003,0.9779356817723119,0.9779122723132004,17.83214285714286,0.0,0.0,0.0,0.0,1.0
SE-M,2023,2023-07-09,,0.17480544861534192,0.9788238439330749,0.9787319460682867,17.245,0.0,0.0,0.0,0.0,1.0
SE-M,2023,2023-07-16,,0.2553887529620107,0.9826792575897335,0.9824951341855845,18.797857142857147,0.0,0.0,0.0,0.0,1.0
SE-M,2023,2023-07-23,,0.34177952482853974,0.9902118055348007,0.9899102058412032,16.24214285714286,0.0,0.0,0.0,0.0,1.0
SE-M,2023,2023-07-30,0.0,0.42914932644784987,1.0006260306208832,1.0001790246116495,17.324285714285715,0.0,0.0,0.0,0.0,1.0
SE-M,2023,2023-08-06,0.0,0.5210407109581665,1.0110702639519864,1.0104472517992489,16.919285714285717,0.0,0.0,0.0,0.0,1.0
SE-M,2023,2023-08-13,0.0,0.621506570676405,1.0187821215793036,1.0179507897255786,15.481428571428575,0.0,0.0,0.0,0.0,1.0
SE-M,2023,2023-08-20,2.0,0.7325762081216518,1.024907685780519,1.0238322761684278,19.020000000000003,0.0,0.0,0.0,0.0,0.3286817443573655
SE-M,2023,2023-08-27,1.0,0.8549216723511613,1.0332387727091656,1.031875125223664,17.957857142857144,0.0,0.0,0.0,0.0,0.0
SE-M,2023,2023-09-03,1.0,0.9920745965433677,1.0455338049707805,1.043825666612469,15.651428571428573,0.0,0.0,0.0,0.0,0.0
SE-M,2023,2023-09-10,1.0,1.1530929333836653,1.0614494519056275,1.0593250343348628,18.812142857142856,0.0,0.0,0.0,0.0,0.0
SE-M,2023,2023-09-17,1.0,1.3525612026691087,1.0781179104941052,1.0754892760504808,16.410714285714285,0.0,0.0,0.0,0.0,0.0
SE-M,2023,2023-09-24,0.0,1.608532819666351,1.0900185080206182,1.0867879376066425,16.697142857142858,0.0,0.0,0.0,0.0,0.0
SE-M,2023,2023-10-01,3.0,1.9354650839812342,1.0942069048889205,1.0902687201444747,15.682142857142859,0.0,0.0,0.0,0.0,0.0
SE-M,2023,2023-10-08,2.0,2.3358126889872026,1.0937106431458583,1.088938924060887,12.899285714285716,0.0,0.0,0.0,0.0,0.0
SE-M,2023,2023-10-15,5.0,2.80396947674814,1.0968707687983403,1.0910855695507764,11.78357142857143,0.0,0.0,0.0,0.0,0.0
SE-M,2023,2023-10-22,5.0,3.3475957442445257,1.1151358700715053,1.1080345542124177,7.8292857142857155,0.0,0.0,0.0,0.0,0.0
SE-M,2023,2023-10-29,3.0,4.03491737914361,1.1539787043088803,1.14506286435428,7.736428571428571,0.0,0.0,0.0,0.0,0.0
SE-M,2023,2023-11-05,5.0,5.048593639890536,1.2120114636593762,1.200465959351755,8.747857142857143,1.0,0.0,0.0,0.0,0.0
SE-M,2023,2023-11-12,5.0,6.759023046376747,1.2818607424043236,1.26631041799685,8.15,0.0,0.0,0.0,0.0,0.0
SE-M,2023,2023-11-19,6.0,9.899648095815984,1.3492935404109512,1.3273363225565575,3.6292857142857144,0.0,0.0,0.0,0.0,0.0
SE-M,2023,2023-11-26,22.0,15.901256854111285,1.402843376412091,1.3700392736167364,1.9157142857142861,0.0,0.0,0.0,0.0,0.0
SE-M,2023,2023-12-03,11.0,27.443443496874522,1.416055590157324,1.365062291407306,-4.799285714285714,0.0,0.0,0.0,0.0,0.0
SE-M,2023,2023-12-10,48.0,48.354468556920395,1.355242099469578,1.2776537776996435,0.9478571428571428,0.0,0.0,0.0,0.0,0.0
SE-M,2023,2023-12-17,95.0,78.96300434125753,1.2467041470634643,1.1375020174134518,3.056428571428572,0.0,0.0,0.0,0.0,0.0
SE-M,2023,2023-12-24,144.0,109.03425549837483,1.154947367862032,1.0134080913593848,4.2092857142857145,0.0,0.3873096047730976,0.0,0.0,0.0
SE-M,2023,2023-12-31,136.0,123.95583005481035,1.1207692014451085,0.9455506003982015,4.912142857142858,0.0,1.0,0.0,0.0,0.0
SE-M,2023,2024-01-07,117.0,121.02610062099953,1.1480695378298431,0.9340083100297473,-3.9392857142857145,0.0,1.0,0.0,0.0,0.0
SE-M,2023,2024-01-14,90.0,109.70597697366009,1.2205534613087858,0.959927214041774,-1.5607142857142862,0.0,0.2640497133009519,0.0,0.0,0.0
SE-M,2023,2024-01-21,90.0,99.71331376070088,1.3119865022742438,0.9979756630071916,-1.5378571428571426,0.0,0.0,0.0,0.0,0.0
SE-M,2023,2024-01-28,80.0,95.29335739043367,1.3876307981359786,1.019323251037964,4.576428571428572,0.0,0.0,0.0,0.0,0.0
SE-M,2023,2024-02-04,84.0,95.90622391724192,1.4130554009672605,1.0002598551150417,5.052857142857143,0.0,0.0,0.0,0.0,0.0
SE-M,2023,2024-02-11,105.0,97.22255920751509,1.3868116711493699,0.9457862149837234,1.6392857142857145,0.0,0.0,0.0,0.0,0.0
SE-M,2023,2024-02-18,124.0,93.31164685677052,1.3458340432081908,0.887301003701548,4.409999999999999,0.0,0.0,0.0,0.0,0.0
SE-M,2023,2024-02-25,78.0,81.80465064001773,1.322594651953434,0.8480396022414745,5.222857142857142,0.0,0.0,1.0,0.0,0.0
SE-M,2023,2024-03-03,77.0,65.88356910992604,1.3231566018328462,0.8303372851442553,4.460714285714286,0.0,0.0,0.0,0.0,0.0
SE-M,2023,2024-03-10,32.0,50.208106955488034,1.33392474876544,0.8236501880887974,2.1428571428571432,0.0,0.0,0.0,0.0,0.0
SE-M,2023,2024-03-17,39.0,37.29114376818981,1.3385883268443755,0.8166478395747141,5.524285714285716,0.0,0.0,0.0,0.0,0.0
SE-M,2023,2024-03-24,28.0,27.339530194447867,1.3377774084821918,0.8090059236556275,4.604285714285715,0.0,0.0,0.0,0.0,0.0
SE-M,2023,2024-03-31,21.0,19.310261015190655,1.3394590522594334,0.8049029701237816,7.364285714285715,0.0,0.0,0.0,0.7292188438401652,0.0
SE-M,2023,2024-04-07,17.0,14.683853746866385,1.3516019798297592,0.8085100488977204,7.182142857142857,0.0,0.0,0.0,0.258381829814101,0.0
SE-M,2023,2024-04-14,9.0,10.158857105369643,1.3748494363103716,0.8196978289220098,11.180000000000001,0.0,0.0,0.0,0.012399326345733595,0.0
SE-M,2023,2024-04-21,6.0,7.3646371335995235,1.4013628833427507,0.8334447071701051,5.600714285714285,0.0,0.0,0.0,0.0,0.0
SE-M,2023,2024-04-28,4.0,5.468511106238953,1.4212206185648408,0.8436576013525346,6.351428571428572,0.0,0.0,0.0,0.0,0.0
SE-M,2023,2024-05-05,4.0,4.166278733684555,1.4280529739269134,0.8464644030744152,14.339285714285714,0.0,0.0,0.0,0.0,0.0
SE-M,2023,2024-05-12,3.0,3.231134638986012,1.4228660336100252,0.8424168058652635,11.494285714285715,0.0,0.0,0.0,0.0,0.0
SE-M,2023,2024-05-19,5.0,2.5206714859677577,1.4140682340295998,0.836454806060463,15.675,0.0,0.0,0.0,0.0,0.0
SE-M,2023,2024-05-26,2.0,1.9624649654268826,1.409096245686115,0.8329307380432239,16.887857142857147,0.0,0.0,0.0,0.0,0.0
SE-M,2023,2024-06-02,1.0,1.5260610881202628,1.4077291515275216,0.8316679117717817,17.816428571428574,0.0,0.0,0.0,0.0,0.0
SE-M,2023,2024-06-09,1.0,1.1922042897052212,1.407567497459432,0.8312135708673407,14.132142857142858,0.0,0.0,0.0,0.0,0.06217642486057033
SE-O,2023,2023-07-02,,0.23923884715342486,0.9515527080888978,0.9515272945081916,17.892142857142854,0.0,0.0,0.0,0.0,1.0
SE-O,2023,2023-07-09,,0.2702316443834393,0.9492529269403266,0.9491608874914885,16.347142857142856,0.0,0.0,0.0,0.0,1.0
SE-O,2023,2023-07-16,,0.32919531614319053,0.9472915177670179,0.9471212913412355,17.512857142857143,0.0,0.0,0.0,0.0,1.0
SE-O,2023,2023-07-23,,0.38794324425518445,0.9462769538973894,0.9460179584276559,15.641428571428573,0.0,0.0,0.0,0.0,1.0
SE-O,2023,2023-07-30,1.0,0.44100743105856083,0.9475420276922852,0.9471839137636049,16.135714285714286,0.0,0.0,0.0,0.0,1.0
SE-O,2023,2023-08-06,0.0,0.4893810470154545,0.951203705998825,0.9507358198207948,16.302142857142858,0.0,0.0,0.0,0.0,1.0
SE-O,2023,2023-08-13,0.0,0.5354052670613667,0.954690508832816,0.9541029545990131,15.327857142857143,0.0,0.0,0.0,0.0,1.0
SE-O,2023,2023-08-20,0.0,0.5806492946457283,0.9558167745550696,0.9551014442572026,18.201428571428576,0.0,0.0,0.0,0.0,0.753036463998823
SE-O,2023,2023-08-27,2.0,0.6245600917246188,0.9574370489366879,0.9565846621130457,16.55142857142857,0.0,0.0,0.0,0.0,0.03052632741022037
SE-O,2023,2023-09-03,2.0,0.6664630094769661,0.9664672500578072,0.9654608620205438,15.626428571428574,0.0,0.0,0.0,0.0,0.0
SE-O,2023,2023-09-10,0.0,0.7106900730810355,0.9864361102312493,0.98524834928172,18.34857142857143,0.0,0.0,0.0,0.0,0.0
SE-O,2023,2023-09-17,0.0,0.7684338409887048,1.0160794812968696,1.0146725144277755,15.726428571428572,0.0,0.0,0.0,0.0,0.0
SE-O,2023,2023-09-24,1.0,0.8553193362380624,1.0535964521468966,1.0519176472810354,15.702857142857145,0.0,0.0,0.0,0.0,0.0
SE-O,2023,2023-10-01,0.0,0.9917974901651314,1.0957354945281776,1.0937121577958688,15.48142857142857,0.0,0.0,0.0,0.0,0.0
SE-O,2023,2023-10-08,0.0,1.2076320699855376,1.1368896918735194,1.1344231072269386,10.945714285714287,0.0,0.0,0.0,0.0,0.0
SE-O,2023,2023-10-15,3.0,1.5461972456504547,1.1749855202138129,1.1719287229582636,10.280714285714287,0.0,0.0,0.0,0.0,0.0
SE-O,2023,2023-10-22,1.0,2.0743283672178485,1.2100460118117407,1.2061686197018566,5.799285714285714,0.0,0.0,0.0,0.0,0.0
SE-O,2023,2023-10-29,3.0,2.905335373545214,1.2420282623898886,1.23696168525672,5.1450000000000005,0.0,0.0,0.0,0.0,0.0
SE-O,2023,2023-11-05,7.0,4.232985014645379,1.2778823628803835,1.2709815070724504,6.522142857142858,1.0,0.0,0.0,0.0,0.0
SE-O,2023,2023-11-12,4.0,6.427638465605176,1.3217034353234702,1.311799616504559,6.7299999999999995,0.0,0.0,0.0,0.0,0.0
SE-O,2023,2023-11-19,11.0,10.271359151456508,1.3697761506367045,1.3547002377789654,0.7864285714285714,0.0,0.0,0.0,0.0,0.0
SE-O,2023,2023-11-26,18.0,17.3899389856782,1.4161955651079958,1.3917727683998031,1.2942857142857136,0.0,0.0,0.0,0.0,0.0
SE-O,2023,2023-12-03,23.0,31.08976859512422,1.4285584468216368,1.3876066254211448,-5.450714285714286,0.0,0.0,0.0,0.0,0.0
SE-O,2023,2023-12-10,47.0,56.531850761264536,1.362680584984019,1.2966284211156704,-1.5314285714285716,0.0,0.0,0.0,0.0,0.0
SE-O,2023,2023-12-17,116.0,95.05202303263856,1.2479273768923627,1.151219525391628,1.707857142857143,0.0,0.0,0.0,0.0,0.0
SE-O,2023,2023-12-24,159.0,134.26098857783097,1.168665220302369,1.0379881668952629,1.625,0.0,0.38000484619065966,0.0,0.0,0.0
SE-O,2023,2023-12-31,152.0,157.02858013193838,1.1604676194047552,0.9901827170246456,2.1242857142857146,0.0,1.0,0.0,0.0,0.0
SE-O,2023,2024-01-07,152.0,161.70885573958896,1.2027474437668535,0.9856058834537126,-6.839999999999999,0.0,1.0,0.0,0.0,0.0
SE-O,2023,2024-01-14,136.0,158.48062984856398,1.254463805126918,0.9868081697036056,-3.065714285714286,0.0,0.15593863436539038,0.0,0.0,0.0
SE-O,2023,2024-01-21,155.0,154.34455030651912,1.2902798659626566,0.9739605622366568,-4.512857142857144,0.0,0.0,0.0,0.0,0.0
SE-O,2023,2024-01-28,169.0,148.93035120455542,1.320623818010723,0.9572423353305106,3.8857142857142857,0.0,0.0,0.0,0.0,0.0
SE-O,2023,2024-02-04,128.0,140.3535365653924,1.3470135528756795,0.9393575143624392,4.743571428571428,0.0,0.0,0.0,0.0,0.0
SE-O,2023,2024-02-11,121.0,128.67191736072496,1.342351966672481,0.9035960943559286,-1.7349999999999997,0.0,0.0,0.0,0.0,0.0
SE-O,2023,2024-02-18,107.0,113.11904111412024,1.3009172833136493,0.8498757586464939,2.111428571428571,0.0,0.0,0.8465485235113981,0.0,0.0
SE-O,2023,2024-02-25,118.0,92.56926406275785,1.2620190332724237,0.8057738145947557,4.352857142857143,0.0,0.0,0.14161610224608123,0.0,0.0
SE-O,2023,2024-03-03,73.0,69.57485900567279,1.2593731028013966,0.7910648145239192,4.542142857142857,0.0,0.0,0.011835374242520819,0.0,0.0
SE-O,2023,2024-03-10,36.0,49.284800633201016,1.287490400331879,0.7995149614682896,1.7228571428571426,0.0,0.0,0.0,0.0,0.0
SE-O,2023,2024-03-17,43.0,34.39698901136423,1.3488751367779221,0.8307250768250334,4.613571428571428,0.0,0.0,0.0,0.0,0.0
SE-O,2023,2024-03-24,28.0,24.673721312345073,1.458896026994569,0.8927028726166597,3.733571428571429,0.0,0.0,0.0,0.0,0.0
SE-O,2023,2024-03-31,9.0,18.625759952766337,1.5893553745759526,0.9670181287510652,6.9799999999999995,0.0,0.0,0.0,0.21358163063275984,0.0
SE-O,2023,2024-04-07,7.0,17.16448313117825,1.6596232039268324,1.0041280615009822,4.491428571428571,0.0,0.0,0.0,0.7680431357706166,0.0
SE-O,2023,2024-04-14,10.0,16.17007242376436,1.621077992308909,0.9752705865995804,9.565,0.0,0.0,0.0,0.018375233596623686,0.0
SE-O,2023,2024-04-21,39.0,15.952781744433686,1.5332620870408498,0.917551381919325,4.713571428571429,0.0,0.0,0.0,0.0,0.0
SE-O,2023,2024-04-28,12.0,14.74536994787859,1.4636480822744216,0.8719535628564172,6.1085714285714285,0.0,0.0,0.0,0.0,0.0
SE-O,2023,2024-05-05,8.0,12.525075187015672,1.403241403584514,0.8330083631564988,14.305714285714288,0.0,0.0,0.0,0.0,0.0
SE-O,2023,2024-05-12,8.0,9.885317870198762,1.3404763479170625,0.7936779427834055,11.709285714285715,0.0,0.0,0.0,0.0,0.0
SE-O,2023,2024-05-19,15.0,7.285563050081559,1.2916532295732208,0.7634015350824451,17.732142857142858,0.0,0.0,0.0,0.0,0.0
SE-O,2023,2024-05-26,4.0,5.043017652354125,1.2687950785608655,0.7490090425324702,18.336428571428574,0.0,0.0,0.0,0.0,0.0
SE-O,2023,2024-06-02,1.0,3.346237254937086,1.2626422159994648,0.744806410942691,18.255714285714284,0.0,0.0,0.0,0.0,0.0
SE-O,2023,2024-06-09,1.0,2.1855291406928257,1.2619004604294812,0.7439955727938783,13.097142857142858,0.0,0.0,0.0,0.0,0.00306114218122255
SE-rest,2023,2023-07-02,,9.927383862500662,0.9540028839688057,0.9538490570404193,18.915774199444872,0.0,0.0,0.0,0.0,1.0
SE-rest,2023,2023-07-09,,9.952435327710894,0.9468381342813732,0.9463296272682641,16.303100458242547,0.0,0.0,0.0,0.0,1.0
SE-rest,2023,2023-07-16,,9.94195094439132,0.9348175632872444,0.9339691948306494,17.957919988961745,0.0,0.0,0.0,0.0,1.0
SE-rest,2023,2023-07-23,,9.789503895154791,0.9194681837175598,0.9183050280594544,15.789215327348696,0.0,0.0,0.0,0.0,1.0
SE-rest,2023,2023-07-30,11.0,9.441229453315437,0.9059624673384297,0.9045107523766708,16.43778204988677,0.0,0.0,0.0,0.0,1.0
SE-rest,2023,2023-08-06,10.0,8.91597136770347,0.9007738458528525,0.8990475193091952,16.275980248740126,0.0,0.0,0.0,0.0,1.0
SE-rest,2023,2023-08-13,8.0,8.321231108969407,0.9057794318400539,0.9037776188682692,15.587580980685745,0.0,0.0,0.0,0.0,0.999462786526827
SE-rest,2023,2023-08-20,6.0,7.798656793793185,0.9177440637385309,0.915459023964744,17.515008633497843,0.0,0.0,0.0,0.0,0.7168843800212056
SE-rest,2023,2023-08-27,8.0,7.444899879160973,0.9340877389774753,0.9315059790532171,16.25057091986647,0.0,0.0,0.0,0.0,0.07944191225560979
SE-rest,2023,2023-09-03,7.0,7.297128579703898,0.9555732600146695,0.9526674416309123,14.668890071435891,0.0,0.0,0.0,0.0,0.0
SE-rest,2023,2023-09-10,8.0,7.380528879029775,0.9839611621788152,0.980683346732209,16.998250356293646,0.0,0.0,0.0,0.0,0.0
SE-rest,2023,2023-09-17,7.0,7.749232240182927,1.0214250221010974,1.0176973319460214,14.077962323920957,0.0,0.0,0.0,0.0,0.0
SE-rest,2023,2023-09-24,10.0,8.519574609891912,1.0707230858623888,1.0664202724397305,14.656379946704535,0.0,0.0,0.0,0.0,0.0
SE-rest,2023,2023-10-01,8.0,9.928403930938721,1.1310886350105254,1.1260236445758594,13.755427930393022,0.0,0.0,0.0,0.0,0.0
SE-rest,2023,2023-10-08,11.0,12.442780881584422,1.1963846474517397,1.1902855273900161,8.653208095313458,0.0,0.0,0.0,0.0,0.0
SE-rest,2023,2023-10-15,20.0,16.925047936838524,1.26103355127536,1.2534587340642624,8.00078329383691,0.0013301719692353222,0.0,0.0,0.0,0.0
SE-rest,2023,2023-10-22,17.0,25.017322691874263,1.296502775695439,1.286868226211491,3.956032312957174,0.0,0.0,0.0,0.0,0.0
SE-rest,2023,2023-10-29,32.0,39.25169788477424,1.2579685204877438,1.24581068398693,2.9059743066283987,0.0003191058861565043,0.0,0.0,0.0,0.0
SE-rest,2023,2023-11-05,74.0,60.44806280726571,1.182987179579062,1.1677762587031102,4.099283743735788,0.990234980801523,0.0,0.0,0.0,0.0
SE-rest,2023,2023-11-12,113.0,84.59825235259953,1.185027833552298,1.1648563215863963,5.123257697624436,0.008115741343085127,0.0,0.0,0.0,0.0
SE-rest,2023,2023-11-19,94.0,111.35051865487104,1.3107913994473197,1.2809356729345682,-1.958497004120061,0.0,0.0,0.0,0.0,0.0
SE-rest,2023,2023-11-26,140.0,160.10057672416053,1.4768563584827823,1.4287825105179297,-1.472817686794294,0.0,0.0,0.0,0.0,0.0
SE-rest,2023,2023-12-03,251.0,281.1161677054928,1.5254653401456328,1.4464032043804418,-5.535949224739413,0.0,0.0,0.0,0.0,0.0
SE-rest,2023,2023-12-10,589.0,547.2582772342649,1.4124583701774445,1.2895692350426151,-5.242863718770913,0.0,0.0,0.0,0.0,0.0
SE-rest,2023,2023-12-17,975.0,942.0334300750746,1.2562585417883405,1.085268903040953,-1.5909551632730725,0.0,0.0,0.0,0.0,0.0
SE-rest,2023,2023-12-24,1217.0,1255.750006670655,1.1382165739512944,0.9257145056441903,-0.5794912103338709,0.0,0.4385243448354253,0.0,0.0,0.0
SE-rest,2023,2023-12-31,1381.0,1285.5597572606168,1.1032283663542348,0.8513639360052736,-2.3625652628012683,0.0,1.0,0.0,0.0,0.0
SE-rest,2023,2024-01-07,1081.0,1082.540285775482,1.1789483641908682,0.8723985180917995,-10.354588128181812,0.0,1.0,0.0,0.0,0.0
SE-rest,2023,2024-01-14,793.0,852.2069301208293,1.323807724830251,0.944741652851129,-2.3376062080184714,0.0,0.15573208574581526,0.0,0.0,0.0
SE-rest,2023,2024-01-21,694.0,715.4614719126839,1.4586328499418157,1.0045415433891902,-8.68708448759155,0.0,0.0,0.0,0.0,0.0
SE-rest,2023,2024-01-28,677.0,673.7129144576094,1.538056613777884,1.0199238836460984,1.2435860074689613,0.0,0.0,0.0,0.0,0.0
SE-rest,2023,2024-02-04,707.0,680.9586987060434,1.5702157367727703,1.0001680757503553,2.3908501652710865,0.0,0.0,0.0,0.0,0.0
SE-rest,2023,2024-02-11,668.0,690.0903246251586,1.5599924852852578,0.954000820695274,-5.520409746734289,0.0,0.0,0.0,0.0,0.0
SE-rest,2023,2024-02-18,669.0,666.4341486040821,1.5136234550707537,0.891455553836586,-0.7337969513715622,0.0,0.0,0.06552325580608219,0.0,0.0
SE-rest,2023,2024-02-25,624.0,590.2890706305584,1.4914294614109436,0.851335725431201,1.9973962417995208,0.0,0.0,0.31725176858717313,0.0,0.0
SE-rest,2023,2024-03-03,494.0,478.06113317030076,1.5306772103683215,0.8525241167602161,2.3709335559808795,0.0,0.0,0.48090786910782907,0.0,0.0
SE-rest,2023,2024-03-10,315.0,371.0104264141247,1.5865326960128538,0.8665103180091938,0.10570147970244599,0.0,0.0,0.13631710649891568,0.0,0.0
SE-rest,2023,2024-03-17,330.0,290.1846637479036,1.6256678798290414,0.8738400918508218,2.610299958179122,0.0,0.0,0.0,0.0,0.0
SE-rest,2023,2024-03-24,203.0,231.21512282880332,1.6492477061331872,0.8750127998126512,1.781607320044172,0.0,0.0,0.0,0.0,0.0
SE-rest,2023,2024-03-31,196.0,181.63918902978236,1.6590459163474305,0.8708719735559891,4.245337774808644,0.0,0.0,0.0,0.05478710953021847,0.0
SE-rest,2023,2024-04-07,160.0,154.74011064775817,1.7065419511727573,0.8880396231624339,1.5796368146033861,0.0,0.0,0.0,0.9311853639655128,0.0
SE-rest,2023,2024-04-14,131.0,121.77910925216082,1.82347775784478,0.9418280009439214,9.102968245628018,0.0,0.0,0.0,0.014027526504268804,0.0
SE-rest,2023,2024-04-21,83.0,104.41415719751005,1.9540755547497415,1.0021296692717943,2.1502443174386205,0.0,0.0,0.0,0.0,0.0
SE-rest,2023,2024-04-28,92.0,98.74634174373527,1.9805895966972948,1.0083184073847347,3.250178625994149,0.0,0.0,0.0,0.0,0.0
SE-rest,2023,2024-05-05,98.0,99.55200425186673,1.8645729718795923,0.9423551391160785,11.481867983463744,0.0,0.0,0.0,0.0,0.0
SE-rest,2023,2024-05-12,109.0,96.57421327433126,1.69202844355828,0.8497439716548711,8.610603216113091,0.0,0.0,0.0,0.0,0.0
SE-rest,2023,2024-05-19,99.0,82.8279730843708,1.5671530960944497,0.7833385605162674,16.683954571189393,0.0,0.0,0.0,0.0,0.0
SE-rest,2023,2024-05-26,53.0,62.016490374416634,1.5092338963836596,0.7520190300828368,15.808955680874845,0.0,0.0,0.0,0.0,0.0
SE-rest,2023,2024-06-02,43.0,42.231613495494145,1.4897416213847408,0.7408049483901784,18.748140416846162,0.0,0.0,0.0,0.0,0.0
SE-rest,2023,2024-06-09,23.0,27.463701085753858,1.4867472748205566,0.7383574915964789,14.533022693274162,0.0,0.0,0.0,0.0,0.04110255561090713
SE-M,2024,2024-06-30,,0.7209868600350049,0.9539855335454881,0.9539337393199344,18.78642857142857,0.0,0.0,0.0,0.0,1.0
SE-M,2024,2024-07-07,,0.7689367557336744,0.9489089086905002,0.9487287882961353,15.70142857142857,0.0,0.0,0.0,0.0,1.0
SE-M,2024,2024-07-14,,0.8578530844519819,0.9406766525670943,0.940358416595117,17.656428571428574,0.0,0.0,0.0,0.0,1.0
SE-M,2024,2024-07-21,,0.9393435807301533,0.9289771302184765,0.9285160703654586,18.580714285714286,0.0,0.0,0.0,0.0,1.0
SE-M,2024,2024-07-28,1.0,0.9988590617634703,0.9152544510834643,0.9146507662806437,18.079285714285714,0.0,0.0,0.0,0.0,1.0
SE-M,2024,2024-08-04,3.0,1.0317212829403246,0.9044396865957102,0.9036943966106703,18.005714285714287,0.0,0.0,0.0,0.0,1.0
SE-M,2024,2024-08-11,1.0,1.0400218439089728,0.9010153356602414,0.9001257927153652,18.583181581088418,0.0,0.0,0.0,0.0,1.0
SE-M,2024,2024-08-18,0.0,1.0345197947394786,0.9045965297027038,0.9035569144932651,18.503762866725584,0.0,0.0,0.0,0.0,0.4566147573162706
SE-M,2024,2024-08-25,1.0,1.0286709353306587,0.9135267960876815,0.9123285516846762,17.353571428571428,0.0,0.0,0.0,0.0,0.0068901367967743625
SE-M,2024,2024-09-01,1.0,1.0326001729777046,0.9269832020119061,0.925613879002408,17.97214285714286,0.0,0.0,0.0,0.0,0.0
SE-M,2024,2024-09-08,0.0,1.053354162201436,0.9429460787010074,0.9413909254973143,21.099285714285713,0.0,0.0,0.0,0.0,0.0
SE-M,2024,2024-09-15,1.0,1.0957353678712403,0.9603687937902832,0.9586095894495938,13.485714285714286,0.0,0.0,0.0,0.0,0.0
SE-M,2024,2024-09-22,3.0,1.1628926152041417,0.9825564143294875,0.9805621550888812,14.760714285714286,0.0,0.0,0.0,0.0,0.0
SE-M,2024,2024-09-29,0.0,1.2620450794870937,1.0116979814187737,1.009421427290136,13.374285714285714,0.0,0.0,0.0,0.0,0.0
SE-M,2024,2024-10-06,1.0,1.4103887905493786,1.0448975265453915,1.042280001313753,8.476428571428572,0.0,0.0,0.0,0.0,0.0
SE-M,2024,2024-10-13,1.0,1.6333370662271025,1.0784581280604495,1.075426823028332,11.275714285714287,0.0,0.0,0.0,0.0,0.0
SE-M,2024,2024-10-20,2.0,1.9636099068772306,1.1103444893315266,1.1068014980751129,10.642857142857142,0.0,0.0,0.0,0.0,0.0
SE-M,2024,2024-10-27,3.0,2.4461608137152364,1.1413637796837577,1.1371640993149652,11.210714285714285,0.0,0.0,0.0,0.0,0.0
SE-M,2024,2024-11-03,3.0,3.1522271421592887,1.1737928942088394,1.1687109771188662,9.839285714285714,1.0,0.0,0.0,0.0,0.0
SE-M,2024,2024-11-10,5.0,4.207913791219364,1.2123841378451377,1.2060441519525575,8.162857142857144,0.0,0.0,0.0,0.0,0.0
SE-M,2024,2024-11-17,8.0,5.858864676181883,1.2645651988655224,1.2562889674447686,7.227142857142858,0.0,0.0,0.0,0.0,0.0
SE-M,2024,2024-11-24,5.0,8.64620108912256,1.326509271296395,1.3150827134880907,1.8314285714285714,0.0,0.0,0.0,0.0,0.0
SE-M,2024,2024-12-01,11.0,13.761931929412388,1.372305481937693,1.3556788258054375,5.877857142857144,0.0,0.0,0.0,0.0,0.0
SE-M,2024,2024-12-08,14.0,23.413000098870853,1.3642640154489516,1.339444051075479,4.131428571428572,0.0,0.0,0.0,0.0,0.0
SE-M,2024,2024-12-15,45.0,40.18147641757827,1.289842224897087,1.2536359828973278,2.06,0.0,0.003082982230078811,0.0,0.0,0.0
SE-M,2024,2024-12-22,78.0,63.543128257271476,1.1899814413441494,1.140114157293416,6.627142857142857,0.0,0.3070897691708177,0.0,0.0,0.0
SE-M,2024,2024-12-29,116.0,86.78284610277245,1.1227108619817578,1.0572159915867627,4.932142857142857,0.0,1.0,0.0,0.0,0.0
SE-M,2024,2025-01-05,114.0,102.40424269006829,1.119470894672683,1.0344573487372917,2.6921428571428576,0.0,1.0,0.0,0.0,0.0
SE-M,2024,2025-01-12,87.0,110.94819313531349,1.1716787670187885,1.0607280514194388,1.862142857142857,0.0,0.3581478187533237,0.0,0.0,0.0
SE-M,2024,2025-01-19,92.0,119.82701542633042,1.2456086894577665,1.101287833670451,2.7478571428571428,0.0,0.0,0.0,0.0,0.0
SE-M,2024,2025-01-26,128.0,136.1253340265456,1.3094588533730147,1.12454762026611,2.827142857142857,0.0,0.0,0.0,0.0,0.0
SE-M,2024,2025-02-02,171.0,162.6716691766598,1.3484258315054372,1.1163388939064887,3.2107142857142854,0.0,0.0,0.0,0.0,0.0
SE-M,2024,2025-02-09,188.0,196.83597048534426,1.3542050071357228,1.071908594532675,2.164285714285714,0.0,0.0,0.0,0.0,0.0
SE-M,2024,2025-02-16,214.0,228.9109286414734,1.3206142158828993,0.9939018460050596,-1.5892857142857142,0.0,0.0,0.0,0.0,0.0
SE-M,2024,2025-02-23,265.0,242.44612522638357,1.2662858968957218,0.9070007010898611,0.8135714285714286,0.0,0.0,1.0,0.0,0.0
SE-M,2024,2025-03-02,292.0,225.52339893033783,1.2335956835348294,0.847166501902462,4.744285714285715,0.0,0.0,0.0,0.0,0.0
SE-M,2024,2025-03-09,196.0,185.2754040911256,1.24527726637849,0.8277139200061218,7.099285714285714,0.0,0.0,0.0,0.0,0.0
SE-M,2024,2025-03-16,99.0,140.88227833486877,1.2816946288410065,0.8310963063301668,3.087142857142857,0.0,0.0,0.0,0.0,0.0
SE-M,2024,2025-03-23,89.0,104.71006481059446,1.310790050213387,0.8340651579904506,4.913571428571429,0.0,0.0,0.0,0.0,0.0
SE-M,2024,2025-03-30,86.0,78.12023806419016,1.319955051203447,0.8279163466232102,6.790000000000001,0.0,0.0,0.0,0.0,0.0
SE-M,2024,2025-04-06,53.0,58.292942585793966,1.3111983059721486,0.8136608010136233,7.535714285714286,0.0,0.0,0.0,0.0,0.0
SE-M,2024,2025-04-13,49.0,42.88087393013216,1.2975565506288211,0.7989811988909661,8.75,0.0,0.0,0.0,0.0,0.0
SE-M,2024,2025-04-20,41.0,30.022691298650027,1.2996279167537694,0.7958898119799983,11.019285714285715,0.0,0.0,0.0,1.0,0.0
SE-M,2024,2025-04-27,15.0,22.46692163412331,1.3237004311403828,0.8074944290022926,9.482857142857142,0.0,0.0,0.0,0.0,0.0
SE-M,2024,2025-05-04,19.0,15.370121574450064,1.3632355773757006,0.8292573145728538,12.164285714285715,0.0,0.0,0.0,0.0,0.0
SE-M,2024,2025-05-11,5.0,11.197719892645633,1.405849226717383,0.8533258459570527,9.777857142857142,0.0,0.0,0.0,0.0,0.0
SE-M,2024,2025-05-18,8.0,8.520086410685165,1.435980494736691,0.8701051989480452,12.137142857142859,0.0,0.0,0.0,0.0,0.0
SE-M,2024,2025-05-25,7.0,6.758999369710933,1.4501612866184017,0.8774484344015414,11.75357142857143,0.0,0.0,0.0,0.0,0.0
SE-M,2024,2025-06-01,7.0,5.5130293703895425,1.4540739277724444,0.8787774610529971,14.202142857142857,0.0,0.0,0.0,0.0,0.0
SE-M,2024,2025-06-08,5.0,4.4424406506625,1.4545466424523386,0.878198580619992,14.64,0.0,0.0,0.0,0.0,0.07573150705643043
SE-O,2024,2024-06-30,,0.5640891456622206,0.9641490987159378,0.9641112435788379,18.482857142857142,0.0,0.0,0.0,0.0,1.0
SE-O,2024,2024-07-07,,0.6779767483705221,0.962225772505947,0.9620836248355772,14.755,0.0,0.0,0.0,0.0,1.0
SE-O,2024,2024-07-14,,0.8980274108423971,0.9603035415246975,0.9600315281185251,17.240714285714283,0.0,0.0,0.0,0.0,1.0
SE-O,2024,2024-07-21,,1.1227348056169406,0.9589996737445526,0.9585740376285561,18.513571428571428,0.0,0.0,0.0,0.0,1.0
SE-O,2024,2024-07-28,2.0,1.330817764938709,0.9598753520636282,0.9592729414021252,18.025714285714287,0.0,0.0,0.0,0.0,1.0
SE-O,2024,2024-08-04,1.0,1.5238645961244037,0.9631064216196249,0.9623037134824541,18.12428571428572,0.0,0.0,0.0,0.0,1.0
SE-O,2024,2024-08-11,1.0,1.7085631291845007,0.9653311177182998,0.9643068934593602,18.2,0.0,0.0,0.0,0.0,1.0
SE-O,2024,2024-08-18,1.0,1.8886083761912191,0.963140857147423,0.9618799378658479,17.64857142857143,0.0,0.0,0.0,0.0,0.6489464289642652
SE-O,2024,2024-08-25,4.0,2.057614699407564,0.9583482016589077,0.9568385694110111,16.24857142857143,0.0,0.0,0.0,0.0,0.06347397735022318
SE-O,2024,2024-09-01,2.0,2.204111667606571,0.9565493918440248,0.9547739665750079,17.27714285714286,0.0,0.0,0.0,0.0,0.0
SE-O,2024,2024-09-08,4.0,2.3278677676903694,0.962309775671157,0.9602400620603236,19.987142857142857,0.0,0.0,0.0,0.0,0.0
SE-O,2024,2024-09-15,1.0,2.4474432716083347,0.9757448863159731,0.9733421567623114,13.260714285714286,0.0,0.0,0.0,0.0,0.0
SE-O,2024,2024-09-22,1.0,2.5943231414743835,0.991344869196492,0.9885713539985527,14.421428571428574,0.0,0.0,0.0,0.0,0.0
SE-O,2024,2024-09-29,4.0,2.7933901995842394,1.0050127444629082,1.0018325929609297,11.478571428571428,0.0,0.0,0.0,0.0,0.0
SE-O,2024,2024-10-06,1.0,3.053481056457141,1.013260156793254,1.0096438074926646,9.272142857142857,0.0,0.0,0.0,0.0,0.0
SE-O,2024,2024-10-13,4.0,3.368362746881222,1.0133265731033345,1.0092573439914696,10.482857142857142,0.0,0.0,0.0,0.0,0.0
SE-O,2024,2024-10-20,5.0,3.7097931668646593,1.0088426234863823,1.0042996973095488,9.611428571428572,0.0,0.0,0.0,0.0,0.0
SE-O,2024,2024-10-27,4.0,4.041713369031356,1.0058220194460763,1.0007652611208087,11.309285714285712,0.0,0.0,0.0,0.0,0.0
SE-O,2024,2024-11-03,6.0,4.34877079059188,1.0125492722830318,1.006890677085112,9.629999999999999,1.0,0.0,0.0,0.0,0.0
SE-O,2024,2024-11-10,7.0,4.662565923785116,1.039770397582193,1.0333252637454342,6.915,0.0,0.0,0.0,0.0,0.0
SE-O,2024,2024-11-17,3.0,5.099671549820375,1.089912870417923,1.082395652898313,6.240000000000001,0.0,0.0,0.0,0.0,0.0
SE-O,2024,2024-11-24,3.0,5.8851310464280235,1.154069672652224,1.1451095910366564,-0.7742857142857141,0.0,0.0,0.0,0.0,0.0
SE-O,2024,2024-12-01,9.0,7.364329259348814,1.2232208403934763,1.212280362349413,6.1364285714285725,0.0,0.0,0.0,0.0,0.0
SE-O,2024,2024-12-08,6.0,10.11222148958699,1.2822965384316454,1.2685780407302494,2.117857142857143,0.0,0.0,0.0,0.0,0.0
SE-O,2024,2024-12-15,12.0,15.13500902474717,1.305182904710217,1.2876170112957557,0.5357142857142859,0.0,0.0,0.0,0.0,0.0
SE-O,2024,2024-12-22,27.0,23.75283546916736,1.2866858409755861,1.263795757959768,5.810714285714286,0.0,0.29506105160725676,0.0,0.0,0.0
SE-O,2024,2024-12-29,42.0,36.84827324260863,1.2527239586151266,1.2223575078115447,5.877857142857143,0.0,1.0,0.0,0.0,0.0
SE-O,2024,2025-01-05,57.0,54.266164377856015,1.2277942215703133,1.1869696984714886,-0.5064285714285718,0.0,1.0,0.0,0.0,0.0
SE-O,2024,2025-01-12,70.0,75.38948088029474,1.2147946363137812,1.1598765669069695,-0.24071428571428566,0.0,0.3411702913846672,0.0,0.0,0.0
SE-O,2024,2025-01-19,104.0,99.80389281795459,1.2098314339252279,1.1366944219643942,4.197857142857143,0.0,0.0,0.0,0.0,0.0
SE-O,2024,2025-01-26,123.0,126.92841804509342,1.2160122855660076,1.1196554663675362,2.712857142857143,0.0,0.0,0.0,0.0,0.0
SE-O,2024,2025-02-02,168.0,156.27899630301107,1.2382490892888145,1.1120968376453007,2.072142857142857,0.0,0.0,0.0,0.0,0.0
SE-O,2024,2025-02-09,171.0,188.44930935268553,1.2681481152826888,1.1047517007259597,1.6035714285714284,0.0,0.0,0.0,0.0,0.0
SE-O,2024,2025-02-16,222.0,224.40872462871556,1.2761047521255178,1.0716860214908737,-2.7142857142857144,0.0,0.0,0.8465485235113981,0.0,0.0
SE-O,2024,2025-02-23,230.0,258.9038471218049,1.2449323816828906,1.0033855813349721,0.47571428571428587,0.0,0.0,0.14161610224608123,0.0,0.0
SE-O,2024,2025-03-02,337.0,276.32059468566234,1.207708385397219,0.9341878869851769,3.463571428571428,0.0,0.0,0.011835374242520819,0.0,0.0
SE-O,2024,2025-03-09,279.0,264.2316877001381,1.2096947170652703,0.9017272838657885,7.024285714285715,0.0,0.0,0.0,0.0,0.0
SE-O,2024,2025-03-16,190.0,231.5367165754649,1.2406743640904927,0.8957300609010959,1.633571428571429,0.0,0.0,0.0,0.0,0.0
SE-O,2024,2025-03-23,209.0,195.17003755689026,1.2734691992794784,0.8945219890915027,4.720714285714286,0.0,0.0,0.0,0.0,0.0
SE-O,2024,2025-03-30,149.0,162.95023418579,1.2880625874098268,0.8838931739247701,6.717142857142858,0.0,0.0,0.0,0.0,0.0
SE-O,2024,2025-04-06,122.0,134.98136747410175,1.2705658682605205,0.8552656346047087,7.158571428571429,0.0,0.0,0.0,0.0,0.0
SE-O,2024,2025-04-13,136.0,108.57444961427184,1.2525046634771024,0.8305573140286155,8.678571428571429,0.0,0.0,0.0,0.0,0.0
SE-O,2024,2025-04-20,92.0,81.31179267066196,1.2731832879154374,0.8347996310129778,11.320714285714285,0.0,0.0,0.0,0.9855665067144398,0.0
SE-O,2024,2025-04-27,49.0,64.62042922170943,1.308464451532383,0.85055746035999,8.985714285714286,0.0,0.0,0.0,0.014433493285560135,0.0
SE-O,2024,2025-05-04,27.0,47.56476935699072,1.2976120338003967,0.8378420261104969,11.46142857142857,0.0,0.0,0.0,0.0,0.0
SE-O,2024,2025-05-11,48.0,36.52888084140909,1.233910424438005,0.7927134442341552,10.37857142857143,0.0,0.0,0.0,0.0,0.0
SE-O,2024,2025-05-18,36.0,26.94736245017621,1.1665454010574343,0.7468689822872335,13.234285714285715,0.0,0.0,0.0,0.0,0.0
SE-O,2024,2025-05-25,22.0,18.438232259619504,1.1265751842768332,0.7197180992066478,10.790714285714287,0.0,0.0,0.0,0.0,0.0
SE-O,2024,2025-06-01,10.0,11.78971182098807,1.1129014890933766,0.7100423859804655,13.002857142857144,0.0,0.0,0.0,0.0,0.0
SE-O,2024,2025-06-08,3.0,7.100847524289441,1.1109815762477957,0.7082422608214083,13.357142857142858,0.0,0.0,0.0,0.0,0.0
SE-rest,2024,2024-06-30,,8.943004994670757,1.1064643899691948,1.1063473847194285,19.30117521272391,0.0,0.0,0.0,0.0,1.0
SE-rest,2024,2024-07-07,,10.202756841864574,1.110875740139436,1.1104374243737083,15.382208737644845,0.0,0.0,0.0,0.0,1.0
SE-rest,2024,2024-07-14,,13.039687191399548,1.112096715556055,1.1112456954319676,17.627707668759072,0.0,0.0,0.0,0.0,1.0
SE-rest,2024,2024-07-21,,16.71955442719094,1.095783966215489,1.0944353959575848,18.523212025969208,0.0,0.0,0.0,0.0,1.0
SE-rest,2024,2024-07-28,7.0,20.891237314352434,1.0305442799568658,1.0287099674456341,18.562712512983314,0.0,0.0,0.0,0.0,1.0
SE-rest,2024,2024-08-04,34.0,24.29941674099947,0.9234078772270237,0.9212417947392836,17.832888454070552,0.0,0.0,0.0,0.0,1.0
SE-rest,2024,2024-08-11,37.0,24.630316492651698,0.831935875638835,0.8295789813521751,18.326171119472537,0.0,0.0,0.0,0.0,1.0
SE-rest,2024,2024-08-18,24.0,21.309264732813396,0.7879319899265814,0.7854095465832412,17.831440395308345,0.0,0.0,0.0,0.0,0.8652986148553257
SE-rest,2024,2024-08-25,14.0,16.452891132270995,0.7888676904751583,0.7861293714950354,16.644106307305094,0.0,0.0,0.0,0.0,0.05411609555274627
SE-rest,2024,2024-09-01,9.0,12.26506442538238,0.8245573011032638,0.8215228577563748,16.26594039309381,0.0,0.0,0.0,0.0,0.0
SE-rest,2024,2024-09-08,7.0,9.552742718767131,0.8869946883975207,0.8835705382451424,18.048630609474447,0.0,0.0,0.0,0.0,0.0
SE-rest,2024,2024-09-15,6.0,8.245209546699012,0.9687606276385375,0.9648483976924275,13.309072612226233,0.0,0.0,0.0,0.0,0.0
SE-rest,2024,2024-09-22,6.0,8.139398193114237,1.0564205796598511,1.0519417337806396,12.778929261754456,0.0,0.0,0.0,0.0,0.0
SE-rest,2024,2024-09-29,5.0,9.222163307878342,1.1226462208187982,1.1176011964769885,10.82999486247066,0.0,0.0,0.0,0.0,0.0
SE-rest,2024,2024-10-06,9.0,11.646400405106444,1.1351631327228382,1.129678483474453,7.668627769840154,0.0,0.0,0.0,0.0,0.0
SE-rest,2024,2024-10-13,18.0,15.326346563206858,1.089976315503225,1.0842375908285027,9.239508405187921,0.0013301719692353222,0.0,0.0,0.0,0.0
SE-rest,2024,2024-10-20,25.0,19.34068480497085,1.0247309321726246,1.0188198979880283,8.582498779926231,0.0,0.0,0.0,0.0,0.0
SE-rest,2024,2024-10-27,32.0,22.20525301785487,0.9895929230253799,0.9833612971230421,10.101822562021619,0.0,0.0,0.0,0.0,0.0
SE-rest,2024,2024-11-03,24.0,23.406823166044866,1.0085163487186655,1.001622840993488,6.771288062995221,0.9986698280307645,0.0,0.0,0.0,0.0
SE-rest,2024,2024-11-10,14.0,24.162027590721834,1.0728467191837487,1.064890168260348,5.095215343865844,0.0,0.0,0.0,0.0,0.0
SE-rest,2024,2024-11-17,34.0,26.456474671952442,1.178078053518355,1.1685034698572576,4.978669944463119,0.0,0.0,0.0,0.0,0.0
SE-rest,2024,2024-11-24,25.0,32.906459355337724,1.3238170735384422,1.3116811455488444,-1.9759239299068703,0.0,0.0,0.0,0.0,0.0
SE-rest,2024,2024-12-01,48.0,49.459209422301,1.4661801017605598,1.4499973727836117,3.875703812797969,0.0,0.0,0.0,0.0,0.0
SE-rest,2024,2024-12-08,69.0,91.28821820110633,1.4982691380970883,1.4759844541473044,-0.20093187467445617,0.0,0.0,0.0,0.0,0.0
SE-rest,2024,2024-12-15,196.0,185.9108140301159,1.3611400167916032,1.330842913594736,-1.2229385569246196,0.0,0.0,0.0,0.0,0.0
SE-rest,2024,2024-12-22,367.0,338.9747138805807,1.172201454320456,1.1331048463954994,1.9099989670013102,0.0,0.29885516629219094,0.0,0.0,0.0
SE-rest,2024,2024-12-29,514.0,483.9822002012336,1.0638418440556634,1.014844365416846,3.575487815305636,0.0,1.0,0.0,0.0,0.0
SE-rest,2024,2025-01-05,560.0,551.3591064282907,1.067947870015418,1.0052029943283982,-5.009934617816884,0.0,1.0,0.0,0.0,0.0
SE-rest,2024,2025-01-12,520.0,564.911906146257,1.1416632983556128,1.0596454866516134,-2.087421396797193,0.0,0.2741258623319688,0.0,0.0,0.0
SE-rest,2024,2025-01-19,578.0,594.2388652667722,1.2196285634030235,1.1137890238385137,3.0237882152701188,0.0,0.0,0.0,0.0,0.0
SE-rest,2024,2025-01-26,688.0,680.7476957916185,1.2798778823996853,1.145276772136146,1.248603932539557,0.0,0.0,0.0,0.0,0.0
SE-rest,2024,2025-02-02,869.0,835.3634591860123,1.342829956593332,1.169942014130352,0.09957761358580701,0.0,0.0,0.0,0.0,0.0
SE-rest,2024,2025-02-09,1017.0,1071.3725851076133,1.3907783034581442,1.1686686408403388,-0.3132345892832217,0.0,0.0,0.0,0.0,0.0
SE-rest,2024,2025-02-16,1381.0,1400.344947324184,1.3661710091153778,1.0947359002444457,-4.099955482997868,0.0,0.0,0.062200195146043406,0.0,0.0
SE-rest,2024,2025-02-23,1772.0,1726.875503586597,1.2835195712852892,0.9742176846413494,-1.0775392876517622,0.0,0.0,0.31725176858717313,0.0,0.0
SE-rest,2024,2025-03-02,1875.0,1837.310964581006,1.2226952059541936,0.8818179677985858,2.561248797744058,0.0,0.0,0.48090786910782907,0.0,0.0
SE-rest,2024,2025-03-09,1735.0,1650.9673934136963,1.2498101526286034,0.8640417448990471,6.546302734065733,0.0,0.0,0.13964016715895444,0.0,0.0
SE-rest,2024,2025-03-16,1292.0,1336.4077792182143,1.3629534248152801,0.9096989789105011,0.013131810261965304,0.0,0.0,0.0,0.0,0.0
SE-rest,2024,2025-03-23,1008.0,1089.3645617241705,1.479281516597226,0.9561773007666016,3.5317014198661263,0.0,0.0,0.0,0.0,0.0
SE-rest,2024,2025-03-30,980.0,958.5130354970509,1.517854947004411,0.9512492754311955,5.938139813094944,0.0,0.0,0.0,0.0,0.0
SE-rest,2024,2025-04-06,863.0,881.5728309070731,1.4555618420072178,0.8866719614567697,6.702425562721047,0.0,0.0,0.0,0.0,0.0
SE-rest,2024,2025-04-13,770.0,775.2804042986568,1.336791377797646,0.7960305536496856,6.27975365892062,0.0,0.0,0.0,0.0,0.0
SE-rest,2024,2025-04-20,675.0,588.1817000734144,1.2708334648705575,0.7451291046245954,9.559866544537764,0.0,0.0,0.0,0.796085517128215,0.0
SE-rest,2024,2025-04-27,415.0,427.0803281716857,1.3082081703621242,0.7595205578613899,6.375694202293403,0.0,0.0,0.0,0.20391448287178512,0.0
SE-rest,2024,2025-05-04,244.0,266.3904646678961,1.3975279648411105,0.8059976672828849,9.851596868789686,0.0,0.0,0.0,0.0,0.0
SE-rest,2024,2025-05-11,163.0,179.12152262992413,1.4688534468635683,0.8429696534980354,7.217799105099367,0.0,0.0,0.0,0.0,0.0
SE-rest,2024,2025-05-18,139.0,130.29858549428602,1.4995489890702411,0.8572753050730029,10.894400443092804,0.0,0.0,0.0,0.0,0.0
SE-rest,2024,2025-05-25,102.0,100.22909029001815,1.508602564908827,0.8598170636771364,10.04554849416313,0.0,0.0,0.0,0.0,0.0
SE-rest,2024,2025-06-01,80.0,78.85556986032626,1.5104135699070937,0.8587600769559451,13.163540209710915,0.0,0.0,0.0,0.0,0.0
SE-rest,2024,2025-06-08,61.0,60.81053585288104,1.510577030442136,0.8571990636212606,13.772259074524074,0.0,0.0,0.0,0.0,0.0005044499498596246
