series,season,week_end,observed,fitted,r_t,r_eff,temperature,hol_host,hol_jul,hol_sport,hol_pask,hol_sommar
SE-M,2015,2015-06-28,,7.80391339130973,0.9556842930315251,0.9546490892468286,13.91,0.0,0.0,0.0,0.0,1.0
SE-M,2015,2015-07-05,,7.977049366363891,0.830347238378727,0.8274331358304686,19.70642857142857,0.0,0.0,0.0,0.0,1.0
SE-M,2015,2015-07-12,,7.627166634254615,0.9097855708924912,0.9046498274690011,15.992142857142854,0.0,0.0,0.0,0.0,1.0
SE-M,2015,2015-07-19,,6.871136809472589,0.9035821618325668,0.8966251684579702,16.27857142857143,0.0,0.0,0.0,0.0,1.0
SE-M,2015,2015-07-26,,6.597261899993743,0.9006440835055588,0.8919144975761366,16.454285714285714,0.0,0.0,0.0,0.0,1.0
SE-M,2015,2015-08-02,,6.385817087916996,0.9357331792521028,0.9248293219628437,14.940000000000001,0.0,0.0,0.0,0.0,1.0
SE-M,2015,2015-08-09,,6.3277571945114754,0.8524907356482988,0.8409171380111385,18.775714285714287,0.0,0.0,0.0,0.0,1.0
SE-M,2015,2015-08-16,,6.050243206389552,0.8589809452396446,0.8458484898375038,18.529285714285717,0.0,0.0,0.0,0.0,1.0
SE-M,2015,2015-08-23,,5.536615626415561,0.7574336661025718,0.7447134622690224,18.162142857142857,0.0,0.0,0.0,0.0,0.14285714285714285
SE-M,2015,2015-08-30,,4.7332803172258835,0.7544580317179476,0.7408953096432603,17.450714285714287,0.0,0.0,0.0,0.0,0.0
SE-M,2015,2015-09-06,,3.8256843262472353,0.8108628951304154,0.7954645009107946,14.684285714285718,0.0,0.0,0.0,0.0,0.0
SE-M,2015,2015-09-13,,3.3037821141140338,0.8333787458389766,0.8167420540579929,13.646428571428572,0.0,0.0,0.0,0.0,0.0
SE-M,2015,2015-09-20,,3.1811574860301057,0.8087414694858982,0.791814123002572,15.00642857142857,0.0,0.0,0.0,0.0,0.0
SE-M,2015,2015-09-27,,3.0677887568977686,0.8536828347637281,0.8350152292310521,12.98,0.0,0.0,0.0,0.0,0.0
SE-M,2015,2015-10-04,,3.0451253914390195,0.9041182419819362,0.8834489519369139,10.894285714285713,0.0,0.0,0.0,0.0,0.0
SE-M,2015,2015-10-11,,3.2293131851006796,0.9535819631054835,0.9307188121330012,9.077142857142857,0.0,0.0,0.0,0.0,0.0
SE-M,2015,2015-10-18,,3.5797296510770122,0.9803082157546338,0.9555503222113336,8.338571428571429,0.0,0.0,0.0,0.0,0.0
SE-M,2015,2015-10-25,,4.161197298349508,0.9600347210046252,0.934378835848705,9.731428571428571,0.0,0.0,0.0,0.0,0.0
SE-M,2015,2015-11-01,,4.685740750333574,0.9541790558399464,0.9271701474104231,8.14857142857143,1.0,0.0,0.0,0.0,0.0
SE-M,2015,2015-11-08,,5.07811611944669,1.012441583949998,0.9820400657215623,9.197857142857144,0.0,0.0,0.0,0.0,0.0
SE-M,2015,2015-11-15,,5.568147554154515,1.0264932330797614,0.9936604349580432,9.832142857142857,0.0,0.0,0.0,0.0,0.0
SE-M,2015,2015-11-22,,6.208862173673362,1.192780050638635,1.151811201121387,5.256428571428572,0.0,0.0,0.0,0.0,0.0
SE-M,2015,2015-11-29,,7.913900716371022,1.2914353668803382,1.2424775144138442,3.4978571428571428,0.0,0.0,0.0,0.0,0.0
SE-M,2015,2015-12-06,9.0,12.124495255899895,1.2112888633411678,1.158758084519855,7.407857142857144,0.0,0.0,0.0,0.0,0.0
SE-M,2015,2015-12-13,16.0,17.543666792438614,1.2803883168918624,1.2152664761945118,5.581428571428572,0.0,0.0,0.0,0.0,0.0
SE-M,2015,2015-12-20,19.0,24.633908821386495,1.2583780097258492,1.1809101846678285,5.615000000000001,0.0,0.0,0.0,0.0,0.0
SE-M,2015,2015-12-27,52.0,32.0356399900143,0.8932531898057104,0.8272972510051891,7.2821428571428575,0.0,0.8571428571428571,0.0,0.0,0.0
SE-M,2015,2016-01-03,37.0,35.86593250624971,1.002359886477462,0.9191291519316735,1.0164285714285715,0.0,1.0,0.0,0.0,0.0
SE-M,2015,2016-01-10,23.0,32.935737890522454,1.1765860598889175,1.0684554445294574,-2.087142857142857,0.0,0.8571428571428571,0.0,0.0,0.0
SE-M,2015,2016-01-17,26.0,30.009771581499642,1.6505695504943365,1.4775890185573293,-3.310714285714286,0.0,0.0,0.0,0.0,0.0
SE-M,2015,2016-01-24,46.0,45.85696577162899,1.6547143148922459,1.437018178898254,-3.0985714285714288,0.0,0.0,0.0,0.0,0.0
SE-M,2015,2016-01-31,86.0,91.32520710336321,1.32189476267633,1.0897426486301416,5.093571428571429,0.0,0.0,0.0,0.0,0.0
SE-M,2015,2016-02-07,140.0,133.78895869848276,1.2924853116793413,1.004346503960075,4.4835714285714285,0.0,0.0,0.0,0.0,0.0
SE-M,2015,2016-02-14,176.0,148.78420483270526,1.3373254200083742,0.9772215803026244,2.295714285714286,0.0,0.0,0.0,0.0,0.0
SE-M,2015,2016-02-21,121.0,146.3866695214443,1.4135684428555635,0.970836671569409,0.3328571428571428,0.0,0.0,0.0,0.0,0.0
SE-M,2015,2016-02-28,152.0,141.5594429035909,1.1159415725046724,0.7252505068441744,2.1685714285714286,0.0,0.0,1.0,0.0,0.0
SE-M,2015,2016-03-06,97.0,111.80167990953483,1.4292090177812236,0.8949299709038083,1.2692857142857146,0.0,0.0,0.0,0.0,0.0
SE-M,2015,2016-03-13,92.0,81.89989978951444,1.4298252832967797,0.8662298245377936,1.7992857142857144,0.0,0.0,0.0,0.0,0.0
SE-M,2015,2016-03-20,63.0,64.47487026257616,1.3659473464274512,0.806424424270101,4.258571428571428,0.0,0.0,0.0,0.0,0.0
SE-M,2015,2016-03-27,43.0,47.44673804447443,1.1763453998909281,0.6823206410543577,5.380714285714285,0.0,0.0,0.0,0.8138547107500492,0.0
SE-M,2015,2016-04-03,39.0,35.221713124806904,1.2977440867513879,0.7448771557045062,6.3692857142857155,0.0,0.0,0.0,0.14338042286784644,0.0
SE-M,2015,2016-04-10,24.0,20.59216888717882,1.3081736688645083,0.7456130108960366,7.565000000000002,0.0,0.0,0.0,0.0427648663821042,0.0
SE-M,2015,2016-04-17,10.0,13.221495169829463,1.3569513424246673,0.769744790993569,7.334285714285714,0.0,0.0,0.0,0.0,0.0
SE-M,2015,2016-04-24,5.0,9.033589374327875,1.3810571460747745,0.7806793306557331,7.230000000000002,0.0,0.0,0.0,0.0,0.0
SE-M,2015,2016-05-01,8.0,6.487199236937466,1.4160916167397455,0.7983529004070301,6.167142857142857,0.0,0.0,0.0,0.0,0.0
SE-M,2015,2016-05-08,6.0,4.984632253563377,1.2097574090328738,0.6806258876027969,12.067857142857145,0.0,0.0,0.0,0.0,0.0
SE-M,2015,2016-05-15,7.0,3.658521869235681,1.155967672980319,0.6494881246956712,13.41857142857143,0.0,0.0,0.0,0.0,0.0
SE-M,2015,2016-05-22,1.0,2.44569975062447,1.1611708895139061,0.6518145041295497,12.954285714285716,0.0,0.0,0.0,0.0,0.0
SE-M,2015,2016-05-29,2.0,1.744307335728572,1.0648174236678598,0.5972956203605065,16.31,0.0,0.0,0.0,0.0,0.0
SE-M,2015,2016-06-05,0.0,1.2939086436435963,0.965358132909957,0.541210198593257,20.247142857142855,0.0,0.0,0.0,0.0,0.0
SE-M,2015,2016-06-12,1.0,0.998723758272435,1.1205168976919941,0.6279024416167526,14.197857142857144,0.0,0.0,0.0,0.0,0.0
SE-O,2015,2015-06-28,,6.219478259799876,0.9388348181959845,0.9382825631665327,14.177857142857144,0.0,0.0,0.0,0.0,1.0
SE-O,2015,2015-07-05,,6.435779746134811,0.8112153808935151,0.8096522645298986,20.197857142857142,0.0,0.0,0.0,0.0,1.0
SE-O,2015,2015-07-12,,6.341801388626936,0.900114067856392,0.897275715893812,15.914285714285715,0.0,0.0,0.0,0.0,1.0
SE-O,2015,2015-07-19,,5.9407801292762805,0.8928515454924659,0.8889341735069587,16.23642857142857,0.0,0.0,0.0,0.0,1.0
SE-O,2015,2015-07-26,,5.939668381498961,0.9226449759892817,0.9174344147461889,14.937857142857142,0.0,0.0,0.0,0.0,1.0
SE-O,2015,2015-08-02,,6.0805014690228,0.9185762849553328,0.912180527408568,15.110000000000001,0.0,0.0,0.0,0.0,1.0
SE-O,2015,2015-08-09,,6.33216081806545,0.8483983081688601,0.8413784908725669,18.372142857142858,0.0,0.0,0.0,0.0,1.0
SE-O,2015,2015-08-16,,6.198146770471068,0.850030119499562,0.8419771148816245,18.300000000000004,0.0,0.0,0.0,0.0,1.0
SE-O,2015,2015-08-23,,5.834023733664183,0.8082300411523132,0.7996737651990925,18.592142857142854,0.0,0.0,0.0,0.0,0.7142857142857143
SE-O,2015,2015-08-30,,5.332742946369234,0.7514314158369004,0.7427529298314958,16.880714285714284,0.0,0.0,0.0,0.0,0.0
SE-O,2015,2015-09-06,,4.557705853816124,0.807503715818639,0.7975176314367527,14.020000000000001,0.0,0.0,0.0,0.0,0.0
SE-O,2015,2015-09-13,,4.012573483596771,0.8150176783506131,0.8042976460932592,13.692142857142857,0.0,0.0,0.0,0.0,0.0
SE-O,2015,2015-09-20,,3.8314239461835395,0.7983765487470673,0.7872624944403349,14.603571428571428,0.0,0.0,0.0,0.0,0.0
SE-O,2015,2015-09-27,,3.663263470270965,0.8518199412262728,0.8393249332796574,12.072857142857144,0.0,0.0,0.0,0.0,0.0
SE-O,2015,2015-10-04,,3.651749656653678,0.8612781420322086,0.847966761485167,11.760714285714286,0.0,0.0,0.0,0.0,0.0
SE-O,2015,2015-10-11,,3.8117939800649023,0.9339517283344133,0.9187207480765737,8.633571428571427,0.0,0.0,0.0,0.0,0.0
SE-O,2015,2015-10-18,,4.140428423693705,0.9684535073820729,0.9517086354876346,7.387857142857143,0.0,0.0,0.0,0.0,0.0
SE-O,2015,2015-10-25,,4.766789828412525,0.9243648327271705,0.9073525569697898,9.590714285714286,0.00667805717554113,0.0,0.0,0.0,0.0
SE-O,2015,2015-11-01,,5.3306186088139995,0.9241643239962833,0.9060717452825837,7.497142857142857,0.9933219428244591,0.0,0.0,0.0,0.0
SE-O,2015,2015-11-08,,5.639215386831091,0.9488356316314704,0.929089353106918,9.492142857142856,0.0,0.0,0.0,0.0,0.0
SE-O,2015,2015-11-15,,5.945865161797737,0.973391819682858,0.9518422218807314,9.169285714285712,0.0,0.0,0.0,0.0,0.0
SE-O,2015,2015-11-22,,6.387730002192461,1.1574960014021838,1.1300493642607319,3.2042857142857146,0.0,0.0,0.0,0.0,0.0
SE-O,2015,2015-11-29,,7.837530428162753,1.1630390598412792,1.1328805074178407,3.9335714285714287,0.0,0.0,0.0,0.0,0.0
SE-O,2015,2015-12-06,10.0,11.044623630507758,1.1101687678873011,1.0780601782996357,6.933571428571429,0.0,0.0,0.0,0.0,0.0
SE-O,2015,2015-12-13,15.0,14.405464840764239,1.199090616965622,1.159885324106872,5.0807142857142855,0.0,0.0,0.0,0.0,0.0
SE-O,2015,2015-12-20,18.0,18.462527733021666,1.239667422508343,1.1926817068454594,5.078571428571428,0.0,0.0,0.0,0.0,0.0
SE-O,2015,2015-12-27,25.0,24.012663811217433,0.9916899166310572,0.9475132943936257,6.003571428571428,0.0,0.7142857142857143,0.0,0.0,0.0
SE-O,2015,2016-01-03,27.0,29.768137058720093,1.0638640701842537,1.0098586058350933,-0.06785714285714269,0.0,1.0,0.0,0.0,0.0
SE-O,2015,2016-01-10,29.0,32.56174418172038,1.248566096461505,1.1763538877676847,-4.740714285714285,0.0,0.8571428571428571,0.0,0.0,0.0
SE-O,2015,2016-01-17,45.0,36.072899266774215,1.6749062223321338,1.5581499223739237,-5.817142857142857,0.0,0.0,0.0,0.0,0.0
SE-O,2015,2016-01-24,59.0,63.396417557981664,1.5793334136871124,1.428235863436061,-4.1814285714285715,0.0,0.0,0.0,0.0,0.0
SE-O,2015,2016-01-31,125.0,132.6990257612519,1.222153686147994,1.0541760461086387,4.636428571428572,0.0,0.0,0.0,0.0,0.0
SE-O,2015,2016-02-07,191.0,188.40050048427386,1.1946613726572735,0.9797974941893097,3.332857142857143,0.0,0.0,0.0,0.0,0.0
SE-O,2015,2016-02-14,219.0,201.06750254220867,1.2219165431945764,0.9533409386004815,0.8392857142857143,0.0,0.0,0.0,0.0,0.0
SE-O,2015,2016-02-21,195.0,186.3259912448297,1.0652540710649598,0.7961528646578339,-0.36571428571428577,0.0,0.0,0.8465485235113981,0.0,0.0
SE-O,2015,2016-02-28,142.0,157.73725809036637,1.2620050943784544,0.9117357090637487,0.7221428571428571,0.0,0.0,0.14161610224608123,0.0,0.0
SE-O,2015,2016-03-06,115.0,123.24666851202701,1.36114824323442,0.9534172463178876,0.7892857142857145,0.0,0.0,0.011835374242520819,0.0,0.0
SE-O,2015,2016-03-13,114.0,107.90192496833532,1.385403955148819,0.9419552545142477,1.6285714285714286,0.0,0.0,0.0,0.0,0.0
SE-O,2015,2016-03-20,90.0,97.92796141514822,1.2907160134337174,0.8547814505503196,5.220714285714286,0.0,0.0,0.0,0.0,0.0
SE-O,2015,2016-03-27,88.0,80.14500564366605,1.2805178003794198,0.8306980744037419,4.607142857142857,0.0,0.0,0.0,0.1520711904924412,0.0
SE-O,2015,2016-04-03,66.0,68.9503730473211,1.091735509622531,0.6978621325267903,6.564285714285715,0.0,0.0,0.0,0.8479288095075591,0.0
SE-O,2015,2016-04-10,57.0,45.22481310911793,1.2754067959012698,0.8078795345561545,6.979285714285716,0.0,0.0,0.0,0.0,0.0
SE-O,2015,2016-04-17,26.0,29.537576298742575,1.3161195760347222,0.8279456294294786,7.859285714285714,0.0,0.0,0.0,0.0,0.0
SE-O,2015,2016-04-24,14.0,21.480403026724407,1.439822071141646,0.9007123296564903,6.625714285714286,0.0,0.0,0.0,0.0,0.0
SE-O,2015,2016-05-01,16.0,17.375023387771087,1.4993517241375822,0.9331521791850077,6.453571428571428,0.0,0.0,0.0,0.0,0.0
SE-O,2015,2016-05-08,13.0,15.777656366238684,1.3081574038473442,0.8103844737367348,12.077857142857143,0.0,0.0,0.0,0.0,0.0
SE-O,2015,2016-05-15,15.0,13.514591083510854,1.2271266727732326,0.7576132913082849,13.568571428571428,0.0,0.0,0.0,0.0,0.0
SE-O,2015,2016-05-22,18.0,9.873009031173803,1.2074341457842694,0.7437500621818265,12.757142857142858,0.0,0.0,0.0,0.0,0.0
SE-O,2015,2016-05-29,8.0,7.144305678001035,1.13341602708222,0.6969876760212242,14.463571428571429,0.0,0.0,0.0,0.0,0.0
SE-O,2015,2016-06-05,3.0,4.95110011845322,0.9723533630953879,0.5972983138442279,20.38,0.0,0.0,0.0,0.0,0.0
SE-O,2015,2016-06-12,1.0,3.2614833625609743,1.1157198283653018,0.6848728868995202,14.797857142857143,0.0,0.0,0.0,0.0,0.0
SE-rest,2015,2015-06-28,,44.59896810632779,0.9416844525261661,0.9408190655809278,14.411653185766436,0.0,0.0,0.0,0.0,1.0
SE-rest,2015,2015-07-05,,44.97833818343761,0.8269507668781004,0.8245043680716543,19.747206954881303,0.0,0.0,0.0,0.0,1.0
SE-rest,2015,2015-07-12,,42.14995753847923,0.9222726986493228,0.917896385503615,15.311256910505945,0.0,0.0,0.0,0.0,1.0
SE-rest,2015,2015-07-19,,38.20497214369844,0.9167759846184763,0.9108058458407868,15.559955797277633,0.0,0.0,0.0,0.0,1.0
SE-rest,2015,2015-07-26,,37.292741116538636,0.9237750248820008,0.9161436442488674,15.283587929437184,0.0,0.0,0.0,0.0,1.0
SE-rest,2015,2015-08-02,,36.86538259725047,0.9318666102461756,0.9225426055962098,14.948097409791355,0.0,0.0,0.0,0.0,1.0
SE-rest,2015,2015-08-09,,36.877063613456286,0.8726104066785206,0.8623900379982372,17.647067334944563,0.0,0.0,0.0,0.0,1.0
SE-rest,2015,2015-08-16,,35.58671425188328,0.882265672473725,0.8705534232858845,17.185837248386935,0.0,0.0,0.0,0.0,0.993918324172473
SE-rest,2015,2015-08-23,,32.92543207746129,0.8269031512027512,0.8147500749807675,16.81389181053833,0.0,0.0,0.0,0.0,0.5181398418736434
SE-rest,2015,2015-08-30,,29.874117715817412,0.75398908630834,0.742006072827604,17.226807809297505,0.0,0.0,0.0,0.0,0.0025692288509087747
SE-rest,2015,2015-09-06,,24.730466051191463,0.8256929661026946,0.8117710190235261,13.576497995715373,0.0,0.0,0.0,0.0,0.0
SE-rest,2015,2015-09-13,,21.020409172641124,0.8457205328099899,0.8306797225370616,12.655746261475732,0.0,0.0,0.0,0.0,0.0
SE-rest,2015,2015-09-20,,19.780775874988187,0.8140011204229555,0.7987954347663743,14.272403190360864,0.0,0.0,0.0,0.0,0.0
SE-rest,2015,2015-09-27,,18.64728707416404,0.8696742029912986,0.8526889032970856,11.66446532117652,0.0,0.0,0.0,0.0,0.0
SE-rest,2015,2015-10-04,,18.243041796505267,0.8851044701694326,0.8670328571612774,11.054324910944514,0.0,0.0,0.0,0.0,0.0
SE-rest,2015,2015-10-11,,18.86138686098436,1.0065320487348064,0.9849912158530808,5.9613623969542635,0.0,0.0,0.0,0.0,0.0
SE-rest,2015,2015-10-18,,21.15803693759011,1.0076433881202123,0.9848745713990584,6.06214283425154,0.0,0.0,0.0,0.0,0.0
SE-rest,2015,2015-10-25,,25.23738797142266,0.9560661920938232,0.933158705796882,8.401532098329549,0.0020798067981061606,0.0,0.0,0.0,0.0
SE-rest,2015,2015-11-01,,28.567981635078354,0.9605780398154389,0.9361732603871403,5.935214665793281,0.9979201932018941,0.0,0.0,0.0,0.0
SE-rest,2015,2015-11-08,,30.56731383775154,0.985396765529769,0.9588419755922819,7.739135486738638,0.0,0.0,0.0,0.0,0.0
SE-rest,2015,2015-11-15,,32.46759027108092,1.0487721378224222,1.018721734186728,5.592775021425922,0.0,0.0,0.0,0.0,0.0
SE-rest,2015,2015-11-22,,36.38507985281021,1.1904118447451044,1.1537681675411726,1.0943324996315973,0.0,0.0,0.0,0.0,0.0
SE-rest,2015,2015-11-29,,46.220554721364564,1.1778106587646178,1.1380412602305432,2.3102298072830947,0.0,0.0,0.0,0.0,0.0
SE-rest,2015,2015-12-06,71.0,65.18533970828784,1.1679924421919394,1.1238198657688938,4.242721237742958,0.0,0.0,0.0,0.0,0.0
SE-rest,2015,2015-12-13,81.0,86.23634319209006,1.2773607227046089,1.2221417418824703,3.113678243978964,0.0,0.0,0.0,0.0,0.0
SE-rest,2015,2015-12-20,108.0,116.9992944321248,1.3556556363006493,1.285929231246756,2.427118411258527,0.0,0.0,0.0,0.0,0.0
SE-rest,2015,2015-12-27,174.0,168.6535830122423,0.9943111839421811,0.9320167439921896,3.8453617343567537,0.0,0.804168572311678,0.0,0.0,0.0
SE-rest,2015,2016-01-03,196.0,213.79129957362278,1.0051785488141234,0.9325435386607295,-2.05125237215478,0.0,1.0,0.0,0.0,0.0
SE-rest,2015,2016-01-10,253.0,221.05489119778542,1.1669378925571718,1.071633132880749,-9.252901689381982,0.0,0.856511376011697,0.0,0.0,0.0
SE-rest,2015,2016-01-17,204.0,204.83374251373237,1.5049272279545778,1.3631709248593094,-9.032733205577568,0.0,0.0,0.0,0.0,0.0
SE-rest,2015,2016-01-24,273.0,283.3343566913866,1.4825458087438688,1.310425642261149,-7.53989627642254,0.0,0.0,0.0,0.0,0.0
SE-rest,2015,2016-01-31,488.0,480.67594494466795,1.1802026644411043,1.0066526331225412,2.5885068078687055,0.0,0.0,0.0,0.0,0.0
SE-rest,2015,2016-02-07,553.0,614.5968901283535,1.1904448069762092,0.9795833392749375,0.5107990985452745,0.0,0.0,0.0,0.0,0.0
SE-rest,2015,2016-02-14,717.0,632.4604590244551,1.1072193516901943,0.8805402935427292,0.6636247663740631,0.0,0.0,0.0,0.0,0.0
SE-rest,2015,2016-02-21,551.0,558.6269032535962,1.1831856848432332,0.91471842941745,-1.5514251310853087,0.0,0.0,0.06860898400178818,0.0,0.0
SE-rest,2015,2016-02-28,474.0,481.5652805912414,1.2435900975218714,0.9366405673649485,-1.4144934995300507,0.0,0.0,0.309291721673057,0.0,0.0
SE-rest,2015,2016-03-06,381.0,416.9530071292568,1.2629181165423575,0.9288712050418647,-0.292888732760946,0.0,0.0,0.48245912716620054,0.0,0.0
SE-rest,2015,2016-03-13,388.0,378.54958908833044,1.328331705416062,0.9553096404315041,1.0460295361963357,0.0,0.0,0.13964016715895444,0.0,0.0
SE-rest,2015,2016-03-20,363.0,343.2985567917153,1.2588845810903362,0.887036471645117,3.7808173386389,0.0,0.0,0.0,0.0,0.0
SE-rest,2015,2016-03-27,280.0,289.69856094240095,1.255003913282676,0.8693539285639461,3.0528614154374094,0.0,0.0,0.0,0.04007533985724581,0.0
SE-rest,2015,2016-04-03,270.0,265.80841271333054,1.0058071178607808,0.6878187288448635,5.212655661874686,0.0,0.0,0.0,0.9429125391283791,0.0
SE-rest,2015,2016-04-10,176.0,180.94273385464194,1.1275660949271316,0.7652429812672841,5.842188419015409,0.0,0.0,0.0,0.00815825269151667,0.0
SE-rest,2015,2016-04-17,120.0,115.90226058658504,1.104620901723683,0.7457355341999883,5.946647809540816,0.0,0.0,0.0,0.008853868322858257,0.0
SE-rest,2015,2016-04-24,86.0,76.69436927355898,1.1258111703481457,0.7573415326845965,5.319706745265383,0.0,0.0,0.0,0.0,0.0
SE-rest,2015,2016-05-01,36.0,51.90572654837545,1.1286423667640706,0.7573367630201592,5.503073234895619,0.0,0.0,0.0,0.0,0.0
SE-rest,2015,2016-05-08,41.0,37.04388555734096,0.9418797653135401,0.6308985014775838,12.560748944264388,0.0,0.0,0.0,0.0,0.0
SE-rest,2015,2016-05-15,28.0,24.842909814223688,0.9665987086966383,0.6467659458886705,11.189690998660923,0.0,0.0,0.0,0.0,0.0
SE-rest,2015,2016-05-22,14.0,15.567036281333868,0.9505083305423915,0.6355373490573989,11.407989313222474,0.0,0.0,0.0,0.0,0.0
SE-rest,2015,2016-05-29,13.0,10.881356512832575,0.9093172158930436,0.6076483848898256,12.99082051219591,0.0,0.0,0.0,0.0,0.0
SE-rest,2015,2016-06-05,6.0,8.070505422865507,0.8216956506301673,0.5488522391361887,17.038703478458736,0.0,0.0,0.0,0.0,0.0
SE-rest,2015,2016-06-12,6.0,6.333700323696525,0.9328540995752961,0.6228623737733352,12.273353642085917,0.0,0.0,0.0,0.0,0.057607209491457305
SE-M,2016,2016-07-03,,0.10673921675222373,0.9686916458186177,0.9686722022608328,16.47714285714286,0.0,0.0,0.0,0.0,1.0
SE-M,2016,2016-07-10,,0.14250637000511004,0.9791997369810568,0.9791219311837667,16.315714285714286,0.0,0.0,0.0,0.0,1.0
SE-M,2016,2016-07-17,,0.21491220409050904,0.9741537781023278,0.9739976006563146,16.915714285714284,0.0,0.0,0.0,0.0,1.0
SE-M,2016,2016-07-24,,0.28795310916056827,0.927395873641486,0.9271565283562847,19.442142857142862,0.0,0.0,0.0,0.0,1.0
SE-M,2016,2016-07-31,0.0,0.3517120754088604,0.965940697029095,0.9655832047684336,18.43357142857143,0.0,0.0,0.0,0.0,1.0
SE-M,2016,2016-08-07,0.0,0.40280737403102007,1.0200916934572313,1.0195796308436476,16.890714285714285,0.0,0.0,0.0,0.0,1.0
SE-M,2016,2016-08-14,0.0,0.48375306918060523,1.0781254701631755,1.0774047057082572,15.242142857142861,0.0,0.0,0.0,0.0,0.9928063747964827
SE-M,2016,2016-08-21,1.0,0.6093092169070353,0.9906399390223594,0.9897736366738751,16.239285714285717,0.0,0.0,0.0,0.0,0.5386176248067324
SE-M,2016,2016-08-28,1.0,0.7313738468477812,0.8719202435048782,0.8709727108041511,18.385714285714283,0.0,0.0,0.0,0.0,0.008215686160788658
SE-M,2016,2016-09-04,0.0,0.7360497552405181,0.9128054195812784,0.9116387579166316,16.73071428571429,0.0,0.0,0.0,0.0,0.0
SE-M,2016,2016-09-11,1.0,0.6958020051455707,0.8964855805913017,0.8951727753925903,17.549285714285713,0.0,0.0,0.0,0.0,0.0
SE-M,2016,2016-09-18,0.0,0.6717251637721775,0.9050493457027576,0.9035617200036787,16.93642857142857,0.0,0.0,0.0,0.0,0.0
SE-M,2016,2016-09-25,0.0,0.641619103041903,0.9654003341716084,0.963641357635187,13.602142857142855,0.0,0.0,0.0,0.0,0.0
SE-M,2016,2016-10-02,3.0,0.6555183618042156,0.9302155129185606,0.9283437873191834,14.248571428571427,0.0,0.0,0.0,0.0,0.0
SE-M,2016,2016-10-09,3.0,0.6761333614641669,1.045309464890081,1.0429960876911737,8.965714285714286,0.0,0.0,0.0,0.0,0.0
SE-M,2016,2016-10-16,0.0,0.7442711369002348,1.0719407086140595,1.0693042441462854,7.969285714285713,0.0,0.0,0.0,0.0,0.0
SE-M,2016,2016-10-23,0.0,0.8978127811769181,1.0930330458542528,1.090011360071923,7.808571428571428,0.0,0.0,0.0,0.0,0.0
SE-M,2016,2016-10-30,1.0,1.1032470627787276,1.1195579167783407,1.1160342996963382,7.880000000000002,0.0,0.0,0.0,0.0,0.0
SE-M,2016,2016-11-06,1.0,1.402154720589524,1.1554474223399442,1.151235572191798,5.4192857142857145,1.0,0.0,0.0,0.0,0.0
SE-M,2016,2016-11-13,0.0,1.846761553247457,1.5066755869920132,1.4999737926063383,-1.5514285714285714,0.0,0.0,0.0,0.0,0.0
SE-M,2016,2016-11-20,3.0,3.2166936810121705,1.308673351064488,1.3007762998126116,5.251428571428571,0.0,0.0,0.0,0.0,0.0
SE-M,2016,2016-11-27,9.0,5.803933405409728,1.3048008068156818,1.2936295956585726,6.471428571428572,0.0,0.0,0.0,0.0,0.0
SE-M,2016,2016-12-04,7.0,9.410031249612945,1.4597385464433432,1.44088217817263,3.0821428571428577,0.0,0.0,0.0,0.0,0.0
SE-M,2016,2016-12-11,15.0,17.03145932930437,1.3800126629251994,1.3507699890490295,5.985,0.0,0.0,0.0,0.0,0.0
SE-M,2016,2016-12-18,23.0,31.632699582334443,1.504675485444063,1.4499524527693093,1.6135714285714289,0.0,0.0,0.0,0.0,0.0
SE-M,2016,2016-12-25,82.0,58.300759613548884,1.1628995743018347,1.091628476853934,4.444285714285715,0.0,0.5135965806106207,0.0,0.0,0.0
SE-M,2016,2017-01-01,79.0,87.3305269291448,0.9496783204286563,0.8672209552500189,4.536428571428571,0.0,1.0,0.0,0.0,0.0
SE-M,2016,2017-01-08,64.0,80.94332018110441,1.0837318469050727,0.9681336449963878,-2.0364285714285715,0.0,1.0,0.0,0.0,0.0
SE-M,2016,2017-01-15,95.0,76.52378367243165,1.2835069357888234,1.1205231334375785,0.8757142857142858,0.0,0.13906568769073022,0.0,0.0,0.0
SE-M,2016,2017-01-22,77.0,75.65573862847707,1.3219862253721628,1.1209443665484808,1.2021428571428572,0.0,0.0,0.0,0.0,0.0
SE-M,2016,2017-01-29,95.0,92.52680605669607,1.3694817290775259,1.118948304841832,0.7321428571428574,0.0,0.0,0.0,0.0,0.0
SE-M,2016,2017-02-05,88.0,109.75777293260418,1.3810614127517886,1.0789499345263491,1.5192857142857146,0.0,0.0,0.0,0.0,0.0
SE-M,2016,2017-02-12,132.0,129.20234873143403,1.4880501294699318,1.1010301900143422,-1.475,0.0,0.0,0.0,0.0,0.0
SE-M,2016,2017-02-19,151.0,150.0784456816906,1.3696800047982092,0.9516111198616403,1.007857142857143,0.0,0.0,0.0,0.0,0.0
SE-M,2016,2017-02-26,176.0,156.58287444174806,1.0123945953943163,0.668094714019615,3.956428571428572,0.0,0.0,1.0,0.0,0.0
SE-M,2016,2017-03-05,118.0,116.97634393355256,1.2375726501904296,0.7933289347407309,4.525,0.0,0.0,0.0,0.0,0.0
SE-M,2016,2017-03-12,72.0,74.02194575106388,1.3587200767906817,0.851953000366613,2.0821428571428577,0.0,0.0,0.0,0.0,0.0
SE-M,2016,2017-03-19,46.0,52.222387085671016,1.3307333516054205,0.8200786834125868,4.6499999999999995,0.0,0.0,0.0,0.0,0.0
SE-M,2016,2017-03-26,36.0,38.58148626299973,1.3408305816878348,0.8159713330573569,5.6935714285714285,0.0,0.0,0.0,0.0,0.0
SE-M,2016,2017-04-02,29.0,28.348041349184832,1.2957852061017214,0.7813514784479355,8.222142857142858,0.0,0.0,0.0,0.0,0.0
SE-M,2016,2017-04-09,27.0,20.37870988476842,1.3390598762263475,0.802269018880675,8.108571428571429,0.0,0.0,0.0,0.0,0.0
SE-M,2016,2017-04-16,10.0,13.564944905143319,1.2373882861216206,0.7381317176695352,6.275714285714286,0.0,0.0,0.0,0.9912713334350628,0.0
SE-M,2016,2017-04-23,8.0,9.989014408272029,1.5461430111446695,0.91954560901435,4.964285714285714,0.0,0.0,0.0,0.00872866656493722,0.0
SE-M,2016,2017-04-30,5.0,6.992472378686555,1.5318260800332033,0.9085043216446683,5.904285714285715,0.0,0.0,0.0,0.0,0.0
SE-M,2016,2017-05-07,8.0,5.865594569476723,1.3824304504897924,0.8180496418200145,10.027857142857144,0.0,0.0,0.0,0.0,0.0
SE-M,2016,2017-05-14,6.0,4.767516630771626,1.4283604296912604,0.8438014729827292,8.484285714285715,0.0,0.0,0.0,0.0,0.0
SE-M,2016,2017-05-21,4.0,3.6662864739054672,1.1961030364149239,0.7057239677529427,15.319285714285714,0.0,0.0,0.0,0.0,0.0
SE-M,2016,2017-05-28,4.0,2.5577765791555973,1.1669612482271443,0.6880382499939918,16.150714285714287,0.0,0.0,0.0,0.0,0.0
SE-M,2016,2017-06-04,0.0,1.574892465253474,1.2216441013393127,0.7199680909260093,14.23821948683904,0.0,0.0,0.0,0.0,0.0
SE-M,2016,2017-06-11,1.0,0.9509873002728437,1.1979311364145802,0.7057987684560011,15.582203412529449,0.0,0.0,0.0,0.0,0.08437157700575837
SE-O,2016,2016-07-03,,0.10065948932642804,0.9754788527034485,0.9754682432010926,15.407857142857143,0.0,0.0,0.0,0.0,1.0
SE-O,2016,2016-07-10,,0.12899145369798326,0.9707107807514507,0.9706698197779308,15.845,0.0,0.0,0.0,0.0,1.0
SE-O,2016,2016-07-17,,0.18460124950407059,0.9665913390103623,0.9665109144723238,16.375000000000004,0.0,0.0,0.0,0.0,1.0
SE-O,2016,2016-07-24,,0.24037674944994994,0.8957466387338061,0.895629011960277,20.013571428571428,0.0,0.0,0.0,0.0,1.0
SE-O,2016,2016-07-31,0.0,0.2817572078339153,0.9412173616043296,0.9410444650407468,18.62357142857143,0.0,0.0,0.0,0.0,1.0
SE-O,2016,2016-08-07,0.0,0.30722831713298193,1.0108687949281239,1.0106225235043165,16.422857142857143,0.0,0.0,0.0,0.0,1.0
SE-O,2016,2016-08-14,0.0,0.36210113469498745,1.0942229560481425,1.093872507752949,13.96642857142857,0.0,0.0,0.0,0.0,1.0
SE-O,2016,2016-08-21,0.0,0.46249872526271346,1.0400505666271072,1.0396141202586187,16.053571428571427,0.0,0.0,0.0,0.0,0.9217530381562173
SE-O,2016,2016-08-28,1.0,0.5758054992543912,0.8767486143630725,0.8762869366470633,17.560714285714287,0.0,0.0,0.0,0.0,0.014206655462033186
SE-O,2016,2016-09-04,0.0,0.6066234259254418,0.917534916776603,0.9169622360580585,15.770000000000001,0.0,0.0,0.0,0.0,0.0
SE-O,2016,2016-09-11,1.0,0.5841489273899896,0.8833046356878994,0.8826694184529893,17.305,0.0,0.0,0.0,0.0,0.0
SE-O,2016,2016-09-18,1.0,0.5560260969379252,0.8826630135819251,0.8819507137480956,17.234999999999996,0.0,0.0,0.0,0.0,0.0
SE-O,2016,2016-09-25,1.0,0.5141364711724521,0.9406052871430057,0.9397673250230084,14.399285714285716,0.0,0.0,0.0,0.0,0.0
SE-O,2016,2016-10-02,1.0,0.5042103412613805,0.9584762402630131,0.9575374234503616,13.642857142857144,0.0,0.0,0.0,0.0,0.0
SE-O,2016,2016-10-09,1.0,0.5252100132020678,1.0945249710863816,1.093342603934925,8.525714285714287,0.0,0.0,0.0,0.0,0.0
SE-O,2016,2016-10-16,0.0,0.6174819587820426,1.153885399877849,1.1524826009836076,6.964285714285714,0.0,0.0,0.0,0.0,0.0
SE-O,2016,2016-10-23,0.0,0.8139711640662787,1.172822155265805,1.171176652221535,7.074285714285714,0.0,0.0,0.0,0.0,0.0
SE-O,2016,2016-10-30,1.0,1.1213860898666899,1.1888747148087542,1.1868955828025867,7.272857142857143,0.00667805717554113,0.0,0.0,0.0,0.0
SE-O,2016,2016-11-06,1.0,1.5774201121485372,1.2640487818176038,1.2614649251274936,3.125714285714286,0.9933219428244591,0.0,0.0,0.0,0.0
SE-O,2016,2016-11-13,6.0,2.3482411480450702,1.5298594364260594,1.525685298474469,-1.0850000000000002,0.0,0.0,0.0,0.0,0.0
SE-O,2016,2016-11-20,1.0,4.531124818517258,1.3583763043796646,1.3527536957798125,5.1192857142857155,0.0,0.0,0.0,0.0,0.0
SE-O,2016,2016-11-27,7.0,8.493428435954048,1.3573408970065717,1.3484687338352461,6.228571428571429,0.0,0.0,0.0,0.0,0.0
SE-O,2016,2016-12-04,11.0,14.912848366206854,1.5405377990401,1.523449705576324,1.0928571428571432,0.0,0.0,0.0,0.0,0.0
SE-O,2016,2016-12-11,39.0,29.59247604660786,1.3705455798664512,1.3427633838058777,5.121428571428572,0.0,0.0,0.0,0.0,0.0
SE-O,2016,2016-12-18,51.0,56.586780298013025,1.485463625774755,1.4309748610035753,0.8957142857142857,0.0,0.0,0.0,0.0,0.0
SE-O,2016,2016-12-25,107.0,102.55390556325717,1.1325840747398073,1.061503399910613,4.937857142857142,0.0,0.47881532153717554,0.0,0.0,0.0
SE-O,2016,2017-01-01,133.0,148.4334364968517,0.895455776870193,0.8166595284926557,5.1621428571428565,0.0,1.0,0.0,0.0,0.0
SE-O,2016,2017-01-08,140.0,131.1370477254162,1.026972323440015,0.9181265350493809,-2.712142857142857,0.0,1.0,0.0,0.0,0.0
SE-O,2016,2017-01-15,131.0,114.62070743352494,1.1885644808601563,1.0428870737696674,1.5285714285714285,0.0,0.14568250263280955,0.0,0.0,0.0
SE-O,2016,2017-01-22,96.0,99.16186439778275,1.2491594360156308,1.0735547668565133,2.085,0.0,0.0,0.0,0.0,0.0
SE-O,2016,2017-01-29,100.0,109.50969464930732,1.3425008095733215,1.1251396110077032,1.2592857142857141,0.0,0.0,0.0,0.0,0.0
SE-O,2016,2017-02-05,122.0,125.99258541314992,1.4167263581261003,1.1502863785285624,0.9328571428571427,0.0,0.0,0.0,0.0,0.0
SE-O,2016,2017-02-12,153.0,158.2141668478415,1.5371365899219505,1.1948448701774992,-1.7535714285714283,0.0,0.0,0.0,0.0,0.0
SE-O,2016,2017-02-19,207.0,206.1031309839846,1.1838320415282673,0.8732802073347491,0.7571428571428571,0.0,0.0,0.8465485235113981,0.0,0.0
SE-O,2016,2017-02-26,228.0,219.88088937337642,1.257133730098786,0.8880003044142288,2.4328571428571424,0.0,0.0,0.14161610224608123,0.0,0.0
SE-O,2016,2017-03-05,186.0,182.47395215012625,1.200333115047039,0.8189180289363686,3.9971428571428578,0.0,0.0,0.011835374242520819,0.0,0.0
SE-O,2016,2017-03-12,156.0,142.01169576158344,1.299931926305621,0.8635306781990827,1.0850000000000002,0.0,0.0,0.0,0.0,0.0
SE-O,2016,2017-03-19,99.0,109.30021746022908,1.2524749058862699,0.8144205762055619,4.332142857142857,0.0,0.0,0.0,0.0,0.0
SE-O,2016,2017-03-26,78.0,81.37701932141543,1.3061497228898422,0.8363593235083536,4.930000000000001,0.0,0.0,0.0,0.0,0.0
SE-O,2016,2017-04-02,58.0,60.26884069519444,1.3141023367928473,0.8314809799601749,7.029285714285715,0.0,0.0,0.0,0.0,0.0
SE-O,2016,2017-04-09,47.0,45.435757317110735,1.3590319690977544,0.8520855342029742,7.83357142857143,0.0,0.0,0.0,0.0,0.0
SE-O,2016,2017-04-16,33.0,32.770758552951705,1.3064125238087188,0.8134907376116611,5.151428571428572,0.0,0.0,0.0,0.9745501660912187,0.0
SE-O,2016,2017-04-23,27.0,26.710588698484184,1.6030615609188703,0.9927636804183242,5.099285714285714,0.0,0.0,0.0,0.025449833908781534,0.0
SE-O,2016,2017-04-30,19.0,21.471892953174752,1.654586666037329,1.018762253924801,5.413571428571429,0.0,0.0,0.0,0.0,0.0
SE-O,2016,2017-05-07,18.0,21.003867755297577,1.4460323986389867,0.885405055264113,11.233571428571429,0.0,0.0,0.0,0.0,0.0
SE-O,2016,2017-05-14,20.0,19.638461856832354,1.5515986616812654,0.9455573404710093,7.652142857142858,0.0,0.0,0.0,0.0,0.0
SE-O,2016,2017-05-21,23.0,17.33739943616095,1.253891612841366,0.761086837715286,15.067857142857145,0.0,0.0,0.0,0.0,0.0
SE-O,2016,2017-05-28,17.0,13.677977938139204,1.2030475691512412,0.7284036120314681,15.905714285714286,0.0,0.0,0.0,0.0,0.0
SE-O,2016,2017-06-04,7.0,9.129230892674105,1.2583479169437983,0.7606875151759606,13.757857142857144,0.0,0.0,0.0,0.0,0.0
SE-O,2016,2017-06-11,4.0,5.763688881388323,1.2275563711493527,0.7413222579476851,14.835000000000003,0.0,0.0,0.0,0.0,0.01415032876979684
SE-rest,2016,2016-07-03,,0.508940406723914,0.9653948409185975,0.965380882718635,16.769006710556493,0.0,0.0,0.0,0.0,1.0
SE-rest,2016,2016-07-10,,0.6596572670477722,0.9788599169614435,0.9788045218684113,16.449479510169606,0.0,0.0,0.0,0.0,1.0
SE-rest,2016,2016-07-17,,0.9657495172232238,0.9689487944251961,0.9688393033113432,17.156527577675497,0.0,0.0,0.0,0.0,1.0
SE-rest,2016,2016-07-24,,1.2775579834518556,0.9367156750568622,0.9365461666611654,18.90418282002287,0.0,0.0,0.0,0.0,1.0
SE-rest,2016,2016-07-31,1.0,1.5484495948448482,0.9419326566788238,0.9416896786986397,19.125622684555072,0.0,0.0,0.0,0.0,1.0
SE-rest,2016,2016-08-07,4.0,1.7413975040489575,1.0087974548824301,1.0084489205283806,17.03621701471861,0.0,0.0,0.0,0.0,1.0
SE-rest,2016,2016-08-14,0.0,2.044429535586601,1.105175315344045,1.104670270490956,14.375514644809483,0.0,0.0,0.0,0.0,0.9892545507402438
SE-rest,2016,2016-08-21,3.0,2.6047063373715784,1.0651612341253578,1.0645175868201249,15.096710415587918,0.0,0.0,0.0,0.0,0.686973101282746
SE-rest,2016,2016-08-28,1.0,3.357017477492714,0.9427300859681111,0.9420008956347887,16.91630592732183,0.0,0.0,0.0,0.0,0.0349907853074204
SE-rest,2016,2016-09-04,3.0,3.7310711621294206,0.996709724030224,0.9957688609505598,14.945133582580999,0.0,0.0,0.0,0.0,0.0
SE-rest,2016,2016-09-11,5.0,3.954181669999923,0.9681471955352831,0.9670545663080243,16.129139655995022,0.0,0.0,0.0,0.0,0.0
SE-rest,2016,2016-09-18,6.0,4.19812266934926,0.9979012046904362,0.9965823290935921,14.488525930648837,0.0,0.0,0.0,0.0,0.0
SE-rest,2016,2016-09-25,1.0,4.384441245884926,1.0185585879907861,1.0170005071537156,12.606871186893331,0.0,0.0,0.0,0.0,0.0
SE-rest,2016,2016-10-02,5.0,4.795444485323912,0.9860856135530304,0.9843521684405009,12.221534118435297,0.0,0.0,0.0,0.0,0.0
SE-rest,2016,2016-10-09,11.0,5.164229432068043,1.0672278608242969,1.0650874387943872,7.477754059522238,0.0,0.0,0.0,0.0,0.0
SE-rest,2016,2016-10-16,12.0,5.808594627342968,1.1061190297238361,1.1035664221647965,6.056387303539075,0.0,0.0,0.0,0.0,0.0
SE-rest,2016,2016-10-23,3.0,6.944584649360152,1.1490542098704093,1.1459655706816858,6.487824451523232,0.0,0.0,0.0,0.0,0.0
SE-rest,2016,2016-10-30,3.0,8.81096146517827,1.2392846268087996,1.235304583312237,6.009239997767687,0.0020798067981061606,0.0,0.0,0.0,0.0
SE-rest,2016,2016-11-06,4.0,12.50843077936182,1.3723373176429359,1.3667740191904116,0.9131690957786026,0.9979201932018941,0.0,0.0,0.0,0.0
SE-rest,2016,2016-11-13,30.0,20.663234105187605,1.5801797884193876,1.5710910977303592,-2.2257980264995347,0.0,0.0,0.0,0.0,0.0
SE-rest,2016,2016-11-20,42.0,43.424546181895515,1.3618837606076009,1.3491569542299193,3.2796577498529773,0.0,0.0,0.0,0.0,0.0
SE-rest,2016,2016-11-27,86.0,83.5762678964478,1.3098048109052722,1.2898516542281284,4.321810871937169,0.0,0.0,0.0,0.0,0.0
SE-rest,2016,2016-12-04,134.0,137.47714456378412,1.4692063840008796,1.4322142410685739,-0.6488949663573182,0.0,0.0,0.0,0.0,0.0
SE-rest,2016,2016-12-11,262.0,243.5798961394096,1.4088159272734326,1.3473030184965098,1.802872973028281,0.0,0.0,0.0,0.0,0.0
SE-rest,2016,2016-12-18,401.0,441.19750127177974,1.526173354844128,1.4092287114489643,-1.2911712499754429,0.0,0.0,0.0,0.0,0.0
SE-rest,2016,2016-12-25,814.0,795.6620700729212,1.1140518629919105,0.9737194003885538,3.167833740873992,0.0,0.5159636592569593,0.0,0.0,0.0
SE-rest,2016,2017-01-01,1090.0,1058.4483287638238,0.8763644184519527,0.7302030657007995,3.54850495463823,0.0,1.0,0.0,0.0,0.0
SE-rest,2016,2017-01-08,784.0,825.8111013654283,1.0704509052836302,0.8651938428455628,-6.086972199393232,0.0,0.9984986802044359,0.0,0.0,0.0
SE-rest,2016,2017-01-15,679.0,631.7722250997158,1.2491759153779132,0.9834668192390795,-0.5260997683252324,0.0,0.10995515787695538,0.0,0.0,0.0
SE-rest,2016,2017-01-22,458.0,487.4387422137647,1.3295220805678192,1.0191821538253762,0.2468937712853802,0.0,0.003084084217263472,0.0,0.0,0.0
SE-rest,2016,2017-01-29,489.0,487.56633967434993,1.4006299697408298,1.0425336155831844,0.15304440794978205,0.0,0.0,0.0,0.0,0.0
SE-rest,2016,2017-02-05,489.0,504.54237148523924,1.427709257806147,1.0293198024379369,-0.03143013448412265,0.0,0.0,0.0,0.0,0.0
SE-rest,2016,2017-02-12,568.0,537.20472802438,1.5631532665653636,1.0870713938713361,-4.126611195564191,0.0,0.0,0.0,0.0,0.0
SE-rest,2016,2017-02-19,547.0,586.1961328129682,1.3090580312516817,0.8760302384205643,1.4541360153226566,0.0,0.0,0.06860898400178818,0.0,0.0
SE-rest,2016,2017-02-26,616.0,571.3602625898047,1.2884266337226187,0.8361547633895838,-0.5387859531071656,0.0,0.0,0.309291721673057,0.0,0.0
SE-rest,2016,2017-03-05,449.0,454.3009542677611,1.2413205561254819,0.7877711990824522,0.9444149905394118,0.0,0.0,0.48245912716620054,0.0,0.0
SE-rest,2016,2017-03-12,313.0,331.24995591852064,1.4643180627847474,0.9137935464820489,-0.4434744575475458,0.0,0.0,0.13964016715895444,0.0,0.0
SE-rest,2016,2017-03-19,268.0,255.92514729349602,1.4426602096485535,0.8868254959313672,3.672572218156708,0.0,0.0,0.0,0.0,0.0
SE-rest,2016,2017-03-26,191.0,209.10854996633594,1.4628515183486628,0.8882431855183314,4.457730752898789,0.0,0.0,0.0,0.0,0.0
SE-rest,2016,2017-04-02,183.0,174.9659921898179,1.4516018925712608,0.8722927883609657,5.1026543404886855,0.0,0.0,0.0,0.0,0.0
SE-rest,2016,2017-04-09,155.0,142.59328013391598,1.4358253239982506,0.8556955175635076,6.207651248207655,0.0,0.0,0.0,0.0007737336187460425,0.0
SE-rest,2016,2017-04-16,105.0,108.4316362737853,1.47451196080547,0.873096129350788,2.368904030140927,0.0,0.0,0.0,0.7217439996382476,0.0
SE-rest,2016,2017-04-23,86.0,92.43476070492993,1.6084679198642182,0.947271456108204,3.762755358999715,0.0,0.0,0.0,0.2774822667430066,0.0
SE-rest,2016,2017-04-30,72.0,76.50606549449564,1.7156819244762214,1.0049987228555863,4.187210842917021,0.0,0.0,0.0,0.0,0.0
SE-rest,2016,2017-05-07,79.0,72.27403817379711,1.530049251930463,0.8916873272393478,9.08289866536571,0.0,0.0,0.0,0.0,0.0
SE-rest,2016,2017-05-14,59.0,66.53904474926472,1.6702287785800285,0.9690776377002062,5.121229953915269,0.0,0.0,0.0,0.0,0.0
SE-rest,2016,2017-05-21,73.0,60.41042363625054,1.3609884657820852,0.7865431017673358,12.742138355915516,0.0,0.0,0.0,0.0,0.0
SE-rest,2016,2017-05-28,42.0,49.82188175090018,1.2638353674393719,0.7285189292272268,15.122444389233504,0.0,0.0,0.0,0.0,0.0
SE-rest,2016,2017-06-04,39.0,33.914633215317984,1.365658735170782,0.7859444988499182,11.673602264553713,0.0,0.0,0.0,0.0,0.0
SE-rest,2016,2017-06-11,19.0,21.83102235323205,1.29805220103434,0.7462282544535715,14.286123850461209,0.0,0.0,0.0,0.0,0.09783547802570412
SE-M,2017,2017-07-02,,0.11772470826481952,0.9424991611412833,0.9424852977508872,15.136333688958034,0.0,0.0,0.0,0.0,1.0
SE-M,2017,2017-07-09,,0.1402650873687074,0.9288538252956821,0.9288030288369972,15.846705225932975,0.0,0.0,0.0,0.0,1.0
SE-M,2017,2017-07-16,,0.18122045447995494,0.9262408314163479,0.9261454090649014,16.135865986361644,0.0,0.0,0.0,0.0,1.0
SE-M,2017,2017-07-23,,0.21843556966295677,0.918190710108355,0.9180454768290875,16.74030307379106,0.0,0.0,0.0,0.0,1.0
SE-M,2017,2017-07-30,0.0,0.25083936419613456,0.9192322020559736,0.9190306926298406,17.00064687083104,0.0,0.0,0.0,0.0,1.0
SE-M,2017,2017-08-06,0.0,0.27743264555568903,0.915332256867299,0.9150712644457892,17.46827030824858,0.0,0.0,0.0,0.0,1.0
SE-M,2017,2017-08-13,0.0,0.2987700272611278,0.9235321034198428,0.9232041284617992,17.348618270398106,0.0,0.0,0.0,0.0,1.0
SE-M,2017,2017-08-20,1.0,0.31856293660632884,0.8605319090675465,0.8601642596366817,16.808580246621702,0.0,0.0,0.0,0.0,0.4321937901972145
SE-M,2017,2017-08-27,1.0,0.3268469860524892,0.832531558352388,0.832118839866569,15.77893258417904,0.0,0.0,0.0,0.0,0.0206027129763643
SE-M,2017,2017-09-03,0.0,0.3079311081134791,0.8410352706341302,0.8405654198011082,15.820308223015735,0.0,0.0,0.0,0.0,0.0
SE-M,2017,2017-09-10,0.0,0.28638097703712234,0.889187278950329,0.8886361474037072,14.289326563220127,0.0,0.0,0.0,0.0,0.0
SE-M,2017,2017-09-17,0.0,0.283258011924284,0.9337649939516404,0.9331252751462038,13.223768731696834,0.0,0.0,0.0,0.0,0.0
SE-M,2017,2017-09-24,0.0,0.2997268381310523,0.9662296607548279,0.9654974122176777,12.834604471811401,0.0,0.0,0.0,0.0,0.0
SE-M,2017,2017-10-01,0.0,0.3365027448855219,0.9604050273983384,0.9595978504324191,14.085677891195791,0.0,0.0,0.0,0.0,0.0
SE-M,2017,2017-10-08,0.0,0.3726850542799879,1.058384283590663,1.0573952335515144,11.066976739077335,0.0,0.0,0.0,0.0,0.0
SE-M,2017,2017-10-15,0.0,0.4385704355121773,1.0578008170595237,1.0566867738644568,11.709703497507004,0.0,0.0,0.0,0.0,0.0
SE-M,2017,2017-10-22,0.0,0.5500194159580696,1.0739722780146728,1.0726832142192877,11.266223035152837,0.0,0.0,0.0,0.0,0.0
SE-M,2017,2017-10-29,1.0,0.6695805461307894,1.1212205602170282,1.119669758959182,9.237820703635704,0.0,0.0,0.0,0.0,0.0
SE-M,2017,2017-11-05,2.0,0.8504510351156365,1.0628390100940497,1.0611227088842485,8.304791738693849,1.0,0.0,0.0,0.0,0.0
SE-M,2017,2017-11-12,3.0,1.063166288902078,1.1866888403012292,1.184427904192615,5.928035723775343,0.0,0.0,0.0,0.0,0.0
SE-M,2017,2017-11-19,2.0,1.3683660460066385,1.2253120091700218,1.2224703394557745,4.787946207636574,0.0,0.0,0.0,0.0,0.0
SE-M,2017,2017-11-26,2.0,1.9503381213048998,1.2815524088235668,1.2777783165226695,3.943743923110628,0.0,0.0,0.0,0.0,0.0
SE-M,2017,2017-12-03,2.0,2.969450037275039,1.3570355769296298,1.351657630111724,3.067090794815724,0.0,0.0,0.0,0.0,0.0
SE-M,2017,2017-12-10,4.0,4.858442004193029,1.3668602423784149,1.3590252471030948,4.659447645349834,0.0,0.0,0.0,0.0,0.0
SE-M,2017,2017-12-17,7.0,8.512838503531238,1.5456867440386477,1.53156439716413,1.3424868263679912,0.0,0.0,0.0,0.0,0.0
SE-M,2017,2017-12-24,11.0,17.151153518678484,1.2881949281824592,1.2677919469972667,4.715239891265068,0.0,0.404185060130703,0.0,0.0,0.0
SE-M,2017,2017-12-31,37.0,31.497494395474966,1.0467996756900695,1.0207351268524643,4.177038758634681,0.0,0.9902157737574423,0.0,0.0,0.0
SE-M,2017,2018-01-07,38.0,37.867033937135204,1.0585872147261388,1.023027572590902,2.4890142634002825,0.0,0.9902157737574423,0.0,0.0,0.0
SE-M,2017,2018-01-14,45.0,39.736854911309486,1.3730260710998432,1.3125443893436572,0.9351584233594502,0.0,0.21668742254045895,0.0,0.0,0.0
SE-M,2017,2018-01-21,50.0,51.263757544280026,1.4366626897841537,1.3478912045020988,0.8656857558712573,0.0,0.0,0.0,0.0,0.0
SE-M,2017,2018-01-28,79.0,85.25917285803348,1.319371893597262,1.200094726985517,3.696840511930165,0.0,0.0,0.0,0.0,0.0
SE-M,2017,2018-02-04,143.0,130.65502243567136,1.3653211246101893,1.189224699827364,1.9763752787903854,0.0,0.0,0.0,0.0,0.0
SE-M,2017,2018-02-11,179.0,175.67531662907533,1.5118335871062984,1.2369362513895816,-2.0551503514474976,0.0,0.0,0.0,0.0,0.0
SE-M,2017,2018-02-18,181.0,249.74884999820338,1.360957728505112,1.0195070510676536,1.526221056006969,0.0,0.0,0.0,0.0,0.0
SE-M,2017,2018-02-25,382.0,296.72948515809185,1.1655549663324318,0.8027141353532111,-1.9102062721267659,0.0,0.0,1.0,0.0,0.0
SE-M,2017,2018-03-04,260.0,262.87327595523766,1.554672644961953,0.9989350990559408,-5.14237554889764,0.0,0.0,0.0,0.0,0.0
SE-M,2017,2018-03-11,211.0,223.79033696511115,1.4060717797347166,0.8422490971392927,0.27003549856705017,0.0,0.0,0.0,0.0,0.0
SE-M,2017,2018-03-18,191.0,189.50805750894415,1.5040592242657809,0.8532685675055145,-0.4699504927776811,0.0,0.0,0.0,0.0,0.0
SE-M,2017,2018-03-25,128.0,145.18130581587226,1.462689678511224,0.7954286105533489,1.587985958268718,0.0,0.0,0.0,0.0,0.0
SE-M,2017,2018-04-01,93.0,104.7245975882824,1.2712609279490306,0.6715344674681326,0.6486252641578096,0.0,0.0,0.0,0.8664472017168945,0.0
SE-M,2017,2018-04-08,87.0,75.03719481097117,1.2109626130387905,0.629812799192339,5.838557186697285,0.0,0.0,0.0,0.08803843693170921,0.0
SE-M,2017,2018-04-15,51.0,39.48789248938172,1.0827032011007403,0.5587883454374293,8.598650583862208,0.0,0.0,0.0,0.04551436135139637,0.0
SE-M,2017,2018-04-22,19.0,19.219934013854903,0.9674737438423106,0.49776680748464497,12.300326957579243,0.0,0.0,0.0,0.0,0.0
SE-M,2017,2018-04-29,6.0,8.244059364493362,1.0079107491415737,0.517962567819357,9.995652270407685,0.0,0.0,0.0,0.0,0.0
SE-M,2017,2018-05-06,2.0,3.259976035347453,0.9854695532528581,0.5061890659277622,10.646044071185141,0.0,0.0,0.0,0.0,0.0
SE-M,2017,2018-05-13,1.0,1.295984201301703,0.8563208538405073,0.43976928754350997,16.193309832195446,0.0,0.0,0.0,0.0,0.0
SE-M,2017,2018-05-20,0.0,0.5050004076242107,0.8429902240371134,0.43289365000311253,16.80353881855395,0.0,0.0,0.0,0.0,0.0
SE-M,2017,2018-05-27,0.0,0.19371274556213766,0.8304713241504066,0.4264515198956819,17.36674353223926,0.0,0.0,0.0,0.0,0.0
SE-M,2017,2018-06-03,0.0,0.08573815169405824,0.7604410746001317,0.3904829806155162,20.93398159110983,0.0,0.0,0.0,0.0,0.0
SE-M,2017,2018-06-10,0.0,0.04915342229990013,0.807995549379469,0.41489564796143735,18.56565205745408,0.0,0.0,0.0,0.0,0.011010379403506786
SE-O,2017,2017-07-02,,0.299081105429331,0.9038918572702455,0.903876110122354,16.90142857142857,0.0,0.0,0.0,0.0,1.0
SE-O,2017,2017-07-09,,0.3905680816328239,0.9287724026559403,0.9287092290275508,15.855,0.0,0.0,0.0,0.0,1.0
SE-O,2017,2017-07-16,,0.5645748555161829,0.9173395194569333,0.9172163810133165,16.445,0.0,0.0,0.0,0.0,1.0
SE-O,2017,2017-07-23,,0.7358382029495301,0.8922231305149263,0.8920336562622931,17.732857142857142,0.0,0.0,0.0,0.0,1.0
SE-O,2017,2017-07-30,2.0,0.8724654448524042,0.9075072501364143,0.9072353235646226,17.375714285714285,0.0,0.0,0.0,0.0,1.0
SE-O,2017,2017-08-06,0.0,0.9720135341916063,0.9361237924179502,0.9357525796382629,16.73071428571429,0.0,0.0,0.0,0.0,1.0
SE-O,2017,2017-08-13,1.0,1.0910935037406666,0.9474846598572559,0.9470048762194109,17.095714285714287,0.0,0.0,0.0,0.0,1.0
SE-O,2017,2017-08-20,1.0,1.2323506688813024,0.9547524127277455,0.9541512402842578,16.515,0.0,0.0,0.0,0.0,0.8000481395793163
SE-O,2017,2017-08-27,0.0,1.386311919767643,0.8956846890375871,0.8950017663424236,15.141428571428571,0.0,0.0,0.0,0.0,0.029770469937864162
SE-O,2017,2017-09-03,2.0,1.4638864206045135,0.9213471953959822,0.9205220637954418,14.749285714285715,0.0,0.0,0.0,0.0,0.0
SE-O,2017,2017-09-10,1.0,1.4938773422803249,0.96338228148013,0.9623838525984129,13.555714285714286,0.0,0.0,0.0,0.0,0.0
SE-O,2017,2017-09-17,0.0,1.5992067683935582,0.9840333901170594,0.9828586576575812,12.83357142857143,0.0,0.0,0.0,0.0,0.0
SE-O,2017,2017-09-24,3.0,1.7700316176773934,0.9927137572242695,0.991353179367082,11.965,0.0,0.0,0.0,0.0,0.0
SE-O,2017,2017-10-01,1.0,1.9993658616252787,0.9182148971697359,0.9167808577500701,14.045000000000002,0.0,0.0,0.0,0.0,0.0
SE-O,2017,2017-10-08,9.0,2.08455498768563,1.0035368482770395,1.001776936110355,9.642857142857142,0.0,0.0,0.0,0.0,0.0
SE-O,2017,2017-10-15,1.0,2.1869846374748922,0.9887306204633518,0.986783609083056,10.305000000000001,0.0,0.0,0.0,0.0,0.0
SE-O,2017,2017-10-22,2.0,2.4490014874354795,1.0193633629630103,1.0171111491472797,10.035,0.0,0.0,0.0,0.0,0.0
SE-O,2017,2017-10-29,1.0,2.6788593361940034,1.111995550508586,1.109226886961752,8.049999999999999,0.0,0.0,0.0,0.0,0.0
SE-O,2017,2017-11-05,1.0,3.2461586962773654,1.104340503619351,1.1011894687116957,7.435,0.9929637566342009,0.0,0.0,0.0,0.0
SE-O,2017,2017-11-12,1.0,4.156073048526431,1.2908956278180315,1.28656314747892,4.476428571428571,0.007036243365799479,0.0,0.0,0.0,0.0
SE-O,2017,2017-11-19,6.0,5.937679756535147,1.3030647437920693,1.2976205938206853,3.7650000000000006,0.0,0.0,0.0,0.0,0.0
SE-O,2017,2017-11-26,12.0,9.709383245838307,1.3105718501846613,1.3033134338799788,2.3528571428571428,0.0,0.0,0.0,0.0,0.0
SE-O,2017,2017-12-03,21.0,15.92591377055398,1.2729184077471793,1.2631225610096941,2.144285714285714,0.0,0.0,0.0,0.0,0.0
SE-O,2017,2017-12-10,28.0,24.478760389063936,1.2230805871783328,1.2098145424494586,3.8885714285714283,0.0,0.0,0.0,0.0,0.0
SE-O,2017,2017-12-17,32.0,35.867959431898115,1.4099734259165781,1.3878781920226821,-0.4871428571428571,0.0,0.0,0.0,0.0,0.0
SE-O,2017,2017-12-24,55.0,57.46869118835356,1.1551982616657253,1.128145218679296,4.4121428571428565,0.0,0.4306145806195727,0.0,0.0,0.0
SE-O,2017,2017-12-31,73.0,87.13799059583977,0.9919312760524551,0.9599279984306496,3.681428571428572,0.0,0.9754233506936122,0.0,0.0,0.0
SE-O,2017,2018-01-07,100.0,91.34303100742197,1.0252311809739278,0.9842042840796056,1.530714285714286,0.0,0.9754233506936122,0.0,0.0,0.0
SE-O,2017,2018-01-14,88.0,88.04085103293342,1.3119523354462481,1.2479932185240372,0.7385714285714285,0.0,0.13971106743755538,0.0,0.0,0.0
SE-O,2017,2018-01-21,116.0,104.57990678955056,1.3465106718762223,1.2628800781929397,-0.32857142857142857,0.0,0.0,0.0,0.0,0.0
SE-O,2017,2018-01-28,153.0,154.5964947806573,1.2205922691451392,1.121583857949202,3.000714285714286,0.0,0.0,0.0,0.0,0.0
SE-O,2017,2018-02-04,202.0,211.2617215810608,1.3078139906417683,1.1710240657419864,-0.018571428571428555,0.0,0.0,0.0,0.0,0.0
SE-O,2017,2018-02-11,267.0,264.55608460402004,1.3588166598591798,1.1749793971987905,-2.116428571428571,0.0,0.0,0.0,0.0,0.0
SE-O,2017,2018-02-18,331.0,349.68307377752785,1.027821705286086,0.8533291872931162,0.7242857142857143,0.0,0.0,0.8465485235113981,0.0,0.0
SE-O,2017,2018-02-25,388.0,358.1385784710618,1.2581977605205352,1.0095756279732764,-2.8735714285714287,0.0,0.0,0.14161610224608123,0.0,0.0
SE-O,2017,2018-03-04,314.0,323.90517426958695,1.3983637206885218,1.0804019648219971,-6.7650000000000015,0.0,0.0,0.011835374242520819,0.0,0.0
SE-O,2017,2018-03-11,354.0,342.9475508455613,1.2172247239742018,0.9022710706259929,-0.9399999999999998,0.0,0.0,0.0,0.0,0.0
SE-O,2017,2018-03-18,317.0,331.75463156450803,1.2732774308704022,0.911608455919886,-1.5728571428571425,0.0,0.0,0.0,0.0,0.0
SE-O,2017,2018-03-25,302.0,282.28187361861774,1.2413803246722694,0.8628075485158943,1.1600000000000001,0.0,0.0,0.0,0.0,0.0
SE-O,2017,2018-04-01,207.0,228.72196663203894,1.3177869464791334,0.8932753454227786,-0.14214285714285707,0.0,0.0,0.0,0.10829124880628106,0.0
SE-O,2017,2018-04-08,196.0,203.14746637652385,1.035671728953589,0.6887771323791708,4.903571428571429,0.0,0.0,0.0,0.8877472683367359,0.0
SE-O,2017,2018-04-15,136.0,140.6319321463346,1.0734947278272402,0.7060961127010774,8.167857142857143,0.0,0.0,0.0,0.003961482856983305,0.0
SE-O,2017,2018-04-22,110.0,85.01055752338347,0.9797047327839054,0.6403749878041979,10.854285714285712,0.0,0.0,0.0,0.0,0.0
SE-O,2017,2018-04-29,43.0,47.52292202055858,1.0314255854228402,0.6720038902009545,8.482142857142858,0.0,0.0,0.0,0.0,0.0
SE-O,2017,2018-05-06,19.0,25.413069477845,1.0038448168865437,0.6528641707211785,9.817142857142857,0.0,0.0,0.0,0.0,0.0
SE-O,2017,2018-05-13,18.0,13.834969082430835,0.836620487398673,0.5436117870583094,17.530714285714286,0.0,0.0,0.0,0.0,0.0
SE-O,2017,2018-05-20,4.0,6.957514773372859,0.8433833860971968,0.5477970662730816,17.585,0.0,0.0,0.0,0.0,0.0
SE-O,2017,2018-05-27,2.0,3.1561687149604234,0.8130683320474766,0.5280137699630422,19.212857142857143,0.0,0.0,0.0,0.0,0.0
SE-O,2017,2018-06-03,3.0,1.4580975731336712,0.773922191873201,0.5025470576281079,21.27285714285714,0.0,0.0,0.0,0.0,0.0
SE-O,2017,2018-06-10,1.0,0.7149856446786235,0.8184996636487909,0.5314659626663796,19.037857142857142,0.0,0.0,0.0,0.0,0.0014627211981033939
SE-rest,2017,2017-07-02,,1.2217946539944438,0.9583722160024616,0.9583553791472293,15.046634156011738,0.0,0.0,0.0,0.0,1.0
SE-rest,2017,2017-07-09,,1.4213750882749765,0.9570136104558824,0.9569515105471951,15.126876321741701,0.0,0.0,0.0,0.0,1.0
SE-rest,2017,2017-07-16,,1.781834615883278,0.9246580721527515,0.9245462601559912,16.44108234972138,0.0,0.0,0.0,0.0,1.0
SE-rest,2017,2017-07-23,,2.0943082581269823,0.9236116939060235,0.9234428730882868,16.289649075219376,0.0,0.0,0.0,0.0,1.0
SE-rest,2017,2017-07-30,2.0,2.348833971747008,0.8960157938174124,0.8957922714585235,17.27660082450329,0.0,0.0,0.0,0.0,1.0
SE-rest,2017,2017-08-06,6.0,2.504723591931179,0.8992829420564529,0.8989971030092059,17.201798846090913,0.0,0.0,0.0,0.0,1.0
SE-rest,2017,2017-08-13,2.0,2.572969166037671,0.9167534331408856,0.9163974462435867,17.08456528874357,0.0,0.0,0.0,0.0,1.0
SE-rest,2017,2017-08-20,0.0,2.68938920970605,0.9358182943151541,0.9353844700721403,16.034275078907097,0.0,0.0,0.0,0.0,0.8074505528515763
SE-rest,2017,2017-08-27,1.0,2.8717005822648165,0.9069726886482163,0.9064798739631351,13.406829003112344,0.0,0.0,0.0,0.0,0.05372614386617813
SE-rest,2017,2017-09-03,5.0,2.984502557358507,0.8965563757349706,0.8959977423793415,14.418451347791418,0.0,0.0,0.0,0.0,0.0
SE-rest,2017,2017-09-10,3.0,3.008141356381726,0.9541860978815686,0.9535136265627397,12.635998829725098,0.0,0.0,0.0,0.0,0.0
SE-rest,2017,2017-09-17,1.0,3.155406743421433,0.9678765648869508,0.9671069408446146,12.628381821902806,0.0,0.0,0.0,0.0,0.0
SE-rest,2017,2017-09-24,5.0,3.423161138896356,1.010295719359169,1.0093903684516203,11.174629577252917,0.0,0.0,0.0,0.0,0.0
SE-rest,2017,2017-10-01,5.0,3.907098809902734,0.9866802762629661,0.9856812439387815,12.30516412542646,0.0,0.0,0.0,0.0,0.0
SE-rest,2017,2017-10-08,4.0,4.33678891924579,1.074374155141086,1.073146118618762,9.200548956461647,0.0,0.0,0.0,0.0,0.0
SE-rest,2017,2017-10-15,6.0,5.0428398196305135,1.09680131646897,1.095367141650926,8.892405260803729,0.0,0.0,0.0,0.0,0.0
SE-rest,2017,2017-10-22,7.0,6.38316977860922,1.1641809158051797,1.1624073022241108,7.466565125142404,0.0,0.0,0.0,0.0,0.0
SE-rest,2017,2017-10-29,5.0,8.3074583785692,1.2495285475146913,1.2472403860198118,5.253894155201545,0.0,0.0,0.0,0.0,0.0
SE-rest,2017,2017-11-05,7.0,12.207079292208372,1.168603255035641,1.1659264036585004,5.157182597455773,1.0,0.0,0.0,0.0,0.0
SE-rest,2017,2017-11-12,23.0,17.749658702181648,1.2420794407295281,1.2384349286053467,3.5708195705226933,0.0,0.0,0.0,0.0,0.0
SE-rest,2017,2017-11-19,24.0,25.052212859043195,1.2546477140639742,1.249769939673854,1.1492468816097572,0.0,0.0,0.0,0.0,0.0
SE-rest,2017,2017-11-26,51.0,37.42771880466998,1.2291559014082136,1.2226317252421037,1.1651265332660574,0.0,0.0,0.0,0.0,0.0
SE-rest,2017,2017-12-03,49.0,54.81274836679275,1.2648837916633937,1.2555764068475095,1.1983684153283718,0.0,0.0,0.0,0.0,0.0
SE-rest,2017,2017-12-10,77.0,79.80867105414981,1.3567429059667284,1.3423928229902309,0.9387037942972684,0.0,0.0,0.0,0.0,0.0
SE-rest,2017,2017-12-17,120.0,130.1933337960851,1.5012413610385296,1.4764539039112716,-0.9532041943609164,0.0,0.0,0.0,0.0,0.0
SE-rest,2017,2017-12-24,252.0,243.17093225882758,1.3269752520902316,1.290265779628955,0.3624432993187355,0.0,0.37652192996647965,0.0,0.0,0.0
SE-rest,2017,2017-12-31,422.0,438.78441743173784,1.0197532413039847,0.9761436454091893,1.319061459496423,0.0,1.0,0.0,0.0,0.0
SE-rest,2017,2018-01-07,538.0,521.0308492967,0.9952020060212636,0.9394976784883792,0.04255505872310688,0.0,1.0,0.0,0.0,0.0
SE-rest,2017,2018-01-14,499.0,496.5252770928159,1.315528915916957,1.223856978271481,-2.2897461362058134,0.0,0.17798358539745626,0.0,0.0,0.0
SE-rest,2017,2018-01-21,570.0,557.9148711424432,1.3779825730191464,1.2539262537474125,-2.61725147415984,0.0,0.02168078770008596,0.0,0.0,0.0
SE-rest,2017,2018-01-28,761.0,791.0752848686506,1.2941213997399035,1.1403569013597603,-0.0007830373001925002,0.0,0.02168078770008596,0.0,0.0,0.0
SE-rest,2017,2018-02-04,1096.0,1097.1131526026456,1.3107893310944743,1.1085209628740105,-2.3377714214620933,0.0,0.02168078770008596,0.0,0.0,0.0
SE-rest,2017,2018-02-11,1351.0,1325.1503076904446,1.3209506975126035,1.0634574390089766,-4.743392931644068,0.0,0.02168078770008596,0.0,0.0,0.0
SE-rest,2017,2018-02-18,1554.0,1546.9675033479693,1.1397297410437623,0.8710200980719592,-0.4028963856131305,0.0,0.02168078770008596,0.062200195146043406,0.0,0.0
SE-rest,2017,2018-02-25,1426.0,1450.7944821063343,1.256927536928918,0.9207309754362857,-6.349601725953987,0.0,0.02168078770008596,0.31725176858717313,0.0,0.0
SE-rest,2017,2018-03-04,1237.0,1220.9021120885454,1.3264894255338155,0.9346243672241316,-8.605177221714836,0.0,0.02168078770008596,0.48090786910782907,0.0,0.0
SE-rest,2017,2018-03-11,1096.0,1078.6972686614554,1.3138700653889985,0.8930676615974672,-2.5189709207031536,0.0,0.02168078770008596,0.13964016715895444,0.0,0.0
SE-rest,2017,2018-03-18,878.0,928.7469081863461,1.4695752359180407,0.9680149575674043,-3.517429807783521,0.0,0.02168078770008596,0.0,0.0,0.0
SE-rest,2017,2018-03-25,818.0,805.1403595203496,1.3224339134223566,0.8464455548970997,0.7820565270274621,0.0,0.02168078770008596,0.0,0.0,0.0
SE-rest,2017,2018-04-01,697.0,673.3509032209193,1.4043626192600756,0.8782733000483862,-2.08306311449037,0.0,0.02168078770008596,0.0,0.07909412378086188,0.0
SE-rest,2017,2018-04-08,594.0,585.2722787685516,1.1194541205595192,0.6882171545886874,2.920490639397767,0.0,0.02168078770008596,0.0,0.9193462242002485,0.0
SE-rest,2017,2018-04-15,355.0,394.52100305912666,1.2628171312980747,0.7685212100703506,4.824844922854408,0.0,0.02168078770008596,0.0,0.0,0.0
SE-rest,2017,2018-04-22,261.0,248.88808352171827,1.072325416696805,0.6483813513543176,10.363024872835044,0.0,0.02168078770008596,0.0,0.0015596520188896604,0.0
SE-rest,2017,2018-04-29,167.0,149.37853594436854,1.105189816732238,0.6660204039427844,7.648362330157065,0.0,0.02168078770008596,0.0,0.0,0.0
SE-rest,2017,2018-05-06,65.0,81.55446082879212,1.0307290231678317,0.6200400131096083,9.245526860624324,0.0,0.02168078770008596,0.0,0.0,0.0
SE-rest,2017,2018-05-13,54.0,43.2890039241976,0.8544045135044509,0.5135363464162813,15.590852500685816,0.0,0.02168078770008596,0.0,0.0,0.0
SE-rest,2017,2018-05-20,21.0,20.458382162941,0.8350735305677218,0.5017567044338583,15.998861554555774,0.0,0.02168078770008596,0.0,0.0,0.0
SE-rest,2017,2018-05-27,5.0,8.489097557287899,0.8114104002943393,0.48747562878584066,16.92185278813984,0.0,0.02168078770008596,0.0,0.0,0.0
SE-rest,2017,2018-06-03,3.0,3.4634017643945407,0.7687082876449718,0.4617947500961459,19.1009208046108,0.0,0.02168078770008596,0.0,0.0,0.0
SE-rest,2017,2018-06-10,1.0,1.503440944703102,0.8333619286269247,0.5006195563560459,16.01217129761269,0.0,0.02168078770008596,0.0,0.0,0.01775989911465185
SE-M,2018,2018-07-01,,0.11469588510398732,0.8975969366735361,0.8975821516397949,18.72743179966568,0.0,0.0,0.0,0.0,1.0
SE-M,2018,2018-07-08,,0.13176057018916248,0.8902935553060903,0.8902403084393538,19.25673707389426,0.0,0.0,0.0,0.0,1.0
SE-M,2018,2018-07-15,,0.16370471115960067,0.8903269820169953,0.8902283433369481,19.536366403813872,0.0,0.0,0.0,0.0,1.0
SE-M,2018,2018-07-22,,0.19204205608138133,0.8539854713474846,0.8538430343745178,21.571590974581515,0.0,0.0,0.0,0.0,1.0
SE-M,2018,2018-07-29,0.0,0.209000055256082,0.8197489922270489,0.8195657526383993,23.687686504819577,0.0,0.0,0.0,0.0,1.0
SE-M,2018,2018-08-05,0.0,0.21382613102671078,0.8522073562306967,0.8519686179859439,22.613017827902713,0.0,0.0,0.0,0.0,1.0
SE-M,2018,2018-08-12,0.0,0.21474537599766336,0.9119684394675982,0.9116582910872377,20.456052514626524,0.0,0.0,0.0,0.0,1.0
SE-M,2018,2018-08-19,0.0,0.2288427323667076,0.901188546758367,0.9008222411932557,18.653111476772683,0.0,0.0,0.0,0.0,0.596011632355644
SE-M,2018,2018-08-26,0.0,0.254704161517089,0.8650629320879142,0.8646499533351425,16.963628097986025,0.0,0.0,0.0,0.0,0.05156053038773919
SE-M,2018,2018-09-02,0.0,0.26274806554928837,0.8748550515735863,0.8743761527177565,16.044809916633426,0.0,0.0,0.0,0.0,0.0
SE-M,2018,2018-09-09,1.0,0.2671413994532844,0.8527624540029622,0.8522352241174541,16.777142857142856,0.0,0.0,0.0,0.0,0.0
SE-M,2018,2018-09-16,2.0,0.2660462094668388,0.88438527010697,0.8837764875271006,15.016428571428573,0.0,0.0,0.0,0.0,0.0
SE-M,2018,2018-09-23,0.0,0.2659899219733399,0.8573066873694116,0.8566556373912035,16.267857142857146,0.0,0.0,0.0,0.0,0.0
SE-M,2018,2018-09-30,0.0,0.26750215743834405,0.9639743128914817,0.9631710904124269,11.623571428571429,0.0,0.0,0.0,0.0,0.0
SE-M,2018,2018-10-07,0.0,0.2905582985306244,1.0076065945866517,1.0066774080910335,10.177857142857144,0.0,0.0,0.0,0.0,0.0
SE-M,2018,2018-10-14,0.0,0.3387600577102725,0.9442325861300825,0.9432651399832853,13.357142857142858,0.0,0.0,0.0,0.0,0.0
SE-M,2018,2018-10-21,1.0,0.3839931879320381,1.0270593286401961,1.0258913301361012,10.801428571428573,0.0,0.0,0.0,0.0,0.0
SE-M,2018,2018-10-28,0.0,0.43052711289178625,1.1461058794311645,1.1446408262259695,7.533571428571429,0.0,0.0,0.0,0.0,0.0
SE-M,2018,2018-11-04,0.0,0.5461777954680951,1.1043292515098762,1.1027060131554494,7.712857142857144,1.0,0.0,0.0,0.0,0.0
SE-M,2018,2018-11-11,1.0,0.7360922922655397,1.1983615407091577,1.1962899974034502,8.381428571428573,0.0,0.0,0.0,0.0,0.0
SE-M,2018,2018-11-18,0.0,1.0145843646541484,1.2637134050221608,1.2610406861212062,7.738717018358615,0.0,0.0,0.0,0.0,0.0
SE-M,2018,2018-11-25,0.0,1.519690943231821,1.4575495287616325,1.453495384358534,3.055299698332808,0.0,0.0,0.0,0.0,0.0
SE-M,2018,2018-12-02,4.0,2.8193689103915203,1.5628611850200966,1.5562217937970086,0.9914285714285714,0.0,0.0,0.0,0.0,0.0
SE-M,2018,2018-12-09,5.0,6.23208227138743,1.3787940377379986,1.3686886335100612,6.020714285714286,0.0,0.0,0.0,0.0,0.0
SE-M,2018,2018-12-16,13.0,11.99681670312612,1.5057737609462258,1.4861869631596272,1.9728571428571429,0.0,0.0,0.0,0.0,0.0
SE-M,2018,2018-12-23,23.0,23.382275307502784,1.3535713779375527,1.3211060801909198,1.6735714285714292,0.0,0.31350192422649453,0.0,0.0,0.0
SE-M,2018,2018-12-30,50.0,43.0524288326466,0.9885597683607629,0.9499937977922382,4.479285714285715,0.0,1.0,0.0,0.0,0.0
SE-M,2018,2019-01-06,43.0,52.045413639678905,1.0044007388568816,0.9521261687394821,2.8607142857142853,0.0,1.0,0.0,0.0,0.0
SE-M,2018,2019-01-13,45.0,49.01795563110254,1.2589102713848728,1.1767019503251335,2.674285714285715,0.0,0.21990659956789654,0.0,0.0,0.0
SE-M,2018,2019-01-20,69.0,52.9998880972679,1.3279059669452289,1.2168511897526904,1.6285714285714292,0.0,0.0,0.0,0.0,0.0
SE-M,2018,2019-01-27,62.0,71.34681251382494,1.3824891932274794,1.2306303478233833,-0.9650000000000001,0.0,0.0,0.0,0.0,0.0
SE-M,2018,2019-02-03,93.0,101.32503994595558,1.2852402176578974,1.0987335132444043,1.0235714285714288,0.0,0.0,0.0,0.0,0.0
SE-M,2018,2019-02-10,150.0,130.87627952241434,1.186911028540638,0.9693122196279431,3.5321428571428575,0.0,0.0,0.0,0.0,0.0
SE-M,2018,2019-02-17,135.0,141.17641093768498,1.1530060174238028,0.9016423368073276,4.659285714285714,0.0,0.0,0.0,0.0,0.0
SE-M,2018,2019-02-24,120.0,127.97156626046743,0.9562458060641544,0.7229969467000305,4.075,0.0,0.0,1.0,0.0,0.0
SE-M,2018,2019-03-03,99.0,95.05879530651848,1.1685801748717517,0.8643718383780975,4.808571428571428,0.0,0.0,0.0,0.0,0.0
SE-M,2018,2019-03-10,67.0,66.17887066807609,1.1838658619568025,0.8599847566004949,5.129285714285715,0.0,0.0,0.0,0.0,0.0
SE-M,2018,2019-03-17,57.0,50.81891589750171,1.2549195407825577,0.8981917398795407,4.45,0.0,0.0,0.0,0.0,0.0
SE-M,2018,2019-03-24,35.0,41.342367601048466,1.268464576677937,0.8963505641706818,6.251428571428572,0.0,0.0,0.0,0.0,0.0
SE-M,2018,2019-03-31,30.0,34.467560430860615,1.2972708045133128,0.9068055503325826,7.277142857142858,0.0,0.0,0.0,0.0,0.0
SE-M,2018,2019-04-07,30.0,29.13740544031821,1.3026957775825545,0.9020750029182072,8.227142857142857,0.0,0.0,0.0,0.0,0.0
SE-M,2018,2019-04-14,20.0,25.015105609915544,1.4624648035509118,1.0041182908407733,3.4885714285714284,0.0,0.0,0.0,0.033115035005662784,0.0
SE-M,2018,2019-04-21,36.0,21.397657827016047,1.1197417773209062,0.7630342475063212,8.514285714285716,0.0,0.0,0.0,0.9668849649943372,0.0
SE-M,2018,2019-04-28,21.0,19.728756455515168,1.2342943021348023,0.8367746961902773,12.509285714285712,0.0,0.0,0.0,0.0,0.0
SE-M,2018,2019-05-05,6.0,13.552182640040764,1.4244764855425394,0.9617553001953186,8.936428571428571,0.0,0.0,0.0,0.0,0.0
SE-M,2018,2019-05-12,8.0,10.848000599711842,1.4843098851131522,0.9981605672112045,8.912142857142857,0.0,0.0,0.0,0.0,0.0
SE-M,2018,2019-05-19,8.0,10.429167014609941,1.4022308733873943,0.9392035350170603,11.937857142857142,0.0,0.0,0.0,0.0,0.0
SE-M,2018,2019-05-26,11.0,10.04809997719396,1.3016156757950585,0.8687777163488183,14.612857142857143,0.0,0.0,0.0,0.0,0.0
SE-M,2018,2019-06-02,17.0,8.561565380293764,1.3263995054107738,0.8828973713978358,13.460714285714287,0.0,0.0,0.0,0.0,0.0
SE-M,2018,2019-06-09,3.0,7.0436008659715,1.1859305929882729,0.7876823958923145,18.384999999999998,0.0,0.0,0.0,0.0,0.06867477662353298
SE-O,2018,2018-07-01,,0.1328778997632355,0.9399470611174946,0.9399337025507838,19.61357142857143,0.0,0.0,0.0,0.0,1.0
SE-O,2018,2018-07-08,,0.18641000677009162,0.9400233182435097,0.939970224098935,19.891428571428573,0.0,0.0,0.0,0.0,1.0
SE-O,2018,2018-07-15,,0.2927112355761901,0.9358006622396828,0.9356939187840757,20.476428571428574,0.0,0.0,0.0,0.0,1.0
SE-O,2018,2018-07-22,,0.3934552404304048,0.9392391734867359,0.9390658837711241,20.766428571428573,0.0,0.0,0.0,0.0,1.0
SE-O,2018,2018-07-29,0.0,0.4832704320831738,0.8981433085991828,0.8979050199954355,23.05071428571428,0.0,0.0,0.0,0.0,1.0
SE-O,2018,2018-08-05,1.0,0.5570591282866341,0.9304496422932388,0.930120491702375,22.165,0.0,0.0,0.0,0.0,1.0
SE-O,2018,2018-08-12,0.0,0.6085203576700515,1.0197756652536687,1.0193115668691868,18.99285714285714,0.0,0.0,0.0,0.0,1.0
SE-O,2018,2018-08-19,1.0,0.7141617223345018,1.0716890096428289,1.0710628396808517,17.26642857142857,0.0,0.0,0.0,0.0,0.9956118364056901
SE-O,2018,2018-08-26,0.0,0.9083268624913096,0.9622987166136845,0.9615841962746785,15.916428571428572,0.0,0.0,0.0,0.0,0.08273416049497222
SE-O,2018,2018-09-02,0.0,1.0659731749174677,0.9570946894729998,0.956225343520356,15.331428571428573,0.0,0.0,0.0,0.0,0.0
SE-O,2018,2018-09-09,3.0,1.146083987006989,0.915484239635567,0.9144969322976912,16.557857142857145,0.0,0.0,0.0,0.0,0.0
SE-O,2018,2018-09-16,3.0,1.15601001956412,0.9718658887190205,0.9706537587986807,13.622142857142856,0.0,0.0,0.0,0.0,0.0
SE-O,2018,2018-09-23,1.0,1.1772964415200338,0.9350851617570198,0.9337534182733151,15.031428571428574,0.0,0.0,0.0,0.0,0.0
SE-O,2018,2018-09-30,0.0,1.2134095419589352,1.0546593339196633,1.0529584789784685,10.087857142857144,0.0,0.0,0.0,0.0,0.0
SE-O,2018,2018-10-07,1.0,1.3552010809756272,1.0938197392427216,1.0917973795557112,8.505714285714287,0.0,0.0,0.0,0.0,0.0
SE-O,2018,2018-10-14,1.0,1.6426098568317675,0.9583629995069396,0.956327522859559,13.665714285714285,0.0,0.0,0.0,0.0,0.0
SE-O,2018,2018-10-21,3.0,1.8565502797515752,1.0050135243704106,1.0025983335652837,11.52357142857143,0.0,0.0,0.0,0.0,0.0
SE-O,2018,2018-10-28,3.0,1.9230795779452348,1.1583237224975742,1.1551700780454157,5.852142857142858,0.0,0.0,0.0,0.0,0.0
SE-O,2018,2018-11-04,3.0,2.267614072652974,1.0670265659688833,1.063679070300728,7.037857142857143,1.0,0.0,0.0,0.0,0.0
SE-O,2018,2018-11-11,2.0,2.8835212435881736,1.116964060288709,1.1128999996810274,8.766428571428571,0.0,0.0,0.0,0.0,0.0
SE-O,2018,2018-11-18,4.0,3.4991730238580736,1.193260714556992,1.1881502884263786,7.768571428571429,0.0,0.0,0.0,0.0,0.0
SE-O,2018,2018-11-25,4.0,4.591526505713828,1.4890948894065368,1.4811642721868208,0.7764285714285716,0.0,0.0,0.0,0.0,0.0
SE-O,2018,2018-12-02,2.0,8.093374123581661,1.5517387875836917,1.5398717007972558,0.7757142857142859,0.0,0.0,0.0,0.0,0.0
SE-O,2018,2018-12-09,22.0,17.981310451514638,1.4394081061005768,1.4212620783217915,4.260714285714286,0.0,0.0,0.0,0.0,0.0
SE-O,2018,2018-12-16,31.0,35.74483309664748,1.5394242896674044,1.505100245191968,1.112142857142857,0.0,0.0,0.0,0.0,0.0
SE-O,2018,2018-12-23,87.0,73.15523386025069,1.4095104471159605,1.350810711686254,0.09857142857142863,0.0,0.31874566016535233,0.0,0.0,0.0
SE-O,2018,2018-12-30,125.0,139.13410313716855,1.043524217203136,0.9714599712109954,2.238571428571429,0.0,1.0,0.0,0.0,0.0
SE-O,2018,2019-01-06,161.0,172.60750085149823,0.9786937236466244,0.8881310164017595,2.632857142857143,0.0,1.0,0.0,0.0,0.0
SE-O,2018,2019-01-13,179.0,158.86334329002256,1.2575835343527741,1.1143059461188363,1.0885714285714285,0.0,0.15162718466379696,0.0,0.0,0.0
SE-O,2018,2019-01-20,161.0,155.034052013127,1.3229204036863282,1.1372767858546198,-0.965,0.0,0.0,0.0,0.0,0.0
SE-O,2018,2019-01-27,171.0,184.38654699561297,1.3407638589501807,1.1091039752005645,-2.217142857142857,0.0,0.0,0.0,0.0,0.0
SE-O,2018,2019-02-03,238.0,223.958647391029,1.346115268065003,1.0626718299356048,-2.2749999999999995,0.0,0.0,0.0,0.0,0.0
SE-O,2018,2019-02-10,237.0,259.93539524135645,1.2029443089808518,0.9033158403996238,2.494285714285714,0.0,0.0,0.0,0.0,0.0
SE-O,2018,2019-02-17,260.0,255.28320501209913,0.9672738080097832,0.6986566909083233,4.166428571428572,0.0,0.0,0.8465485235113981,0.0,0.0
SE-O,2018,2019-02-24,206.0,190.51064369361973,1.1491028566820134,0.8105499243221087,3.681428571428572,0.0,0.0,0.14161610224608123,0.0,0.0
SE-O,2018,2019-03-03,119.0,123.0584942656697,1.2026964128191253,0.8336082755917644,4.430714285714286,0.0,0.0,0.011835374242520819,0.0,0.0
SE-O,2018,2019-03-10,83.0,86.96369752059576,1.320351005118708,0.9024950942800766,2.948571428571428,0.0,0.0,0.0,0.0,0.0
SE-O,2018,2019-03-17,73.0,68.28447319994379,1.4168003265703857,0.9563525756797898,2.7350000000000003,0.0,0.0,0.0,0.0,0.0
SE-O,2018,2019-03-24,52.0,60.38291536665857,1.4214103708117167,0.9480204974893096,5.424285714285714,0.0,0.0,0.0,0.0,0.0
SE-O,2018,2019-03-31,61.0,55.14832872145654,1.474409366994119,0.9724611307289454,6.611428571428571,0.0,0.0,0.0,0.0,0.0
SE-O,2018,2019-04-07,48.0,51.40342541205729,1.5040807573944417,0.9812981293289155,7.947857142857143,0.0,0.0,0.0,0.0,0.0
SE-O,2018,2019-04-14,40.0,49.90579109607949,1.7095926855789472,1.1026301176121964,3.124285714285715,0.0,0.0,0.0,0.0,0.0
SE-O,2018,2019-04-21,52.0,49.866354759512674,1.2015489109825306,0.7660954264025934,9.594999999999999,0.0,0.0,0.0,0.9571863149184267,0.0
SE-O,2018,2019-04-28,65.0,49.86473944633079,1.1984896532499933,0.7584499512951272,13.830714285714285,0.0,0.0,0.0,0.042813685081573384,0.0
SE-O,2018,2019-05-05,34.0,33.020688972438066,1.3344402067375827,0.8403070500185364,8.904999999999998,0.0,0.0,0.0,0.0,0.0
SE-O,2018,2019-05-12,15.0,22.337098365937216,1.352997496339338,0.8487584486262539,7.796428571428572,0.0,0.0,0.0,0.0,0.0
SE-O,2018,2019-05-19,20.0,17.07528254992132,1.206891026501428,0.7549015871756188,12.357142857142858,0.0,0.0,0.0,0.0,0.0
SE-O,2018,2019-05-26,13.0,12.489571085712221,1.161436472860935,0.7251302488807501,14.036428571428573,0.0,0.0,0.0,0.0,0.0
SE-O,2018,2019-06-02,4.0,7.999554700332196,1.2430841775223844,0.7752252139990221,11.39357142857143,0.0,0.0,0.0,0.0,0.0
SE-O,2018,2019-06-09,7.0,5.1930360565115645,1.0790363289989995,0.672407522818929,17.255714285714284,0.0,0.0,0.0,0.0,0.0029254423962067878
SE-rest,2018,2018-07-01,,0.8157414634919933,0.9445814421434326,0.9445671357606023,17.216183957821546,0.0,0.02168078770008596,0.0,0.0,1.0
SE-rest,2018,2018-07-08,,0.9773760979161163,0.9171098495477158,0.9170583892454897,18.45518828252699,0.0,0.02168078770008596,0.0,0.0,1.0
SE-rest,2018,2018-07-15,,1.2855305099840146,0.8650790354109618,0.864988572550543,20.814283272324648,0.0,0.02168078770008596,0.0,0.0,1.0
SE-rest,2018,2018-07-22,,1.5022956141094697,0.8130698482267759,0.8129438125535869,23.15793153481928,0.0,0.02168078770008596,0.0,0.0,1.0
SE-rest,2018,2018-07-29,2.0,1.5470522313251134,0.802111937342197,0.8019488090487344,23.430710666918618,0.0,0.02168078770008596,0.0,0.0,1.0
SE-rest,2018,2018-08-05,2.0,1.5274840462330324,0.8078007775084602,0.807598101135146,22.842354225748903,0.0,0.02168078770008596,0.0,0.0,1.0
SE-rest,2018,2018-08-12,1.0,1.490430129630503,0.8727790396200413,0.8725179148563736,19.48784033664561,0.0,0.02168078770008596,0.0,0.0,0.9962585951786443
SE-rest,2018,2018-08-19,4.0,1.5426559735634355,0.9145185059100372,0.9141957256860801,17.09608338725001,0.0,0.02168078770008596,0.0,0.0,0.9340014023329525
SE-rest,2018,2018-08-26,0.0,1.7151386898647918,0.8390976931606906,0.838752230902242,15.49257480321923,0.0,0.02168078770008596,0.0,0.0,0.08842008468964616
SE-rest,2018,2018-09-02,1.0,1.8038626893859653,0.846809432353871,0.846412360679806,15.077698931143422,0.0,0.02168078770008596,0.0,0.0,0.0
SE-rest,2018,2018-09-09,1.0,1.8025770947241506,0.8418216182047212,0.841378824978172,15.944732868329979,0.0,0.02168078770008596,0.0,0.0,0.0
SE-rest,2018,2018-09-16,3.0,1.7897961379731289,0.9099880393450548,0.9094561993365069,13.4702118914781,0.0,0.02168078770008596,0.0,0.0,0.0
SE-rest,2018,2018-09-23,0.0,1.8564459265368083,0.9077518125254704,0.907163261911034,14.17615645499468,0.0,0.02168078770008596,0.0,0.0,0.0
SE-rest,2018,2018-09-30,1.0,2.0137964785987172,1.0466718648595106,1.0459161852966385,8.570340381492313,0.0,0.02168078770008596,0.0,0.0,0.0
SE-rest,2018,2018-10-07,5.0,2.411342505164366,1.0826874083161806,1.0817994988751662,7.115464961568705,0.0,0.02168078770008596,0.0,0.0,0.0
SE-rest,2018,2018-10-14,4.0,3.1153085657219695,0.9646918326566675,0.9637849215396387,11.835280082406882,0.0013301719692353222,0.02168078770008596,0.0,0.0,0.0
SE-rest,2018,2018-10-21,6.0,3.696802266942004,1.0426174551397775,1.0415005212401405,9.400907323384656,0.0,0.02168078770008596,0.0,0.0,0.0
SE-rest,2018,2018-10-28,2.0,4.159769006233485,1.2430605001501382,1.2415166316893753,3.6271291218274144,0.0,0.02168078770008596,0.0,0.0,0.0
SE-rest,2018,2018-11-04,3.0,5.626575200992576,1.1451976910546533,1.14348116825731,5.855839575815442,0.9986698280307645,0.02168078770008596,0.0,0.0,0.0
SE-rest,2018,2018-11-11,8.0,8.199648192708338,1.2154215039286953,1.2131662339381297,7.14907953335356,0.0,0.02168078770008596,0.0,0.0,0.0
SE-rest,2018,2018-11-18,11.0,11.530333130625191,1.2607445286137342,1.2577392358338078,6.499352301282956,0.0,0.02168078770008596,0.0,0.0,0.0
SE-rest,2018,2018-11-25,20.0,17.288800384261407,1.5351174872029951,1.5300211671670905,-0.8344438090347014,0.0,0.02168078770008596,0.0,0.0,0.0
SE-rest,2018,2018-12-02,33.0,33.195574172378905,1.539578449296987,1.531172646078548,-0.21785646572742318,0.0,0.02168078770008596,0.0,0.0,0.0
SE-rest,2018,2018-12-09,69.0,74.75135628241395,1.4307698166013914,1.4165060043178548,2.553303413809251,0.0,0.02168078770008596,0.0,0.0,0.0
SE-rest,2018,2018-12-16,147.0,148.48828722761732,1.5142758138097705,1.4859964825337764,-1.3724088453729024,0.0,0.02168078770008596,0.0,0.0,0.0
SE-rest,2018,2018-12-23,303.0,294.19732581374916,1.3104402177314933,1.2647211515909509,-2.0100151907652997,0.0,0.35498211825307135,0.0,0.0,0.0
SE-rest,2018,2018-12-30,530.0,517.4189354788423,0.9928688137490297,0.937601204178408,-0.6979814405461892,0.0,1.0,0.0,0.0,0.0
SE-rest,2018,2019-01-06,582.0,598.968838002627,0.9539185616584885,0.8844441648490641,0.2182581704438477,0.0,1.0,0.0,0.0,0.0
SE-rest,2018,2019-01-13,524.0,535.3578018994582,1.220451610699418,1.1124342308889863,-0.5655897727721965,0.0,0.1794378680686411,0.0,0.0,0.0
SE-rest,2018,2019-01-20,530.0,516.8216489218636,1.3400585525536048,1.1947796556980432,-4.990367231370918,0.0,0.0,0.0,0.0,0.0
SE-rest,2018,2019-01-27,651.0,648.3043667321215,1.2861671040391056,1.1127350542942447,-5.768641400751228,0.0,0.0,0.0,0.0,0.0
SE-rest,2018,2019-02-03,824.0,821.0712576872747,1.2036613827557276,1.0056843378903189,-4.149308915992917,0.0,0.0,0.0,0.0,0.0
SE-rest,2018,2019-02-10,914.0,910.6463148208488,1.1541264625198473,0.9313413922731567,-1.424622930610432,0.0,0.0,0.0,0.0,0.0
SE-rest,2018,2019-02-17,897.0,891.5861032371332,1.0975111352336744,0.8587007674042803,2.6443473450089243,0.0,0.0,0.062200195146043406,0.0,0.0
SE-rest,2018,2019-02-24,718.0,748.9484011904937,1.1562069518916263,0.8829863017408244,1.1792432972141191,0.0,0.0,0.3157005105288018,0.0,0.0
SE-rest,2018,2019-03-03,609.0,591.8829409996974,1.1127553744786531,0.8334257440140701,2.9069613199838016,0.0,0.0,0.4806893553614326,0.0,0.0
SE-rest,2018,2019-03-10,451.0,461.70936664049907,1.3361405713790648,0.9848711745547567,-0.9702121084885819,0.0,0.0,0.14140993896372225,0.0,0.0
SE-rest,2018,2019-03-17,408.0,395.7792491102016,1.357694650677333,0.9843726715467894,0.24083445864204453,0.0,0.0,0.0,0.0,0.0
SE-rest,2018,2019-03-24,390.0,380.4663751524047,1.2816590689004168,0.9146733193316112,4.391484530467198,0.0,0.0,0.0,0.0,0.0
SE-rest,2018,2019-03-31,337.0,349.77223899520646,1.3251526442233388,0.9327526460641925,5.487340349341818,0.0,0.0,0.0,0.0,0.0
SE-rest,2018,2019-04-07,295.0,309.0739474971484,1.377818413131886,0.9576437755191576,4.961450650470289,0.0,0.0,0.0,0.0,0.0
SE-rest,2018,2019-04-14,296.0,280.59421172236614,1.4930958626801762,1.0249625007935859,1.1281008273480357,0.0,0.0,0.0,0.0015538304011108188,0.0
SE-rest,2018,2019-04-21,252.0,259.4996429750424,1.0520549375986028,0.7142131783501545,8.594483632259058,0.0,0.0,0.0,0.8011339428341505,0.0
SE-rest,2018,2019-04-28,242.0,235.50933609733232,1.019455560149743,0.6876535650410461,12.03474577059822,0.0,0.0,0.0,0.19731222676473886,0.0
SE-rest,2018,2019-05-05,146.0,139.72170284890564,1.171533613853703,0.7872734073453078,6.527360340184734,0.0,0.0,0.0,0.0,0.0
SE-rest,2018,2019-05-12,77.0,84.27296770983668,1.1099763234002669,0.7440005121252716,7.849138345322751,0.0,0.0,0.0,0.0,0.0
SE-rest,2018,2019-05-19,58.0,55.73825163888051,1.0045546543282518,0.6722533436296041,11.298903261586329,0.0,0.0,0.0,0.0,0.0
SE-rest,2018,2019-05-26,35.0,34.49038511019107,0.9330388134897366,0.6238584729675293,13.961636618997783,0.0,0.0,0.0,0.0,0.0
SE-rest,2018,2019-06-02,18.0,18.66133011910236,0.9833677425953876,0.6572293814543564,11.653045267926887,0.0,0.0,0.0,0.0,0.0
SE-rest,2018,2019-06-09,9.0,9.93910026098477,0.8380048284832279,0.5599443298093262,18.258348501784408,0.0,0.0,0.0,0.0,0.017458161377217608
SE-M,2019,2019-06-30,,0.11330547981077516,0.8306144998960948,0.8306042459717353,20.142142857142858,0.0,0.0,0.0,0.0,1.0
SE-M,2019,2019-07-07,,0.11721352377281671,0.9427582937980363,0.9427170175115069,15.098571428571429,0.0,0.0,0.0,0.0,1.0
SE-M,2019,2019-07-14,,0.1310078874047836,0.8917603379355051,0.8916885863007399,17.500000000000004,0.0,0.0,0.0,0.0,1.0
SE-M,2019,2019-07-21,,0.1501364253786931,0.884485782518243,0.8843798076285496,18.084285714285716,0.0,0.0,0.0,0.0,1.0
SE-M,2019,2019-07-28,0.0,0.16188651105113916,0.8340805038963336,0.8339470639184865,20.794285714285714,0.0,0.0,0.0,0.0,1.0
SE-M,2019,2019-08-04,0.0,0.16326434847636193,0.8790001961888866,0.8788250671493392,19.052142857142858,0.0,0.0,0.0,0.0,1.0
SE-M,2019,2019-08-11,0.0,0.16202472899553588,0.8863207283442769,0.886108088093004,18.986428571428576,0.0,0.0,0.0,0.0,1.0
SE-M,2019,2019-08-18,0.0,0.16901175663111234,0.9088706085306502,0.908613308119614,16.87142857142857,0.0,0.0,0.0,0.0,0.7742675229806223
SE-M,2019,2019-08-25,1.0,0.17864580522776757,0.7975394354407576,0.7972789106185884,18.020000000000003,0.0,0.0,0.0,0.0,0.07670306994272817
SE-M,2019,2019-09-01,0.0,0.17498690695568325,0.7420627750795284,0.7417925606954505,20.909285714285716,0.0,0.0,0.0,0.0,0.0
SE-M,2019,2019-09-08,0.0,0.15235024540194594,0.8657939544654386,0.8654498291129686,15.271428571428572,0.0,0.0,0.0,0.0,0.0
SE-M,2019,2019-09-15,0.0,0.14217305378523748,0.8849854868755447,0.8846018919793355,15.127857142857144,0.0,0.0,0.0,0.0,0.0
SE-M,2019,2019-09-22,0.0,0.1492466432410579,0.9771539446382584,0.976690922628803,12.007142857142858,0.0,0.0,0.0,0.0,0.0
SE-M,2019,2019-09-29,0.0,0.17052389642007781,0.9669157543975289,0.9664106517014852,13.405000000000001,0.0,0.0,0.0,0.0,0.0
SE-M,2019,2019-10-06,0.0,0.1999114747713136,1.1405840595060632,1.1399198041086613,7.908571428571428,0.0,0.0,0.0,0.0,0.0
SE-M,2019,2019-10-13,0.0,0.25521070885642316,1.116868142433976,1.116122831683077,9.865,0.0,0.0,0.0,0.0,0.0
SE-M,2019,2019-10-20,0.0,0.35953880869805144,1.0854987091063921,1.0846519107332047,11.952857142857143,0.0,0.0,0.0,0.0,0.0
SE-M,2019,2019-10-27,1.0,0.4599797736553265,1.1243610732673441,1.1233263557731226,11.535714285714286,0.0,0.0,0.0,0.0,0.0
SE-M,2019,2019-11-03,0.0,0.5917324583747969,1.2429484479749626,1.2415624300463264,5.945,1.0,0.0,0.0,0.0,0.0
SE-M,2019,2019-11-10,2.0,0.8506364712477043,1.384629019422918,1.3826370822879057,5.034999999999999,0.0,0.0,0.0,0.0,0.0
SE-M,2019,2019-11-17,0.0,1.4183097658356916,1.3731046142017078,1.3703197365413011,6.1328571428571435,0.0,0.0,0.0,0.0,0.0
SE-M,2019,2019-11-24,0.0,2.5531052097568656,1.3293331809457523,1.3252684151168916,7.567857142857144,0.0,0.0,0.0,0.0,0.0
SE-M,2019,2019-12-01,4.0,4.386733633082589,1.3947939517425194,1.3880706203135034,4.772857142857143,0.0,0.0,0.0,0.0,0.0
SE-M,2019,2019-12-08,12.0,7.665256991207173,1.317708777019336,1.3072788609402435,5.567142857142858,0.0,0.0,0.0,0.0,0.0
SE-M,2019,2019-12-15,15.0,13.328771908247031,1.3183844340108755,1.3013077176475492,4.2907142857142855,0.0,0.0,0.0,0.0,0.0
SE-M,2019,2019-12-22,25.0,21.22233476040919,1.1557254986499854,1.1322751205087644,5.695714285714286,0.0,0.31255966022097953,0.0,0.0,0.0
SE-M,2019,2019-12-29,27.0,30.108023708910967,1.0132509296806451,0.9842077060737099,2.568571428571429,0.0,0.9891070161119845,0.0,0.0,0.0
SE-M,2019,2020-01-05,19.0,32.2425777559791,0.9745810738457218,0.9393381103745606,4.059285714285713,0.0,1.0,0.0,0.0,0.0
SE-M,2019,2020-01-12,41.0,30.888395996050598,1.1266382155619912,1.077718577278805,5.525714285714287,0.0,0.3965626513067201,0.0,0.0,0.0
SE-M,2019,2020-01-19,24.0,30.70564985556392,1.2197933802974625,1.1562280163707004,5.7857142857142865,0.0,0.0,0.0,0.0,0.0
SE-M,2019,2020-01-26,51.0,37.25544509476241,1.2073964406866502,1.13080681409458,5.085714285714286,0.0,0.0,0.0,0.0,0.0
SE-M,2019,2020-02-02,49.0,46.8347004217196,1.1988601906133969,1.1062479968437653,5.666428571428573,0.0,0.0,0.0,0.0,0.0
SE-M,2019,2020-02-09,45.0,57.32604574747857,1.2696016057337043,1.1501356161611993,4.534285714285715,0.0,0.0,0.0,0.0,0.0
SE-M,2019,2020-02-16,69.0,70.50415438932377,1.281572114884005,1.1337567959274137,5.11,0.0,0.0,0.0,0.0,0.0
SE-M,2019,2020-02-23,88.0,86.96161616733201,1.0427321934698959,0.8984980007644756,5.415000000000001,0.0,0.0,1.0,0.0,0.0
SE-M,2019,2020-03-01,95.0,90.54288376711935,1.3634556898089463,1.1452726790342747,3.229285714285715,0.0,0.0,0.0,0.0,0.0
SE-M,2019,2020-03-08,92.0,94.82427543267288,1.3312308096308914,1.0821633815239828,4.292142857142858,0.0,0.0,0.0,0.0,0.0
SE-M,2019,2020-03-15,112.0,110.19495043390246,1.3013460813892321,1.0195090602831223,5.283571428571429,0.0,0.0,0.0,0.0,0.0
SE-M,2019,2020-03-22,,118.458763179009,1.28910389322894,0.9726483891247831,5.708571428571429,0.0,0.0,0.0,0.0,0.0
SE-M,2019,2020-03-29,,117.58343572908595,1.3616379805168541,0.9897190040732872,3.420714285714286,0.0,0.0,0.0,0.0,0.0
SE-M,2019,2020-04-05,,115.98472536576001,1.291873111518662,0.9048006101102793,5.561428571428571,0.0,0.0,0.0,0.0,0.0
SE-M,2019,2020-04-12,,101.84904969517638,1.0140780396548945,0.6903337390175326,8.814285714285715,0.0,0.0,0.0,0.9834939305318536,0.0
SE-M,2019,2020-04-19,,82.3796592714107,1.2198855101773147,0.8162781515499048,7.770714285714286,0.0,0.0,0.0,0.016506069468146315,0.0
SE-M,2019,2020-04-26,,51.196548096958274,1.145285708295804,0.7568155319812916,10.434285714285716,0.0,0.0,0.0,0.0,0.0
SE-M,2019,2020-05-03,,33.10529000580307,1.192962581203602,0.7818869672082037,8.782142857142857,0.0,0.0,0.0,0.0,0.0
SE-M,2019,2020-05-10,,24.38515063032957,1.127989401940759,0.7352019082675385,11.060000000000002,0.0,0.0,0.0,0.0,0.0
SE-M,2019,2020-05-17,,15.295627225133888,1.2011196320194422,0.7800632458539231,8.5,0.0,0.0,0.0,0.0,0.0
SE-M,2019,2020-05-24,,9.93745844018057,1.1029804689150975,0.7146375214352974,11.941428571428574,0.0,0.0,0.0,0.0,0.0
SE-M,2019,2020-05-31,,6.349977098160938,1.0408327589098172,0.6734537077583597,14.290714285714289,0.0,0.0,0.0,0.0,0.0
SE-M,2019,2020-06-07,,3.766456819008546,1.0336113168511243,0.6682807154771145,14.623571428571429,0.0,0.0,0.0,0.0,0.0020553214867192076
SE-O,2019,2019-06-30,,0.9197160354368176,0.9514813580451564,0.9513996303256897,19.326428571428572,0.0,0.0,0.0,0.0,1.0
SE-O,2019,2019-07-07,,0.9732392941488353,1.0920135092817642,1.0916702058101666,14.027142857142858,0.0,0.0,0.0,0.0,1.0
SE-O,2019,2019-07-14,,1.1696767038605418,0.9993729581123659,0.9987689174508116,17.82214285714286,0.0,0.0,0.0,0.0,1.0
SE-O,2019,2019-07-21,,1.4378811633352655,1.0002342527531198,0.9993026289078253,18.022142857142857,0.0,0.0,0.0,0.0,1.0
SE-O,2019,2019-07-28,3.0,1.6386220584283158,0.9164571234419323,0.9152837747593022,21.95642857142857,0.0,0.0,0.0,0.0,1.0
SE-O,2019,2019-08-04,0.0,1.7232745379081664,1.0013210212959398,0.9996886949496073,18.68,0.0,0.0,0.0,0.0,1.0
SE-O,2019,2019-08-11,1.0,1.7607508715955078,1.029913866015234,1.0278349608319843,17.477857142857143,0.0,0.0,0.0,0.0,1.0
SE-O,2019,2019-08-18,1.0,1.9613105534092987,1.0508247472223509,1.0482308735174215,16.099999999999998,0.0,0.0,0.0,0.0,1.0
SE-O,2019,2019-08-25,2.0,2.2533610482373385,0.879779079793556,0.8771844379525484,16.78142857142857,0.0,0.0,0.0,0.0,0.1616211031538355
SE-O,2019,2019-09-01,7.0,2.330971924634081,0.7815425869190668,0.7789254063544201,19.139285714285712,0.0,0.0,0.0,0.0,0.0
SE-O,2019,2019-09-08,2.0,1.9388868451317638,0.8645835719340865,0.8614236015904438,14.057142857142859,0.0,0.0,0.0,0.0,0.0
SE-O,2019,2019-09-15,0.0,1.5802926687446077,0.8337271493579498,0.8304526766221977,14.94,0.0,0.0,0.0,0.0,0.0
SE-O,2019,2019-09-22,2.0,1.3604674992667416,0.8957886295464335,0.892053112526181,11.821428571428571,0.0,0.0,0.0,0.0,0.0
SE-O,2019,2019-09-29,2.0,1.2484785683998778,0.8913388798602223,0.887408256034864,12.230714285714285,0.0,0.0,0.0,0.0,0.0
SE-O,2019,2019-10-06,0.0,1.1959837437843142,1.0561179973552484,1.0511972729983736,6.2542857142857144,0.0,0.0,0.0,0.0,0.0
SE-O,2019,2019-10-13,1.0,1.2761127046074066,1.0197825789470882,1.0147217705188862,8.862857142857143,0.0,0.0,0.0,0.0,0.0
SE-O,2019,2019-10-20,1.0,1.5437678099503818,1.010219138162409,1.0048493879627232,10.776428571428573,0.0,0.0,0.0,0.0,0.0
SE-O,2019,2019-10-27,2.0,1.7474436481327045,1.085589037290917,1.0793818716910646,9.812142857142858,0.0,0.0,0.0,0.0,0.0
SE-O,2019,2019-11-03,0.0,2.059127695155552,1.2291541845819791,1.2214651216384251,4.181428571428571,1.0,0.0,0.0,0.0,0.0
SE-O,2019,2019-11-10,3.0,2.859791901507829,1.430692460792141,1.4204391929277733,2.323571428571429,0.0,0.0,0.0,0.0,0.0
SE-O,2019,2019-11-17,3.0,4.9342691053539065,1.3739874090012012,1.361762356251596,5.104285714285714,0.0,0.0,0.0,0.0,0.0
SE-O,2019,2019-11-24,10.0,9.054414474902027,1.3312479313930976,1.3154235176362694,6.690714285714286,0.0,0.0,0.0,0.0,0.0
SE-O,2019,2019-12-01,13.0,15.406935365090066,1.4533567294387544,1.428582763794788,2.48,0.0,0.0,0.0,0.0,0.0
SE-O,2019,2019-12-08,28.0,27.480425365750186,1.3153287507303144,1.2806915083172292,4.728571428571429,0.0,0.0,0.0,0.0,0.0
SE-O,2019,2019-12-15,55.0,48.369152589087264,1.2940027480543865,1.2413628214457428,3.338571428571428,0.0,0.0,0.0,0.0,0.0
SE-O,2019,2019-12-22,88.0,71.79649387436349,1.1226821327971437,1.055965936460807,5.281428571428571,0.0,0.30126649640802505,0.0,0.0,0.0
SE-O,2019,2019-12-29,59.0,92.25680552751761,0.9751592905243022,0.8987995703428829,2.173571428571429,0.0,1.0,0.0,0.0,0.0
SE-O,2019,2020-01-05,98.0,87.83818784513353,0.9182979436267341,0.8332247886739916,4.755,0.0,1.0,0.0,0.0,0.0
SE-O,2019,2020-01-12,83.0,71.4346715781729,1.1635958138690532,1.042116584470062,5.199285714285714,0.0,0.2993440559263617,0.0,0.0,0.0
SE-O,2019,2020-01-19,49.0,61.77232064255466,1.2732179775053787,1.123144022039084,5.584285714285714,0.0,0.0,0.0,0.0,0.0
SE-O,2019,2020-01-26,67.0,69.94295043555263,1.2777301122759077,1.1056989657782894,5.346428571428572,0.0,0.0,0.0,0.0,0.0
SE-O,2019,2020-02-02,101.0,84.38843022599416,1.2982115411630066,1.0975601481731976,4.586428571428572,0.0,0.0,0.0,0.0,0.0
SE-O,2019,2020-02-09,89.0,100.23546272766146,1.3659127748545,1.122370015005471,2.9778571428571428,0.0,0.0,0.0,0.0,0.0
SE-O,2019,2020-02-16,122.0,119.18026313818325,1.118396655709265,0.890529819643406,4.6414285714285715,0.0,0.0,0.8324551660883983,0.0,0.0
SE-O,2019,2020-02-23,121.0,120.961240458685,1.28482382864166,0.9950060155175109,5.225714285714285,0.0,0.0,0.14833195229524018,0.0,0.0
SE-O,2019,2020-03-01,104.0,112.36272100462988,1.4646784829021176,1.1003946879183868,1.0514285714285714,0.0,0.0,0.019212881616361723,0.0,0.0
SE-O,2019,2020-03-08,131.0,118.5367756572536,1.3744859107189293,0.9970094381194219,3.462857142857143,0.0,0.0,0.0,0.0,0.0
SE-O,2019,2020-03-15,121.0,125.88369689946236,1.3489926392165732,0.9454564088844168,4.168571428571428,0.0,0.0,0.0,0.0,0.0
SE-O,2019,2020-03-22,,119.97171851432202,1.3455084170623361,0.9141222727672609,4.289285714285714,0.0,0.0,0.0,0.0,0.0
SE-O,2019,2020-03-29,,106.60336168030213,1.354683722201225,0.8956673833445574,3.959285714285715,0.0,0.0,0.0,0.0,0.0
SE-O,2019,2020-04-05,,92.09275711430209,1.319662678830164,0.852569194672464,5.046428571428572,0.0,0.0,0.0,0.0,0.0
SE-O,2019,2020-04-12,,72.27402633472859,1.0652295660337843,0.6769081457996,7.6899999999999995,0.0,0.0,0.0,0.9058421577812991,0.0
SE-O,2019,2020-04-19,,54.58078931556312,1.2418853611396352,0.7817264118669996,6.863571428571428,0.0,0.0,0.0,0.09415784221870115,0.0
SE-O,2019,2020-04-26,,32.46408010490965,1.140795396413447,0.7134393188019799,10.924285714285714,0.0,0.0,0.0,0.0,0.0
SE-O,2019,2020-05-03,,19.73789669579908,1.2445703693599215,0.7752559241680653,7.3864285714285725,0.0,0.0,0.0,0.0,0.0
SE-O,2019,2020-05-10,,13.94841845075264,1.182900828148443,0.734832935521301,9.439285714285715,0.0,0.0,0.0,0.0,0.0
SE-O,2019,2020-05-17,,8.628340904675138,1.253119123661445,0.7770821381376294,7.117857142857143,0.0,0.0,0.0,0.0,0.0
SE-O,2019,2020-05-24,,5.682551040714749,1.1219870035717296,0.6949439736334073,11.605714285714285,0.0,0.0,0.0,0.0,0.0
SE-O,2019,2020-05-31,,3.6659932871676952,1.0391037091699826,0.6431733743694183,14.68857142857143,0.0,0.0,0.0,0.0,0.0
SE-O,2019,2020-06-07,,2.1662977095672025,1.0201791161328415,0.6312250958671975,15.504285714285713,0.0,0.0,0.0,0.0,0.0
SE-rest,2019,2019-06-30,,0.9071435192711665,0.9833349079233348,0.9833081884976941,17.697397032973292,0.0,0.0,0.0,0.0,1.0
SE-rest,2019,2019-07-07,,1.0897828475792775,1.0920253506455082,1.0919087549747362,13.814325494420576,0.0,0.0,0.0,0.0,1.0
SE-rest,2019,2019-07-14,,1.5401031766438475,1.054140445292413,1.053908880889765,15.62915571773976,0.0,0.0,0.0,0.0,1.0
SE-rest,2019,2019-07-21,,2.1575023797856674,1.0355759028606912,1.035197994601477,16.814358230641776,0.0,0.0,0.0,0.0,1.0
SE-rest,2019,2019-07-28,1.0,2.7610174154882285,0.9222931725092984,0.9218032255319611,21.74954073870798,0.0,0.0,0.0,0.0,1.0
SE-rest,2019,2019-08-04,4.0,3.089504129741782,1.0601839934834183,1.059433307833294,15.973026398906569,0.0,0.0,0.0,0.0,1.0
SE-rest,2019,2019-08-11,2.0,3.4207824522585284,1.014501884455777,1.0135689065315023,17.025219440674302,0.0,0.0,0.0,0.0,0.9992054748891867
SE-rest,2019,2019-08-18,4.0,3.9901049407021265,0.9916355312996705,0.9904904451533136,16.463597727533873,0.0,0.0,0.0,0.0,0.9606543544801633
SE-rest,2019,2019-08-25,9.0,4.425776486068636,0.8421180885235401,0.8409488780036009,16.410331089622748,0.0,0.0,0.0,0.0,0.13177852686031583
SE-rest,2019,2019-09-01,4.0,4.2871846153223885,0.7509673484608814,0.749785530328612,19.30506756438891,0.0,0.0,0.0,0.0,0.0
SE-rest,2019,2019-09-08,5.0,3.4562675434400045,0.8581329974249893,0.8566604492351543,13.725008534531595,0.0,0.0,0.0,0.0,0.0
SE-rest,2019,2019-09-15,0.0,2.7991091919145727,0.8550895322074746,0.8535094978009111,14.369928805605124,0.0,0.0,0.0,0.0,0.0
SE-rest,2019,2019-09-22,3.0,2.511534440464178,0.9858546760297415,0.9839041959568845,9.630139736397192,0.0,0.0,0.0,0.0,0.0
SE-rest,2019,2019-09-29,2.0,2.5790031088235663,1.0151230459096903,1.0129582241793043,9.919169833202863,0.0,0.0,0.0,0.0,0.0
SE-rest,2019,2019-10-06,1.0,2.9624378388611956,1.1874844406876,1.1847195586678865,5.406420022110322,0.0,0.0,0.0,0.0,0.0
SE-rest,2019,2019-10-13,3.0,3.8372273869727906,1.1834263930824935,1.1803310417189288,7.128407237420026,0.0013301719692353222,0.0,0.0,0.0,0.0
SE-rest,2019,2019-10-20,7.0,5.653652237655835,1.19319637983169,1.1895778885624881,8.134993445710071,0.0,0.0,0.0,0.0,0.0
SE-rest,2019,2019-10-27,4.0,8.036529126497943,1.2227410002218944,1.2183078335574429,7.873826805818437,0.0046765191003894655,0.0,0.0,0.0,0.0
SE-rest,2019,2019-11-03,11.0,11.514586875075715,1.2964894311558253,1.2906280418945801,2.2957097158689583,0.9939933089303752,0.0,0.0,0.0,0.0
SE-rest,2019,2019-11-10,18.0,18.031711107715292,1.3753688452551738,1.367057426557245,0.3792718091322606,0.0,0.0,0.0,0.0,0.0
SE-rest,2019,2019-11-17,36.0,30.380255754983732,1.2036033924425926,1.1933585023597355,3.2929476538471993,0.0,0.0,0.0,0.0,0.0
SE-rest,2019,2019-11-24,55.0,46.52075855861461,1.1115343426653832,1.0985401985130558,5.0924619813949965,0.0,0.0,0.0,0.0,0.0
SE-rest,2019,2019-12-01,51.0,59.07082299528865,1.2434720326463462,1.224077054602514,0.8686056416555322,0.0,0.0,0.0,0.0,0.0
SE-rest,2019,2019-12-08,78.0,76.63312382062037,1.2406340948369878,1.2143083694129717,2.153120011016209,0.0,0.0,0.0,0.0,0.0
SE-rest,2019,2019-12-15,109.0,110.88415157166142,1.3108774022748466,1.272155091426603,2.0477619735117356,0.0,0.0,0.0,0.0,0.0
SE-rest,2019,2019-12-22,173.0,163.31619479711935,1.2475956287120862,1.1953756660489956,2.6708773379708224,0.0,0.3445580957902141,0.0,0.0,0.0
SE-rest,2019,2019-12-29,200.0,238.94209532018294,1.0752428420216928,1.0136864689627398,0.5635748053624701,0.0,0.9981611811006461,0.0,0.0,0.0
SE-rest,2019,2020-01-05,286.0,272.067316437764,0.9397824992188103,0.873063269994434,3.656710132368638,0.0,1.0,0.0,0.0,0.0
SE-rest,2019,2020-01-12,288.0,252.84554313349656,1.1445017262612702,1.0497837863198185,3.355295512764709,0.0,0.3021227765264092,0.0,0.0,0.0
SE-rest,2019,2020-01-19,220.0,231.61948182073328,1.2526344695397944,1.1319962267321502,3.7864157867884507,0.0,0.0,0.0,0.0,0.0
SE-rest,2019,2020-01-26,244.0,267.2508515758566,1.2848069448309818,1.1388556910065917,3.5152532168741577,0.0,0.0,0.0,0.0,0.0
SE-rest,2019,2020-02-02,347.0,331.7287060415097,1.2838832701851186,1.1105351553929275,2.9929344746360327,0.0,0.0,0.0,0.0,0.0
SE-rest,2019,2020-02-09,405.0,410.36025999034507,1.356896171502968,1.138131771038543,0.4374560663684538,0.0,0.0,0.0,0.0,0.0
SE-rest,2019,2020-02-16,541.0,502.6066564243714,1.3234045517309858,1.0686300235675474,2.750076521394223,0.0,0.0,0.0715513379363827,0.0,0.0
SE-rest,2019,2020-02-23,531.0,579.1912961024627,1.2881831897390905,0.9977985347938185,4.298559623452346,0.0,0.0,0.3079006257968338,0.0,0.0
SE-rest,2019,2020-03-01,590.0,617.866545097889,1.3770279874504572,1.021023018034672,-0.5483157044367358,0.0,0.0,0.48090786910782907,0.0,0.0
SE-rest,2019,2020-03-08,707.0,633.5633462332806,1.3300995146257566,0.9423711207735969,1.5658843295607376,0.0,0.0,0.13964016715895444,0.0,0.0
SE-rest,2019,2020-03-15,578.0,609.4438491539963,1.3019634068410357,0.885642117437217,3.0496537307547413,0.0,0.0,0.0,0.0,0.0
SE-rest,2019,2020-03-22,,525.4551161460715,1.3084420553619776,0.8608603858255481,2.8417470454467773,0.0,0.0,0.0,0.0,0.0
SE-rest,2019,2020-03-29,,424.12153370229544,1.2726178868248528,0.8156373557438339,3.9418835691530143,0.0,0.0,0.0,0.0,0.0
SE-rest,2019,2020-04-05,,326.7233540387914,1.2989586654349323,0.8163596776935099,3.108028674310676,0.0,0.0,0.0,0.0,0.0
SE-rest,2019,2020-04-12,,230.34818766301908,1.0599023739916815,0.6573400581573806,7.041340543732523,0.0,0.0,0.0,0.6428161304302326,0.0
SE-rest,2019,2020-04-19,,164.70331782181148,1.131114375205504,0.6965618051169631,6.328022492564912,0.0,0.0,0.0,0.35718386956976733,0.0
SE-rest,2019,2020-04-26,,89.58165365289163,1.1162752715693485,0.6845608485238117,9.233908747707929,0.0,0.0,0.0,0.0,0.0
SE-rest,2019,2020-05-03,,48.814795086446665,1.2167332456157596,0.744360037712146,5.7663552597572,0.0,0.0,0.0,0.0,0.0
SE-rest,2019,2020-05-10,,32.22768470705291,1.1367609462971862,0.6943426544078444,8.478226578949906,0.0,0.0,0.0,0.0,0.0
SE-rest,2019,2020-05-17,,18.55636685739586,1.2110249737974228,0.7390157935633903,5.921562020895119,0.0,0.0,0.0,0.0,0.0
SE-rest,2019,2020-05-24,,11.3422048020193,1.0999601076325312,0.6708458130233591,9.819683123735429,0.0,0.0,0.0,0.0,0.0
SE-rest,2019,2020-05-31,,6.909390521351167,0.9989698618923079,0.6090572029902839,13.712840446418667,0.0,0.0,0.0,0.0,0.0
SE-rest,2019,2020-06-07,,3.8900196305212758,0.9794983313352574,0.5970852721879288,14.57941010997616,0.0,0.0,0.0,0.0,0.005129367468076502
SE-M,2022,2022-07-03,,1.000623691133499,0.9217864156370608,0.9216767177778983,19.740000000000002,0.0,0.0,0.0,0.0,1.0
SE-M,2022,2022-07-10,,1.0669318317831613,0.991178559724505,0.9907545263618607,16.955000000000002,0.0,0.0,0.0,0.0,1.0
SE-M,2022,2022-07-17,,1.2558060819946002,0.9767753115835694,0.9759927650501298,17.657857142857146,0.0,0.0,0.0,0.0,1.0
SE-M,2022,2022-07-24,,1.4800840485102094,0.9254521673367011,0.9243277510923085,19.85571428571429,0.0,0.0,0.0,0.0,1.0
SE-M,2022,2022-07-31,2.0,1.6365503762028424,0.9823316800088551,0.980704161693453,17.282142857142855,0.0,0.0,0.0,0.0,1.0
SE-M,2022,2022-08-07,2.0,1.8005669040188832,0.953738090540203,0.9516850321404106,18.42214285714286,0.0,0.0,0.0,0.0,1.0
SE-M,2022,2022-08-14,2.0,1.9666853247620022,0.921090339220431,0.9186338400243234,19.65285714285714,0.0,0.0,0.0,0.0,1.0
SE-M,2022,2022-08-21,2.0,2.0613988715512805,0.7854569921581317,0.782981238814896,21.42142857142857,0.0,0.0,0.0,0.0,0.2901213173656766
SE-M,2022,2022-08-28,2.0,1.8778343821511343,0.7917608254782741,0.7889595175459616,19.200714285714287,0.0,0.0,0.0,0.0,0.0
SE-M,2022,2022-09-04,2.0,1.5706782545151543,0.87548568991808,0.8720867902143292,15.280714285714287,0.0,0.0,0.0,0.0,0.0
SE-M,2022,2022-09-11,2.0,1.4055723831502602,0.8786401785189043,0.8749278550942581,15.61214285714286,0.0,0.0,0.0,0.0,0.0
SE-M,2022,2022-09-18,1.0,1.374473285405112,0.9360292285541728,0.9317456223705426,13.952142857142857,0.0,0.0,0.0,0.0,0.0
SE-M,2022,2022-09-25,0.0,1.4180729751005687,1.0159023459502143,1.0108507434639744,11.731428571428571,0.0,0.0,0.0,0.0,0.0
SE-M,2022,2022-10-02,2.0,1.6319543433708474,1.0581457971381496,1.0523631240740496,11.417142857142858,0.0,0.0,0.0,0.0,0.0
SE-M,2022,2022-10-09,2.0,1.9938154888732118,1.059686595228831,1.0532485430840883,12.832142857142857,0.0,0.0,0.0,0.0,0.0
SE-M,2022,2022-10-16,0.0,2.4564553255614268,1.1215105741117197,1.113841534005632,11.796428571428573,0.0,0.0,0.0,0.0,0.0
SE-M,2022,2022-10-23,2.0,3.14437694332749,1.1954857124842795,1.18606478117815,9.97857142857143,0.0,0.0,0.0,0.0,0.0
SE-M,2022,2022-10-30,7.0,4.280591445027886,1.1125190325307046,1.1021722186512517,12.941428571428572,0.019900239810839226,0.0,0.0,0.0,0.0
SE-M,2022,2022-11-06,7.0,5.626354335826324,1.1138995666045644,1.1016134198571954,10.544285714285715,0.9800997601891607,0.0,0.0,0.0,0.0
SE-M,2022,2022-11-13,5.0,6.964455603039874,1.1515201470859917,1.136337319530688,11.877142857142857,0.0,0.0,0.0,0.0,0.0
SE-M,2022,2022-11-20,13.0,8.86303909791845,1.4103249722802293,1.3872949549987872,4.495,0.0,0.0,0.0,0.0,0.0
SE-M,2022,2022-11-27,13.0,13.484464087939871,1.4540727913004168,1.421684198231752,4.26,0.0,0.0,0.0,0.0,0.0
SE-M,2022,2022-12-04,17.0,26.07062357122648,1.525115244733606,1.4729462958360278,3.2942857142857145,0.0,0.0,0.0,0.0,0.0
SE-M,2022,2022-12-11,55.0,51.226928152920806,1.699729998391965,1.5976664315067068,-1.1721428571428572,0.0,0.0,0.0,0.0,0.0
SE-M,2022,2022-12-18,116.0,116.35030141890434,1.7788631352682873,1.5615526621534723,-4.460714285714286,0.0,0.0,0.0,0.0,0.0
SE-M,2022,2022-12-25,241.0,265.50213815727744,1.1859384664082069,0.921196928125935,2.8485714285714288,0.0,0.5045626257076979,0.0,0.0,0.0
SE-M,2022,2023-01-01,415.0,368.92382350152207,0.8619264525018605,0.6071301828901042,6.180000000000001,0.0,1.0,0.0,0.0,0.0
SE-M,2022,2023-01-08,309.0,256.4371971128876,0.8859535414923352,0.5964984525577123,5.228571428571428,0.0,1.0,0.0,0.0,0.0
SE-M,2022,2023-01-15,137.0,146.01008899851217,1.2390191879136283,0.8143799034696236,5.845714285714286,0.0,0.2053682549326616,0.0,0.0,0.0
SE-M,2022,2023-01-22,49.0,72.23867060696048,1.655393261126502,1.0654069794856063,1.6400000000000001,0.0,0.0,0.0,0.0,0.0
SE-M,2022,2023-01-29,40.0,59.08882849045191,1.8312893208405783,1.1481611004579264,1.215714285714286,0.0,0.0,0.0,0.0,0.0
SE-M,2022,2023-02-05,72.0,68.76958786101261,1.861433791509729,1.1276048156100253,1.7507142857142857,0.0,0.0,0.0,0.0,0.0
SE-M,2022,2023-02-12,110.0,84.5630814088897,1.8263793000444062,1.0605986874253988,2.6685714285714286,0.0,0.0,0.0,0.0,0.0
SE-M,2022,2023-02-19,100.0,101.13217302515105,1.7720661797281516,0.9815044026251089,4.6207142857142856,0.0,0.0,0.0,0.0,0.0
SE-M,2022,2023-02-26,99.0,102.87373382282935,1.558519174659938,0.8276488844208333,3.0707142857142857,0.0,0.0,0.9800997601891607,0.0,0.0
SE-M,2022,2023-03-05,85.0,88.90120416837854,2.018602316305848,1.0343997182202291,1.905,0.0,0.0,0.019900239810839226,0.0,0.0
SE-M,2022,2023-03-12,69.0,79.62472335016717,2.1560991997310803,1.0601402808515015,-0.20857142857142866,0.0,0.0,0.0,0.0,0.0
SE-M,2022,2023-03-19,103.0,83.51825961135583,1.8832992672420694,0.8867629580292714,5.1971428571428575,0.0,0.0,0.0,0.0,0.0
SE-M,2022,2023-03-26,79.0,79.80704591695991,1.821404586945047,0.828101912598099,6.968571428571429,0.0,0.0,0.0,0.0,0.0
SE-M,2022,2023-04-02,60.0,64.78266192883991,2.002651124254782,0.8857692462314256,3.8757142857142854,0.0,0.0,0.0,0.0,0.0
SE-M,2022,2023-04-09,46.0,48.57278766138221,1.7726475457319857,0.7670271962859131,4.425714285714286,0.0,0.0,0.0,0.7578057518202803,0.0
SE-M,2022,2023-04-16,44.0,39.91521271036055,1.8055942979837816,0.7698949170448172,7.867857142857143,0.0,0.0,0.0,0.24219424817971952,0.0
SE-M,2022,2023-04-23,29.0,25.847023175667132,1.8309990348286151,0.7730067578707851,9.969285714285716,0.0,0.0,0.0,0.0,0.0
SE-M,2022,2023-04-30,10.0,17.27820674569871,1.9746961506078764,0.8279205810139819,7.878571428571431,0.0,0.0,0.0,0.0,0.0
SE-M,2022,2023-05-07,13.0,12.010872910228617,1.9834622122884693,0.8272649924347466,8.096428571428572,0.0,0.0,0.0,0.0,0.0
SE-M,2022,2023-05-14,8.0,8.824658924636207,1.7200685845138015,0.7147570905107068,13.687142857142858,0.0,0.0,0.0,0.0,0.0
SE-M,2022,2023-05-21,9.0,6.208845086064114,1.7585154081094085,0.7290563323858882,12.387142857142857,0.0,0.0,0.0,0.0,0.0
SE-M,2022,2023-05-28,6.0,3.9465419936575543,1.6664981071253524,0.689917667325166,14.237142857142857,0.0,0.0,0.0,0.0,0.0
SE-M,2022,2023-06-04,1.0,2.439795774602039,1.6543047711086916,0.6842810701632598,14.435714285714287,0.0,0.0,0.0,0.0,0.0
SE-M,2022,2023-06-11,1.0,1.494235105989337,1.583733815680294,0.6547393213911015,16.587857142857143,0.0,0.0,0.0,0.0,0.05991371129622848
SE-O,2022,2022-07-03,,0.7087824387248574,0.9762047500890756,0.9761284297311857,19.907857142857143,0.0,0.0,0.0,0.0,1.0
SE-O,2022,2022-07-10,,0.7798038117234709,1.0690722869213087,1.068761729727578,16.57357142857143,0.0,0.0,0.0,0.0,1.0
SE-O,2022,2022-07-17,,0.9918042215578153,1.0691929016122803,1.0685798052208573,16.971428571428568,0.0,0.0,0.0,0.0,1.0
SE-O,2022,2022-07-24,,1.279135838324458,0.9997047718535851,0.9987883201753237,20.15428571428572,0.0,0.0,0.0,0.0,1.0
SE-O,2022,2022-07-31,1.0,1.5400478209736232,1.062384914459497,1.0609914925394617,17.845,0.0,0.0,0.0,0.0,1.0
SE-O,2022,2022-08-07,2.0,1.8471098035584177,1.0831048697694052,1.0811504950251394,17.087142857142858,0.0,0.0,0.0,0.0,1.0
SE-O,2022,2022-08-14,0.0,2.236426776344173,1.0056318248592768,1.0032359935917199,19.61642857142857,0.0,0.0,0.0,0.0,1.0
SE-O,2022,2022-08-21,4.0,2.616586298605409,0.8847611285551353,0.882131660901026,20.31357142857143,0.0,0.0,0.0,0.0,0.47782182827740155
SE-O,2022,2022-08-28,4.0,2.576266248784478,0.8388596326463195,0.8359513207867224,18.106428571428573,0.0,0.0,0.0,0.0,0.0081820362655258
SE-O,2022,2022-09-04,3.0,2.2420438337127075,0.8871638399250924,0.8837163488279212,14.510714285714286,0.0,0.0,0.0,0.0,0.0
SE-O,2022,2022-09-11,3.0,1.9305796050487354,0.8761457281911913,0.8724081099534539,14.106428571428571,0.0,0.0,0.0,0.0,0.0
SE-O,2022,2022-09-18,2.0,1.7203128958358453,0.8847761040171961,0.880698973808079,13.352142857142857,0.0,0.0,0.0,0.0,0.0
SE-O,2022,2022-09-25,1.0,1.5594889818391509,0.9330516624617479,0.928449212630219,11.416428571428574,0.0,0.0,0.0,0.0,0.0
SE-O,2022,2022-10-02,1.0,1.5020930736267912,0.9603446855483044,0.9552861370155761,11.015714285714287,0.0,0.0,0.0,0.0,0.0
SE-O,2022,2022-10-09,1.0,1.5244703545463854,0.973194607145564,0.9677258496000701,11.725,0.0,0.0,0.0,0.0,0.0
SE-O,2022,2022-10-16,2.0,1.6062833083097314,1.031160271930715,1.0249683745558775,11.022142857142857,0.0,0.0,0.0,0.0,0.0
SE-O,2022,2022-10-23,0.0,1.7847161071157709,1.151261690964796,1.1438017246186871,8.62857142857143,0.0,0.0,0.0,0.0,0.0
SE-O,2022,2022-10-30,3.0,2.2250311195097767,1.109495717986085,1.1016024855904434,12.244285714285718,0.0,0.0,0.0,0.0,0.0
SE-O,2022,2022-11-06,1.0,2.879201792851614,1.1448987159917903,1.135837024890274,10.662857142857144,1.0,0.0,0.0,0.0,0.0
SE-O,2022,2022-11-13,5.0,3.7054464946919268,1.2550136028460979,1.2436890460966132,11.522857142857145,0.0,0.0,0.0,0.0,0.0
SE-O,2022,2022-11-20,2.0,5.327339446516985,1.5649432956185565,1.5477223104255078,4.235714285714286,0.0,0.0,0.0,0.0,0.0
SE-O,2022,2022-11-27,10.0,10.13331225656694,1.6239073365254109,1.5983366279259015,3.150714285714286,0.0,0.0,0.0,0.0,0.0
SE-O,2022,2022-12-04,26.0,24.542057824484218,1.6082991804695843,1.564554153738355,2.7192857142857148,0.0,0.0,0.0,0.0,0.0
SE-O,2022,2022-12-11,51.0,56.96581898630347,1.7359023332129997,1.641091922355036,-2.9214285714285717,0.0,0.0,0.0,0.0,0.0
SE-O,2022,2022-12-18,134.0,140.46092079984103,1.622505407180812,1.4309699171611705,-4.371428571428571,0.0,0.0,0.0,0.0,0.0
SE-O,2022,2022-12-25,369.0,300.4082316136428,1.0975440845144806,0.8688826754916719,1.6364285714285713,0.0,0.4661379478566324,0.0,0.0,0.0
SE-O,2022,2023-01-01,329.0,365.0095973446371,0.8509006075461606,0.6234217769221405,4.378571428571428,0.0,1.0,0.0,0.0,0.0
SE-O,2022,2023-01-08,240.0,243.91013103768216,0.9503334169957445,0.6700878695412075,2.177142857142857,0.0,1.0,0.0,0.0,0.0
SE-O,2022,2023-01-15,151.0,147.52782768886306,1.28904759316908,0.8868026218695455,5.115,0.0,0.1384315087164952,0.0,0.0,0.0
SE-O,2022,2023-01-22,67.0,84.70370221091773,1.6347540744320288,1.0982920093167574,1.0064285714285712,0.0,0.0,0.0,0.0,0.0
SE-O,2022,2023-01-29,71.0,77.3728673926767,1.6889609349931365,1.1017404718724388,1.7521428571428572,0.0,0.0,0.0,0.0,0.0
SE-O,2022,2023-02-05,101.0,90.33582740355631,1.7668732403220206,1.1112639671608977,0.4064285714285714,0.0,0.0,0.0,0.0,0.0
SE-O,2022,2023-02-12,114.0,105.15901825288631,1.6460542215985612,0.9925839432014653,3.2635714285714283,0.0,0.0,0.0,0.0,0.0
SE-O,2022,2023-02-19,105.0,116.00446422046751,1.3650217351552054,0.7917083234793091,3.93,0.0,0.0,0.8465485235113981,0.0,0.0
SE-O,2022,2023-02-26,113.0,99.41764179582206,1.6989121085956456,0.9569898775068603,1.9700000000000004,0.0,0.0,0.14161610224608123,0.0,0.0
SE-O,2022,2023-03-05,80.0,79.58594587713314,1.8373463430296977,1.0052908453527558,1.7828571428571427,0.0,0.0,0.011835374242520819,0.0,0.0
SE-O,2022,2023-03-12,61.0,75.03563994659012,2.1785438572148306,1.1529760851889628,-3.1664285714285714,0.0,0.0,0.0,0.0,0.0
SE-O,2022,2023-03-19,85.0,84.00674477183509,1.8758577346304242,0.9537152103457938,3.7342857142857144,0.0,0.0,0.0,0.0,0.0
SE-O,2022,2023-03-26,100.0,91.12846332834268,1.8111493625357993,0.8876083457448699,5.440714285714285,0.0,0.0,0.0,0.0,0.0
SE-O,2022,2023-04-02,83.0,81.57888779478205,2.0604839722552195,0.9777835763829756,0.6528571428571429,0.0,0.0,0.0,0.0,0.0
SE-O,2022,2023-04-09,64.0,69.64273393941768,1.8521385947419462,0.852555637107768,4.248571428571429,0.0,0.0,0.0,0.2441504246621627,0.0
SE-O,2022,2023-04-16,77.0,65.71285736994716,1.5833830934747994,0.7129527369691296,8.517142857142858,0.0,0.0,0.0,0.7558495753378374,0.0
SE-O,2022,2023-04-23,35.0,44.84701702174624,1.7727010027860053,0.7873988557301586,10.488571428571428,0.0,0.0,0.0,0.0,0.0
SE-O,2022,2023-04-30,27.0,29.353241772362438,1.9602287194275145,0.8619559673386393,7.296428571428572,0.0,0.0,0.0,0.0,0.0
SE-O,2022,2023-05-07,24.0,20.819246858417614,1.9316171086632876,0.8426196152487844,7.944999999999999,0.0,0.0,0.0,0.0,0.0
SE-O,2022,2023-05-14,13.0,15.946663306704163,1.5933723598393512,0.6911333794263278,15.147142857142857,0.0,0.0,0.0,0.0,0.0
SE-O,2022,2023-05-21,14.0,11.09542469869055,1.6383056008286574,0.7083068929507146,13.137857142857143,0.0,0.0,0.0,0.0,0.0
SE-O,2022,2023-05-28,12.0,6.723897056676675,1.5545569074382288,0.6708091298039621,14.592142857142857,0.0,0.0,0.0,0.0,0.0
SE-O,2022,2023-06-04,1.0,3.8790005424500986,1.570210444798867,0.6768447508256473,13.985714285714286,0.0,0.0,0.0,0.0,0.0
SE-O,2022,2023-06-11,1.0,2.2231000840608672,1.4644914967026739,0.6308851907873886,17.157142857142862,0.0,0.0,0.0,0.0,0.0611725605687207
SE-rest,2022,2022-07-03,,7.33234444201865,0.9455235993350666,0.9454354338220217,21.182951245343645,0.0,0.0,0.0,0.0,1.0
SE-rest,2022,2022-07-10,,7.975681116087273,1.0797636142531004,1.0793874827015812,16.15173437114662,0.0,0.0,0.0,0.0,1.0
SE-rest,2022,2022-07-17,,10.205963335330708,1.084402242600224,1.0836426624347104,16.35414975842897,0.0,0.0,0.0,0.0,1.0
SE-rest,2022,2022-07-24,,13.647325691866905,1.0132382998757006,1.0120793952909186,19.260527907394728,0.0,0.0,0.0,0.0,1.0
SE-rest,2022,2022-07-31,13.0,17.045613231302106,1.051610089625905,1.0498622115561262,17.24857761147764,0.0,0.0,0.0,0.0,1.0
SE-rest,2022,2022-08-07,25.0,20.40242648883848,1.0096774848632992,1.0073811862571258,17.797373063637572,0.0,0.0,0.0,0.0,1.0
SE-rest,2022,2022-08-14,21.0,23.384627760538706,0.9306335445072839,0.9279190739334462,19.514576305849307,0.0,0.0,0.0,0.0,0.9994871560896222
SE-rest,2022,2022-08-21,27.0,24.600821062824433,0.7869233057038735,0.7841724374442924,20.792301305042304,0.0,0.0,0.0,0.0,0.4194925286111721
SE-rest,2022,2022-08-28,25.0,21.63572971606999,0.7814637184613432,0.7783938418748197,17.209372953549035,0.0,0.0,0.0,0.0,0.020656937267001112
SE-rest,2022,2022-09-04,18.0,16.973001161862534,0.877086958510244,0.8733283365138665,12.06247610888328,0.0,0.0,0.0,0.0,0.0
SE-rest,2022,2022-09-11,11.0,14.172676918422527,0.8800834712480325,0.8760131688458831,12.425760848212418,0.0,0.0,0.0,0.0,0.0
SE-rest,2022,2022-09-18,11.0,13.243469271123242,0.9043878115788171,0.899905850810556,12.208230388531478,0.0,0.0,0.0,0.0,0.0
SE-rest,2022,2022-09-25,12.0,12.862931752866327,0.9618145507817173,0.9567205895756866,10.570415706639665,0.0,0.0,0.0,0.0,0.0
SE-rest,2022,2022-10-02,15.0,13.47788278828655,0.9821858725942746,0.9766118640490101,10.354400198236721,0.0,0.0,0.0,0.0,0.0
SE-rest,2022,2022-10-09,8.0,14.665849309914545,0.9740123887093011,0.9680802369978736,10.89247983916707,0.0,0.0,0.0,0.0,0.0
SE-rest,2022,2022-10-16,28.0,16.087063957495182,1.0112053803020418,1.0045854483146424,9.604112864651581,0.0013301719692353222,0.0,0.0,0.0,0.0
SE-rest,2022,2022-10-23,15.0,17.943595190620805,1.126580782161775,1.1185863568582755,6.496347271375832,0.0,0.0,0.0,0.0,0.0
SE-rest,2022,2022-10-30,21.0,21.752835400151653,1.1045987133153816,1.095968541969917,9.546320897126384,0.0,0.0,0.0,0.0,0.0
SE-rest,2022,2022-11-06,27.0,27.892940259807887,1.1478618535448206,1.1378440981732443,8.493605109531416,0.9905540866876795,0.0,0.0,0.0,0.0
SE-rest,2022,2022-11-13,37.0,36.27921699619165,1.3099900996675504,1.296831352892951,8.976582913830326,0.008115741343085127,0.0,0.0,0.0,0.0
SE-rest,2022,2022-11-20,40.0,54.82556675439963,1.6339108220973755,1.6132859016658248,1.8562019618619818,0.0,0.0,0.0,0.0,0.0
SE-rest,2022,2022-11-27,119.0,114.37966948556989,1.6155658207334245,1.5847307545117835,0.8314531080969397,0.0,0.0,0.0,0.0,0.0
SE-rest,2022,2022-12-04,285.0,279.2871348467835,1.4577131192831818,1.4092544551161497,1.0479110768579072,0.0,0.0,0.0,0.0,0.0
SE-rest,2022,2022-12-11,575.0,569.8828078478289,1.5382923787619485,1.4461329878218196,-5.166176197625239,0.0,0.0,0.0,0.0,0.0
SE-rest,2022,2022-12-18,1136.0,1106.1345360746375,1.5362448755707612,1.3666531931112789,-7.290011525449337,0.0,0.0008490278314139176,0.0,0.0,0.0
SE-rest,2022,2022-12-25,1904.0,2011.0934856979538,1.0836966538388328,0.8896360789207497,-1.3281612482136482,0.0,0.5056293980170642,0.0,0.0,0.0
SE-rest,2022,2023-01-01,2518.0,2417.3139597358613,0.8239134485244195,0.6373959681910637,1.7864911100125036,0.0,1.0,0.0,0.0,0.0
SE-rest,2022,2023-01-08,1676.0,1670.1479425823368,0.9358798236782844,0.7021371419985049,-1.5294682226800127,0.0,1.0,0.0,0.0,0.0
SE-rest,2022,2023-01-15,1064.0,1052.8543281504617,1.2593127181725148,0.9252133552990962,2.973976327986928,0.0,0.11660342603946962,0.0,0.0,0.0
SE-rest,2022,2023-01-22,584.0,648.6958435702996,1.572128413150587,1.1305846500403924,-0.860853823219826,0.0,0.0006412676381238291,0.0,0.0,0.0
SE-rest,2022,2023-01-29,648.0,634.1095322512846,1.5131311676270465,1.0593507093249135,0.20711072316658255,0.0,0.0,0.0,0.0,0.0
SE-rest,2022,2023-02-05,766.0,740.3605237409624,1.5361632730036272,1.0432892439593686,-2.563487097602671,0.0,0.0,0.0,0.0,0.0
SE-rest,2022,2023-02-12,812.0,793.3881197293443,1.418763818823346,0.9341459928409844,0.7880699733700632,0.0,0.0,0.0,0.0,0.0
SE-rest,2022,2023-02-19,783.0,789.0343882155066,1.4565169185187774,0.9322014549414422,2.1640676231384814,0.0,0.0,0.06552325580608219,0.0,0.0
SE-rest,2022,2023-02-26,678.0,711.0353792685504,1.6048767465680747,1.0000601177358264,-1.2825205152553365,0.0,0.0,0.3157005105288018,0.0,0.0
SE-rest,2022,2023-03-05,660.0,665.5584737459467,1.4397699100140378,0.8742452610237562,1.7358176368366907,0.0,0.0,0.48245912716620054,0.0,0.0
SE-rest,2022,2023-03-12,634.0,604.6764860414012,1.7694238250404901,1.0495807003212032,-4.616617858236102,0.0,0.0,0.13631710649891568,0.0,0.0
SE-rest,2022,2023-03-19,576.0,568.4346157596638,1.5934940540517981,0.9220237363701621,1.1550533334651096,0.0,0.0,0.0,0.0,0.0
SE-rest,2022,2023-03-26,524.0,548.3343456521635,1.5567810335815975,0.8816155543741168,2.792753936791659,0.0,0.0,0.0,0.0,0.0
SE-rest,2022,2023-04-02,468.0,470.58231188602053,1.7384752051651193,0.966482788471056,-1.9607874335680393,0.0,0.0,0.0,0.0,0.0
SE-rest,2022,2023-04-09,427.0,398.6274248345154,1.552333546099445,0.8483005697510559,1.8514380488675872,0.0,0.0,0.0,0.2089592531433013,0.0
SE-rest,2022,2023-04-16,368.0,372.44106168093003,1.3665165532387036,0.7375782353520324,5.839266757763702,0.0,0.0,0.0,0.7861903915417041,0.0
SE-rest,2022,2023-04-23,241.0,255.7270433790237,1.5509310643467618,0.8304305907679261,8.91154852305847,0.0,0.0,0.0,0.004850355314994877,0.0
SE-rest,2022,2023-04-30,170.0,177.69396840816512,1.7474135723498663,0.9294753838383799,5.195042459224644,0.0,0.0,0.0,0.0,0.0
SE-rest,2022,2023-05-07,137.0,140.50118850587842,1.6736106449000938,0.8850152277100338,5.698354878508929,0.0,0.0,0.0,0.0,0.0
SE-rest,2022,2023-05-14,141.0,118.61166382146239,1.3379479289455483,0.7044126037914952,13.288569232216227,0.0,0.0,0.0,0.0,0.0
SE-rest,2022,2023-05-21,93.0,87.74711404548046,1.3860052542608867,0.7278099241889423,12.133843191649916,0.0,0.0,0.0,0.0,0.0
SE-rest,2022,2023-05-28,44.0,55.24952903810996,1.3553820875255078,0.71057629253896,14.338990227051017,0.0,0.0,0.0,0.0,0.0
SE-rest,2022,2023-06-04,24.0,33.90441023933046,1.4494870157190327,0.7591378932911971,12.45816476961547,0.0,0.0,0.0,0.0,0.0
SE-rest,2022,2023-06-11,30.0,21.839203997612778,1.3931659601836526,0.729121010197154,14.865073726340754,0.0,0.0,0.0,0.0,0.10006469345285196
SE-M,2023,2023-07-02,,0.12245210452949506,0.9557487793804194,0.9557298050112936,17.83214285714286,0.0,0.0,0.0,0.0,1.0
SE-M,2023,2023-07-09,,0.16686255167875685,0.978490756747132,0.9784133223081496,17.245,0.0,0.0,0.0,0.0,1.0
SE-M,2023,2023-07-16,,0.2599867627342495,0.9529633453856252,0.9528098765935712,18.797857142857147,0.0,0.0,0.0,0.0,1.0
SE-M,2023,2023-07-23,,0.34975616647133784,1.034062309139911,1.03378865409428,16.24214285714286,0.0,0.0,0.0,0.0,1.0
SE-M,2023,2023-07-30,0.0,0.4512028290144423,1.0309738318998598,1.0305621838517884,17.324285714285715,0.0,0.0,0.0,0.0,1.0
SE-M,2023,2023-08-06,0.0,0.5856275364301078,1.0696075476966738,1.068996829332055,16.919285714285717,0.0,0.0,0.0,0.0,1.0
SE-M,2023,2023-08-13,0.0,0.7509062344480151,1.1373546023629464,1.1364467961471425,15.481428571428575,0.0,0.0,0.0,0.0,1.0
SE-M,2023,2023-08-20,2.0,1.00811119715009,0.9603652541529704,0.9593226684503132,19.020000000000003,0.0,0.0,0.0,0.0,0.3286817443573655
SE-M,2023,2023-08-27,1.0,1.1994830611139964,0.9579631413084406,0.9566466823199669,17.957857142857144,0.0,0.0,0.0,0.0,0.0
SE-M,2023,2023-09-03,1.0,1.2300158809491433,1.0394075756238608,1.037666360282894,15.651428571428573,0.0,0.0,0.0,0.0,0.0
SE-M,2023,2023-09-10,1.0,1.3252172110254687,0.9823476695849523,0.980369046687213,18.812142857142856,0.0,0.0,0.0,0.0,0.0
SE-M,2023,2023-09-17,1.0,1.4478637188716732,1.0581948304492947,1.055676577620901,16.410714285714285,0.0,0.0,0.0,0.0,0.0
SE-M,2023,2023-09-24,0.0,1.5999489635603368,1.0519909297929204,1.0490397594318934,16.697142857142858,0.0,0.0,0.0,0.0,0.0
SE-M,2023,2023-10-01,3.0,1.8311303666858552,1.0617954961613132,1.0582984391971342,15.682142857142859,0.0,0.0,0.0,0.0,0.0
SE-M,2023,2023-10-08,2.0,2.1290134317196383,1.1083301140043753,1.1040383679805852,12.899285714285716,0.0,0.0,0.0,0.0,0.0
SE-M,2023,2023-10-15,5.0,2.502418117196474,1.1032479712209236,1.0981978642741965,11.78357142857143,0.0,0.0,0.0,0.0,0.0
SE-M,2023,2023-10-22,5.0,3.1033812297023475,1.1918885770243786,1.1853498640807376,7.8292857142857155,0.0,0.0,0.0,0.0,0.0
SE-M,2023,2023-10-29,3.0,4.033948858369309,1.1878134670948275,1.179811467534981,7.736428571428571,0.0,0.0,0.0,0.0,0.0
SE-M,2023,2023-11-05,5.0,5.413602111428287,1.0937899377627252,1.084671225040294,8.747857142857143,1.0,0.0,0.0,0.0,0.0
SE-M,2023,2023-11-12,5.0,6.8761547179984435,1.1886615291119271,1.176425002080924,8.15,0.0,0.0,0.0,0.0,0.0
SE-M,2023,2023-11-19,6.0,8.690921126705135,1.328596847515495,1.311165917943015,3.6292857142857144,0.0,0.0,0.0,0.0,0.0
SE-M,2023,2023-11-26,22.0,12.856352546811028,1.390600040020935,1.3657194937158188,1.9157142857142861,0.0,0.0,0.0,0.0,0.0
SE-M,2023,2023-12-03,11.0,21.896988295707377,1.635555199362585,1.590639687812702,-4.799285714285714,0.0,0.0,0.0,0.0,0.0
SE-M,2023,2023-12-10,48.0,46.47074675120459,1.3926239652931434,1.3261033539095586,0.9478571428571428,0.0,0.0,0.0,0.0,0.0
SE-M,2023,2023-12-17,95.0,89.34350314650032,1.2845655162826115,1.1832301220741301,3.056428571428572,0.0,0.0,0.0,0.0,0.0
SE-M,2023,2023-12-24,144.0,133.39374748623487,1.0829495223596728,0.9577852802235024,4.2092857142857145,0.0,0.3873096047730976,0.0,0.0,0.0
SE-M,2023,2023-12-31,136.0,149.912055506415,0.864588771773097,0.7391465908668159,4.912142857142858,0.0,1.0,0.0,0.0,0.0
SE-M,2023,2024-01-07,117.0,119.73400301134296,1.0781070239511799,0.9014299107981179,-3.9392857142857145,0.0,1.0,0.0,0.0,0.0
SE-M,2023,2024-01-14,90.0,85.07374936825813,1.2830907338113202,1.050759166176318,-1.5607142857142862,0.0,0.2640497133009519,0.0,0.0,0.0
SE-M,2023,2024-01-21,90.0,79.02545489145703,1.4352318163462863,1.145593269531868,-1.5378571428571426,0.0,0.0,0.0,0.0,0.0
SE-M,2023,2024-01-28,80.0,92.41168332160049,1.2893029995691447,0.9975106677423538,4.576428571428572,0.0,0.0,0.0,0.0,0.0
SE-M,2023,2024-02-04,84.0,100.96205071107696,1.3003335698648062,0.9756577479098562,5.052857142857143,0.0,0.0,0.0,0.0,0.0
SE-M,2023,2024-02-11,105.0,101.54693404763094,1.387956060277786,1.0094342015362388,1.6392857142857145,0.0,0.0,0.0,0.0,0.0
SE-M,2023,2024-02-18,124.0,98.86978324346923,1.2629225593757325,0.8910765985177,4.409999999999999,0.0,0.0,0.0,0.0,0.0
SE-M,2023,2024-02-25,78.0,90.93569148498105,0.9935231887515986,0.6852547221917461,5.222857142857142,0.0,0.0,1.0,0.0,0.0
SE-M,2023,2024-03-03,77.0,66.45638178469807,1.256356761124209,0.8544912091571827,4.460714285714286,0.0,0.0,0.0,0.0,0.0
SE-M,2023,2024-03-10,32.0,44.930253856403034,1.346414070463711,0.9050390795355895,2.1428571428571432,0.0,0.0,0.0,0.0,0.0
SE-M,2023,2024-03-17,39.0,34.41532892220248,1.2513642330754509,0.8331003480182158,5.524285714285716,0.0,0.0,0.0,0.0,0.0
SE-M,2023,2024-03-24,28.0,27.738305748687907,1.2945491091986017,0.8554829824864346,4.604285714285715,0.0,0.0,0.0,0.0,0.0
SE-M,2023,2024-03-31,21.0,20.60684792308575,1.0903698073878287,0.7166628645731793,7.364285714285715,0.0,0.0,0.0,0.7292188438401652,0.0
SE-M,2023,2024-04-07,17.0,15.975735184868391,1.2198630882852035,0.7990837177767895,7.182142857142857,0.0,0.0,0.0,0.258381829814101,0.0
SE-M,2023,2024-04-14,9.0,10.077633897808845,1.1840876665283593,0.7737755733497714,11.180000000000001,0.0,0.0,0.0,0.012399326345733595,0.0
SE-M,2023,2024-04-21,6.0,6.808997765198793,1.4083824033426038,0.9187634371601902,5.600714285714285,0.0,0.0,0.0,0.0,0.0
SE-M,2023,2024-04-28,4.0,5.101511243009149,1.4256746353703993,0.9285816942533786,6.351428571428572,0.0,0.0,0.0,0.0,0.0
SE-M,2023,2024-05-05,4.0,4.50397076720137,1.1888746859147135,0.7733124681971167,14.339285714285714,0.0,0.0,0.0,0.0,0.0
SE-M,2023,2024-05-12,3.0,3.581268921380034,1.2839872474441318,0.8344223395261823,11.494285714285715,0.0,0.0,0.0,0.0,0.0
SE-M,2023,2024-05-19,5.0,2.6341614751081837,1.1595688709398735,0.7530523341591772,15.675,0.0,0.0,0.0,0.0,0.0
SE-M,2023,2024-05-26,2.0,1.911745290175491,1.1252609262830309,0.7304408867233626,16.887857142857147,0.0,0.0,0.0,0.0,0.0
SE-M,2023,2024-06-02,1.0,1.2895967659023686,1.1012663939191525,0.7146541946284872,17.816428571428574,0.0,0.0,0.0,0.0,0.0
SE-M,2023,2024-06-09,1.0,0.858644959154991,1.2188369581605862,0.790785645307191,14.132142857142858,0.0,0.0,0.0,0.0,0.06217642486057033
SE-O,2023,2023-07-02,,0.205473936832367,0.8860576177330115,0.8860391264553168,17.892142857142854,0.0,0.0,0.0,0.0,1.0
SE-O,2023,2023-07-09,,0.24881741916409023,0.9238250339188231,0.9237524181427671,16.347142857142856,0.0,0.0,0.0,0.0,1.0
SE-O,2023,2023-07-16,,0.34224738571338825,0.9003850472766466,0.900247533617188,17.512857142857143,0.0,0.0,0.0,0.0,1.0
SE-O,2023,2023-07-23,,0.42391332249848235,0.9497966673995493,0.9495693731175522,15.641428571428573,0.0,0.0,0.0,0.0,1.0
SE-O,2023,2023-07-30,1.0,0.5067381725930552,0.9497322234431022,0.9494070268637388,16.135714285714286,0.0,0.0,0.0,0.0,1.0
SE-O,2023,2023-08-06,0.0,0.6013365314981769,0.9621681016330424,0.9617237632144374,16.302142857142858,0.0,0.0,0.0,0.0,1.0
SE-O,2023,2023-08-13,0.0,0.6952627507015747,1.004817905488196,1.004214712255229,15.327857142857143,0.0,0.0,0.0,0.0,1.0
SE-O,2023,2023-08-20,0.0,0.8164162333553683,0.9149417111153522,0.9142481877475682,18.201428571428576,0.0,0.0,0.0,0.0,0.753036463998823
SE-O,2023,2023-08-27,2.0,0.8959322837069241,0.8627850489917378,0.8619987356029651,16.55142857142857,0.0,0.0,0.0,0.0,0.03052632741022037
SE-O,2023,2023-09-03,2.0,0.8751701681741879,0.8965135340306916,0.8955676529245544,15.626428571428574,0.0,0.0,0.0,0.0,0.0
SE-O,2023,2023-09-10,0.0,0.8446492782492683,0.8608323587160978,0.8598027355507563,18.34857142857143,0.0,0.0,0.0,0.0,0.0
SE-O,2023,2023-09-17,0.0,0.8147038092828174,0.9471203463534087,0.9458565415280713,15.726428571428572,0.0,0.0,0.0,0.0,0.0
SE-O,2023,2023-09-24,1.0,0.8178794924676835,0.9756411276972242,0.9741904959626098,15.702857142857145,0.0,0.0,0.0,0.0,0.0
SE-O,2023,2023-10-01,0.0,0.8930139541200097,1.0054488924423581,1.0037801202073051,15.48142857142857,0.0,0.0,0.0,0.0,0.0
SE-O,2023,2023-10-08,0.0,1.0159523845551153,1.1458586633694268,1.1437121484279351,10.945714285714287,0.0,0.0,0.0,0.0,0.0
SE-O,2023,2023-10-15,3.0,1.2815886578580937,1.1698111177804424,1.1672667578836093,10.280714285714287,0.0,0.0,0.0,0.0,0.0
SE-O,2023,2023-10-22,1.0,1.8233962534128139,1.3036180688851784,1.3001836041307127,5.799285714285714,0.0,0.0,0.0,0.0,0.0
SE-O,2023,2023-10-29,3.0,2.801735376072855,1.3101484466527467,1.3056968015193584,5.1450000000000005,0.0,0.0,0.0,0.0,0.0
SE-O,2023,2023-11-05,7.0,4.5505076266006,1.1732511244965704,1.1678940619236369,6.522142857142858,1.0,0.0,0.0,0.0,0.0
SE-O,2023,2023-11-12,4.0,6.879866199524936,1.2197618444750007,1.2122333960251068,6.7299999999999995,0.0,0.0,0.0,0.0,0.0
SE-O,2023,2023-11-19,11.0,9.560075158797533,1.3853239935311092,1.3733563522548946,0.7864285714285714,0.0,0.0,0.0,0.0,0.0
SE-O,2023,2023-11-26,18.0,15.318467558712523,1.3535609300757603,1.335996911431072,1.2942857142857136,0.0,0.0,0.0,0.0,0.0
SE-O,2023,2023-12-03,23.0,26.240882518950762,1.5738953967557712,1.5406287224942006,-5.450714285714286,0.0,0.0,0.0,0.0,0.0
SE-O,2023,2023-12-10,47.0,53.06875301174735,1.3962685969282325,1.3432142003194347,-1.5314285714285716,0.0,0.0,0.0,0.0,0.0
SE-O,2023,2023-12-17,116.0,101.31071623830434,1.263483324964152,1.1821885961840601,1.707857142857143,0.0,0.0,0.0,0.0,0.0
SE-O,2023,2023-12-24,159.0,151.65570548066918,1.12949726034122,1.0208597274132056,1.625,0.0,0.38000484619065966,0.0,0.0,0.0
SE-O,2023,2023-12-31,152.0,176.5945804941249,0.9322038523896284,0.8159278060026407,2.1242857142857146,0.0,1.0,0.0,0.0,0.0
SE-O,2023,2024-01-07,152.0,158.30299001546913,1.149637463222437,0.9812685097855189,-6.839999999999999,0.0,1.0,0.0,0.0,0.0
SE-O,2023,2024-01-14,136.0,130.83538770158165,1.302867378379879,1.0830071583865826,-3.065714285714286,0.0,0.15593863436539038,0.0,0.0,0.0
SE-O,2023,2024-01-21,155.0,136.44855423738687,1.37080120588611,1.10252850409261,-4.512857142857144,0.0,0.0,0.0,0.0,0.0
SE-O,2023,2024-01-28,169.0,157.65286187564504,1.1302170895831003,0.8772980820712851,3.8857142857142857,0.0,0.0,0.0,0.0,0.0
SE-O,2023,2024-02-04,128.0,152.2862997253697,1.1630137600636121,0.8776166251226156,4.743571428571428,0.0,0.0,0.0,0.0,0.0
SE-O,2023,2024-02-11,121.0,128.00692848425126,1.4032514949023684,1.0319387110012448,-1.7349999999999997,0.0,0.0,0.0,0.0,0.0
SE-O,2023,2024-02-18,107.0,114.59774835059986,1.0510569448416989,0.7544640100195767,2.111428571428571,0.0,0.0,0.8465485235113981,0.0,0.0
SE-O,2023,2024-02-25,118.0,97.4733712576166,1.1131940288707298,0.7863969554370268,4.352857142857143,0.0,0.0,0.14161610224608123,0.0,0.0
SE-O,2023,2024-03-03,73.0,68.094745206692,1.1277238011913027,0.7878236654868208,4.542142857142857,0.0,0.0,0.011835374242520819,0.0,0.0
SE-O,2023,2024-03-10,36.0,46.63661604247081,1.2321048980066311,0.8538529522529918,1.7228571428571426,0.0,0.0,0.0,0.0,0.0
SE-O,2023,2024-03-17,43.0,33.146667246271384,1.2089572253127654,0.8326566884758998,4.613571428571428,0.0,0.0,0.0,0.0,0.0
SE-O,2023,2024-03-24,28.0,25.078960320538144,1.3571058256509698,0.9301032655270387,3.733571428571429,0.0,0.0,0.0,0.0,0.0
SE-O,2023,2024-03-31,9.0,19.548760332990984,1.3511203133285352,0.9218609034171259,6.9799999999999995,0.0,0.0,0.0,0.21358163063275984,0.0
SE-O,2023,2024-04-07,7.0,18.64805904080316,1.4051488056083254,0.9548719205579851,4.491428571428571,0.0,0.0,0.0,0.7680431357706166,0.0
SE-O,2023,2024-04-14,10.0,16.196355427801855,1.3800178524918043,0.9342601939928689,9.565,0.0,0.0,0.0,0.018375233596623686,0.0
SE-O,2023,2024-04-21,39.0,14.692048369029047,1.4952764433933117,1.0087698737284723,4.713571428571429,0.0,0.0,0.0,0.0,0.0
SE-O,2023,2024-04-28,12.0,13.909220820190372,1.4129025541219822,0.949870977901595,6.1085714285714285,0.0,0.0,0.0,0.0,0.0
SE-O,2023,2024-05-05,8.0,13.662566032127344,1.1326473516837081,0.7591976028001525,14.305714285714288,0.0,0.0,0.0,0.0,0.0
SE-O,2023,2024-05-12,8.0,11.022179912317007,1.1819216054330468,0.7907097388562729,11.709285714285715,0.0,0.0,0.0,0.0,0.0
SE-O,2023,2024-05-19,15.0,7.698324687146016,0.9972790272176456,0.6663349388163577,17.732142857142858,0.0,0.0,0.0,0.0,0.0
SE-O,2023,2024-05-26,4.0,4.914955110465266,0.9732625815560547,0.6498446751857434,18.336428571428574,0.0,0.0,0.0,0.0,0.0
SE-O,2023,2024-06-02,1.0,2.7970667554010795,0.9738983114403252,0.650024418202013,18.255714285714284,0.0,0.0,0.0,0.0,0.0
SE-O,2023,2024-06-09,1.0,1.5671215786607213,1.1076560071929407,0.7391299163673724,13.097142857142858,0.0,0.0,0.0,0.0,0.00306114218122255
SE-rest,2023,2023-07-02,,9.717636146754774,0.8453277754379612,0.8452485456938194,18.915774199444872,0.0,0.0,0.0,0.0,1.0
SE-rest,2023,2023-07-09,,9.362977927852732,0.8979505894112493,0.8976722005455767,16.303100458242547,0.0,0.0,0.0,0.0,1.0
SE-rest,2023,2023-07-16,,9.263225210867656,0.852390676946575,0.8519386992041907,17.957919988961745,0.0,0.0,0.0,0.0,1.0
SE-rest,2023,2023-07-23,,9.002350934133094,0.8866547768284655,0.88599915048119,15.789215327348696,0.0,0.0,0.0,0.0,1.0
SE-rest,2023,2023-07-30,11.0,8.77330652928261,0.8629583964003996,0.8621402806582353,16.43778204988677,0.0,0.0,0.0,0.0,1.0
SE-rest,2023,2023-08-06,10.0,8.68627341187617,0.8683490831566302,0.867348698920412,16.275980248740126,0.0,0.0,0.0,0.0,1.0
SE-rest,2023,2023-08-13,8.0,8.483084105506713,0.9020403071518265,0.9008178571426662,15.587580980685745,0.0,0.0,0.0,0.0,0.999462786526827
SE-rest,2023,2023-08-20,6.0,8.522055992537133,0.8498719423957238,0.8485451960144565,17.515008633497843,0.0,0.0,0.0,0.0,0.7168843800212056
SE-rest,2023,2023-08-27,8.0,8.47033081109985,0.824669570842287,0.8232231897346216,16.25057091986647,0.0,0.0,0.0,0.0,0.07944191225560979
SE-rest,2023,2023-09-03,7.0,8.01538758920325,0.8825445125942561,0.8808340461806232,14.668890071435891,0.0,0.0,0.0,0.0,0.0
SE-rest,2023,2023-09-10,8.0,7.764685462674175,0.8667497244291626,0.8649071965191947,16.998250356293646,0.0,0.0,0.0,0.0,0.0
SE-rest,2023,2023-09-17,7.0,7.8432832043224545,0.9667908308424096,0.9645445511218435,14.077962323920957,0.0,0.0,0.0,0.0,0.0
SE-rest,2023,2023-09-24,10.0,8.367429906291674,0.9828980664020049,0.9803888141351599,14.656379946704535,0.0,0.0,0.0,0.0,0.0
SE-rest,2023,2023-10-01,8.0,9.65351062314933,1.0307097626871873,1.0277987234608408,13.755427930393022,0.0,0.0,0.0,0.0,0.0
SE-rest,2023,2023-10-08,11.0,11.467928840831867,1.1912219234843147,1.1874347436330732,8.653208095313458,0.0,0.0,0.0,0.0,0.0
SE-rest,2023,2023-10-15,20.0,15.40276787608204,1.2247841561784025,1.2202291881850496,8.00078329383691,0.0013301719692353222,0.0,0.0,0.0,0.0
SE-rest,2023,2023-10-22,17.0,23.51346216050122,1.345911050048633,1.3397245019533244,3.956032312957174,0.0,0.0,0.0,0.0,0.0
SE-rest,2023,2023-10-29,32.0,38.639652850858994,1.3088941899064501,1.3009018642777466,2.9059743066283987,0.0003191058861565043,0.0,0.0,0.0,0.0
SE-rest,2023,2023-11-05,74.0,64.39604017306637,1.1013870167990956,1.0922309849934968,4.099283743735788,0.990234980801523,0.0,0.0,0.0,0.0
SE-rest,2023,2023-11-12,113.0,90.73796446994655,1.1009217646402563,1.088909169612057,5.123257697624436,0.008115741343085127,0.0,0.0,0.0,0.0
SE-rest,2023,2023-11-19,94.0,107.74832669336254,1.3715656886021586,1.351899081954779,-1.958497004120061,0.0,0.0,0.0,0.0,0.0
SE-rest,2023,2023-11-26,140.0,153.5319929179591,1.4215768861554696,1.3924577388395847,-1.472817686794294,0.0,0.0,0.0,0.0,0.0
SE-rest,2023,2023-12-03,251.0,273.97116760726794,1.5082599737386897,1.459490125049395,-5.535949224739413,0.0,0.0,0.0,0.0,0.0
SE-rest,2023,2023-12-10,589.0,538.2571729520253,1.3767801268428015,1.3015436859153788,-5.242863718770913,0.0,0.0,0.0,0.0,0.0
SE-rest,2023,2023-12-17,975.0,958.901780327664,1.2228278871817964,1.116516744561164,-1.5909551632730725,0.0,0.0,0.0,0.0,0.0
SE-rest,2023,2023-12-24,1217.0,1289.8138983651127,1.0519775591987448,0.9247850641694288,-0.5794912103338709,0.0,0.4385243448354253,0.0,0.0,0.0
SE-rest,2023,2023-12-31,1381.0,1350.2961162572612,0.9040286807941426,0.7704384477699308,-2.3625652628012683,0.0,1.0,0.0,0.0,0.0
SE-rest,2023,2024-01-07,1081.0,1083.1013860287967,1.0735510898807168,0.8951120451965641,-10.354588128181812,0.0,1.0,0.0,0.0,0.0
SE-rest,2023,2024-01-14,793.0,792.8485406969393,1.1324871674708494,0.9266128506443058,-2.3376062080184714,0.0,0.15573208574581526,0.0,0.0,0.0
SE-rest,2023,2024-01-21,694.0,671.323028311965,1.435662758292503,1.151712862212652,-8.68708448759155,0.0,0.0,0.0,0.0,0.0
SE-rest,2023,2024-01-28,677.0,697.3754464911362,1.1895966562536129,0.932458946957995,1.2435860074689613,0.0,0.0,0.0,0.0,0.0
SE-rest,2023,2024-02-04,707.0,724.3337494814368,1.1903947567379434,0.9142970791853745,2.3908501652710865,0.0,0.0,0.0,0.0,0.0
SE-rest,2023,2024-02-11,668.0,665.390942361352,1.415646684120519,1.0660641475993218,-5.520409746734289,0.0,0.0,0.0,0.0,0.0
SE-rest,2023,2024-02-18,669.0,643.0288484112673,1.2148680261483662,0.896117746588846,-0.7337969513715622,0.0,0.0,0.06552325580608219,0.0,0.0
SE-rest,2023,2024-02-25,624.0,620.8572306773967,1.1071311609758718,0.8031978840191705,1.9973962417995208,0.0,0.0,0.31725176858717313,0.0,0.0
SE-rest,2023,2024-03-03,494.0,496.992342946744,1.1171382357110407,0.8010077341661209,2.3709335559808795,0.0,0.0,0.48090786910782907,0.0,0.0
SE-rest,2023,2024-03-10,315.0,360.2903816039134,1.2894747227780017,0.9163304543812449,0.10570147970244599,0.0,0.0,0.13631710649891568,0.0,0.0
SE-rest,2023,2024-03-17,330.0,275.30830532372755,1.2431521987741998,0.8765778208286156,2.610299958179122,0.0,0.0,0.0,0.0,0.0
SE-rest,2023,2024-03-24,203.0,229.18301376701922,1.28741508657026,0.9019335623068179,1.781607320044172,0.0,0.0,0.0,0.0,0.0
SE-rest,2023,2024-03-31,196.0,184.27212697572472,1.2395432733403133,0.8636492081094607,4.245337774808644,0.0,0.0,0.0,0.05478710953021847,0.0
SE-rest,2023,2024-04-07,160.0,165.98165204089844,1.2096297314085953,0.8392046537330057,1.5796368146033861,0.0,0.0,0.0,0.9311853639655128,0.0
SE-rest,2023,2024-04-14,131.0,123.94764490137587,1.2476672780432272,0.8627433374058758,9.102968245628018,0.0,0.0,0.0,0.014027526504268804,0.0
SE-rest,2023,2024-04-21,83.0,96.13848529371907,1.5812205471417633,1.0901647436244404,2.1502443174386205,0.0,0.0,0.0,0.0,0.0
SE-rest,2023,2024-04-28,92.0,89.91665115672858,1.5803420802650483,1.0856818438034515,3.250178625994149,0.0,0.0,0.0,0.0,0.0
SE-rest,2023,2024-05-05,98.0,103.28800936457688,1.2669616727137474,0.8671277570404838,11.481867983463744,0.0,0.0,0.0,0.0,0.0
SE-rest,2023,2024-05-12,109.0,101.92112026626305,1.309680426938754,0.8936676986280865,8.610603216113091,0.0,0.0,0.0,0.0,0.0
SE-rest,2023,2024-05-19,99.0,86.97830063714646,1.0410249492599246,0.7086872572155053,16.683954571189393,0.0,0.0,0.0,0.0,0.0
SE-rest,2023,2024-05-26,53.0,63.70727811487526,1.055516642612517,0.7175697456463236,15.808955680874845,0.0,0.0,0.0,0.0,0.0
SE-rest,2023,2024-06-02,43.0,40.62357382800432,0.9777673431291484,0.6641530196456468,18.748140416846162,0.0,0.0,0.0,0.0,0.0
SE-rest,2023,2024-06-09,23.0,24.427268354355988,1.0940811164751965,0.7427887015498138,14.533022693274162,0.0,0.0,0.0,0.0,0.04110255561090713
SE-M,2024,2024-06-30,,0.460306638345671,0.8709006359275395,0.870865734293492,18.78642857142857,0.0,0.0,0.0,0.0,1.0
SE-M,2024,2024-07-07,,0.5484048726307484,0.9399379688950317,0.9397955513092713,15.70142857142857,0.0,0.0,0.0,0.0,1.0
SE-M,2024,2024-07-14,,0.7412124526732091,0.8947545254081527,0.894491134111283,17.656428571428574,0.0,0.0,0.0,0.0,1.0
SE-M,2024,2024-07-21,,0.926153947840977,0.8714251560317849,0.8710291987909601,18.580714285714286,0.0,0.0,0.0,0.0,1.0
SE-M,2024,2024-07-28,1.0,1.051595518454125,0.87738653261502,0.8768366972011944,18.079285714285714,0.0,0.0,0.0,0.0,1.0
SE-M,2024,2024-08-04,3.0,1.1273739066752624,0.8771888116726594,0.8764799992692377,18.005714285714287,0.0,0.0,0.0,0.0,1.0
SE-M,2024,2024-08-11,1.0,1.1915251209233957,0.870019773225011,0.8691524566629987,18.583181581088418,0.0,0.0,0.0,0.0,1.0
SE-M,2024,2024-08-18,0.0,1.2359294595368921,0.8109095955187513,0.8099493712461973,18.503762866725584,0.0,0.0,0.0,0.0,0.4566147573162706
SE-M,2024,2024-08-25,1.0,1.2232141686824805,0.7885977915097037,0.7875271254711608,17.353571428571428,0.0,0.0,0.0,0.0,0.0068901367967743625
SE-M,2024,2024-09-01,1.0,1.1384362080497215,0.7917286586762504,0.7905271775610846,17.97214285714286,0.0,0.0,0.0,0.0,0.0
SE-M,2024,2024-09-08,0.0,1.0493049880524752,0.7461664022343799,0.7449246413045144,21.099285714285713,0.0,0.0,0.0,0.0,0.0
SE-M,2024,2024-09-15,1.0,0.9755238234597874,0.9153403950836074,0.9136833010655799,13.485714285714286,0.0,0.0,0.0,0.0,0.0
SE-M,2024,2024-09-22,3.0,0.985176871709302,0.9005374522574282,0.8987551169768331,14.760714285714286,0.0,0.0,0.0,0.0,0.0
SE-M,2024,2024-09-29,0.0,1.1165344581932597,0.9525294515384661,0.9504615515243027,13.374285714285714,0.0,0.0,0.0,0.0,0.0
SE-M,2024,2024-10-06,1.0,1.2650190911885835,1.0973750566980691,1.0947325047523073,8.476428571428572,0.0,0.0,0.0,0.0,0.0
SE-M,2024,2024-10-13,1.0,1.6169509307731782,1.0450672363934557,1.0422151888662037,11.275714285714287,0.0,0.0,0.0,0.0,0.0
SE-M,2024,2024-10-20,2.0,2.112008480991172,1.0785468738183142,1.0751718550916884,10.642857142857142,0.0,0.0,0.0,0.0,0.0
SE-M,2024,2024-10-27,3.0,2.6948605796655176,1.0733269103037266,1.0694265639997451,11.210714285714285,0.0,0.0,0.0,0.0,0.0
SE-M,2024,2024-11-03,3.0,3.2878321840143805,1.0503734888484475,1.0459310022976813,9.839285714285714,1.0,0.0,0.0,0.0,0.0
SE-M,2024,2024-11-10,5.0,3.922027358047887,1.1698693200292494,1.1640636864531158,8.162857142857144,0.0,0.0,0.0,0.0,0.0
SE-M,2024,2024-11-17,8.0,5.009402149672822,1.2173514270657206,1.2100403944999523,7.227142857142858,0.0,0.0,0.0,0.0,0.0
SE-M,2024,2024-11-24,5.0,7.167159659466477,1.4393980928056667,1.4282898353413387,1.8314285714285714,0.0,0.0,0.0,0.0,0.0
SE-M,2024,2024-12-01,11.0,12.15128328194237,1.348206210193928,1.3335261034388306,5.877857142857144,0.0,0.0,0.0,0.0,0.0
SE-M,2024,2024-12-08,14.0,21.355017322859403,1.4237116333848083,1.400342170500274,4.131428571428572,0.0,0.0,0.0,0.0,0.0
SE-M,2024,2024-12-15,45.0,39.40490202672012,1.4717465458173824,1.4318957456719301,2.06,0.0,0.003082982230078811,0.0,0.0,0.0
SE-M,2024,2024-12-22,78.0,74.41988715341395,1.1631048680764322,1.1112712114908303,6.627142857142857,0.0,0.3070897691708177,0.0,0.0,0.0
SE-M,2024,2024-12-29,116.0,111.6307516940517,0.9405179893777309,0.8812753406172099,4.932142857142857,0.0,1.0,0.0,0.0,0.0
SE-M,2024,2025-01-05,114.0,112.73868356153021,0.9885464231329385,0.9120695994324687,2.6921428571428576,0.0,1.0,0.0,0.0,0.0
SE-M,2024,2025-01-12,87.0,94.38886550530735,1.2520587107173458,1.1383354597562227,1.862142857142857,0.0,0.3581478187533237,0.0,0.0,0.0
SE-M,2024,2025-01-19,92.0,93.16601528724809,1.3440302456266007,1.1979325380596904,2.7478571428571428,0.0,0.0,0.0,0.0,0.0
SE-M,2024,2025-01-26,128.0,124.33497213560706,1.3265914934160665,1.1493146801705512,2.827142857142857,0.0,0.0,0.0,0.0,0.0
SE-M,2024,2025-02-02,171.0,163.8797155828541,1.3144266227646952,1.0987318793372332,3.2107142857142854,0.0,0.0,0.0,0.0,0.0
SE-M,2024,2025-02-09,188.0,196.9548467626791,1.3525915738561793,1.0836285442789488,2.164285714285714,0.0,0.0,0.0,0.0,0.0
SE-M,2024,2025-02-16,214.0,230.53741396267844,1.4641599494520725,1.113637453017147,-1.5892857142857142,0.0,0.0,0.0,0.0,0.0
SE-M,2024,2025-02-23,265.0,263.8586258216793,1.0826052555203165,0.7799978263449655,0.8135714285714286,0.0,0.0,1.0,0.0,0.0
SE-M,2024,2025-03-02,292.0,251.7360268307181,1.186341064866614,0.8218433362486932,4.744285714285715,0.0,0.0,0.0,0.0,0.0
SE-M,2024,2025-03-09,196.0,184.08760724729615,1.1533666020576143,0.7767509501577268,7.099285714285714,0.0,0.0,0.0,0.0,0.0
SE-M,2024,2025-03-16,99.0,128.6769394339135,1.3459244161144546,0.8879938473175697,3.087142857142857,0.0,0.0,0.0,0.0,0.0
SE-M,2024,2025-03-23,89.0,94.30402067267443,1.343246237617634,0.8708493008042947,4.913571428571429,0.0,0.0,0.0,0.0,0.0
SE-M,2024,2025-03-30,86.0,76.22219604993684,1.3192847632860283,0.843260857555298,6.790000000000001,0.0,0.0,0.0,0.0,0.0
SE-M,2024,2025-04-06,53.0,59.75109051168243,1.3200843901318802,0.8347571545370623,7.535714285714286,0.0,0.0,0.0,0.0,0.0
SE-M,2024,2025-04-13,49.0,45.22727463982535,1.2978374542274336,0.8141332430866111,8.75,0.0,0.0,0.0,0.0,0.0
SE-M,2024,2025-04-20,41.0,32.40369888589071,1.065892894633253,0.6649989711343697,11.019285714285715,0.0,0.0,0.0,1.0,0.0
SE-M,2024,2025-04-27,15.0,23.551349109867132,1.3486959423613238,0.8387601217437196,9.482857142857142,0.0,0.0,0.0,0.0,0.0
SE-M,2024,2025-05-04,19.0,14.21673977079414,1.313685140925686,0.8149494829436782,12.164285714285715,0.0,0.0,0.0,0.0,0.0
SE-M,2024,2025-05-11,5.0,10.295673592958035,1.4438763428118797,0.8939932479908359,9.777857142857142,0.0,0.0,0.0,0.0,0.0
SE-M,2024,2025-05-18,8.0,8.14196485664752,1.3966699752460465,0.8633308818603467,12.137142857142859,0.0,0.0,0.0,0.0,0.0
SE-M,2024,2025-05-25,7.0,6.722913358166025,1.4289229155411771,0.8820758739975071,11.75357142857143,0.0,0.0,0.0,0.0,0.0
SE-M,2024,2025-06-01,7.0,5.517840781565922,1.345905264472654,0.8299043592084362,14.202142857142857,0.0,0.0,0.0,0.0,0.0
SE-M,2024,2025-06-08,5.0,4.382624507626154,1.3484325227913712,0.8307297945073262,14.64,0.0,0.0,0.0,0.0,0.07573150705643043
SE-O,2024,2024-06-30,,0.4786488325123964,0.930385775907736,0.930358852024363,18.482857142857142,0.0,0.0,0.0,0.0,1.0
SE-O,2024,2024-07-07,,0.5872494938018991,1.0246321904632534,1.0245164837993197,14.755,0.0,0.0,0.0,0.0,1.0
SE-O,2024,2024-07-14,,0.8540719538763555,0.970726150914525,0.970503377250684,17.240714285714283,0.0,0.0,0.0,0.0,1.0
SE-O,2024,2024-07-21,,1.1566838984816252,0.949735587185354,0.949384543333676,18.513571428571428,0.0,0.0,0.0,0.0,1.0
SE-O,2024,2024-07-28,2.0,1.3965615391396369,0.9732363751472164,0.9727200056314108,18.025714285714287,0.0,0.0,0.0,0.0,1.0
SE-O,2024,2024-08-04,1.0,1.5942310090511216,0.9874960785281541,0.9867908713040404,18.12428571428572,0.0,0.0,0.0,0.0,1.0
SE-O,2024,2024-08-11,1.0,1.8362487343117662,1.0028464332389375,1.0019176352862116,18.2,0.0,0.0,0.0,0.0,1.0
SE-O,2024,2024-08-18,1.0,2.1088592725892674,0.9728074083012794,0.9716741329652004,17.64857142857143,0.0,0.0,0.0,0.0,0.6489464289642652
SE-O,2024,2024-08-25,4.0,2.3559320657514915,0.9219064009478498,0.9206016026397175,16.24857142857143,0.0,0.0,0.0,0.0,0.06347397735022318
SE-O,2024,2024-09-01,2.0,2.4848874665474634,0.8942466290756822,0.8927609216480351,17.27714285714286,0.0,0.0,0.0,0.0,0.0
SE-O,2024,2024-09-08,4.0,2.4212249432938076,0.840686916952092,0.8391008376336231,19.987142857142857,0.0,0.0,0.0,0.0,0.0
SE-O,2024,2024-09-15,1.0,2.249695225577871,0.99858718613378,0.9964873506839675,13.260714285714286,0.0,0.0,0.0,0.0,0.0
SE-O,2024,2024-09-22,1.0,2.202221022261257,0.9698331770397772,0.96755914771571,14.421428571428574,0.0,0.0,0.0,0.0,0.0
SE-O,2024,2024-09-29,4.0,2.4252514285654847,1.039600187220405,1.0368814953226198,11.478571428571428,0.0,0.0,0.0,0.0,0.0
SE-O,2024,2024-10-06,1.0,2.695326639841798,1.0809928521514756,1.0778171578447566,9.272142857142857,0.0,0.0,0.0,0.0,0.0
SE-O,2024,2024-10-13,4.0,3.2945404488360928,1.0259430726485952,1.0225244908090831,10.482857142857142,0.0,0.0,0.0,0.0,0.0
SE-O,2024,2024-10-20,5.0,3.8865179352782815,1.020049496482503,1.0162035087279722,9.611428571428572,0.0,0.0,0.0,0.0,0.0
SE-O,2024,2024-10-27,4.0,4.42560755646976,0.9455588567190552,0.9415502357359135,11.309285714285712,0.0,0.0,0.0,0.0,0.0
SE-O,2024,2024-11-03,6.0,4.50304941153191,0.9031620419933315,0.8989442580837099,9.629999999999999,1.0,0.0,0.0,0.0,0.0
SE-O,2024,2024-11-10,7.0,4.271228994549344,1.0174071743471231,1.0122338188445184,6.915,0.0,0.0,0.0,0.0,0.0
SE-O,2024,2024-11-17,3.0,4.246213117830852,1.048120742350507,1.042301922608478,6.240000000000001,0.0,0.0,0.0,0.0,0.0
SE-O,2024,2024-11-24,3.0,4.772951364746097,1.2921818503517082,1.2842166301880629,-0.7742857142857141,0.0,0.0,0.0,0.0,0.0
SE-O,2024,2024-12-01,9.0,6.421620440663009,1.1468953185949278,1.1387747596061177,6.1364285714285725,0.0,0.0,0.0,0.0,0.0
SE-O,2024,2024-12-08,6.0,9.038373928215293,1.3558393339907566,1.344472039366393,2.117857142857143,0.0,0.0,0.0,0.0,0.0
SE-O,2024,2024-12-15,12.0,14.189509021192922,1.50955605581594,1.4931034454234846,0.5357142857142859,0.0,0.0,0.0,0.0,0.0
SE-O,2024,2024-12-22,27.0,27.40004481641963,1.2821398652781368,1.262063969210818,5.810714285714286,0.0,0.29506105160725676,0.0,0.0,0.0
SE-O,2024,2024-12-29,42.0,47.95629187021875,1.0300687188589701,1.0074273330064851,5.877857142857143,0.0,1.0,0.0,0.0,0.0
SE-O,2024,2025-01-05,57.0,59.48469199892352,1.163364425506084,1.1301585026337144,-0.5064285714285718,0.0,1.0,0.0,0.0,0.0
SE-O,2024,2025-01-12,70.0,66.16667158478575,1.3304406290334954,1.281092408968515,-0.24071428571428566,0.0,0.3411702913846672,0.0,0.0,0.0
SE-O,2024,2025-01-19,104.0,87.62017436816306,1.2070538092729792,1.147220302660101,4.197857142857143,0.0,0.0,0.0,0.0,0.0
SE-O,2024,2025-01-26,123.0,127.21385121807047,1.1925379797220867,1.114211437705735,2.712857142857143,0.0,0.0,0.0,0.0,0.0
SE-O,2024,2025-02-02,168.0,160.04118889164317,1.2121675692017786,1.1094445643367796,2.072142857142857,0.0,0.0,0.0,0.0,0.0
SE-O,2024,2025-02-09,171.0,187.15030617819616,1.2596531775995454,1.1246918025810582,1.6035714285714284,0.0,0.0,0.0,0.0,0.0
SE-O,2024,2025-02-16,222.0,224.9826529757172,1.1921473826426952,1.0332569469213253,-2.7142857142857144,0.0,0.0,0.8465485235113981,0.0,0.0
SE-O,2024,2025-02-23,230.0,257.21968118917493,1.2469714363637063,1.045906139798988,0.47571428571428587,0.0,0.0,0.14161610224608123,0.0,0.0
SE-O,2024,2025-03-02,337.0,285.4074148853764,1.1412221396124747,0.924307594291441,3.463571428571428,0.0,0.0,0.011835374242520819,0.0,0.0
SE-O,2024,2025-03-09,279.0,271.5451048322532,1.050507271911302,0.8268325773133106,7.024285714285715,0.0,0.0,0.0,0.0,0.0
SE-O,2024,2025-03-16,190.0,225.31716712532338,1.242272850008875,0.9554796012173303,1.633571428571429,0.0,0.0,0.0,0.0,0.0
SE-O,2024,2025-03-23,209.0,185.45573471154336,1.2012987903671313,0.9041728196662415,4.720714285714286,0.0,0.0,0.0,0.0,0.0
SE-O,2024,2025-03-30,149.0,163.62238574845543,1.1937013045101803,0.8819091063521777,6.717142857142858,0.0,0.0,0.0,0.0,0.0
SE-O,2024,2025-04-06,122.0,136.94315138419603,1.204235355753941,0.8762969629372721,7.158571428571429,0.0,0.0,0.0,0.0,0.0
SE-O,2024,2025-04-13,136.0,110.96979498539085,1.1808801703275027,0.8488831924771006,8.678571428571429,0.0,0.0,0.0,0.0,0.0
SE-O,2024,2025-04-20,92.0,84.82092932230621,0.9901661910579402,0.7055337242851041,11.320714285714285,0.0,0.0,0.0,0.9855665067144398,0.0
SE-O,2024,2025-04-27,49.0,65.33564917734512,1.2916784024064696,0.9151406817924229,8.985714285714286,0.0,0.0,0.0,0.014433493285560135,0.0
SE-O,2024,2025-05-04,27.0,43.79774563944228,1.2136901033570382,0.8555777251853386,11.46142857142857,0.0,0.0,0.0,0.0,0.0
SE-O,2024,2025-05-11,48.0,34.89322462771245,1.178902495964057,0.8278550826643777,10.37857142857143,0.0,0.0,0.0,0.0,0.0
SE-O,2024,2025-05-18,36.0,27.379965710664713,1.0309948514520553,0.7219865076201301,13.234285714285715,0.0,0.0,0.0,0.0,0.0
SE-O,2024,2025-05-25,22.0,19.07494613151546,1.0571834914897358,0.7390926982742536,10.790714285714287,0.0,0.0,0.0,0.0,0.0
SE-O,2024,2025-06-01,10.0,11.999318611462368,0.9845489880140449,0.6876032018213175,13.002857142857144,0.0,0.0,0.0,0.0,0.0
SE-O,2024,2025-06-08,3.0,7.189912140916619,0.9741562208060789,0.6799270004740038,13.357142857142858,0.0,0.0,0.0,0.0,0.0
SE-rest,2024,2024-06-30,,7.5717941362399355,1.0348102044097935,1.0347493474284337,19.30117521272391,0.0,0.0,0.0,0.0,1.0
SE-rest,2024,2024-07-07,,8.583247793428406,1.1511342007124683,1.1508743992531099,15.382208737644845,0.0,0.0,0.0,0.0,1.0
SE-rest,2024,2024-07-14,,11.776279140318692,1.0989098043417993,1.0983991485723028,17.627707668759072,0.0,0.0,0.0,0.0,1.0
SE-rest,2024,2024-07-21,,16.36092935279095,1.0674160621109148,1.0665942560207031,18.523212025969208,0.0,0.0,0.0,0.0,1.0
SE-rest,2024,2024-07-28,7.0,20.75006802474452,1.0093424185198043,1.0082051924426554,18.562712512983314,0.0,0.0,0.0,0.0,1.0
SE-rest,2024,2024-08-04,34.0,23.880203856690322,0.9266088524628119,0.9252231316170362,17.832888454070552,0.0,0.0,0.0,0.0,1.0
SE-rest,2024,2024-08-11,37.0,24.60463926595204,0.8301937077625329,0.8286773672100276,18.326171119472537,0.0,0.0,0.0,0.0,1.0
SE-rest,2024,2024-08-18,24.0,21.947324102347903,0.7857981616284826,0.7841593014762103,17.831440395308345,0.0,0.0,0.0,0.0,0.8652986148553257
SE-rest,2024,2024-08-25,14.0,17.602881860508848,0.7150593629607418,0.713430901991558,16.644106307305094,0.0,0.0,0.0,0.0,0.05411609555274627
SE-rest,2024,2024-09-01,9.0,13.11487257360142,0.7470589528143675,0.7452540647009469,16.26594039309381,0.0,0.0,0.0,0.0,0.0
SE-rest,2024,2024-09-08,7.0,9.665865549147941,0.7597206613883234,0.7578005961403969,18.048630609474447,0.0,0.0,0.0,0.0,0.0
SE-rest,2024,2024-09-15,6.0,7.804797107506639,0.9183429341729769,0.9159255093371158,13.309072612226233,0.0,0.0,0.0,0.0,0.0
SE-rest,2024,2024-09-22,6.0,7.3254233170546925,0.9901554469145163,0.9874292130368979,12.778929261754456,0.0,0.0,0.0,0.0,0.0
SE-rest,2024,2024-09-29,5.0,8.437593529438736,1.0869184931234763,1.0837581533118583,10.82999486247066,0.0,0.0,0.0,0.0,0.0
SE-rest,2024,2024-10-06,9.0,10.687012556370018,1.1685513697469265,1.1649026294991198,7.668627769840154,0.0,0.0,0.0,0.0,0.0
SE-rest,2024,2024-10-13,18.0,15.258241438262584,1.0699165214985018,1.0662539194510272,9.239508405187921,0.0013301719692353222,0.0,0.0,0.0,0.0
SE-rest,2024,2024-10-20,25.0,20.18889114299445,1.016706936239387,1.012869162656368,8.582498779926231,0.0,0.0,0.0,0.0,0.0
SE-rest,2024,2024-10-27,32.0,23.905350947758155,0.9296562824533539,0.925802763631415,10.101822562021619,0.0,0.0,0.0,0.0,0.0
SE-rest,2024,2024-11-03,24.0,24.246997552271203,0.9406135682027106,0.936391994810157,6.771288062995221,0.9986698280307645,0.0,0.0,0.0,0.0
SE-rest,2024,2024-11-10,14.0,23.556578823653425,1.0660037533487334,1.0608372019688415,5.095215343865844,0.0,0.0,0.0,0.0,0.0
SE-rest,2024,2024-11-17,34.0,25.19158928845475,1.1210197602840066,1.1150911652848836,4.978669944463119,0.0,0.0,0.0,0.0,0.0
SE-rest,2024,2024-11-24,25.0,31.112869573478307,1.438286559717144,1.4297189387514728,-1.9759239299068703,0.0,0.0,0.0,0.0,0.0
SE-rest,2024,2024-12-01,48.0,49.1472586089024,1.3404452817778414,1.3307856042646435,3.875703812797969,0.0,0.0,0.0,0.0,0.0
SE-rest,2024,2024-12-08,69.0,88.89988401800993,1.5003869794414246,1.4860796620327559,-0.20093187467445617,0.0,0.0,0.0,0.0,0.0
SE-rest,2024,2024-12-15,196.0,176.12358329780554,1.4545279346843205,1.4336173412959923,-1.2229385569246196,0.0,0.0,0.0,0.0,0.0
SE-rest,2024,2024-12-22,367.0,346.4424633654687,1.1851668907691166,1.1585293924832851,1.9099989670013102,0.0,0.29885516629219094,0.0,0.0,0.0
SE-rest,2024,2024-12-29,514.0,542.6131758277697,0.8928668686384607,0.8647905257729093,3.575487815305636,0.0,1.0,0.0,0.0,0.0
SE-rest,2024,2025-01-05,560.0,563.7052136419421,1.074064078413505,1.0324127997631949,-5.009934617816884,0.0,1.0,0.0,0.0,0.0
SE-rest,2024,2025-01-12,520.0,508.98255009189,1.2176717081397723,1.1605828374822884,-2.087421396797193,0.0,0.2741258623319688,0.0,0.0,0.0
SE-rest,2024,2025-01-19,578.0,565.2297697185313,1.143948243068174,1.0786484283263171,3.0237882152701188,0.0,0.0,0.0,0.0,0.0
SE-rest,2024,2025-01-26,688.0,707.7212081575994,1.2102299777647545,1.126246465570491,1.248603932539557,0.0,0.0,0.0,0.0,0.0
SE-rest,2024,2025-02-02,869.0,851.1721043232553,1.273354507005115,1.1653955787686723,0.09957761358580701,0.0,0.0,0.0,0.0,0.0
SE-rest,2024,2025-02-09,1017.0,1054.045393664631,1.2819866677994103,1.148028733978094,-0.3132345892832217,0.0,0.0,0.0,0.0,0.0
SE-rest,2024,2025-02-16,1381.0,1362.744629777132,1.336460961499219,1.1629415583537963,-4.099955482997868,0.0,0.0,0.062200195146043406,0.0,0.0
SE-rest,2024,2025-02-23,1772.0,1719.4587013640698,1.1578303143814328,0.9734038499400869,-1.0775392876517622,0.0,0.0,0.31725176858717313,0.0,0.0
SE-rest,2024,2025-03-02,1875.0,1955.3617989906088,1.0260114694572988,0.8357187302797546,2.561248797744058,0.0,0.0,0.48090786910782907,0.0,0.0
SE-rest,2024,2025-03-09,1735.0,1696.468807209656,1.0065442889779117,0.8012925209659888,6.546302734065733,0.0,0.0,0.13964016715895444,0.0,0.0
SE-rest,2024,2025-03-16,1292.0,1275.4418510448857,1.2716979426985309,0.993973863273377,0.013131810261965304,0.0,0.0,0.0,0.0,0.0
SE-rest,2024,2025-03-23,1008.0,1037.0455835461703,1.2481278620720604,0.9576721749407697,3.5317014198661263,0.0,0.0,0.0,0.0,0.0
SE-rest,2024,2025-03-30,980.0,966.0069569895563,1.2391357914120333,0.9345091494963234,5.938139813094944,0.0,0.0,0.0,0.0,0.0
SE-rest,2024,2025-04-06,863.0,893.4290442886515,1.2093237499006828,0.8980464779330497,6.702425562721047,0.0,0.0,0.0,0.0,0.0
SE-rest,2024,2025-04-13,770.0,775.7185815443645,1.140871243832388,0.8366282045275619,6.27975365892062,0.0,0.0,0.0,0.0,0.0
SE-rest,2024,2025-04-20,675.0,604.3900085137548,0.8875442590885813,0.6452463553028148,9.559866544537764,0.0,0.0,0.0,0.796085517128215,0.0
SE-rest,2024,2025-04-27,415.0,443.3134710808249,1.0982193107155247,0.794675754486405,6.375694202293403,0.0,0.0,0.0,0.20391448287178512,0.0
SE-rest,2024,2025-05-04,244.0,254.22852677812838,1.1110297759415955,0.8011945168645248,9.851596868789686,0.0,0.0,0.0,0.0,0.0
SE-rest,2024,2025-05-11,163.0,171.75636600342492,1.2390260410919336,0.8912146586569654,7.217799105099367,0.0,0.0,0.0,0.0,0.0
SE-rest,2024,2025-05-18,139.0,130.8114970489387,1.1593830072617164,0.8321466464245258,10.894400443092804,0.0,0.0,0.0,0.0,0.0
SE-rest,2024,2025-05-25,102.0,103.38538414527973,1.2033595707316382,0.8623136241499552,10.04554849416313,0.0,0.0,0.0,0.0,0.0
SE-rest,2024,2025-06-01,80.0,80.15908364517483,1.116584961585147,0.7991229960920307,13.163540209710915,0.0,0.0,0.0,0.0,0.0
SE-rest,2024,2025-06-08,61.0,59.39430533755122,1.1009566508479758,0.787222284842836,13.772259074524074,0.0,0.0,0.0,0.0,0.0005044499498596246
