series,season,week_end,observed,fitted,r_t,r_eff,temperature,hol_host,hol_jul,hol_sport,hol_pask,hol_sommar
SE-M,2015,2015-06-28,,7.22133072727121,0.9385584914554393,0.9375388605545536,13.91,0.0,0.0,0.0,0.0,1.0
SE-M,2015,2015-07-05,,7.250686096474037,0.9349498641822196,0.9315622830416467,19.70642857142857,0.0,0.0,0.0,0.0,1.0
SE-M,2015,2015-07-12,,7.2689383533259475,0.931695360484709,0.9259704672704544,15.992142857142854,0.0,0.0,0.0,0.0,1.0
SE-M,2015,2015-07-19,,7.226165403964549,0.9288722241701842,0.9208561527802007,16.27857142857143,0.0,0.0,0.0,0.0,1.0
SE-M,2015,2015-07-26,,7.124857804527329,0.9265651033557208,0.9163139147076517,16.454285714285714,0.0,0.0,0.0,0.0,1.0
SE-M,2015,2015-08-02,,6.9789835601264585,0.9248675058116749,0.912441512404235,14.940000000000001,0.0,0.0,0.0,0.0,1.0
SE-M,2015,2015-08-09,,6.80321467829369,0.9238838621195778,0.9093421954635083,18.775714285714287,0.0,0.0,0.0,0.0,1.0
SE-M,2015,2015-08-16,,6.611460309829101,0.9237322974882017,0.9071278039993109,18.529285714285717,0.0,0.0,0.0,0.0,1.0
SE-M,2015,2015-08-23,,6.4146777713061205,0.9131182267121029,0.8947345088127746,18.162142857142857,0.0,0.0,0.0,0.0,0.14285714285714285
SE-M,2015,2015-08-30,,6.181116202383318,0.9131203794846954,0.8928559488005802,17.450714285714287,0.0,0.0,0.0,0.0,0.0
SE-M,2015,2015-09-06,,5.911379693503314,0.9163094342123514,0.8941647333067703,14.684285714285718,0.0,0.0,0.0,0.0,0.0
SE-M,2015,2015-09-13,,5.675077376730561,0.9210034270978642,0.8969852790327153,13.646428571428572,0.0,0.0,0.0,0.0,0.0
SE-M,2015,2015-09-20,,5.492568777403809,0.9274714632734378,0.9015525816864417,15.00642857142857,0.0,0.0,0.0,0.0,0.0
SE-M,2015,2015-09-27,,5.3687692043749795,0.9360423536856571,0.9081559507454406,12.98,0.0,0.0,0.0,0.0,0.0
SE-M,2015,2015-10-04,,5.30853838261794,0.9471186217612442,0.9171507818268072,10.894285714285713,0.0,0.0,0.0,0.0,0.0
SE-M,2015,2015-10-11,,5.319550003853694,0.9611927616885959,0.9289714854948269,9.077142857142857,0.0,0.0,0.0,0.0,0.0
SE-M,2015,2015-10-18,,5.413929191048817,0.9788656574788801,0.9441449184046015,8.338571428571429,0.0,0.0,0.0,0.0,0.0
SE-M,2015,2015-10-25,,5.611007484047919,1.0008685286685048,0.9633045951637893,9.731428571428571,0.0,0.0,0.0,0.0,0.0
SE-M,2015,2015-11-01,,5.910779391334765,0.9179728257322629,0.8815848006997148,8.14857142857143,1.0,0.0,0.0,0.0,0.0
SE-M,2015,2015-11-08,,5.977373686093486,1.061269914476927,1.0169548684070846,9.197857142857144,0.0,0.0,0.0,0.0,0.0
SE-M,2015,2015-11-15,,6.271162325262164,1.1020962972610113,1.0532931946254054,9.832142857142857,0.0,0.0,0.0,0.0,0.0
SE-M,2015,2015-11-22,,7.3306696966894345,1.1519116795186173,1.0973150917684282,5.256428571428572,0.0,0.0,0.0,0.0,0.0
SE-M,2015,2015-11-29,,9.08244904894524,1.2093667957746903,1.1471449087400185,3.4978571428571428,0.0,0.0,0.0,0.0,0.0
SE-M,2015,2015-12-06,9.0,11.88881936583601,1.2645177662841776,1.1923962488785165,7.407857142857144,0.0,0.0,0.0,0.0,0.0
SE-M,2015,2015-12-13,16.0,16.450859452340765,1.3004283659034448,1.2158254169558322,5.581428571428572,0.0,0.0,0.0,0.0,0.0
SE-M,2015,2015-12-20,19.0,23.61117022367374,1.313480402100222,1.21277614322185,5.615000000000001,0.0,0.0,0.0,0.0,0.0
SE-M,2015,2015-12-27,52.0,30.79910696339512,1.0085800804011384,0.9169634977345648,7.2821428571428575,0.0,0.8571428571428571,0.0,0.0,0.0
SE-M,2015,2016-01-03,37.0,38.22876569107679,1.0126960672543877,0.9082922156962968,1.0164285714285715,0.0,1.0,0.0,0.0,0.0
SE-M,2015,2016-01-10,23.0,37.82258083343048,1.1541409489476266,1.0224089992568897,-2.087142857142857,0.0,0.8571428571428571,0.0,0.0,0.0
SE-M,2015,2016-01-17,26.0,32.73577630633096,1.6006765271146774,1.3948588144682537,-3.310714285714286,0.0,0.0,0.0,0.0,0.0
SE-M,2015,2016-01-24,46.0,46.48914069313504,1.587206486944092,1.3402378235955692,-3.0985714285714288,0.0,0.0,0.0,0.0,0.0
SE-M,2015,2016-01-31,86.0,80.20280246548081,1.5073231490493808,1.2083530698369853,5.093571428571429,0.0,0.0,0.0,0.0,0.0
SE-M,2015,2016-02-07,140.0,122.12277745171467,1.428368860470616,1.0670831236965879,4.4835714285714285,0.0,0.0,0.0,0.0,0.0
SE-M,2015,2016-02-14,176.0,152.24195273415853,1.4079292838302007,0.971978743164779,2.295714285714286,0.0,0.0,0.0,0.0,0.0
SE-M,2015,2016-02-21,121.0,158.51872355949183,1.4412710076962842,0.920680040525286,0.3328571428571428,0.0,0.0,0.0,0.0,0.0
SE-M,2015,2016-02-28,152.0,145.2898166450915,1.2589360051336824,0.7533821490083513,2.1685714285714286,0.0,0.0,1.0,0.0,0.0
SE-M,2015,2016-03-06,97.0,113.41570593105222,1.5240439489716988,0.8703365189846176,1.2692857142857146,0.0,0.0,0.0,0.0,0.0
SE-M,2015,2016-03-13,92.0,82.5003727188755,1.538374653481631,0.8446495671869451,1.7992857142857144,0.0,0.0,0.0,0.0,0.0
SE-M,2015,2016-03-20,63.0,63.3448231842461,1.5379478918303155,0.8189105026417571,4.258571428571428,0.0,0.0,0.0,0.0,0.0
SE-M,2015,2016-03-27,43.0,45.81903157729467,1.3280082487301024,0.6921364119206842,5.380714285714285,0.0,0.0,0.0,0.8138547107500492,0.0
SE-M,2015,2016-04-03,39.0,34.233530565627525,1.4783967157708298,0.7605881067299426,6.3692857142857155,0.0,0.0,0.0,0.14338042286784644,0.0
SE-M,2015,2016-04-10,24.0,20.428206503741784,1.5089983744452613,0.7694012817354867,7.565000000000002,0.0,0.0,0.0,0.0427648663821042,0.0
SE-M,2015,2016-04-17,10.0,13.549303909731456,1.5340182173065027,0.7772656927805068,7.334285714285714,0.0,0.0,0.0,0.0,0.0
SE-M,2015,2016-04-24,5.0,9.381043066091232,1.5343008324131173,0.7739152803669233,7.230000000000002,0.0,0.0,0.0,0.0,0.0
SE-M,2015,2016-05-01,8.0,6.669616641929443,1.511673715207041,0.7600213039815092,6.167142857142857,0.0,0.0,0.0,0.0,0.0
SE-M,2015,2016-05-08,6.0,4.791435345880194,1.477287246669899,0.7409864834730182,12.067857142857145,0.0,0.0,0.0,0.0,0.0
SE-M,2015,2016-05-15,7.0,3.4498308594908123,1.4474721514317044,0.7247911114148772,13.41857142857143,0.0,0.0,0.0,0.0,0.0
SE-M,2015,2016-05-22,1.0,2.50448324195687,1.4298188714227495,0.715037861286367,12.954285714285716,0.0,0.0,0.0,0.0,0.0
SE-M,2015,2016-05-29,2.0,1.8686717770238512,1.4221994817312005,0.7105150249738813,16.31,0.0,0.0,0.0,0.0,0.0
SE-M,2015,2016-06-05,0.0,1.4618573632770575,1.420392741117028,0.7090207256208353,20.247142857142855,0.0,0.0,0.0,0.0,0.0
SE-M,2015,2016-06-12,1.0,1.2112201866964742,1.420230485833016,0.7084199493058875,14.197857142857144,0.0,0.0,0.0,0.0,0.0
SE-O,2015,2015-06-28,,5.928866268758542,0.9481079777005295,0.9474362376130382,14.177857142857144,0.0,0.0,0.0,0.0,1.0
SE-O,2015,2015-07-05,,6.132211879550582,0.9448677834350512,0.9425801865788028,20.197857142857142,0.0,0.0,0.0,0.0,1.0
SE-O,2015,2015-07-12,,6.494751110752054,0.94185998664755,0.9378879541427769,15.914285714285715,0.0,0.0,0.0,0.0,1.0
SE-O,2015,2015-07-19,,6.813218428840852,0.9391429380247868,0.9334371322472038,16.23642857142857,0.0,0.0,0.0,0.0,1.0
SE-O,2015,2015-07-26,,7.050654207296175,0.9367821933743458,0.929310260302468,14.937857142857142,0.0,0.0,0.0,0.0,1.0
SE-O,2015,2015-08-02,,7.212461453975735,0.934851164113807,0.9255944132294021,15.110000000000001,0.0,0.0,0.0,0.0,1.0
SE-O,2015,2015-08-09,,7.309052587115932,0.9334321142502322,0.9223818307094381,18.372142857142858,0.0,0.0,0.0,0.0,1.0
SE-O,2015,2015-08-16,,7.351768492795185,0.9326175527766554,0.9197710714605343,18.300000000000004,0.0,0.0,0.0,0.0,1.0
SE-O,2015,2015-08-23,,7.352843393853771,0.928669599799698,0.9140897057231727,18.592142857142854,0.0,0.0,0.0,0.0,0.7142857142857143
SE-O,2015,2015-08-30,,7.3106237542022665,0.9197751321512522,0.9035931920501038,16.880714285714284,0.0,0.0,0.0,0.0,0.0
SE-O,2015,2015-09-06,,7.172308143415666,0.921430361743294,0.9035236924741242,14.020000000000001,0.0,0.0,0.0,0.0,0.0
SE-O,2015,2015-09-13,,6.996317201796256,0.9241887285909341,0.9045652963545815,13.692142857142857,0.0,0.0,0.0,0.0,0.0
SE-O,2015,2015-09-20,,6.843273067947404,0.9282379465624728,0.9068864918402417,14.603571428571428,0.0,0.0,0.0,0.0,0.0
SE-O,2015,2015-09-27,,6.728333251643141,0.9338018950128681,0.9106877907545778,12.072857142857144,0.0,0.0,0.0,0.0,0.0
SE-O,2015,2015-10-04,,6.659813656248142,0.9411485723342974,0.91620874966356,11.760714285714286,0.0,0.0,0.0,0.0,0.0
SE-O,2015,2015-10-11,,6.646923763337055,0.9505993271229218,0.9237357177208215,8.633571428571427,0.0,0.0,0.0,0.0,0.0
SE-O,2015,2015-10-18,,6.701233511832004,0.9625393609110052,0.9336101082105597,7.387857142857143,0.0,0.0,0.0,0.0,0.0
SE-O,2015,2015-10-25,,6.838039302461537,0.9766915807020231,0.9455231764275365,9.590714285714286,0.00667805717554113,0.0,0.0,0.0,0.0
SE-O,2015,2015-11-01,,7.041216786141472,0.8898588550617105,0.8598197359895912,7.497142857142857,0.9933219428244591,0.0,0.0,0.0,0.0
SE-O,2015,2015-11-08,,6.918787825231229,1.0181660190525677,0.9819795237612486,9.492142857142856,0.0,0.0,0.0,0.0,0.0
SE-O,2015,2015-11-15,,6.976192033961949,1.0455224891684443,1.0062509384286331,9.169285714285712,0.0,0.0,0.0,0.0,0.0
SE-O,2015,2015-11-22,,7.728147213327882,1.0788301087799281,1.0357951671098828,3.2042857142857146,0.0,0.0,0.0,0.0,0.0
SE-O,2015,2015-11-29,,8.927793148310501,1.1186425995092046,1.0709104673151608,3.9335714285714287,0.0,0.0,0.0,0.0,0.0
SE-O,2015,2015-12-06,10.0,10.690745728410121,1.1655508349503827,1.1117837044126022,6.933571428571429,0.0,0.0,0.0,0.0,0.0
SE-O,2015,2015-12-13,15.0,13.367977659967407,1.2244667928455963,1.1624197839647976,5.0807142857142855,0.0,0.0,0.0,0.0,0.0
SE-O,2015,2015-12-20,18.0,17.665401830717563,1.3059466205437542,1.231399308114318,5.078571428571428,0.0,0.0,0.0,0.0,0.0
SE-O,2015,2015-12-27,25.0,22.99817347883021,1.120642361814422,1.0468821024226105,6.003571428571428,0.0,0.7142857142857143,0.0,0.0,0.0
SE-O,2015,2016-01-03,27.0,32.20377304069475,1.0932409075177876,1.0108892409387775,-0.06785714285714269,0.0,1.0,0.0,0.0,0.0
SE-O,2015,2016-01-10,29.0,37.79004036371337,1.2190785608939803,1.114989305874586,-4.740714285714285,0.0,0.8571428571428571,0.0,0.0,0.0
SE-O,2015,2016-01-17,45.0,39.46417416364515,1.6272902799979045,1.4638640355002441,-5.817142857142857,0.0,0.0,0.0,0.0,0.0
SE-O,2015,2016-01-24,59.0,64.39652565863241,1.555098323952446,1.352515166153449,-4.1814285714285715,0.0,0.0,0.0,0.0,0.0
SE-O,2015,2016-01-31,125.0,116.80707702280912,1.4322888455991105,1.1787114275445707,4.636428571428572,0.0,0.0,0.0,0.0,0.0
SE-O,2015,2016-02-07,191.0,174.93990976208272,1.3304269058034557,1.0200013273412996,3.332857142857143,0.0,0.0,0.0,0.0,0.0
SE-O,2015,2016-02-14,219.0,206.14560770378299,1.3059001465298468,0.9305570939477209,0.8392857142857143,0.0,0.0,0.0,0.0,0.0
SE-O,2015,2016-02-21,195.0,199.3324647040531,1.1823491355977995,0.7911965723376525,-0.36571428571428577,0.0,0.0,0.8465485235113981,0.0,0.0
SE-O,2015,2016-02-28,142.0,161.5664868663814,1.4243387252470368,0.9082125687868522,0.7221428571428571,0.0,0.0,0.14161610224608123,0.0,0.0
SE-O,2015,2016-03-06,115.0,125.1878264985209,1.5367650651218239,0.9370321214657829,0.7892857142857145,0.0,0.0,0.011835374242520819,0.0,0.0
SE-O,2015,2016-03-13,114.0,107.15565751880362,1.580005170430235,0.9238389570940612,1.6285714285714286,0.0,0.0,0.0,0.0,0.0
SE-O,2015,2016-03-20,90.0,95.05167915163523,1.5791753222570128,0.8891820647686427,5.220714285714286,0.0,0.0,0.0,0.0,0.0
SE-O,2015,2016-03-27,88.0,78.47878666023563,1.5147702007500619,0.8267223647775852,4.607142857142857,0.0,0.0,0.0,0.1520711904924412,0.0
SE-O,2015,2016-04-03,66.0,68.27867494334824,1.3306159417979253,0.7103397442654954,6.564285714285715,0.0,0.0,0.0,0.8479288095075591,0.0
SE-O,2015,2016-04-10,57.0,45.286369951103374,1.5593272154118103,0.8207085772972578,6.979285714285716,0.0,0.0,0.0,0.0,0.0
SE-O,2015,2016-04-17,26.0,30.258443374916382,1.624425541739838,0.8455883732458604,7.859285714285714,0.0,0.0,0.0,0.0,0.0
SE-O,2015,2016-04-24,14.0,22.36368055178248,1.6938055245124606,0.8738861289851779,6.625714285714286,0.0,0.0,0.0,0.0,0.0
SE-O,2015,2016-05-01,16.0,17.828332858936772,1.7203443264140719,0.8809146316528308,6.453571428571428,0.0,0.0,0.0,0.0,0.0
SE-O,2015,2016-05-08,13.0,14.846638551901226,1.6838451905310141,0.8567543781556113,12.077857142857143,0.0,0.0,0.0,0.0,0.0
SE-O,2015,2016-05-15,15.0,12.350247951392351,1.6038926566725473,0.8119182766372507,13.568571428571428,0.0,0.0,0.0,0.0,0.0
SE-O,2015,2016-05-22,18.0,9.819520072768155,1.5280638011510954,0.7705902414613988,12.757142857142858,0.0,0.0,0.0,0.0,0.0
SE-O,2015,2016-05-29,8.0,7.342493495961776,1.4857929298182047,0.7472417928123095,14.463571428571429,0.0,0.0,0.0,0.0,0.0
SE-O,2015,2016-06-05,3.0,5.2708262027761315,1.4718496645296153,0.7387970833561112,20.38,0.0,0.0,0.0,0.0,0.0
SE-O,2015,2016-06-12,1.0,3.7748923178486544,1.4698423117266566,0.7367331001151154,14.797857142857143,0.0,0.0,0.0,0.0,0.0
SE-rest,2015,2015-06-28,,41.34437581349265,0.9664002332176802,0.9651496850458511,14.411653185766436,0.0,0.0,0.0,0.0,1.0
SE-rest,2015,2015-07-05,,42.28721601390958,0.964150300405331,0.9599234417225675,19.747206954881303,0.0,0.0,0.0,0.0,1.0
SE-rest,2015,2015-07-12,,43.92205849244965,0.9622197706840956,0.9549371914321415,15.311256910505945,0.0,0.0,0.0,0.0,1.0
SE-rest,2015,2015-07-19,,45.27197387680451,0.9606845183242948,0.9502943795554047,15.559955797277633,0.0,0.0,0.0,0.0,1.0
SE-rest,2015,2015-07-26,,46.16621884609445,0.9596262560474687,0.9461002416029544,15.283587929437184,0.0,0.0,0.0,0.0,1.0
SE-rest,2015,2015-08-02,,46.64198305944356,0.9591326343145811,0.9424602139437134,14.948097409791355,0.0,0.0,0.0,0.0,1.0
SE-rest,2015,2015-08-09,,46.765203716141436,0.9592976627458211,0.9394796872776822,17.647067334944563,0.0,0.0,0.0,0.0,1.0
SE-rest,2015,2015-08-16,,46.60967283868284,0.9601376247208541,0.9371816778179826,17.185837248386935,0.0,0.0,0.0,0.0,0.993918324172473
SE-rest,2015,2015-08-23,,46.24668637562367,0.9553120229495545,0.9294093912796723,16.81389181053833,0.0,0.0,0.0,0.0,0.5181398418736434
SE-rest,2015,2015-08-30,,45.57848919028974,0.9509171233610652,0.9221617609882223,17.226807809297505,0.0,0.0,0.0,0.0,0.0025692288509087747
SE-rest,2015,2015-09-06,,44.40728906393638,0.9547158987618097,0.9229560443661188,13.576497995715373,0.0,0.0,0.0,0.0,0.0
SE-rest,2015,2015-09-13,,43.12430736217512,0.9597906597594982,0.9250303933935513,12.655746261475732,0.0,0.0,0.0,0.0,0.0
SE-rest,2015,2015-09-20,,42.04513003004021,0.9662700289454872,0.9284783765700999,14.272403190360864,0.0,0.0,0.0,0.0,0.0
SE-rest,2015,2015-09-27,,41.2588376340844,0.9743409021063002,0.9334443033495816,11.66446532117652,0.0,0.0,0.0,0.0,0.0
SE-rest,2015,2015-10-04,,40.819178372464826,0.9842167156458158,0.9400912519925715,11.054324910944514,0.0,0.0,0.0,0.0,0.0
SE-rest,2015,2015-10-11,,40.785053303923235,0.9961410592654046,0.9486025748882972,5.9613623969542635,0.0,0.0,0.0,0.0,0.0
SE-rest,2015,2015-10-18,,41.22953752304442,1.0103908930380197,0.959181912090757,6.06214283425154,0.0,0.0,0.0,0.0,0.0
SE-rest,2015,2015-10-25,,42.24947516885102,1.0270379715197095,0.9718231907765256,8.401532098329549,0.0020798067981061606,0.0,0.0,0.0,0.0
SE-rest,2015,2015-11-01,,43.7481568690587,0.9352580010751559,0.882103516823277,5.935214665793281,0.9979201932018941,0.0,0.0,0.0,0.0
SE-rest,2015,2015-11-08,,43.1371079808325,1.0702471703351664,1.006242994694335,7.739135486738638,0.0,0.0,0.0,0.0,0.0
SE-rest,2015,2015-11-15,,43.53431086228826,1.0971924076552586,1.0278796490425894,5.592775021425922,0.0,0.0,0.0,0.0,0.0
SE-rest,2015,2015-11-22,,48.28816938048709,1.1290040264110348,1.0532955944846434,1.0943324996315973,0.0,0.0,0.0,0.0,0.0
SE-rest,2015,2015-11-29,,55.78967648799576,1.1709580709671297,1.0870104183206346,2.3102298072830947,0.0,0.0,0.0,0.0,0.0
SE-rest,2015,2015-12-06,71.0,66.80147862199608,1.2356410204023012,1.1398674337154504,4.242721237742958,0.0,0.0,0.0,0.0,0.0
SE-rest,2015,2015-12-13,81.0,84.54708007583667,1.3223025098488623,1.209347748658733,3.113678243978964,0.0,0.0,0.0,0.0,0.0
SE-rest,2015,2015-12-20,108.0,116.32189912420964,1.4044552638387924,1.2679326792829972,2.427118411258527,0.0,0.0,0.0,0.0,0.0
SE-rest,2015,2015-12-27,174.0,158.15680438128643,1.127487803239635,0.9998686139677594,3.8453617343567537,0.0,0.804168572311678,0.0,0.0,0.0
SE-rest,2015,2016-01-03,196.0,215.96685796494705,1.0899198549269606,0.9494553673004017,-2.05125237215478,0.0,1.0,0.0,0.0,0.0
SE-rest,2015,2016-01-10,253.0,235.0655526952358,1.1872576639634307,1.016851803948013,-9.252901689381982,0.0,0.856511376011697,0.0,0.0,0.0
SE-rest,2015,2016-01-17,204.0,212.60919878659882,1.6074512690518077,1.3471925099056412,-9.032733205577568,0.0,0.0,0.0,0.0,0.0
SE-rest,2015,2016-01-24,273.0,288.79087686593857,1.5581804224403994,1.257080927842344,-7.53989627642254,0.0,0.0,0.0,0.0,0.0
SE-rest,2015,2016-01-31,488.0,451.4614090461058,1.4507440094748154,1.1076149352792293,2.5885068078687055,0.0,0.0,0.0,0.0,0.0
SE-rest,2015,2016-02-07,553.0,601.8027199640727,1.343593077275528,0.962603737790397,0.5107990985452745,0.0,0.0,0.0,0.0,0.0
SE-rest,2015,2016-02-14,717.0,646.3181874751413,1.3081451734990928,0.8829706369103606,0.6636247663740631,0.0,0.0,0.0,0.0,0.0
SE-rest,2015,2016-02-21,551.0,576.6692024720271,1.4016831433262318,0.899210191792769,-1.5514251310853087,0.0,0.0,0.06860898400178818,0.0,0.0
SE-rest,2015,2016-02-28,474.0,479.71254587010014,1.5260327034227306,0.9353047481897365,-1.4144934995300507,0.0,0.0,0.309291721673057,0.0,0.0
SE-rest,2015,2016-03-06,381.0,413.53958048132193,1.5990516287631824,0.9385401923703404,-0.292888732760946,0.0,0.0,0.48245912716620054,0.0,0.0
SE-rest,2015,2016-03-13,388.0,373.40935065523877,1.6893468474147295,0.9511549739957662,1.0460295361963357,0.0,0.0,0.13964016715895444,0.0,0.0
SE-rest,2015,2016-03-20,363.0,342.09371354409427,1.682388065257307,0.9107502299643275,3.7808173386389,0.0,0.0,0.0,0.0,0.0
SE-rest,2015,2016-03-27,280.0,293.1159289789791,1.6336879745948685,0.8549514028304117,3.0528614154374094,0.0,0.0,0.0,0.04007533985724581,0.0
SE-rest,2015,2016-04-03,270.0,265.2644595740651,1.3647819413765077,0.6967583673990666,5.212655661874686,0.0,0.0,0.0,0.9429125391283791,0.0
SE-rest,2015,2016-04-10,176.0,179.8501779078141,1.5554129447982017,0.7820568141206827,5.842188419015409,0.0,0.0,0.0,0.00815825269151667,0.0
SE-rest,2015,2016-04-17,120.0,116.58532023113685,1.521776704350594,0.756925770052875,5.946647809540816,0.0,0.0,0.0,0.008853868322858257,0.0
SE-rest,2015,2016-04-24,86.0,78.11814615610592,1.5154544763700832,0.748332726666658,5.319706745265383,0.0,0.0,0.0,0.0,0.0
SE-rest,2015,2016-05-01,36.0,52.44967588977319,1.5050540058676722,0.7395646771793031,5.503073234895619,0.0,0.0,0.0,0.0,0.0
SE-rest,2015,2016-05-08,41.0,35.30273828544373,1.4728343831965252,0.7213269883137817,12.560748944264388,0.0,0.0,0.0,0.0,0.0
SE-rest,2015,2016-05-15,28.0,23.827242956045954,1.439309454525953,0.7033131688793625,11.189690998660923,0.0,0.0,0.0,0.0,0.0
SE-rest,2015,2016-05-22,14.0,16.181442359716122,1.4164715249629676,0.6910616563858214,11.407989313222474,0.0,0.0,0.0,0.0,0.0
SE-rest,2015,2016-05-29,13.0,11.266043006772811,1.4047424453643444,0.6845442477514283,12.99082051219591,0.0,0.0,0.0,0.0,0.0
SE-rest,2015,2016-06-05,6.0,8.250707344450726,1.401560221218899,0.6823679736069723,17.038703478458736,0.0,0.0,0.0,0.0,0.0
SE-rest,2015,2016-06-12,6.0,6.474734768775968,1.4024015305759274,0.6822469642785699,12.273353642085917,0.0,0.0,0.0,0.0,0.057607209491457305
SE-M,2016,2016-07-03,,0.10695500924752063,0.9754578235356489,0.9754378379794458,16.47714285714286,0.0,0.0,0.0,0.0,1.0
SE-M,2016,2016-07-10,,0.13300824908817693,0.9750396096135255,0.9749629928622675,16.315714285714286,0.0,0.0,0.0,0.0,1.0
SE-M,2016,2016-07-17,,0.18411745738751925,0.9768705506869474,0.9767204509606067,16.915714285714284,0.0,0.0,0.0,0.0,1.0
SE-M,2016,2016-07-24,,0.23821038051115892,0.9814225920626833,0.9811816727669361,19.442142857142862,0.0,0.0,0.0,0.0,1.0
SE-M,2016,2016-07-31,0.0,0.291673378102273,0.9881590436890884,0.9878089221900318,18.43357142857143,0.0,0.0,0.0,0.0,1.0
SE-M,2016,2016-08-07,0.0,0.3459930672680549,0.9951949166197067,0.994716212766701,16.890714285714285,0.0,0.0,0.0,0.0,1.0
SE-M,2016,2016-08-14,0.0,0.40293047052417585,1.0004365856344923,0.9998096084985564,15.242142857142861,0.0,0.0,0.0,0.0,0.9928063747964827
SE-M,2016,2016-08-21,1.0,0.463156876138266,0.9977130339234831,0.9969229588582182,16.239285714285717,0.0,0.0,0.0,0.0,0.5386176248067324
SE-M,2016,2016-08-28,1.0,0.5242962945849856,0.9944568384093,0.9934867029974919,18.385714285714283,0.0,0.0,0.0,0.0,0.008215686160788658
SE-M,2016,2016-09-04,0.0,0.5822932533763951,0.9998469148520412,0.998669933981364,16.73071428571429,0.0,0.0,0.0,0.0,0.0
SE-M,2016,2016-09-11,1.0,0.6408759490086114,1.00544761754128,1.0040412934690373,17.549285714285713,0.0,0.0,0.0,0.0,0.0
SE-M,2016,2016-09-18,0.0,0.7043503729844027,1.0089725259117879,1.0073157787925333,16.93642857142857,0.0,0.0,0.0,0.0,0.0
SE-M,2016,2016-09-25,0.0,0.7733001200554172,1.0084483328167273,1.0065241208842182,13.602142857142855,0.0,0.0,0.0,0.0,0.0
SE-M,2016,2016-10-02,3.0,0.8447996367021235,1.009461350407301,1.0072436735047867,14.248571428571427,0.0,0.0,0.0,0.0,0.0
SE-M,2016,2016-10-09,3.0,0.9169299930131548,1.0237155427309355,1.0211450386634648,8.965714285714286,0.0,0.0,0.0,0.0,0.0
SE-M,2016,2016-10-16,0.0,1.0004801570141448,1.0569532449847419,1.0539281286513398,7.969285714285713,0.0,0.0,0.0,0.0,0.0
SE-M,2016,2016-10-23,0.0,1.1253714845169966,1.1065825978378712,1.1029557318426824,7.808571428571428,0.0,0.0,0.0,0.0,0.0
SE-M,2016,2016-10-30,1.0,1.340640782237035,1.1684075097530482,1.1639578131974335,7.880000000000002,0.0,0.0,0.0,0.0,0.0
SE-M,2016,2016-11-06,1.0,1.7139410111220486,1.104189343399293,1.0992239468062632,5.4192857142857145,1.0,0.0,0.0,0.0,0.0
SE-M,2016,2016-11-13,0.0,2.1971922389620238,1.2990517566609765,1.2920102814175825,-1.5514285714285714,0.0,0.0,0.0,0.0,0.0
SE-M,2016,2016-11-20,3.0,3.1176541956357537,1.346705653864608,1.337337946655825,5.251428571428571,0.0,0.0,0.0,0.0,0.0
SE-M,2016,2016-11-27,9.0,5.1221281039633775,1.3874344427516099,1.3740733456186067,6.471428571428572,0.0,0.0,0.0,0.0,0.0
SE-M,2016,2016-12-04,7.0,8.974049155401241,1.4293375068306606,1.4085967696064576,3.0821428571428577,0.0,0.0,0.0,0.0,0.0
SE-M,2016,2016-12-11,15.0,16.494731384176276,1.456522766527074,1.4219391702310349,5.985,0.0,0.0,0.0,0.0,0.0
SE-M,2016,2016-12-18,23.0,31.199624546185316,1.4472622402220792,1.3878316244622848,1.6135714285714289,0.0,0.0,0.0,0.0,0.0
SE-M,2016,2016-12-25,82.0,57.58671945155845,1.2091733268196816,1.1261948661139607,4.444285714285715,0.0,0.5135965806106207,0.0,0.0,0.0
SE-M,2016,2017-01-01,79.0,86.59856290409425,1.0074811783552955,0.9080276776351973,4.536428571428571,0.0,1.0,0.0,0.0,0.0
SE-M,2016,2017-01-08,64.0,84.33781234098427,0.9995487915731197,0.8772925769997079,-2.0364285714285715,0.0,1.0,0.0,0.0,0.0
SE-M,2016,2017-01-15,95.0,78.86834505127838,1.325907853180992,1.134743645100692,0.8757142857142858,0.0,0.13906568769073022,0.0,0.0,0.0
SE-M,2016,2017-01-22,77.0,73.1370828724051,1.390221695103673,1.1511955523669128,1.2021428571428572,0.0,0.0,0.0,0.0,0.0
SE-M,2016,2017-01-29,95.0,89.7632871114759,1.4290513786570236,1.1329071171617289,0.7321428571428574,0.0,0.0,0.0,0.0,0.0
SE-M,2016,2017-02-05,88.0,112.18045335361202,1.4726453942249336,1.1044621834093704,1.5192857142857146,0.0,0.0,0.0,0.0,0.0
SE-M,2016,2017-02-12,132.0,135.47331426921497,1.4728774099024153,1.0332750665920922,-1.475,0.0,0.0,0.0,0.0,0.0
SE-M,2016,2017-02-19,151.0,151.3808503820631,1.4274385188278915,0.9330305030561127,1.007857142857143,0.0,0.0,0.0,0.0,0.0
SE-M,2016,2017-02-26,176.0,147.34927648265537,1.1676871443202015,0.7198457282199435,3.956428571428572,0.0,0.0,1.0,0.0,0.0
SE-M,2016,2017-03-05,118.0,113.85682050600695,1.3718898889129725,0.8142744620911334,4.525,0.0,0.0,0.0,0.0,0.0
SE-M,2016,2017-03-12,72.0,76.72614905829133,1.3987614937337536,0.8069098876256177,2.0821428571428577,0.0,0.0,0.0,0.0,0.0
SE-M,2016,2017-03-19,46.0,53.69987354877077,1.4375128561581192,0.8122305483696487,4.6499999999999995,0.0,0.0,0.0,0.0,0.0
SE-M,2016,2017-03-26,36.0,38.34152673186493,1.4674634329221696,0.8165908816232095,5.6935714285714285,0.0,0.0,0.0,0.0,0.0
SE-M,2016,2017-04-02,29.0,27.674983490245296,1.4908428604824233,0.8203012808408244,8.222142857142858,0.0,0.0,0.0,0.0,0.0
SE-M,2016,2017-04-09,27.0,20.129034943689874,1.5248117847923819,0.8319869550084802,8.108571428571429,0.0,0.0,0.0,0.0,0.0
SE-M,2016,2017-04-16,10.0,14.178708195169795,1.3253950288697014,0.7189156082234457,6.275714285714286,0.0,0.0,0.0,0.9912713334350628,0.0
SE-M,2016,2017-04-23,8.0,10.800095125483457,1.6003952530766834,0.8647303188462054,4.964285714285714,0.0,0.0,0.0,0.00872866656493722,0.0
SE-M,2016,2017-04-30,5.0,7.072011907536202,1.6060363353491383,0.8650334554388317,5.904285714285715,0.0,0.0,0.0,0.0,0.0
SE-M,2016,2017-05-07,8.0,5.46587763014727,1.5832590206366441,0.850622425600397,10.027857142857144,0.0,0.0,0.0,0.0,0.0
SE-M,2016,2017-05-14,6.0,4.311823519410961,1.5520425946706768,0.8322327719003139,8.484285714285715,0.0,0.0,0.0,0.0,0.0
SE-M,2016,2017-05-21,4.0,3.3258661674211294,1.5264573047407315,0.8173234648955784,15.319285714285714,0.0,0.0,0.0,0.0,0.0
SE-M,2016,2017-05-28,4.0,2.4951247228610183,1.5132515158518172,0.809387227663553,16.150714285714287,0.0,0.0,0.0,0.0,0.0
SE-M,2016,2017-06-04,0.0,1.8374701162864995,1.5099263522641166,0.8069780699206299,14.23821948683904,0.0,0.0,0.0,0.0,0.0
SE-M,2016,2017-06-11,1.0,1.345516994351223,1.5114685440814883,0.8073381110953175,15.582203412529449,0.0,0.0,0.0,0.0,0.08437157700575837
SE-O,2016,2016-07-03,,0.09871927321646082,0.9608197548389735,0.9608089926615069,15.407857142857143,0.0,0.0,0.0,0.0,1.0
SE-O,2016,2016-07-10,,0.11807400263278284,0.9599070661797449,0.9598667155577747,15.845,0.0,0.0,0.0,0.0,1.0
SE-O,2016,2016-07-17,,0.15547176932221568,0.9615358067276311,0.9614584132006252,16.375000000000004,0.0,0.0,0.0,0.0,1.0
SE-O,2016,2016-07-24,,0.19414128450481954,0.9663164276742,0.9661943900147139,20.013571428571428,0.0,0.0,0.0,0.0,1.0
SE-O,2016,2016-07-31,0.0,0.2315445159311196,0.9741280688982188,0.973953243769118,18.62357142857143,0.0,0.0,0.0,0.0,1.0
SE-O,2016,2016-08-07,0.0,0.26912507901861865,0.9837888583748438,0.9835523240803339,16.422857142857143,0.0,0.0,0.0,0.0,1.0
SE-O,2016,2016-08-14,0.0,0.3087989451604131,0.9933460344691077,0.9930381765782622,13.96642857142857,0.0,0.0,0.0,0.0,1.0
SE-O,2016,2016-08-21,0.0,0.352097177913253,0.9998625816924884,0.9994738540849948,16.053571428571427,0.0,0.0,0.0,0.0,0.9217530381562173
SE-O,2016,2016-08-28,1.0,0.39917798360686296,0.9921711901198974,0.9916978079748093,17.560714285714287,0.0,0.0,0.0,0.0,0.014206655462033186
SE-O,2016,2016-09-04,0.0,0.4459107050574044,0.9957132119193047,0.9951414654915697,15.770000000000001,0.0,0.0,0.0,0.0,0.0
SE-O,2016,2016-09-11,1.0,0.4912580074039712,0.9988517562409002,0.9981719637487642,17.305,0.0,0.0,0.0,0.0,0.0
SE-O,2016,2016-09-18,1.0,0.5381312792726163,1.0045028080968093,1.003702388598841,17.234999999999996,0.0,0.0,0.0,0.0,0.0
SE-O,2016,2016-09-25,1.0,0.5885440975129517,1.0166062198558932,1.0156663528407608,14.399285714285716,0.0,0.0,0.0,0.0,0.0
SE-O,2016,2016-10-02,1.0,0.6475714082239266,1.0391354055865327,1.0380263809847745,13.642857142857144,0.0,0.0,0.0,0.0,0.0
SE-O,2016,2016-10-09,1.0,0.7263281816457692,1.075159002489291,1.0738337240838212,8.525714285714287,0.0,0.0,0.0,0.0,0.0
SE-O,2016,2016-10-16,0.0,0.8457268733993651,1.1242003977646156,1.1225869339921046,6.964285714285714,0.0,0.0,0.0,0.0,0.0
SE-O,2016,2016-10-23,0.0,1.0428487786097385,1.1812856384685333,1.1792753778775704,7.074285714285714,0.0,0.0,0.0,0.0,0.0
SE-O,2016,2016-10-30,1.0,1.3826038720278233,1.2390739125479917,1.2364955728323568,7.272857142857143,0.00667805717554113,0.0,0.0,0.0,0.0
SE-O,2016,2016-11-06,1.0,1.965392334858582,1.1590866701848748,1.1560499500409456,3.125714285714286,0.9933219428244591,0.0,0.0,0.0,0.0
SE-O,2016,2016-11-13,6.0,2.7546310290267484,1.3568262149079213,1.3522081877177217,-1.0850000000000002,0.0,0.0,0.0,0.0,0.0
SE-O,2016,2016-11-20,1.0,4.251732401719591,1.4183612435390747,1.4115191785814558,5.1192857142857155,0.0,0.0,0.0,0.0,0.0
SE-O,2016,2016-11-27,7.0,7.6801550508581,1.4614948156770993,1.4504330283639375,6.228571428571429,0.0,0.0,0.0,0.0,0.0
SE-O,2016,2016-12-04,11.0,14.940628167725984,1.4663763799090552,1.447264010033614,1.0928571428571432,0.0,0.0,0.0,0.0,0.0
SE-O,2016,2016-12-11,39.0,29.56767678259663,1.4428129661687126,1.4087332062269238,5.121428571428572,0.0,0.0,0.0,0.0,0.0
SE-O,2016,2016-12-18,51.0,56.41951083371059,1.415672955393467,1.355067745152382,0.8957142857142857,0.0,0.0,0.0,0.0,0.0
SE-O,2016,2016-12-25,107.0,100.54611431424108,1.1941118905081827,1.1080417049933573,4.937857142857142,0.0,0.47881532153717554,0.0,0.0,0.0
SE-O,2016,2017-01-01,133.0,146.3289775032482,0.9610743453608456,0.8623003176894325,5.1621428571428565,0.0,1.0,0.0,0.0,0.0
SE-O,2016,2017-01-08,140.0,135.98003154465766,0.9314552002494174,0.8153577352922835,-2.712142857142857,0.0,1.0,0.0,0.0,0.0
SE-O,2016,2017-01-15,131.0,116.73330454133246,1.2378049892537148,1.061407744461556,1.5285714285714285,0.0,0.14568250263280955,0.0,0.0,0.0
SE-O,2016,2017-01-22,96.0,95.34553626743312,1.329702586056392,1.1128219569326385,2.085,0.0,0.0,0.0,0.0,0.0
SE-O,2016,2017-01-29,100.0,106.59730919268962,1.408428468893239,1.142885676400547,1.2592857142857141,0.0,0.0,0.0,0.0,0.0
SE-O,2016,2017-02-05,122.0,130.20069087116985,1.489745206659747,1.1607481665668171,0.9328571428571427,0.0,0.0,0.0,0.0,0.0
SE-O,2016,2017-02-12,153.0,165.36839758661193,1.51916612552754,1.1215104806494403,-1.7535714285714283,0.0,0.0,0.0,0.0,0.0
SE-O,2016,2017-02-19,207.0,204.90778653798094,1.2809718702196768,0.8899762321923862,0.7571428571428571,0.0,0.0,0.8465485235113981,0.0,0.0
SE-O,2016,2017-02-26,228.0,209.57878480079017,1.3700500162972638,0.9032029811460794,2.4328571428571424,0.0,0.0,0.14161610224608123,0.0,0.0
SE-O,2016,2017-03-05,186.0,180.4304824010335,1.3486636557894176,0.8498913104753285,3.9971428571428578,0.0,0.0,0.011835374242520819,0.0,0.0
SE-O,2016,2017-03-12,156.0,145.49984509524927,1.3463008751353134,0.819215392547928,1.0850000000000002,0.0,0.0,0.0,0.0,0.0
SE-O,2016,2017-03-19,99.0,109.86928206861803,1.3818864101515715,0.8192684469641695,4.332142857142857,0.0,0.0,0.0,0.0,0.0
SE-O,2016,2017-03-26,78.0,80.26459974703975,1.437169276899455,0.8355665520673992,4.930000000000001,0.0,0.0,0.0,0.0,0.0
SE-O,2016,2017-04-02,58.0,59.08013434935101,1.502226329306872,0.8602600796882405,7.029285714285715,0.0,0.0,0.0,0.0,0.0
SE-O,2016,2017-04-09,47.0,44.983054544701346,1.5766857963806094,0.8918542875375994,7.83357142857143,0.0,0.0,0.0,0.0,0.0
SE-O,2016,2017-04-16,33.0,34.338879659664755,1.4026524960232636,0.7857179314694218,5.151428571428572,0.0,0.0,0.0,0.9745501660912187,0.0
SE-O,2016,2017-04-23,27.0,28.960790703437475,1.7163917733832867,0.954415008400483,5.099285714285714,0.0,0.0,0.0,0.025449833908781534,0.0
SE-O,2016,2017-04-30,19.0,21.878169199413794,1.7506799482820508,0.9666155346813545,5.413571428571429,0.0,0.0,0.0,0.0,0.0
SE-O,2016,2017-05-07,18.0,19.899771555800793,1.7162781636125357,0.9413193091594652,11.233571428571429,0.0,0.0,0.0,0.0,0.0
SE-O,2016,2017-05-14,20.0,18.45297111430009,1.6335210947779153,0.8906404108284388,7.652142857142858,0.0,0.0,0.0,0.0,0.0
SE-O,2016,2017-05-21,23.0,16.183176167438983,1.5480620886142642,0.8400188429371217,15.067857142857145,0.0,0.0,0.0,0.0,0.0
SE-O,2016,2017-05-28,17.0,13.042762388074667,1.4969519529562392,0.8094045900986566,15.905714285714286,0.0,0.0,0.0,0.0,0.0
SE-O,2016,2017-06-04,7.0,9.759026391472108,1.480007839873778,0.7982236942594018,13.757857142857144,0.0,0.0,0.0,0.0,0.0
SE-O,2016,2017-06-11,4.0,6.992347581112259,1.4779726902168189,0.7957106444181862,14.835000000000003,0.0,0.0,0.0,0.0,0.01415032876979684
SE-rest,2016,2016-07-03,,0.553779633028846,0.9970410492277002,0.9970249676330495,16.769006710556493,0.0,0.0,0.0,0.0,1.0
SE-rest,2016,2016-07-10,,0.6821837624540974,0.996549137781947,0.9964875423297946,16.449479510169606,0.0,0.0,0.0,0.0,1.0
SE-rest,2016,2016-07-17,,0.9390765431863806,0.9965978293001717,0.9964771924925848,17.156527577675497,0.0,0.0,0.0,0.0,1.0
SE-rest,2016,2016-07-24,,1.2180816603757147,0.9970682393037175,0.9968749616513508,18.90418282002287,0.0,0.0,0.0,0.0,1.0
SE-rest,2016,2016-07-31,1.0,1.49705105666816,0.998621423686832,0.9983415861633097,19.125622684555072,0.0,0.0,0.0,0.0,1.0
SE-rest,2016,2016-08-07,4.0,1.776559697787817,1.004780051030044,1.0043976577830491,17.03621701471861,0.0,0.0,0.0,0.0,1.0
SE-rest,2016,2016-08-14,0.0,2.0660558231232207,1.0169387321524355,1.016433974113584,14.375514644809483,0.0,0.0,0.0,0.0,0.9892545507402438
SE-rest,2016,2016-08-21,3.0,2.388216594782459,1.02716599913025,1.0265186548177756,15.096710415587918,0.0,0.0,0.0,0.0,0.686973101282746
SE-rest,2016,2016-08-28,1.0,2.7617759266413984,1.0291827408255783,1.0283752784291635,16.91630592732183,0.0,0.0,0.0,0.0,0.0349907853074204
SE-rest,2016,2016-09-04,3.0,3.1785450917771634,1.0328603918548371,1.0318679229640222,14.945133582580999,0.0,0.0,0.0,0.0,0.0
SE-rest,2016,2016-09-11,5.0,3.6326736358614258,1.0327547323086823,1.0315556713171599,16.129139655995022,0.0,0.0,0.0,0.0,0.0
SE-rest,2016,2016-09-18,6.0,4.118265219135851,1.034405878862699,1.0329719864952893,14.488525930648837,0.0,0.0,0.0,0.0,0.0
SE-rest,2016,2016-09-25,1.0,4.634306243754033,1.0339278158146368,1.0322341431747792,12.606871186893331,0.0,0.0,0.0,0.0,0.0
SE-rest,2016,2016-10-02,5.0,5.1835093586707135,1.027019189610139,1.0250503635045392,12.221534118435297,0.0,0.0,0.0,0.0,0.0
SE-rest,2016,2016-10-09,11.0,5.728487927286839,1.032695178143078,1.0304001532881872,7.477754059522238,0.0,0.0,0.0,0.0,0.0
SE-rest,2016,2016-10-16,12.0,6.2843878123016506,1.0837522737660754,1.080971612830678,6.056387303539075,0.0,0.0,0.0,0.0,0.0
SE-rest,2016,2016-10-23,3.0,7.157688267007595,1.1932522105416197,1.1896762719757175,6.487824451523232,0.0,0.0,0.0,0.0,0.0
SE-rest,2016,2016-10-30,3.0,9.188312844407927,1.3307258269524227,1.3258742968037958,6.009239997767687,0.0020798067981061606,0.0,0.0,0.0,0.0
SE-rest,2016,2016-11-06,4.0,14.044584940828821,1.2769958842834268,1.2709739492540155,0.9131690957786026,0.9979201932018941,0.0,0.0,0.0,0.0
SE-rest,2016,2016-11-13,30.0,22.845540461046806,1.4495461812858004,1.4400602064725485,-2.2257980264995347,0.0,0.0,0.0,0.0,0.0
SE-rest,2016,2016-11-20,42.0,40.85808506084818,1.420815165026471,1.406466397527007,3.2796577498529773,0.0,0.0,0.0,0.0,0.0
SE-rest,2016,2016-11-27,86.0,77.15530154132,1.3963851541042043,1.373194070996838,4.321810871937169,0.0,0.0,0.0,0.0,0.0
SE-rest,2016,2016-12-04,134.0,139.98082033566675,1.4118206124591988,1.3720991840234016,-0.6488949663573182,0.0,0.0,0.0,0.0,0.0
SE-rest,2016,2016-12-11,262.0,248.57605295296958,1.4636681492310704,1.3922918266290212,1.802872973028281,0.0,0.0,0.0,0.0,0.0
SE-rest,2016,2016-12-18,401.0,447.07008759016713,1.4665086982589304,1.3411542975336033,-1.2911712499754429,0.0,0.0,0.0,0.0,0.0
SE-rest,2016,2016-12-25,814.0,779.4539678369113,1.179275637610521,1.016397909002184,3.167833740873992,0.0,0.5159636592569593,0.0,0.0,0.0
SE-rest,2016,2017-01-01,1090.0,1043.0029150134624,0.9571976572811309,0.7797123189314793,3.54850495463823,0.0,1.0,0.0,0.0,0.0
SE-rest,2016,2017-01-08,784.0,851.2631343722412,0.9645911798760711,0.7578945902025281,-6.086972199393232,0.0,0.9984986802044359,0.0,0.0,0.0
SE-rest,2016,2017-01-15,679.0,645.8583199352277,1.3243086781463624,1.0120297542161123,-0.5260997683252324,0.0,0.10995515787695538,0.0,0.0,0.0
SE-rest,2016,2017-01-22,458.0,472.41173163301164,1.4072014511695787,1.043331115841508,0.2468937712853802,0.0,0.003084084217263472,0.0,0.0,0.0
SE-rest,2016,2017-01-29,489.0,474.5290443590008,1.4671538745755117,1.0514671972690783,0.15304440794978205,0.0,0.0,0.0,0.0,0.0
SE-rest,2016,2017-02-05,489.0,509.49229537340955,1.5251995948782435,1.0520878071772342,-0.03143013448412265,0.0,0.0,0.0,0.0,0.0
SE-rest,2016,2017-02-12,568.0,552.8703987112831,1.534349934764102,1.0144644763091508,-4.126611195564191,0.0,0.0,0.0,0.0,0.0
SE-rest,2016,2017-02-19,547.0,583.1988271281738,1.4590386250411955,0.9241321767827796,1.4541360153226566,0.0,0.0,0.06860898400178818,0.0,0.0
SE-rest,2016,2017-02-26,616.0,558.0223673273698,1.3548359541551132,0.8271909801934617,-0.5387859531071656,0.0,0.0,0.309291721673057,0.0,0.0
SE-rest,2016,2017-03-05,449.0,458.8856686000294,1.3524937323031738,0.8037292457700518,0.9444149905394118,0.0,0.0,0.48245912716620054,0.0,0.0
SE-rest,2016,2017-03-12,313.0,338.7024089684513,1.499864021813684,0.8734053087191253,-0.4434744575475458,0.0,0.0,0.13964016715895444,0.0,0.0
SE-rest,2016,2017-03-19,268.0,253.52620078652572,1.5796097154706767,0.9042508722940571,3.672572218156708,0.0,0.0,0.0,0.0,0.0
SE-rest,2016,2017-03-26,191.0,205.59096941351856,1.586518472736236,0.8949166416397952,4.457730752898789,0.0,0.0,0.0,0.0,0.0
SE-rest,2016,2017-04-02,183.0,172.5184419614693,1.5763648429591128,0.8782575479205864,5.1026543404886855,0.0,0.0,0.0,0.0,0.0
SE-rest,2016,2017-04-09,155.0,142.48274442910096,1.6168631191937923,0.891702630279603,6.207651248207655,0.0,0.0,0.0,0.0007737336187460425,0.0
SE-rest,2016,2017-04-16,105.0,111.61034239836178,1.520092604353769,0.831483835304576,2.368904030140927,0.0,0.0,0.0,0.7217439996382476,0.0
SE-rest,2016,2017-04-23,86.0,97.08639048897902,1.7280065357999914,0.9390599165884617,3.762755358999715,0.0,0.0,0.0,0.2774822667430066,0.0
SE-rest,2016,2017-04-30,72.0,75.97271994306992,1.827349401306326,0.9868938123904794,4.187210842917021,0.0,0.0,0.0,0.0,0.0
SE-rest,2016,2017-05-07,79.0,70.0680037270308,1.7671345747922547,0.948618719845462,9.08289866536571,0.0,0.0,0.0,0.0,0.0
SE-rest,2016,2017-05-14,59.0,66.26651413822798,1.6664784359784899,0.8897667778834014,5.121229953915269,0.0,0.0,0.0,0.0,0.0
SE-rest,2016,2017-05-21,73.0,58.59952860560582,1.5691351299504703,0.8341640592883982,12.742138355915516,0.0,0.0,0.0,0.0,0.0
SE-rest,2016,2017-05-28,42.0,47.084460768684394,1.509319627847749,0.7998149543056012,15.122444389233504,0.0,0.0,0.0,0.0,0.0
SE-rest,2016,2017-06-04,39.0,34.856761242724914,1.4843202889589036,0.7848209210923098,11.673602264553713,0.0,0.0,0.0,0.0,0.0
SE-rest,2016,2017-06-11,19.0,24.538768530453744,1.4821297296170886,0.7824664797303243,14.286123850461209,0.0,0.0,0.0,0.0,0.09783547802570412
SE-M,2017,2017-07-02,,0.11861947128690539,0.9406313913617319,0.9406187827304443,15.136333688958034,0.0,0.0,0.0,0.0,1.0
SE-M,2017,2017-07-09,,0.13112853634246607,0.937787662105518,0.9377426743040198,15.846705225932975,0.0,0.0,0.0,0.0,1.0
SE-M,2017,2017-07-16,,0.15457796709071636,0.9361307446726614,0.9360487153629516,16.135865986361644,0.0,0.0,0.0,0.0,1.0
SE-M,2017,2017-07-23,,0.1774727022892868,0.9357565426001625,0.9356332126682572,16.74030307379106,0.0,0.0,0.0,0.0,1.0
SE-M,2017,2017-07-30,0.0,0.19783715519606954,0.9361447918156077,0.9359762723088839,17.00064687083104,0.0,0.0,0.0,0.0,1.0
SE-M,2017,2017-08-06,0.0,0.216052745522959,0.9360862400946807,0.9358691780790528,17.46827030824858,0.0,0.0,0.0,0.0,1.0
SE-M,2017,2017-08-13,0.0,0.23243408070122815,0.9348755320887079,0.9346072363207476,17.348618270398106,0.0,0.0,0.0,0.0,1.0
SE-M,2017,2017-08-20,1.0,0.2468548592280955,0.9267188754330841,0.9263994689599325,16.808580246621702,0.0,0.0,0.0,0.0,0.4321937901972145
SE-M,2017,2017-08-27,1.0,0.25813562129635237,0.9253422542914563,0.9249683667221194,15.77893258417904,0.0,0.0,0.0,0.0,0.0206027129763643
SE-M,2017,2017-09-03,0.0,0.2659420568917226,0.936339549607637,0.9359040096481684,15.820308223015735,0.0,0.0,0.0,0.0,0.0
SE-M,2017,2017-09-10,0.0,0.27461746130860676,0.9548738578327342,0.9543685225202659,14.289326563220127,0.0,0.0,0.0,0.0,0.0
SE-M,2017,2017-09-17,0.0,0.2885319617347243,0.9800227913649817,0.979436513602317,13.223768731696834,0.0,0.0,0.0,0.0,0.0
SE-M,2017,2017-09-24,0.0,0.3114121563316725,1.010752114478297,1.0100697467305515,12.834604471811401,0.0,0.0,0.0,0.0,0.0
SE-M,2017,2017-10-01,0.0,0.3476604514998929,1.0453393516906078,1.0445406091882787,14.085677891195791,0.0,0.0,0.0,0.0,0.0
SE-M,2017,2017-10-08,0.0,0.4033778625311507,1.0809729848848082,1.0800310798882342,11.066976739077335,0.0,0.0,0.0,0.0,0.0
SE-M,2017,2017-10-15,0.0,0.4873176088774365,1.1133975144572594,1.112277804813986,11.709703497507004,0.0,0.0,0.0,0.0,0.0
SE-M,2017,2017-10-22,0.0,0.6114472352183234,1.1376703887856947,1.1363289011252167,11.266223035152837,0.0,0.0,0.0,0.0,0.0
SE-M,2017,2017-10-29,1.0,0.7901674641885292,1.1517893764536151,1.1501684183320666,9.237820703635704,0.0,0.0,0.0,0.0,0.0
SE-M,2017,2017-11-05,2.0,1.0311048451988154,1.0365235928016674,1.034772670709064,8.304791738693849,1.0,0.0,0.0,0.0,0.0
SE-M,2017,2017-11-12,3.0,1.2486820573826831,1.1755211481218404,1.1731468877733426,5.928035723775343,0.0,0.0,0.0,0.0,0.0
SE-M,2017,2017-11-19,2.0,1.5384462427587584,1.2063017392969637,1.203314262483458,4.787946207636574,0.0,0.0,0.0,0.0,0.0
SE-M,2017,2017-11-26,2.0,2.097235165786659,1.2573676147291672,1.2534247656347526,3.943743923110628,0.0,0.0,0.0,0.0,0.0
SE-M,2017,2017-12-03,2.0,3.0606578183102915,1.3264456608041437,1.3209167301881635,3.067090794815724,0.0,0.0,0.0,0.0,0.0
SE-M,2017,2017-12-10,4.0,4.865529302113098,1.4051807944285266,1.3968089797552354,4.659447645349834,0.0,0.0,0.0,0.0,0.0
SE-M,2017,2017-12-17,7.0,8.57785719621683,1.4757678056787973,1.461907894061692,1.3424868263679912,0.0,0.0,0.0,0.0,0.0
SE-M,2017,2017-12-24,11.0,16.665835722548792,1.3280068182751705,1.3069355016391826,4.715239891265068,0.0,0.404185060130703,0.0,0.0,0.0
SE-M,2017,2017-12-31,37.0,30.184030513739998,1.0700456704430479,1.0432516949747284,4.177038758634681,0.0,0.9902157737574423,0.0,0.0,0.0
SE-M,2017,2018-01-07,38.0,38.36282462714071,1.0485135569842359,1.012626105555462,2.4890142634002825,0.0,0.9902157737574423,0.0,0.0,0.0
SE-M,2017,2018-01-14,45.0,41.1852544591194,1.341858076221723,1.281556811096861,0.9351584233594502,0.0,0.21668742254045895,0.0,0.0,0.0
SE-M,2017,2018-01-21,50.0,50.9992795693227,1.4090464142177819,1.3214714397392122,0.8656857558712573,0.0,0.0,0.0,0.0,0.0
SE-M,2017,2018-01-28,79.0,81.37892828808049,1.3898760633216756,1.2646445868408431,3.696840511930165,0.0,0.0,0.0,0.0,0.0
SE-M,2017,2018-02-04,143.0,127.44983521585553,1.393754670954152,1.2112397852294596,1.9763752787903854,0.0,0.0,0.0,0.0,0.0
SE-M,2017,2018-02-11,179.0,184.28196745391938,1.422064404009588,1.1577271488604914,-2.0551503514474976,0.0,0.0,0.0,0.0,0.0
SE-M,2017,2018-02-18,181.0,245.72641440626967,1.4362843727759387,1.0733364490085708,1.526221056006969,0.0,0.0,0.0,0.0,0.0
SE-M,2017,2018-02-25,382.0,292.55020135803886,1.2133728735065397,0.8285619954524238,-1.9102062721267659,0.0,0.0,1.0,0.0,0.0
SE-M,2017,2018-03-04,260.0,275.03198033235014,1.4550231928155155,0.9224618939186534,-5.14237554889764,0.0,0.0,0.0,0.0,0.0
SE-M,2017,2018-03-11,211.0,225.5810736920652,1.4895116691603802,0.8818658763939435,0.27003549856705017,0.0,0.0,0.0,0.0,0.0
SE-M,2017,2018-03-18,191.0,186.91117919632285,1.5130446623736784,0.8457103769548068,-0.4699504927776811,0.0,0.0,0.0,0.0,0.0
SE-M,2017,2018-03-25,128.0,148.43171833953028,1.4898998790706075,0.7963472688905621,1.587985958268718,0.0,0.0,0.0,0.0,0.0
SE-M,2017,2018-04-01,93.0,105.38129565453323,1.207670396760897,0.6269051619426629,0.6486252641578096,0.0,0.0,0.0,0.8664472017168945,0.0
SE-M,2017,2018-04-08,87.0,73.29506042897107,1.2618712197319812,0.6454629023022466,5.838557186697285,0.0,0.0,0.0,0.08803843693170921,0.0
SE-M,2017,2018-04-15,51.0,36.90173098320718,1.174603718845021,0.5962785690415026,8.598650583862208,0.0,0.0,0.0,0.04551436135139637,0.0
SE-M,2017,2018-04-22,19.0,18.503316247604292,1.1248331324830372,0.5690307962776449,12.300326957579243,0.0,0.0,0.0,0.0,0.0
SE-M,2017,2018-04-29,6.0,8.683314748516972,1.0940196840141811,0.5526013306653587,9.995652270407685,0.0,0.0,0.0,0.0,0.0
SE-M,2017,2018-05-06,2.0,3.869989355413231,1.0788723221540555,0.5445952403191779,10.646044071185141,0.0,0.0,0.0,0.0,0.0
SE-M,2017,2018-05-13,1.0,1.6742782601344008,1.0719932351277912,0.5409714766057597,16.193309832195446,0.0,0.0,0.0,0.0,0.0
SE-M,2017,2018-05-20,0.0,0.7206252647680679,1.0693008087291473,0.5395462108389751,16.80353881855395,0.0,0.0,0.0,0.0,0.0
SE-M,2017,2018-05-27,0.0,0.3164657817694852,1.0684128594701114,0.5390668401159509,17.36674353223926,0.0,0.0,0.0,0.0,0.0
SE-M,2017,2018-06-03,0.0,0.14717599072980433,1.0681957434796967,0.5389406045996896,20.93398159110983,0.0,0.0,0.0,0.0,0.0
SE-M,2017,2018-06-10,0.0,0.07660486548730405,1.0683402404883207,0.5390029028252483,18.56565205745408,0.0,0.0,0.0,0.0,0.011010379403506786
SE-O,2017,2017-07-02,,0.34667672006959804,0.9691574734905998,0.9691370251325129,16.90142857142857,0.0,0.0,0.0,0.0,1.0
SE-O,2017,2017-07-09,,0.4081403334527062,0.9662287387463461,0.9661528269714836,15.855,0.0,0.0,0.0,0.0,1.0
SE-O,2017,2017-07-16,,0.5269917338632828,0.9626861217324983,0.9625424816707845,16.445,0.0,0.0,0.0,0.0,1.0
SE-O,2017,2017-07-23,,0.6479683707544328,0.9595200203474844,0.9592975071198069,17.732857142857142,0.0,0.0,0.0,0.0,1.0
SE-O,2017,2017-07-30,2.0,0.758683042844944,0.9596890921192294,0.9593766424650693,17.375714285714285,0.0,0.0,0.0,0.0,1.0
SE-O,2017,2017-08-06,0.0,0.860084954184248,0.9651924992270775,0.9647776567199126,16.73071428571429,0.0,0.0,0.0,0.0,1.0
SE-O,2017,2017-08-13,1.0,0.9584914415700694,0.9754901406246841,0.9749582912654954,17.095714285714287,0.0,0.0,0.0,0.0,1.0
SE-O,2017,2017-08-20,1.0,1.0628568362306545,0.9867305770642324,0.9860661513924319,16.515,0.0,0.0,0.0,0.0,0.8000481395793163
SE-O,2017,2017-08-27,0.0,1.180815877548914,0.9910116043970367,0.9902031845275705,15.141428571428571,0.0,0.0,0.0,0.0,0.029770469937864162
SE-O,2017,2017-09-03,2.0,1.3102516739527854,1.0050718848485052,1.004093134038669,14.749285714285715,0.0,0.0,0.0,0.0,0.0
SE-O,2017,2017-09-10,1.0,1.45827247438464,1.0166807516313658,1.0155103688674656,13.555714285714286,0.0,0.0,0.0,0.0,0.0
SE-O,2017,2017-09-17,0.0,1.6363302222374922,1.0199832762396341,1.0186054321958429,12.83357142857143,0.0,0.0,0.0,0.0,0.0
SE-O,2017,2017-09-24,3.0,1.8388897220496898,1.0118254575190961,1.010233742929366,11.965,0.0,0.0,0.0,0.0,0.0
SE-O,2017,2017-10-01,1.0,2.0405234011066122,0.997760048855816,0.9959498273779362,14.045000000000002,0.0,0.0,0.0,0.0,0.0
SE-O,2017,2017-10-08,9.0,2.2091585534557554,0.9946112538961828,0.9925526981221233,9.642857142857142,0.0,0.0,0.0,0.0,0.0
SE-O,2017,2017-10-15,1.0,2.3438175117438327,1.0184239974973035,1.0160393944457005,10.305000000000001,0.0,0.0,0.0,0.0,0.0
SE-O,2017,2017-10-22,2.0,2.5118558291531143,1.0708526178561324,1.0680192711115517,10.035,0.0,0.0,0.0,0.0,0.0
SE-O,2017,2017-10-29,1.0,2.8396696817030174,1.14578356805563,1.1423239950859416,8.049999999999999,0.0,0.0,0.0,0.0,0.0
SE-O,2017,2017-11-05,1.0,3.4954058627680604,1.0967356541379056,1.0929016498285586,7.435,0.9929637566342009,0.0,0.0,0.0,0.0
SE-O,2017,2017-11-12,1.0,4.413406665408717,1.2874360343593712,1.282115711538365,4.476428571428571,0.007036243365799479,0.0,0.0,0.0,0.0
SE-O,2017,2017-11-19,6.0,6.213895490347407,1.3076710251866928,1.3009147055767758,3.7650000000000006,0.0,0.0,0.0,0.0,0.0
SE-O,2017,2017-11-26,12.0,9.88291118579209,1.2902779031575613,1.281466539656249,2.3528571428571428,0.0,0.0,0.0,0.0,0.0
SE-O,2017,2017-12-03,21.0,15.72999094840887,1.2691959527525394,1.2572680855735487,2.144285714285714,0.0,0.0,0.0,0.0,0.0
SE-O,2017,2017-12-10,28.0,24.155395287123717,1.2785821839101583,1.261620653905789,3.8885714285714283,0.0,0.0,0.0,0.0,0.0
SE-O,2017,2017-12-17,32.0,36.53038660425419,1.3243826734737123,1.2989165605018713,-0.4871428571428571,0.0,0.0,0.0,0.0,0.0
SE-O,2017,2017-12-24,55.0,56.95587516173997,1.2059754128567963,1.1719137938696946,4.4121428571428565,0.0,0.4306145806195727,0.0,0.0,0.0
SE-O,2017,2017-12-31,73.0,84.22321034656088,1.0173487807585344,0.9775773807531535,3.681428571428572,0.0,0.9754233506936122,0.0,0.0,0.0
SE-O,2017,2018-01-07,100.0,93.05482066967798,1.013707910037462,0.9641227544198935,1.530714285714286,0.0,0.9754233506936122,0.0,0.0,0.0
SE-O,2017,2018-01-14,88.0,90.83644177889265,1.3180518058703181,1.2394622897933423,0.7385714285714285,0.0,0.13971106743755538,0.0,0.0,0.0
SE-O,2017,2018-01-21,116.0,104.56114341470033,1.3352133346436694,1.2344587040135748,-0.32857142857142857,0.0,0.0,0.0,0.0,0.0
SE-O,2017,2018-01-28,153.0,149.58875898470183,1.317568536746526,1.1884198477476569,3.000714285714286,0.0,0.0,0.0,0.0,0.0
SE-O,2017,2018-02-04,202.0,208.359026831123,1.3263284867592304,1.1568627489470258,-0.018571428571428555,0.0,0.0,0.0,0.0,0.0
SE-O,2017,2018-02-11,267.0,274.2116504411034,1.341490127253383,1.1200706492144594,-2.116428571428571,0.0,0.0,0.0,0.0,0.0
SE-O,2017,2018-02-18,331.0,339.26878629359317,1.1716457344531446,0.930957750332161,0.7242857142857143,0.0,0.0,0.8465485235113981,0.0,0.0
SE-O,2017,2018-02-25,388.0,357.62281087072876,1.3294785024173261,1.0073879035253022,-2.8735714285714287,0.0,0.0,0.14161610224608123,0.0,0.0
SE-O,2017,2018-03-04,314.0,344.36864538279036,1.3732263880771682,0.9897401748012837,-6.7650000000000015,0.0,0.0,0.011835374242520819,0.0,0.0
SE-O,2017,2018-03-11,354.0,338.0163433573037,1.3859886647570416,0.950043346188857,-0.9399999999999998,0.0,0.0,0.0,0.0,0.0
SE-O,2017,2018-03-18,317.0,320.7893876925906,1.400499242258962,0.915880743733113,-1.5728571428571425,0.0,0.0,0.0,0.0,0.0
SE-O,2017,2018-03-25,302.0,287.27356612145866,1.4206285604174946,0.8911580043924319,1.1600000000000001,0.0,0.0,0.0,0.0,0.0
SE-O,2017,2018-04-01,207.0,234.54050993422385,1.3899962493421978,0.8421979964473432,-0.14214285714285707,0.0,0.0,0.0,0.10829124880628106,0.0
SE-O,2017,2018-04-08,196.0,205.0162782731989,1.1611603526720853,0.686359408219846,4.903571428571429,0.0,0.0,0.0,0.8877472683367359,0.0
SE-O,2017,2018-04-15,136.0,134.76300499836293,1.2488219259322473,0.727659901710571,8.167857142857143,0.0,0.0,0.0,0.003961482856983305,0.0
SE-O,2017,2018-04-22,110.0,81.80979082526895,1.1677307663158416,0.6744977750319533,10.854285714285712,0.0,0.0,0.0,0.0,0.0
SE-O,2017,2018-04-29,43.0,47.817688262481035,1.1255461414759433,0.6470756190535726,8.482142857142858,0.0,0.0,0.0,0.0,0.0
SE-O,2017,2018-05-06,19.0,26.31295666179968,1.1062058564368358,0.6344031230756383,9.817142857142857,0.0,0.0,0.0,0.0,0.0
SE-O,2017,2018-05-13,18.0,13.83505000151925,1.1000296523364668,0.6300704546221023,17.530714285714286,0.0,0.0,0.0,0.0,0.0
SE-O,2017,2018-05-20,4.0,7.1254992517135936,1.1018656549208785,0.6307140808584641,17.585,0.0,0.0,0.0,0.0,0.0
SE-O,2017,2018-05-27,2.0,3.6766007975119304,1.103827733732094,0.6316216689756552,19.212857142857143,0.0,0.0,0.0,0.0,0.0
SE-O,2017,2018-06-03,3.0,1.9323452493491837,1.1041137765874067,0.6316674237351675,21.27285714285714,0.0,0.0,0.0,0.0,0.0
SE-O,2017,2018-06-10,1.0,1.0507911613233334,1.1041216431879495,0.6316035593330586,19.037857142857142,0.0,0.0,0.0,0.0,0.0014627211981033939
SE-rest,2017,2017-07-02,,1.6530717059306101,0.9767944826223564,0.9767718453055354,15.046634156011738,0.0,0.0,0.0,0.0,1.0
SE-rest,2017,2017-07-09,,1.7636552940455317,0.9720780495187257,0.971999136276123,15.126876321741701,0.0,0.0,0.0,0.0,1.0
SE-rest,2017,2017-07-16,,1.9738453267338572,0.9641938162206859,0.9640538555650545,16.44108234972138,0.0,0.0,0.0,0.0,1.0
SE-rest,2017,2017-07-23,,2.1754344577638762,0.9527907831857988,0.9525870363786708,16.289649075219376,0.0,0.0,0.0,0.0,1.0
SE-rest,2017,2017-07-30,2.0,2.3333695096160567,0.940173296961002,0.9399048317349665,17.27660082450329,0.0,0.0,0.0,0.0,1.0
SE-rest,2017,2017-08-06,6.0,2.4348865565874207,0.9348151619350854,0.9344797728922908,17.201798846090913,0.0,0.0,0.0,0.0,1.0
SE-rest,2017,2017-08-13,2.0,2.4903287798381752,0.943334430075051,0.9429257136029562,17.08456528874357,0.0,0.0,0.0,0.0,1.0
SE-rest,2017,2017-08-20,0.0,2.542701585837516,0.957535946236657,0.9570473324472587,16.034275078907097,0.0,0.0,0.0,0.0,0.8074505528515763
SE-rest,2017,2017-08-27,1.0,2.6334973358813274,0.9631762445659131,0.9626068736682457,13.406829003112344,0.0,0.0,0.0,0.0,0.05372614386617813
SE-rest,2017,2017-09-03,5.0,2.7601752263658,0.977483687121191,0.9768222610880134,14.418451347791418,0.0,0.0,0.0,0.0,0.0
SE-rest,2017,2017-09-10,3.0,2.9246802530395017,0.9949366305376186,0.9941716936965407,12.635998829725098,0.0,0.0,0.0,0.0,0.0
SE-rest,2017,2017-09-17,1.0,3.15572057702912,1.0121626288563974,1.0112818053915313,12.628381821902806,0.0,0.0,0.0,0.0,0.0
SE-rest,2017,2017-09-24,5.0,3.4741741301854514,1.0283376244501887,1.0273258658134616,11.174629577252917,0.0,0.0,0.0,0.0,0.0
SE-rest,2017,2017-10-01,5.0,3.893700213266995,1.0496977142903614,1.0485287564219015,12.30516412542646,0.0,0.0,0.0,0.0,0.0
SE-rest,2017,2017-10-08,4.0,4.454077483371562,1.081584185981572,1.0802146575793956,9.200548956461647,0.0,0.0,0.0,0.0,0.0
SE-rest,2017,2017-10-15,6.0,5.2617379519744585,1.1280801851028304,1.1264392013617333,8.892405260803729,0.0,0.0,0.0,0.0,0.0
SE-rest,2017,2017-10-22,7.0,6.541071538620105,1.1911612411053945,1.1891308009664538,7.466565125142404,0.0,0.0,0.0,0.0,0.0
SE-rest,2017,2017-10-29,5.0,8.76209635670957,1.2549547362798656,1.2523613917453775,5.253894155201545,0.0,0.0,0.0,0.0,0.0
SE-rest,2017,2017-11-05,7.0,12.69523633276005,1.1479138389606969,1.1449447402657904,5.157182597455773,1.0,0.0,0.0,0.0,0.0
SE-rest,2017,2017-11-12,23.0,17.81826957580605,1.2702514823765791,1.2660590351679086,3.5708195705226933,0.0,0.0,0.0,0.0,0.0
SE-rest,2017,2017-11-19,24.0,25.446845625391838,1.2342520694904529,1.228843763221855,1.1492468816097572,0.0,0.0,0.0,0.0,0.0
SE-rest,2017,2017-11-26,51.0,37.4658129368272,1.225576591795093,1.2183080625779983,1.1651265332660574,0.0,0.0,0.0,0.0,0.0
SE-rest,2017,2017-12-03,49.0,53.71539276953048,1.279947331892398,1.2694754394692243,1.1983684153283718,0.0,0.0,0.0,0.0,0.0
SE-rest,2017,2017-12-10,77.0,79.54429461041985,1.3790416586646859,1.3627567375169487,0.9387037942972684,0.0,0.0,0.0,0.0,0.0
SE-rest,2017,2017-12-17,120.0,131.3820298349804,1.4665057873321783,1.4394069428752536,-0.9532041943609164,0.0,0.0,0.0,0.0,0.0
SE-rest,2017,2017-12-24,252.0,245.06105082732734,1.3285460958833923,1.2877709518305576,0.3624432993187355,0.0,0.37652192996647965,0.0,0.0,0.0
SE-rest,2017,2017-12-31,422.0,430.91106407512575,1.0411842824953441,0.9919969051089736,1.319061459496423,0.0,1.0,0.0,0.0,0.0
SE-rest,2017,2018-01-07,538.0,519.0362443123806,1.0071302547168126,0.944473048304049,0.04255505872310688,0.0,1.0,0.0,0.0,0.0
SE-rest,2017,2018-01-14,499.0,507.85782517840585,1.3097146126699655,1.2078752600406446,-2.2897461362058134,0.0,0.17798358539745626,0.0,0.0,0.0
SE-rest,2017,2018-01-21,570.0,559.4330609671431,1.3705231777345865,1.2335552693914718,-2.61725147415984,0.0,0.02168078770008596,0.0,0.0,0.0
SE-rest,2017,2018-01-28,761.0,780.749238015085,1.3675242811922232,1.187572888167135,-0.0007830373001925002,0.0,0.02168078770008596,0.0,0.0,0.0
SE-rest,2017,2018-02-04,1096.0,1084.3538852957986,1.335259904011372,1.1053185593003432,-2.3377714214620933,0.0,0.02168078770008596,0.0,0.0,0.0
SE-rest,2017,2018-02-11,1351.0,1368.1863107833835,1.2882906195372217,1.0081828391441183,-4.743392931644068,0.0,0.02168078770008596,0.0,0.0,0.0
SE-rest,2017,2018-02-18,1554.0,1504.7655140569073,1.271743151640764,0.9400947584119245,-0.4028963856131305,0.0,0.02168078770008596,0.062200195146043406,0.0,0.0
SE-rest,2017,2018-02-25,1426.0,1446.1172527656754,1.2816717103065565,0.8993628846864002,-6.349601725953987,0.0,0.02168078770008596,0.31725176858717313,0.0,0.0
SE-rest,2017,2018-03-04,1237.0,1268.3961176276566,1.319445703401343,0.8850114491420401,-8.605177221714836,0.0,0.02168078770008596,0.48090786910782907,0.0,0.0
SE-rest,2017,2018-03-11,1096.0,1062.199602232674,1.4577008339755506,0.9396144001478076,-2.5189709207031536,0.0,0.02168078770008596,0.13964016715895444,0.0,0.0
SE-rest,2017,2018-03-18,878.0,907.6361385998842,1.5191776114315083,0.9431472238559363,-3.517429807783521,0.0,0.02168078770008596,0.0,0.0,0.0
SE-rest,2017,2018-03-25,818.0,812.2297219717418,1.4875331101068512,0.8922933595897471,0.7820565270274621,0.0,0.02168078770008596,0.0,0.0,0.0
SE-rest,2017,2018-04-01,697.0,679.0170286383498,1.4302696022999268,0.8339964523534897,-2.08306311449037,0.0,0.02168078770008596,0.0,0.07909412378086188,0.0
SE-rest,2017,2018-04-08,594.0,591.7917476184264,1.216249394726612,0.6952922889215112,2.920490639397767,0.0,0.02168078770008596,0.0,0.9193462242002485,0.0
SE-rest,2017,2018-04-15,355.0,387.9474193288489,1.3501816029291158,0.7627642324913564,4.824844922854408,0.0,0.02168078770008596,0.0,0.0,0.0
SE-rest,2017,2018-04-22,261.0,243.43282550827905,1.2359124394134322,0.6928549405930087,10.363024872835044,0.0,0.02168078770008596,0.0,0.0015596520188896604,0.0
SE-rest,2017,2018-04-29,167.0,149.74842039275296,1.1418059900959214,0.637390379104386,7.648362330157065,0.0,0.02168078770008596,0.0,0.0,0.0
SE-rest,2017,2018-05-06,65.0,84.1658480922087,1.0717870022132787,0.5970456072553377,9.245526860624324,0.0,0.02168078770008596,0.0,0.0,0.0
SE-rest,2017,2018-05-13,54.0,42.933806622641,1.0204059495361208,0.5678710024860373,15.590852500685816,0.0,0.02168078770008596,0.0,0.0,0.0
SE-rest,2017,2018-05-20,21.0,20.26600383438594,0.994577313654293,0.5532594589071559,15.998861554555774,0.0,0.02168078770008596,0.0,0.0,0.0
SE-rest,2017,2018-05-27,5.0,9.114445637547682,0.9857657224873794,0.548253966003077,16.92185278813984,0.0,0.02168078770008596,0.0,0.0,0.0
SE-rest,2017,2018-06-03,3.0,4.049193870364348,0.983604373127675,0.5470042589602996,19.1009208046108,0.0,0.02168078770008596,0.0,0.0,0.0
SE-rest,2017,2018-06-10,1.0,1.8514039358341883,0.9835998559240838,0.5469777962912835,16.01217129761269,0.0,0.02168078770008596,0.0,0.0,0.01775989911465185
SE-M,2018,2018-07-01,,0.09915819714434193,0.9400155524512995,0.9399991477980775,18.72743179966568,0.0,0.0,0.0,0.0,1.0
SE-M,2018,2018-07-08,,0.11083227526959845,0.9378627800378317,0.9378037995102616,19.25673707389426,0.0,0.0,0.0,0.0,1.0
SE-M,2018,2018-07-15,,0.13279819763721196,0.9378534913570451,0.9377449867248682,19.536366403813872,0.0,0.0,0.0,0.0,1.0
SE-M,2018,2018-07-22,,0.15452108364044087,0.9404204416913406,0.9402556326195918,21.571590974581515,0.0,0.0,0.0,0.0,1.0
SE-M,2018,2018-07-29,0.0,0.17446802183566995,0.9455008541651734,0.9452727648535998,23.687686504819577,0.0,0.0,0.0,0.0,1.0
SE-M,2018,2018-08-05,0.0,0.19348363922713868,0.9523479218915313,0.9520491815719938,22.613017827902713,0.0,0.0,0.0,0.0,1.0
SE-M,2018,2018-08-12,0.0,0.21259311003320502,0.959704953662179,0.9593278679096278,20.456052514626524,0.0,0.0,0.0,0.0,1.0
SE-M,2018,2018-08-19,0.0,0.23255243625150512,0.9601997112209456,0.9597396643707911,18.653111476772683,0.0,0.0,0.0,0.0,0.596011632355644
SE-M,2018,2018-08-26,0.0,0.2527435905109632,0.9554319750516752,0.9548858356229178,16.963628097986025,0.0,0.0,0.0,0.0,0.05156053038773919
SE-M,2018,2018-09-02,0.0,0.27066401616732244,0.952929442502331,0.952291720712493,16.044809916633426,0.0,0.0,0.0,0.0,0.0
SE-M,2018,2018-09-09,1.0,0.28583779703592754,0.9488124286701362,0.9480808002651068,16.777142857142856,0.0,0.0,0.0,0.0,0.0
SE-M,2018,2018-09-16,2.0,0.2982194774242979,0.9486194863322754,0.9477881398389749,15.016428571428573,0.0,0.0,0.0,0.0,0.0
SE-M,2018,2018-09-23,0.0,0.30841986686105205,0.9571255250897311,0.9561825655455916,16.267857142857146,0.0,0.0,0.0,0.0,0.0
SE-M,2018,2018-09-30,0.0,0.31954464785906345,0.9747768397566239,0.9737051432486438,11.623571428571429,0.0,0.0,0.0,0.0,0.0
SE-M,2018,2018-10-07,0.0,0.33625621134150907,1.000676091490993,0.9994525328654221,10.177857142857144,0.0,0.0,0.0,0.0,0.0
SE-M,2018,2018-10-14,0.0,0.3638944014979286,1.0345393842123538,1.0331313613730586,13.357142857142858,0.0,0.0,0.0,0.0,0.0
SE-M,2018,2018-10-21,1.0,0.40932767074819,1.0778753287857465,1.0762328723582457,10.801428571428573,0.0,0.0,0.0,0.0,0.0
SE-M,2018,2018-10-28,0.0,0.48395440807659384,1.132070601467618,1.1301149279286424,7.533571428571429,0.0,0.0,0.0,0.0,0.0
SE-M,2018,2018-11-04,0.0,0.6053117676290316,1.06793031436417,1.0658121131068878,7.712857142857144,1.0,0.0,0.0,0.0,0.0
SE-M,2018,2018-11-11,1.0,0.7519457090877388,1.2676692743460394,1.2647337435864725,8.381428571428573,0.0,0.0,0.0,0.0,0.0
SE-M,2018,2018-11-18,0.0,1.033975394198691,1.3423201918551129,1.3384797797426649,7.738717018358615,0.0,0.0,0.0,0.0,0.0
SE-M,2018,2018-11-25,0.0,1.688856792849276,1.4079988799856653,1.402599089990449,3.055299698332808,0.0,0.0,0.0,0.0,0.0
SE-M,2018,2018-12-02,4.0,3.0534550532754983,1.4546732972594414,1.4463707325522073,0.9914285714285714,0.0,0.0,0.0,0.0,0.0
SE-M,2018,2018-12-09,5.0,5.912979893181053,1.478805507377493,1.4648111049700696,6.020714285714286,0.0,0.0,0.0,0.0,0.0
SE-M,2018,2018-12-16,13.0,11.873366284863424,1.4799377165443075,1.454708068124668,1.9728571428571429,0.0,0.0,0.0,0.0,0.0
SE-M,2018,2018-12-23,23.0,23.81359540611616,1.3314651655818974,1.2901551823198798,1.6735714285714292,0.0,0.31350192422649453,0.0,0.0,0.0
SE-M,2018,2018-12-30,50.0,42.190391914964955,1.0304858727551836,0.9791672414999046,4.479285714285715,0.0,1.0,0.0,0.0,0.0
SE-M,2018,2019-01-06,43.0,50.5000603684324,1.0192958688334033,0.9514246965281841,2.8607142857142853,0.0,1.0,0.0,0.0,0.0
SE-M,2018,2019-01-13,45.0,49.161265464011585,1.3134746667027775,1.2030340960337635,2.674285714285715,0.0,0.21990659956789654,0.0,0.0,0.0
SE-M,2018,2019-01-20,69.0,53.93938205221983,1.384717870591134,1.2338803743138969,1.6285714285714292,0.0,0.0,0.0,0.0,0.0
SE-M,2018,2019-01-27,62.0,75.5127065261573,1.368872414235709,1.171419977106904,-0.9650000000000001,0.0,0.0,0.0,0.0,0.0
SE-M,2018,2019-02-03,93.0,103.4711755511266,1.3357257425115854,1.0843188346279544,1.0235714285714288,0.0,0.0,0.0,0.0,0.0
SE-M,2018,2019-02-10,150.0,126.97733904028136,1.294689345938883,0.9897319607351435,3.5321428571428575,0.0,0.0,0.0,0.0,0.0
SE-M,2018,2019-02-17,135.0,135.42040281641573,1.2732687638339504,0.9174201336653364,4.659285714285714,0.0,0.0,0.0,0.0,0.0
SE-M,2018,2019-02-24,120.0,125.6523417940312,1.0767708688381126,0.7393651177327093,4.075,0.0,0.0,1.0,0.0,0.0
SE-M,2018,2019-03-03,99.0,96.83722406623595,1.2906131789923625,0.8575808729360482,4.808571428571428,0.0,0.0,0.0,0.0,0.0
SE-M,2018,2019-03-10,67.0,68.49450768201515,1.3271106663965813,0.8584931721472842,5.129285714285715,0.0,0.0,0.0,0.0,0.0
SE-M,2018,2019-03-17,57.0,52.029821354584605,1.3860872833603761,0.8774541625224513,4.45,0.0,0.0,0.0,0.0,0.0
SE-M,2018,2019-03-24,35.0,41.1109490947252,1.4577696285524866,0.9062199292884682,6.251428571428572,0.0,0.0,0.0,0.0,0.0
SE-M,2018,2019-03-31,30.0,33.86820530413435,1.5172042507231285,0.9282028654646587,7.277142857142858,0.0,0.0,0.0,0.0,0.0
SE-M,2018,2019-04-07,30.0,29.19466009353163,1.5436009596478315,0.9307997864566084,8.227142857142857,0.0,0.0,0.0,0.0,0.0
SE-M,2018,2019-04-14,20.0,25.821672341212093,1.5264186211537412,0.908642011193255,3.4885714285714284,0.0,0.0,0.0,0.033115035005662784,0.0
SE-M,2018,2019-04-21,36.0,21.562774798239396,1.2941521968935628,0.7625295408879272,8.514285714285716,0.0,0.0,0.0,0.9668849649943372,0.0
SE-M,2018,2019-04-28,21.0,18.33718520676817,1.556028019439594,0.9102098445350618,12.509285714285712,0.0,0.0,0.0,0.0,0.0
SE-M,2018,2019-05-05,6.0,13.124365940474982,1.6126481576281717,0.9372395589904267,8.936428571428571,0.0,0.0,0.0,0.0,0.0
SE-M,2018,2019-05-12,8.0,11.175882740821748,1.6582419511981252,0.9580204880199875,8.912142857142857,0.0,0.0,0.0,0.0,0.0
SE-M,2018,2019-05-19,8.0,10.177069070744277,1.666383316728886,0.9573399887440497,11.937857142857142,0.0,0.0,0.0,0.0,0.0
SE-M,2018,2019-05-26,11.0,9.482306465538858,1.643599351657032,0.9393382668486566,14.612857142857143,0.0,0.0,0.0,0.0,0.0
SE-M,2018,2019-06-02,17.0,8.72691450494916,1.6228428480904036,0.9231365099202489,13.460714285714287,0.0,0.0,0.0,0.0,0.0
SE-M,2018,2019-06-09,3.0,7.8109876062257575,1.6197207279872068,0.9175743452418548,18.384999999999998,0.0,0.0,0.0,0.0,0.06867477662353298
SE-O,2018,2018-07-01,,0.12298968144603967,1.0027859919561466,1.0027707143624542,19.61357142857143,0.0,0.0,0.0,0.0,1.0
SE-O,2018,2018-07-08,,0.1621247533368649,1.0032523029491394,1.0031917951071627,19.891428571428573,0.0,0.0,0.0,0.0,1.0
SE-O,2018,2018-07-15,,0.2410291525213572,1.0052478183246154,1.0051255144688143,20.476428571428574,0.0,0.0,0.0,0.0,1.0
SE-O,2018,2018-07-22,,0.32817960343737806,1.008946826030077,1.0087452764671114,20.766428571428573,0.0,0.0,0.0,0.0,1.0
SE-O,2018,2018-07-29,0.0,0.41793619556467254,1.0139218018917597,1.0136223243095472,23.05071428571428,0.0,0.0,0.0,0.0,1.0
SE-O,2018,2018-08-05,1.0,0.5117878719749971,1.0199891066068647,1.0195712211042123,22.165,0.0,0.0,0.0,0.0,1.0
SE-O,2018,2018-08-12,0.0,0.6122444967068879,1.0268032205423423,1.02624409559376,18.99285714285714,0.0,0.0,0.0,0.0,1.0
SE-O,2018,2018-08-19,1.0,0.7223118534831394,1.0326685082955334,1.0319433836614786,17.26642857142857,0.0,0.0,0.0,0.0,0.9956118364056901
SE-O,2018,2018-08-26,0.0,0.8440159047456707,1.020725388799713,1.0198234350968238,15.916428571428572,0.0,0.0,0.0,0.0,0.08273416049497222
SE-O,2018,2018-09-02,0.0,0.9680788856147472,1.0132605562612684,1.0121596219992735,15.331428571428573,0.0,0.0,0.0,0.0,0.0
SE-O,2018,2018-09-09,3.0,1.0821269222304553,1.0027853114626208,1.001473370930276,16.557857142857145,0.0,0.0,0.0,0.0,0.0
SE-O,2018,2018-09-16,3.0,1.1813289947229388,0.998234779666342,0.996691812553275,13.622142857142856,0.0,0.0,0.0,0.0,0.0
SE-O,2018,2018-09-23,1.0,1.2657417755182734,1.004867640387844,1.0030606353633622,15.031428571428574,0.0,0.0,0.0,0.0,0.0
SE-O,2018,2018-09-30,0.0,1.3505336369739274,1.0195476650947046,1.0174370439474634,10.087857142857144,0.0,0.0,0.0,0.0,0.0
SE-O,2018,2018-10-07,1.0,1.4577465031777597,1.0366039891426855,1.034148092541964,8.505714285714287,0.0,0.0,0.0,0.0,0.0
SE-O,2018,2018-10-14,1.0,1.6051922742458125,1.053054724416557,1.0502059314479166,13.665714285714285,0.0,0.0,0.0,0.0,0.0
SE-O,2018,2018-10-21,3.0,1.8052668632577924,1.0714641772520475,1.068152294840179,11.52357142857143,0.0,0.0,0.0,0.0,0.0
SE-O,2018,2018-10-28,3.0,2.074450140087651,1.099377732616763,1.0954793733906032,5.852142857142858,0.0,0.0,0.0,0.0,0.0
SE-O,2018,2018-11-04,3.0,2.4400504012655113,1.0210704856111568,1.0169141276882059,7.037857142857143,1.0,0.0,0.0,0.0,0.0
SE-O,2018,2018-11-11,2.0,2.781877199193463,1.2069218293117971,1.2012690870176967,8.766428571428571,0.0,0.0,0.0,0.0,0.0
SE-O,2018,2018-11-18,4.0,3.4396920118959056,1.2918885541011698,1.2846595597623736,7.768571428571429,0.0,0.0,0.0,0.0,0.0
SE-O,2018,2018-11-25,4.0,5.0965020325379955,1.3925467424281168,1.3826267961230336,0.7764285714285716,0.0,0.0,0.0,0.0,0.0
SE-O,2018,2018-12-02,2.0,8.720150405058604,1.4802913861885627,1.465428778709952,0.7757142857142859,0.0,0.0,0.0,0.0,0.0
SE-O,2018,2018-12-09,22.0,16.93297287329115,1.5294473352068059,1.5047810787121798,4.260714285714286,0.0,0.0,0.0,0.0,0.0
SE-O,2018,2018-12-16,31.0,35.48232687316187,1.5409960595110495,1.4960933635853666,1.112142857142857,0.0,0.0,0.0,0.0,0.0
SE-O,2018,2018-12-23,87.0,75.14496896229684,1.3868455386043597,1.3116130966558261,0.09857142857142863,0.0,0.31874566016535233,0.0,0.0,0.0
SE-O,2018,2018-12-30,125.0,138.1969638988242,1.0677029327834042,0.9732811272301493,2.238571428571429,0.0,1.0,0.0,0.0,0.0
SE-O,2018,2019-01-06,161.0,166.69930057902855,1.0302592600747429,0.9086640766273568,2.632857142857143,0.0,1.0,0.0,0.0,0.0
SE-O,2018,2019-01-13,179.0,156.6778768662187,1.3373373530610855,1.1416093603287014,1.0885714285714285,0.0,0.15162718466379696,0.0,0.0,0.0
SE-O,2018,2019-01-20,161.0,158.17228862751983,1.3929856714555704,1.1392168849286872,-0.965,0.0,0.0,0.0,0.0,0.0
SE-O,2018,2019-01-27,171.0,193.9513679591023,1.4033791322345315,1.0862161907355208,-2.217142857142857,0.0,0.0,0.0,0.0,0.0
SE-O,2018,2019-02-03,238.0,231.80001545151413,1.3956989683662715,1.0132913814157731,-2.2749999999999995,0.0,0.0,0.0,0.0,0.0
SE-O,2018,2019-02-10,237.0,251.77602582479844,1.3611835804557308,0.9254050099542586,2.494285714285714,0.0,0.0,0.0,0.0,0.0
SE-O,2018,2019-02-17,260.0,239.8937143981002,1.1504362067198493,0.7407216004212157,4.166428571428572,0.0,0.0,0.8465485235113981,0.0,0.0
SE-O,2018,2019-02-24,206.0,186.37087104861567,1.3028949850424587,0.809116766296894,3.681428571428572,0.0,0.0,0.14161610224608123,0.0,0.0
SE-O,2018,2019-03-03,119.0,127.47904424856556,1.3934799195187852,0.8420458253143167,4.430714285714286,0.0,0.0,0.011835374242520819,0.0,0.0
SE-O,2018,2019-03-10,83.0,91.49549153159349,1.4905643768770425,0.8813409253650525,2.948571428571428,0.0,0.0,0.0,0.0,0.0
SE-O,2018,2019-03-17,73.0,70.78770529158814,1.5957181228214374,0.9261170386658117,2.7350000000000003,0.0,0.0,0.0,0.0,0.0
SE-O,2018,2019-03-24,52.0,59.2102038955703,1.6955729082144664,0.9673003593584957,5.424285714285714,0.0,0.0,0.0,0.0,0.0
SE-O,2018,2019-03-31,61.0,53.48775856075689,1.783477853993128,1.0003648735898398,6.611428571428571,0.0,0.0,0.0,0.0,0.0
SE-O,2018,2019-04-07,48.0,51.601163676174494,1.8439115755417619,1.0163662210793714,7.947857142857143,0.0,0.0,0.0,0.0,0.0
SE-O,2018,2019-04-14,40.0,52.07215863660221,1.8244675058008504,0.9876607742296181,3.124285714285715,0.0,0.0,0.0,0.0,0.0
SE-O,2018,2019-04-21,52.0,49.85987994844663,1.4621844714471126,0.7789804134199402,9.594999999999999,0.0,0.0,0.0,0.9571863149184267,0.0
SE-O,2018,2019-04-28,65.0,46.19083498182342,1.6043304486014713,0.8452143057603794,13.830714285714285,0.0,0.0,0.0,0.042813685081573384,0.0
SE-O,2018,2019-05-05,34.0,32.573745335648596,1.557435110856508,0.8135313235464098,8.904999999999998,0.0,0.0,0.0,0.0,0.0
SE-O,2018,2019-05-12,15.0,23.96572040192372,1.529309623789437,0.7939839419975522,7.796428571428572,0.0,0.0,0.0,0.0,0.0
SE-O,2018,2019-05-19,20.0,17.147744339021052,1.514839744614951,0.7831467267505052,12.357142857142858,0.0,0.0,0.0,0.0,0.0
SE-O,2018,2019-05-26,13.0,11.927576337462781,1.513950578561019,0.7804193283444452,14.036428571428573,0.0,0.0,0.0,0.0,0.0
SE-O,2018,2019-06-02,4.0,8.173831769666995,1.517783797717106,0.7808423352019421,11.39357142857143,0.0,0.0,0.0,0.0,0.0
SE-O,2018,2019-06-09,7.0,5.591461401019906,1.518889470956148,0.7803443132877311,17.255714285714284,0.0,0.0,0.0,0.0,0.0029254423962067878
SE-rest,2018,2018-07-01,,0.9409044864629862,0.970965895672976,0.9709458886967269,17.216183957821546,0.0,0.02168078770008596,0.0,0.0,1.0
SE-rest,2018,2018-07-08,,1.021382733436635,0.9666527929695998,0.9665821937334612,18.45518828252699,0.0,0.02168078770008596,0.0,0.0,1.0
SE-rest,2018,2018-07-15,,1.1748904716976065,0.9595398758293656,0.9594130524055183,20.814283272324648,0.0,0.02168078770008596,0.0,0.0,1.0
SE-rest,2018,2018-07-22,,1.324394126095103,0.9497710497889024,0.949584101178015,23.15793153481928,0.0,0.02168078770008596,0.0,0.0,1.0
SE-rest,2018,2018-07-29,2.0,1.4472435619743915,0.9390104763181093,0.9387611512945472,23.430710666918618,0.0,0.02168078770008596,0.0,0.0,1.0
SE-rest,2018,2018-08-05,2.0,1.5366392552800114,0.9297430947624347,0.9294300610471906,22.842354225748903,0.0,0.02168078770008596,0.0,0.0,1.0
SE-rest,2018,2018-08-12,1.0,1.5929433587876196,0.9243913012598952,0.9240130772069061,19.48784033664561,0.0,0.02168078770008596,0.0,0.0,0.9962585951786443
SE-rest,2018,2018-08-19,4.0,1.6238609562245294,0.9264955877039035,0.9260486000107856,17.09608338725001,0.0,0.02168078770008596,0.0,0.0,0.9340014023329525
SE-rest,2018,2018-08-26,0.0,1.6445801112125227,0.9283140551465506,0.9277972572666641,15.49257480321923,0.0,0.02168078770008596,0.0,0.0,0.08842008468964616
SE-rest,2018,2018-09-02,1.0,1.667797284865912,0.9469151281346992,0.9463159739119397,15.077698931143422,0.0,0.02168078770008596,0.0,0.0,0.0
SE-rest,2018,2018-09-09,1.0,1.7142175995254259,0.9704375057785829,0.9697455915497631,15.944732868329979,0.0,0.02168078770008596,0.0,0.0,0.0
SE-rest,2018,2018-09-16,3.0,1.8119064150826456,0.9971423145130363,0.9963440917496846,13.4702118914781,0.0,0.02168078770008596,0.0,0.0,0.0
SE-rest,2018,2018-09-23,0.0,1.978244164156261,1.0233116094962542,1.0223915674265411,14.17615645499468,0.0,0.02168078770008596,0.0,0.0,0.0
SE-rest,2018,2018-09-30,1.0,2.230163355149362,1.0418986711008311,1.0408432564036658,8.570340381492313,0.0,0.02168078770008596,0.0,0.0,0.0
SE-rest,2018,2018-10-07,5.0,2.5745416611370704,1.0551350504130261,1.0539255702289063,7.115464961568705,0.0,0.02168078770008596,0.0,0.0,0.0
SE-rest,2018,2018-10-14,4.0,3.0108270881788393,1.0752605365324974,1.0738583029046445,11.835280082406882,0.0013301719692353222,0.02168078770008596,0.0,0.0,0.0
SE-rest,2018,2018-10-21,6.0,3.5727621083547585,1.1153746278993624,1.1137051595844176,9.400907323384656,0.0,0.02168078770008596,0.0,0.0,0.0
SE-rest,2018,2018-10-28,2.0,4.393567599061071,1.1769155648938026,1.1748586272253063,3.6271291218274144,0.0,0.02168078770008596,0.0,0.0,0.0
SE-rest,2018,2018-11-04,3.0,5.7390880968146725,1.1136821638277976,1.1113661041105127,5.855839575815442,0.9986698280307645,0.02168078770008596,0.0,0.0,0.0
SE-rest,2018,2018-11-11,8.0,7.509049890695187,1.3136967554134418,1.3103656661552248,7.14907953335356,0.0,0.02168078770008596,0.0,0.0,0.0
SE-rest,2018,2018-11-18,11.0,10.931678106747725,1.3756697597983945,1.3711013952013482,6.499352301282956,0.0,0.02168078770008596,0.0,0.0,0.0
SE-rest,2018,2018-11-25,20.0,18.7039840780387,1.4358574333056502,1.4290037389327328,-0.8344438090347014,0.0,0.02168078770008596,0.0,0.0,0.0
SE-rest,2018,2018-12-02,33.0,35.03384312438873,1.489155996927278,1.4777430302623926,-0.21785646572742318,0.0,0.02168078770008596,0.0,0.0,0.0
SE-rest,2018,2018-12-09,69.0,70.47158090745978,1.5164546521413098,1.4956668570011165,2.553303413809251,0.0,0.02168078770008596,0.0,0.0,0.0
SE-rest,2018,2018-12-16,147.0,147.40749122001824,1.5027340874289643,1.4632313628217768,-1.3724088453729024,0.0,0.02168078770008596,0.0,0.0,0.0
SE-rest,2018,2018-12-23,303.0,302.07619877386355,1.3157555152906701,1.2511204615615905,-2.0100151907652997,0.0,0.35498211825307135,0.0,0.0,0.0
SE-rest,2018,2018-12-30,530.0,520.941708488328,1.0130588797324107,0.9341705332621596,-0.6979814405461892,0.0,1.0,0.0,0.0,0.0
SE-rest,2018,2019-01-06,582.0,587.3099382072255,0.995488377151708,0.89460063426551,0.2182581704438477,0.0,1.0,0.0,0.0,0.0
SE-rest,2018,2019-01-13,524.0,526.2194934849399,1.3094526108748756,1.1476802308849365,-0.5655897727721965,0.0,0.1794378680686411,0.0,0.0,0.0
SE-rest,2018,2019-01-20,530.0,524.1474624363617,1.3795441918945106,1.1693509647398364,-4.990367231370918,0.0,0.0,0.0,0.0,0.0
SE-rest,2018,2019-01-27,651.0,662.936457238927,1.3637530252611234,1.1055195003851412,-5.768641400751228,0.0,0.0,0.0,0.0,0.0
SE-rest,2018,2019-02-03,824.0,823.3110060604013,1.3160894228716205,1.0124023314388293,-4.149308915992917,0.0,0.0,0.0,0.0,0.0
SE-rest,2018,2019-02-10,914.0,909.4650012970328,1.2686018952254836,0.9254737371633179,-1.424622930610432,0.0,0.0,0.0,0.0,0.0
SE-rest,2018,2019-02-17,897.0,870.8179256283004,1.2649644103587907,0.8804682774655783,2.6443473450089243,0.0,0.0,0.062200195146043406,0.0,0.0
SE-rest,2018,2019-02-24,718.0,743.2179214832929,1.2848719670884077,0.8602841439728401,1.1792432972141191,0.0,0.0,0.3157005105288018,0.0,0.0
SE-rest,2018,2019-03-03,609.0,596.4289375758199,1.348488039472339,0.8748260062428077,2.9069613199838016,0.0,0.0,0.4806893553614326,0.0,0.0
SE-rest,2018,2019-03-10,451.0,474.8277812761307,1.5059527447544887,0.950543041979092,-0.9702121084885819,0.0,0.0,0.14140993896372225,0.0,0.0
SE-rest,2018,2019-03-17,408.0,404.33950183942164,1.559378057467836,0.9586847977678497,0.24083445864204453,0.0,0.0,0.0,0.0,0.0
SE-rest,2018,2019-03-24,390.0,369.2725831824624,1.5769863551371144,0.9455963080173443,4.391484530467198,0.0,0.0,0.0,0.0,0.0
SE-rest,2018,2019-03-31,337.0,338.968923151018,1.641474659171871,0.9615280491642925,5.487340349341818,0.0,0.0,0.0,0.0,0.0
SE-rest,2018,2019-04-07,295.0,312.3363116972324,1.6941903705978165,0.9703148994809433,4.961450650470289,0.0,0.0,0.0,0.0,0.0
SE-rest,2018,2019-04-14,296.0,293.940010354709,1.6609714156515936,0.9310487472549217,1.1281008273480357,0.0,0.0,0.0,0.0015538304011108188,0.0
SE-rest,2018,2019-04-21,252.0,259.1965373726516,1.3514085605050918,0.7443564684457463,8.594483632259058,0.0,0.0,0.0,0.8011339428341505,0.0
SE-rest,2018,2019-04-28,242.0,222.65363363980376,1.3853803007298569,0.7546456277258343,12.03474577059822,0.0,0.0,0.0,0.19731222676473886,0.0
SE-rest,2018,2019-05-05,146.0,140.82793081233072,1.3642010268129687,0.7377965122935468,6.527360340184734,0.0,0.0,0.0,0.0,0.0
SE-rest,2018,2019-05-12,77.0,89.59424347070274,1.3243578136981478,0.7130840588063759,7.849138345322751,0.0,0.0,0.0,0.0,0.0
SE-rest,2018,2019-05-19,58.0,55.293786911196754,1.291923641862212,0.6938028907594482,11.298903261586329,0.0,0.0,0.0,0.0,0.0
SE-rest,2018,2019-05-26,35.0,32.86817147493721,1.2720267980489461,0.6820956426491191,13.961636618997783,0.0,0.0,0.0,0.0,0.0
SE-rest,2018,2019-06-02,18.0,18.927875733882388,1.2652435477572639,0.6778854344110299,11.653045267926887,0.0,0.0,0.0,0.0,0.0
SE-rest,2018,2019-06-09,9.0,10.726807381627093,1.2646426929771581,0.6772396980454956,18.258348501784408,0.0,0.0,0.0,0.0,0.017458161377217608
SE-M,2019,2019-06-30,,0.10250090759468827,0.9090526971736225,0.9090426515117789,20.142142857142858,0.0,0.0,0.0,0.0,1.0
SE-M,2019,2019-07-07,,0.10767095099355012,0.905122242896773,0.9050877112802088,15.098571428571429,0.0,0.0,0.0,0.0,1.0
SE-M,2019,2019-07-14,,0.11685261630946434,0.9028955481546193,0.9028349333753386,17.500000000000004,0.0,0.0,0.0,0.0,1.0
SE-M,2019,2019-07-21,,0.1250826630144583,0.9026517474807532,0.9025635988692777,18.084285714285716,0.0,0.0,0.0,0.0,1.0
SE-M,2019,2019-07-28,0.0,0.13183931600376564,0.9043459167673474,0.9042288005046367,20.794285714285714,0.0,0.0,0.0,0.0,1.0
SE-M,2019,2019-08-04,0.0,0.1376675943789068,0.9075192602984116,0.9073717031255247,19.052142857142858,0.0,0.0,0.0,0.0,1.0
SE-M,2019,2019-08-11,0.0,0.1431075810520511,0.9115656803894352,0.9113861673903904,18.986428571428576,0.0,0.0,0.0,0.0,1.0
SE-M,2019,2019-08-18,0.0,0.14853266233141205,0.9135855755592727,0.9133731500525755,16.87142857142857,0.0,0.0,0.0,0.0,0.7742675229806223
SE-M,2019,2019-08-25,1.0,0.15392222463801633,0.9121998112145517,0.9119542150263925,18.020000000000003,0.0,0.0,0.0,0.0,0.07670306994272817
SE-M,2019,2019-09-01,0.0,0.15862014827204293,0.9241696028562024,0.9238858249488565,20.909285714285716,0.0,0.0,0.0,0.0,0.0
SE-M,2019,2019-09-08,0.0,0.16395006524238365,0.9430677492376915,0.9427407214473479,15.271428571428572,0.0,0.0,0.0,0.0,0.0
SE-M,2019,2019-09-15,0.0,0.1724359077370699,0.9680222413860422,0.9676451441046732,15.127857142857144,0.0,0.0,0.0,0.0,0.0
SE-M,2019,2019-09-22,0.0,0.18610934870245632,0.9990490506129195,0.9986123167875289,12.007142857142858,0.0,0.0,0.0,0.0,0.0
SE-M,2019,2019-09-29,0.0,0.20748129863781864,1.0358894123099243,1.0353795976685032,13.405000000000001,0.0,0.0,0.0,0.0,0.0
SE-M,2019,2019-10-06,0.0,0.2404377536434134,1.0777681324938593,1.077166118920927,7.908571428571428,0.0,0.0,0.0,0.0,0.0
SE-M,2019,2019-10-13,0.0,0.29139707426228423,1.1231423149609499,1.122420313766829,9.865,0.0,0.0,0.0,0.0,0.0
SE-M,2019,2019-10-20,0.0,0.3712915314429933,1.1702086536904717,1.1693244732496368,11.952857142857143,0.0,0.0,0.0,0.0,0.0
SE-M,2019,2019-10-27,1.0,0.4992949295937006,1.218333484016069,1.2172186244049998,11.535714285714286,0.0,0.0,0.0,0.0,0.0
SE-M,2019,2019-11-03,0.0,0.7048835367812298,1.131792832714202,1.13050608955804,5.945,1.0,0.0,0.0,0.0,0.0
SE-M,2019,2019-11-10,2.0,0.9654917494247002,1.3173225065738767,1.3154156553397685,5.034999999999999,0.0,0.0,0.0,0.0,0.0
SE-M,2019,2019-11-17,0.0,1.4313937597204953,1.3623362205909422,1.3596384946637134,6.1328571428571435,0.0,0.0,0.0,0.0,0.0
SE-M,2019,2019-11-24,0.0,2.432325535502542,1.3846286008293922,1.380571347545706,7.567857142857144,0.0,0.0,0.0,0.0,0.0
SE-M,2019,2019-12-01,4.0,4.344109847807311,1.3712947300905873,1.364938347666564,4.772857142857143,0.0,0.0,0.0,0.0,0.0
SE-M,2019,2019-12-08,12.0,7.731868262931308,1.3368373444970143,1.3267067041060752,5.567142857142858,0.0,0.0,0.0,0.0,0.0
SE-M,2019,2019-12-15,15.0,13.18344567661266,1.3114723617679067,1.2952352089987773,4.2907142857142855,0.0,0.0,0.0,0.0,0.0
SE-M,2019,2019-12-22,25.0,21.37285041370431,1.1935237076685332,1.1701913831656492,5.695714285714286,0.0,0.31255966022097953,0.0,0.0,0.0
SE-M,2019,2019-12-29,27.0,31.292984491889516,0.9536235411238788,0.9270194391729051,2.568571428571429,0.0,0.9891070161119845,0.0,0.0,0.0
SE-M,2019,2020-01-05,19.0,33.36275596851415,0.949924376408439,0.9168489011722264,4.059285714285713,0.0,1.0,0.0,0.0,0.0
SE-M,2019,2020-01-12,41.0,30.023077854298457,1.1448107317775278,1.0974633984142395,5.525714285714287,0.0,0.3965626513067201,0.0,0.0,0.0
SE-M,2019,2020-01-19,24.0,29.182595898178736,1.2482744609579937,1.1865402542008685,5.7857142857142865,0.0,0.0,0.0,0.0,0.0
SE-M,2019,2020-01-26,51.0,36.70939389540315,1.2083083693871228,1.1353340082253225,5.085714285714286,0.0,0.0,0.0,0.0,0.0
SE-M,2019,2020-02-02,49.0,47.173366792263025,1.2093795160159821,1.1201395434031582,5.666428571428573,0.0,0.0,0.0,0.0,0.0
SE-M,2019,2020-02-09,45.0,58.05990835509081,1.2381769164094307,1.1266845840677726,4.534285714285715,0.0,0.0,0.0,0.0,0.0
SE-M,2019,2020-02-16,69.0,70.86687941840376,1.2656439689863521,1.1264551193151777,5.11,0.0,0.0,0.0,0.0,0.0
SE-M,2019,2020-02-23,88.0,85.96630505909607,1.0855228944526742,0.9422793080593314,5.415000000000001,0.0,0.0,1.0,0.0,0.0
SE-M,2019,2020-03-01,95.0,92.13672281460197,1.296582212945849,1.0976131999016907,3.229285714285715,0.0,0.0,0.0,0.0,0.0
SE-M,2019,2020-03-08,92.0,96.28007580478155,1.3039684568829304,1.071160709156233,4.292142857142858,0.0,0.0,0.0,0.0,0.0
SE-M,2019,2020-03-15,112.0,108.03813141106839,1.3056278638618568,1.0366424948416721,5.283571428571429,0.0,0.0,0.0,0.0,0.0
SE-M,2019,2020-03-22,,117.91314684254442,1.3056588330705392,0.9995721009201269,5.708571428571429,0.0,0.0,0.0,0.0,0.0
SE-M,2019,2020-03-29,,121.68488426834531,1.305658832498681,0.9635147306035331,3.420714285714286,0.0,0.0,0.0,0.0,0.0
SE-M,2019,2020-04-05,,118.29713883026514,1.305658831877351,0.930478185720511,5.561428571428571,0.0,0.0,0.0,0.0,0.0
SE-M,2019,2020-04-12,,103.55614144692834,1.103847250665149,0.7642738519471368,8.814285714285715,0.0,0.0,0.0,0.9834939305318536,0.0
SE-M,2019,2020-04-19,,89.92500790117535,1.3019846828302934,0.883220969240813,7.770714285714286,0.0,0.0,0.0,0.016506069468146315,0.0
SE-M,2019,2020-04-26,,63.437728217261125,1.3056588300497627,0.8706225692964521,10.434285714285716,0.0,0.0,0.0,0.0,0.0
SE-M,2019,2020-05-03,,48.12757344787446,1.3056588296193823,0.8586795861443747,8.782142857142857,0.0,0.0,0.0,0.0,0.0
SE-M,2019,2020-05-10,,41.716119123649825,1.3056588293124527,0.849394122200195,11.060000000000002,0.0,0.0,0.0,0.0,0.0
SE-M,2019,2020-05-17,,30.96891023639947,1.3056588291408762,0.8422796568119899,8.5,0.0,0.0,0.0,0.0,0.0
SE-M,2019,2020-05-24,,23.769853105628947,1.3056588291228803,0.8368888312746411,11.941428571428574,0.0,0.0,0.0,0.0,0.0
SE-M,2019,2020-05-31,,18.03655296860356,1.305658829227809,0.8328377256547909,14.290714285714289,0.0,0.0,0.0,0.0,0.0
SE-M,2019,2020-06-07,,13.569081149732591,1.3056978090697358,0.8298364569246199,14.623571428571429,0.0,0.0,0.0,0.0,0.0020553214867192076
SE-O,2019,2019-06-30,,0.9961150838336262,1.0030212999184895,1.0029347988568276,19.326428571428572,0.0,0.0,0.0,0.0,1.0
SE-O,2019,2019-07-07,,1.071685180117282,1.001046808641285,1.0007417313742504,14.027142857142858,0.0,0.0,0.0,0.0,1.0
SE-O,2019,2019-07-14,,1.221824395564316,0.9977073811359085,0.9971568755248461,17.82214285714286,0.0,0.0,0.0,0.0,1.0
SE-O,2019,2019-07-21,,1.3806157463506068,0.9942256333718283,0.993404627867924,18.022142857142857,0.0,0.0,0.0,0.0,1.0
SE-O,2019,2019-07-28,3.0,1.5311568805169375,0.9932478133715391,0.9921302804619222,21.95642857142857,0.0,0.0,0.0,0.0,1.0
SE-O,2019,2019-08-04,0.0,1.6734912498872596,0.9934309123121156,0.9919913050982523,18.68,0.0,0.0,0.0,0.0,1.0
SE-O,2019,2019-08-11,1.0,1.8120495845503548,0.9874531147494185,0.9856792167751126,17.477857142857143,0.0,0.0,0.0,0.0,1.0
SE-O,2019,2019-08-18,1.0,1.9396130054209781,0.9689343038882848,0.9668408862197289,16.099999999999998,0.0,0.0,0.0,0.0,1.0
SE-O,2019,2019-08-25,2.0,2.025980005973201,0.9281780950160475,0.9258346058437199,16.78142857142857,0.0,0.0,0.0,0.0,0.1616211031538355
SE-O,2019,2019-09-01,7.0,2.017013655289122,0.8991576040807966,0.8965797406055979,19.139285714285712,0.0,0.0,0.0,0.0,0.0
SE-O,2019,2019-09-08,2.0,1.8983071101589764,0.8858676200851275,0.883053329563307,14.057142857142859,0.0,0.0,0.0,0.0,0.0
SE-O,2019,2019-09-15,0.0,1.7294528158371745,0.8860394522283276,0.882976909579213,14.94,0.0,0.0,0.0,0.0,0.0
SE-O,2019,2019-09-22,2.0,1.5666633454797263,0.8984148172303608,0.8950786970788328,11.821428571428571,0.0,0.0,0.0,0.0,0.0
SE-O,2019,2019-09-29,2.0,1.4434460392946813,0.9251978193911679,0.9215354269567096,12.230714285714285,0.0,0.0,0.0,0.0,0.0
SE-O,2019,2019-10-06,0.0,1.381067017641806,0.9670158671701902,0.9629483599676428,6.2542857142857144,0.0,0.0,0.0,0.0,0.0
SE-O,2019,2019-10-13,1.0,1.3999682977689554,1.0224300836392326,1.0178540096060205,8.862857142857143,0.0,0.0,0.0,0.0,0.0
SE-O,2019,2019-10-20,1.0,1.5284300891810991,1.0909853059365477,1.0857542069717465,10.776428571428573,0.0,0.0,0.0,0.0,0.0
SE-O,2019,2019-10-27,2.0,1.8216208347085905,1.1716967544419152,1.1655904349198536,9.812142857142858,0.0,0.0,0.0,0.0,0.0
SE-O,2019,2019-11-03,0.0,2.3819291800688003,1.1229515485587303,1.1164686435451605,4.181428571428571,1.0,0.0,0.0,0.0,0.0
SE-O,2019,2019-11-10,3.0,3.1785239274225514,1.3349468192062226,1.3261757135371022,2.323571428571429,0.0,0.0,0.0,0.0,0.0
SE-O,2019,2019-11-17,3.0,4.783718379958399,1.3894355966222047,1.378342205147581,5.104285714285714,0.0,0.0,0.0,0.0,0.0
SE-O,2019,2019-11-24,10.0,8.395787582044587,1.4109091633013642,1.3959732853945415,6.690714285714286,0.0,0.0,0.0,0.0,0.0
SE-O,2019,2019-12-01,13.0,15.431718861902485,1.3928540508485507,1.3714742321682547,2.48,0.0,0.0,0.0,0.0,0.0
SE-O,2019,2019-12-08,28.0,27.930588308476242,1.3366976263953352,1.3052339815329648,4.728571428571429,0.0,0.0,0.0,0.0,0.0
SE-O,2019,2019-12-15,55.0,47.0371630277205,1.2794122073732763,1.2330915755199692,3.338571428571428,0.0,0.0,0.0,0.0,0.0
SE-O,2019,2019-12-22,88.0,71.53115976441858,1.1541832016378837,1.0927610830399368,5.281428571428571,0.0,0.30126649640802505,0.0,0.0,0.0
SE-O,2019,2019-12-29,59.0,94.58642656970117,0.9077538767732234,0.8435943162646128,2.173571428571429,0.0,1.0,0.0,0.0,0.0
SE-O,2019,2020-01-05,98.0,89.72340083644258,0.9054356402508744,0.8302388761878381,4.755,0.0,1.0,0.0,0.0,0.0
SE-O,2019,2020-01-12,83.0,69.99553949765831,1.160376581020605,1.0521186306656731,5.199285714285714,0.0,0.2993440559263617,0.0,0.0,0.0
SE-O,2019,2020-01-19,49.0,59.97626589447406,1.2786062511671072,1.1441119678717129,5.584285714285714,0.0,0.0,0.0,0.0,0.0
SE-O,2019,2020-01-26,67.0,69.4389489424972,1.274070790175155,1.1205776802215932,5.346428571428572,0.0,0.0,0.0,0.0,0.0
SE-O,2019,2020-02-02,101.0,85.60351073863433,1.2723836663139525,1.0958180558678419,4.586428571428572,0.0,0.0,0.0,0.0,0.0
SE-O,2019,2020-02-09,89.0,102.10421458952148,1.2844030013500543,1.0790731288635693,2.9778571428571428,0.0,0.0,0.0,0.0,0.0
SE-O,2019,2020-02-16,122.0,116.98151535780624,1.1319146932962203,0.9261500746557951,4.6414285714285715,0.0,0.0,0.8324551660883983,0.0,0.0
SE-O,2019,2020-02-23,121.0,119.05827953524368,1.2889644680039616,1.0285627016086216,5.225714285714285,0.0,0.0,0.14833195229524018,0.0,0.0
SE-O,2019,2020-03-01,104.0,115.9886983812064,1.3282688449544122,1.0314565967736073,1.0514285714285714,0.0,0.0,0.019212881616361723,0.0,0.0
SE-O,2019,2020-03-08,131.0,119.92192376910984,1.3318827867837968,1.0046939516470508,3.462857142857143,0.0,0.0,0.0,0.0,0.0
SE-O,2019,2020-03-15,121.0,123.23471382352021,1.3308340166704027,0.974765393138377,4.168571428571428,0.0,0.0,0.0,0.0,0.0
SE-O,2019,2020-03-22,,121.43150738454358,1.3308139779770547,0.9473946903573939,4.289285714285714,0.0,0.0,0.0,0.0,0.0
SE-O,2019,2020-03-29,,114.15147421938401,1.33081397812949,0.9228287587247995,3.959285714285715,0.0,0.0,0.0,0.0,0.0
SE-O,2019,2020-04-05,,102.69759764749703,1.330813978289637,0.9016298453321433,5.046428571428572,0.0,0.0,0.0,0.0,0.0
SE-O,2019,2020-04-12,,84.81828366980096,1.1401292314929208,0.7583636001871065,7.6899999999999995,0.0,0.0,0.0,0.9058421577812991,0.0
SE-O,2019,2020-04-19,,71.35613235886785,1.3095921454226407,0.8600987487267788,6.863571428571428,0.0,0.0,0.0,0.09415784221870115,0.0
SE-O,2019,2020-04-26,,49.065029219174356,1.3308139786447148,0.8650937433007907,10.924285714285714,0.0,0.0,0.0,0.0,0.0
SE-O,2019,2020-05-03,,36.40478965998629,1.3308139787265298,0.8580250978750398,7.3864285714285725,0.0,0.0,0.0,0.0,0.0
SE-O,2019,2020-05-10,,31.3709533367697,1.330813978787536,0.8524984212462731,9.439285714285715,0.0,0.0,0.0,0.0,0.0
SE-O,2019,2020-05-17,,23.394592749076526,1.330813978828276,0.8482098028430235,7.117857142857143,0.0,0.0,0.0,0.0,0.0
SE-O,2019,2020-05-24,,18.17200460733289,1.330813978887149,0.8448996342411241,11.605714285714285,0.0,0.0,0.0,0.0,0.0
SE-O,2019,2020-05-31,,14.03650687923156,1.3308139789578939,0.8423530988978991,14.68857142857143,0.0,0.0,0.0,0.0,0.0
SE-O,2019,2020-06-07,,10.804320318905031,1.3308139790220286,0.840396893357774,15.504285714285713,0.0,0.0,0.0,0.0,0.0
SE-rest,2019,2019-06-30,,1.1258189479638219,1.0333406039792632,1.033310953731506,17.697397032973292,0.0,0.0,0.0,0.0,1.0
SE-rest,2019,2019-07-07,,1.305376206284885,1.0346683895307984,1.034557647200309,13.814325494420576,0.0,0.0,0.0,0.0,1.0
SE-rest,2019,2019-07-14,,1.6789969226072707,1.036218768285252,1.036005742250978,15.62915571773976,0.0,0.0,0.0,0.0,1.0
SE-rest,2019,2019-07-21,,2.1119323172858726,1.0364093369481127,1.0360716598633422,16.814358230641776,0.0,0.0,0.0,0.0,1.0
SE-rest,2019,2019-07-28,1.0,2.575436184136721,1.030711087556022,1.0302280345804145,21.74954073870798,0.0,0.0,0.0,0.0,1.0
SE-rest,2019,2019-08-04,4.0,3.0542550569291116,1.0146941055563559,1.0140517828896995,15.973026398906569,0.0,0.0,0.0,0.0,1.0
SE-rest,2019,2019-08-11,2.0,3.502313454549577,0.9856119489139071,0.9848098895778655,17.025219440674302,0.0,0.0,0.0,0.0,0.9992054748891867
SE-rest,2019,2019-08-18,4.0,3.8351969656868516,0.945242177660666,0.9442962248029195,16.463597727533873,0.0,0.0,0.0,0.0,0.9606543544801633
SE-rest,2019,2019-08-25,9.0,3.9509170013596533,0.8981958622583753,0.8971355977083889,16.410331089622748,0.0,0.0,0.0,0.0,0.13177852686031583
SE-rest,2019,2019-09-01,4.0,3.7926912034100932,0.8792202825409555,0.8780396260400058,19.30506756438891,0.0,0.0,0.0,0.0,0.0
SE-rest,2019,2019-09-08,5.0,3.455030719583199,0.8858554327805763,0.884536790676767,13.725008534531595,0.0,0.0,0.0,0.0,0.0
SE-rest,2019,2019-09-15,0.0,3.1237051092994355,0.9151230287696369,0.9136366505826553,14.369928805605124,0.0,0.0,0.0,0.0,0.0
SE-rest,2019,2019-09-22,3.0,2.923776747612856,0.9637853970332754,0.962089591330266,9.630139736397192,0.0,0.0,0.0,0.0,0.0
SE-rest,2019,2019-09-29,2.0,2.9260084752047586,1.0300554321426756,1.0280911472741603,9.919169833202863,0.0,0.0,0.0,0.0,0.0
SE-rest,2019,2019-10-06,1.0,3.2047270556478815,1.1076290288499582,1.1053196052791363,5.406420022110322,0.0,0.0,0.0,0.0,0.0
SE-rest,2019,2019-10-13,3.0,3.8961463586992693,1.1878098390990146,1.1850494276162553,7.128407237420026,0.0013301719692353222,0.0,0.0,0.0,0.0
SE-rest,2019,2019-10-20,7.0,5.272011283307791,1.2661980068741516,1.2628062411522618,8.134993445710071,0.0,0.0,0.0,0.0,0.0
SE-rest,2019,2019-10-27,4.0,7.906587177941784,1.3267768171818337,1.3224588185669917,7.873826805818437,0.0046765191003894655,0.0,0.0,0.0,0.0
SE-rest,2019,2019-11-03,11.0,12.805315683329043,1.1991389766511553,1.1941482549722722,2.2957097158689583,0.9939933089303752,0.0,0.0,0.0,0.0
SE-rest,2019,2019-11-10,18.0,19.59915276662834,1.29573830012609,1.2886305269956864,0.3792718091322606,0.0,0.0,0.0,0.0,0.0
SE-rest,2019,2019-11-17,36.0,29.5428560529327,1.2220082882635122,1.212830392691767,3.2929476538471993,0.0,0.0,0.0,0.0,0.0
SE-rest,2019,2019-11-24,55.0,43.574421516726844,1.1825843367218167,1.1704228286693616,5.0924619813949965,0.0,0.0,0.0,0.0,0.0
SE-rest,2019,2019-12-01,51.0,59.47797851060744,1.196779298707297,1.1800982555074473,0.8686056416555322,0.0,0.0,0.0,0.0,0.0
SE-rest,2019,2019-12-08,78.0,79.25380284750344,1.241315587448329,1.2178278788960384,2.153120011016209,0.0,0.0,0.0,0.0,0.0
SE-rest,2019,2019-12-15,109.0,109.2591245566694,1.3116953433166443,1.277307803710165,2.0477619735117356,0.0,0.0,0.0,0.0,0.0
SE-rest,2019,2019-12-22,173.0,161.9266041747572,1.2590833970961754,1.2121814056370472,2.6708773379708224,0.0,0.3445580957902141,0.0,0.0,0.0
SE-rest,2019,2019-12-29,200.0,242.18683154448388,1.0176880455147435,0.9657497677375458,0.5635748053624701,0.0,0.9981611811006461,0.0,0.0,0.0
SE-rest,2019,2020-01-05,286.0,273.61081281015163,0.947892826358878,0.8882609156563381,3.656710132368638,0.0,1.0,0.0,0.0,0.0
SE-rest,2019,2020-01-12,288.0,250.01057508477084,1.1333882971409184,1.0502161098315679,3.355295512764709,0.0,0.3021227765264092,0.0,0.0,0.0
SE-rest,2019,2020-01-19,220.0,228.8894729025301,1.2490562197866084,1.1425068373571778,3.7864157867884507,0.0,0.0,0.0,0.0,0.0
SE-rest,2019,2020-01-26,244.0,265.5558240206635,1.2798350062456798,1.1508204583972075,3.5152532168741577,0.0,0.0,0.0,0.0,0.0
SE-rest,2019,2020-02-02,347.0,334.8796340880468,1.2822141045756503,1.1278968451176048,2.9929344746360327,0.0,0.0,0.0,0.0,0.0
SE-rest,2019,2020-02-09,405.0,418.74720599068974,1.2722443105513097,1.0892563639793669,0.4374560663684538,0.0,0.0,0.0,0.0,0.0
SE-rest,2019,2020-02-16,541.0,498.7863245692616,1.2929143351301662,1.0724690534791288,2.750076521394223,0.0,0.0,0.0715513379363827,0.0,0.0
SE-rest,2019,2020-02-23,531.0,566.2712606581802,1.309514371665147,1.0477990570550604,4.298559623452346,0.0,0.0,0.3079006257968338,0.0,0.0
SE-rest,2019,2020-03-01,590.0,624.6041322299527,1.261371209244341,0.9709055235597923,-0.5483157044367358,0.0,0.0,0.48090786910782907,0.0,0.0
SE-rest,2019,2020-03-08,707.0,641.4610616292463,1.2789453167428542,0.9479894241932231,1.5658843295607376,0.0,0.0,0.13964016715895444,0.0,0.0
SE-rest,2019,2020-03-15,578.0,603.5521505734009,1.2925592724135915,0.9251105192784789,3.0496537307547413,0.0,0.0,0.0,0.0,0.0
SE-rest,2019,2020-03-22,,541.3467398585985,1.2922698218075346,0.8965783686744533,2.8417470454467773,0.0,0.0,0.0,0.0,0.0
SE-rest,2019,2020-03-29,,466.0933920540918,1.2922698219672653,0.8733018654603972,3.9418835691530143,0.0,0.0,0.0,0.0,0.0
SE-rest,2019,2020-04-05,,384.5177408862773,1.2922698221230673,0.8548694233929248,3.108028674310676,0.0,0.0,0.0,0.0,0.0
SE-rest,2019,2020-04-12,,292.5412684366838,1.1579555265628478,0.7539461324618707,7.041340543732523,0.0,0.0,0.0,0.6428161304302326,0.0
SE-rest,2019,2020-04-19,,233.39106142047905,1.2158218942714005,0.7834128952857673,6.328022492564912,0.0,0.0,0.0,0.35718386956976733,0.0
SE-rest,2019,2020-04-26,,149.69779904950417,1.2922698227625804,0.8265173434743908,9.233908747707929,0.0,0.0,0.0,0.0,0.0
SE-rest,2019,2020-05-03,,100.6596326878665,1.29226982305476,0.8219465354504695,5.7663552597572,0.0,0.0,0.0,0.0,0.0
SE-rest,2019,2020-05-10,,80.56388391827261,1.292269823337077,0.818596654963314,8.478226578949906,0.0,0.0,0.0,0.0,0.0
SE-rest,2019,2020-05-17,,56.13109327985749,1.2922698236105323,0.8161500088012471,5.921562020895119,0.0,0.0,0.0,0.0,0.0
SE-rest,2019,2020-05-24,,41.033315969612886,1.2922698238532353,0.814366941253717,9.819683123735429,0.0,0.0,0.0,0.0,0.0
SE-rest,2019,2020-05-31,,29.91812265637051,1.2922698240282355,0.8130681152030336,13.712840446418667,0.0,0.0,0.0,0.0,0.0
SE-rest,2019,2020-06-07,,21.799213360823117,1.2923661138619298,0.8121814343130976,14.57941010997616,0.0,0.0,0.0,0.0,0.005129367468076502
SE-M,2022,2022-07-03,,1.2261615213642896,0.9853938198304767,0.9852359818811331,19.740000000000002,0.0,0.0,0.0,0.0,1.0
SE-M,2022,2022-07-10,,1.2993795889312472,0.9811675988429747,0.9806194969676338,16.955000000000002,0.0,0.0,0.0,0.0,1.0
SE-M,2022,2022-07-17,,1.4392816915120548,0.9739657459219406,0.972996789187973,17.657857142857146,0.0,0.0,0.0,0.0,1.0
SE-M,2022,2022-07-24,,1.5745465480857743,0.9638289959078953,0.9624206186512333,19.85571428571429,0.0,0.0,0.0,0.0,1.0
SE-M,2022,2022-07-31,2.0,1.6819291556160931,0.9517125859926102,0.9498592783612283,17.282142857142855,0.0,0.0,0.0,0.0,1.0
SE-M,2022,2022-08-07,2.0,1.7519752007441507,0.9393369247786952,0.9370434426759197,18.42214285714286,0.0,0.0,0.0,0.0,1.0
SE-M,2022,2022-08-14,2.0,1.7812499886048585,0.9284865421867502,0.9257629391127145,19.65285714285714,0.0,0.0,0.0,0.0,1.0
SE-M,2022,2022-08-21,2.0,1.7729563083823596,0.9115657244496994,0.9084548331341927,21.42142857142857,0.0,0.0,0.0,0.0,0.2901213173656766
SE-M,2022,2022-08-28,2.0,1.7275957108694076,0.9058241081789289,0.9023178636015882,19.200714285714287,0.0,0.0,0.0,0.0,0.0
SE-M,2022,2022-09-04,2.0,1.6539314164188144,0.9122362741995252,0.9083055488259968,15.280714285714287,0.0,0.0,0.0,0.0,0.0
SE-M,2022,2022-09-11,2.0,1.5879166901261959,0.9298043045333552,0.9253993418587075,15.61214285714286,0.0,0.0,0.0,0.0,0.0
SE-M,2022,2022-09-18,1.0,1.5572324327944567,0.9589754063262179,0.9540149132597368,13.952142857142857,0.0,0.0,0.0,0.0,0.0
SE-M,2022,2022-09-25,0.0,1.5852011057658415,0.9966761459400114,0.9910579633384209,11.731428571428571,0.0,0.0,0.0,0.0,0.0
SE-M,2022,2022-10-02,2.0,1.6949983437992695,1.0403420320294736,1.0339333192859512,11.417142857142858,0.0,0.0,0.0,0.0,0.0
SE-M,2022,2022-10-09,2.0,1.915550117332822,1.0884606594626935,1.0810752586057126,12.832142857142857,0.0,0.0,0.0,0.0,0.0
SE-M,2022,2022-10-16,0.0,2.295950842422613,1.133417382069919,1.124831133018853,11.796428571428573,0.0,0.0,0.0,0.0,0.0
SE-M,2022,2022-10-23,2.0,2.912225394276838,1.1658748904839775,1.1558234416711883,9.97857142857143,0.0,0.0,0.0,0.0,0.0
SE-M,2022,2022-10-30,7.0,3.855223448994338,1.1881747484686354,1.1762425910927445,12.941428571428572,0.019900239810839226,0.0,0.0,0.0,0.0
SE-M,2022,2022-11-06,7.0,5.200358746213616,1.0952079019808738,1.0821904825560347,10.544285714285715,0.9800997601891607,0.0,0.0,0.0,0.0
SE-M,2022,2022-11-13,5.0,6.6472574170710885,1.2744869473131233,1.256314570613695,11.877142857142857,0.0,0.0,0.0,0.0,0.0
SE-M,2022,2022-11-20,13.0,9.050767475909788,1.3551070111301755,1.3306475610851212,4.495,0.0,0.0,0.0,0.0,0.0
SE-M,2022,2022-11-27,13.0,14.447122124867306,1.4738360355873152,1.4372283786975912,4.26,0.0,0.0,0.0,0.0,0.0
SE-M,2022,2022-12-04,17.0,26.575303817773396,1.5992226219122014,1.5369773919333685,3.2942857142857145,0.0,0.0,0.0,0.0,0.0
SE-M,2022,2022-12-11,55.0,56.36721114797746,1.6680562943587318,1.5498348846934935,-1.1721428571428572,0.0,0.0,0.0,0.0,0.0
SE-M,2022,2022-12-18,116.0,126.48074825717885,1.6274805168899948,1.4026919736743158,-4.460714285714286,0.0,0.0,0.0,0.0,0.0
SE-M,2022,2022-12-25,241.0,250.68451635164354,1.2721113082404654,0.9716252940518318,2.8485714285714288,0.0,0.5045626257076979,0.0,0.0,0.0
SE-M,2022,2023-01-01,415.0,335.14070397306216,0.9619077194614196,0.659990860939498,6.180000000000001,0.0,1.0,0.0,0.0,0.0
SE-M,2022,2023-01-08,309.0,243.27068870988813,0.9487123876086377,0.6168736326371237,5.228571428571428,0.0,1.0,0.0,0.0,0.0
SE-M,2022,2023-01-15,137.0,148.3356278219087,1.3623478721321873,0.8591128033092502,5.845714285714286,0.0,0.2053682549326616,0.0,0.0,0.0
SE-M,2022,2023-01-22,49.0,78.972241499803,1.6524300957429863,1.0136348334217133,1.6400000000000001,0.0,0.0,0.0,0.0,0.0
SE-M,2022,2023-01-29,40.0,65.88762028707337,1.8411062350137428,1.0942441655549398,1.215714285714286,0.0,0.0,0.0,0.0,0.0
SE-M,2022,2023-02-05,72.0,70.61060096637522,1.9272798110150717,1.1019296825232523,1.7507142857142857,0.0,0.0,0.0,0.0,0.0
SE-M,2022,2023-02-12,110.0,82.27947922407967,1.949000505862422,1.0634289604936258,2.6685714285714286,0.0,0.0,0.0,0.0,0.0
SE-M,2022,2023-02-19,100.0,93.79594742886644,1.9919629131099004,1.0306454597657668,4.6207142857142856,0.0,0.0,0.0,0.0,0.0
SE-M,2022,2023-02-26,99.0,100.43811075740939,1.7623356986601373,0.8648010983857911,3.0707142857142857,0.0,0.0,0.9800997601891607,0.0,0.0
SE-M,2022,2023-03-05,85.0,93.69305214204968,2.156414564593287,1.0095086103003494,1.905,0.0,0.0,0.019900239810839226,0.0,0.0
SE-M,2022,2023-03-12,69.0,84.69396107509115,2.196210732279849,0.9780300827298725,-0.20857142857142866,0.0,0.0,0.0,0.0,0.0
SE-M,2022,2023-03-19,103.0,81.89196908197137,2.1849538150390075,0.9266351598189818,5.1971428571428575,0.0,0.0,0.0,0.0,0.0
SE-M,2022,2023-03-26,79.0,75.78450781666872,2.181004129726807,0.8854207645441837,6.968571428571429,0.0,0.0,0.0,0.0,0.0
SE-M,2022,2023-04-02,60.0,65.07514634335226,2.1868791334115083,0.8560555627367934,3.8757142857142854,0.0,0.0,0.0,0.0,0.0
SE-M,2022,2023-04-09,46.0,50.22186369812945,1.9190816636615917,0.731139672673241,4.425714285714286,0.0,0.0,0.0,0.7578057518202803,0.0
SE-M,2022,2023-04-16,44.0,39.61135373041449,2.0916247120079396,0.7831588951260414,7.867857142857143,0.0,0.0,0.0,0.24219424817971952,0.0
SE-M,2022,2023-04-23,29.0,24.83439189375682,2.1892221358983526,0.8096345936931246,9.969285714285716,0.0,0.0,0.0,0.0,0.0
SE-M,2022,2023-04-30,10.0,17.078393679510203,2.1972762158667427,0.8053407278232072,7.878571428571431,0.0,0.0,0.0,0.0,0.0
SE-M,2022,2023-05-07,13.0,12.163998081412322,2.181417373930496,0.7943915439804223,8.096428571428572,0.0,0.0,0.0,0.0,0.0
SE-M,2022,2023-05-14,8.0,8.651859531854228,2.1437750287011137,0.7771669320901149,13.687142857142858,0.0,0.0,0.0,0.0,0.0
SE-M,2022,2023-05-21,9.0,6.031404419756843,2.103661201892464,0.7602892614918116,12.387142857142857,0.0,0.0,0.0,0.0,0.0
SE-M,2022,2023-05-28,6.0,4.095500250607454,2.080218970117279,0.750287203931738,14.237142857142857,0.0,0.0,0.0,0.0,0.0
SE-M,2022,2023-06-04,1.0,2.7264434667643473,2.0732720195638907,0.746774350155735,14.435714285714287,0.0,0.0,0.0,0.0,0.0
SE-M,2022,2023-06-11,1.0,1.8071187044515764,2.07424227007689,0.7464485347355865,16.587857142857143,0.0,0.0,0.0,0.0,0.05991371129622848
SE-O,2022,2022-07-03,,0.790157592473427,1.0439964561960728,1.0438908854760203,19.907857142857143,0.0,0.0,0.0,0.0,1.0
SE-O,2022,2022-07-10,,0.8836305374994387,1.0451053315316259,1.0447197293346735,16.57357142857143,0.0,0.0,0.0,0.0,1.0
SE-O,2022,2022-07-17,,1.079906237464146,1.045613188568957,1.0448876998748835,16.971428571428568,0.0,0.0,0.0,0.0,1.0
SE-O,2022,2022-07-24,,1.3095328449094708,1.0448481604105164,1.0437195316182526,20.15428571428572,0.0,0.0,0.0,0.0,1.0
SE-O,2022,2022-07-31,1.0,1.5564703385609153,1.0408239212930515,1.0392303620431218,17.845,0.0,0.0,0.0,0.0,1.0
SE-O,2022,2022-08-07,2.0,1.8142594523500062,1.029986410966677,1.0278795021409375,17.087142857142858,0.0,0.0,0.0,0.0,1.0
SE-O,2022,2022-08-14,0.0,2.0656562424919382,1.0077970133161072,1.0051629814930818,19.61642857142857,0.0,0.0,0.0,0.0,1.0
SE-O,2022,2022-08-21,4.0,2.2722001467566217,0.9679483496968315,0.964842226357507,20.31357142857143,0.0,0.0,0.0,0.0,0.47782182827740155
SE-O,2022,2022-08-28,4.0,2.3690339342685167,0.9283296895461788,0.9248107835053724,18.106428571428573,0.0,0.0,0.0,0.0,0.0081820362655258
SE-O,2022,2022-09-04,3.0,2.311301651350366,0.9027242609615092,0.8988190876425539,14.510714285714286,0.0,0.0,0.0,0.0,0.0
SE-O,2022,2022-09-11,3.0,2.1387165017422065,0.889688969795532,0.8854144647786636,14.106428571428571,0.0,0.0,0.0,0.0,0.0
SE-O,2022,2022-09-18,2.0,1.9198703256591658,0.8914537867818638,0.8867915503480174,13.352142857142857,0.0,0.0,0.0,0.0,0.0
SE-O,2022,2022-09-25,1.0,1.7143829673206938,0.9075653743959524,0.9024681868057567,11.416428571428574,0.0,0.0,0.0,0.0,0.0
SE-O,2022,2022-10-02,1.0,1.5621878910284526,0.9364518385374586,0.9308492688453953,11.015714285714287,0.0,0.0,0.0,0.0,0.0
SE-O,2022,2022-10-09,1.0,1.4846795241210446,0.977667195366202,0.9714576195682653,11.725,0.0,0.0,0.0,0.0,0.0
SE-O,2022,2022-10-16,2.0,1.4971006785125498,1.0322573433905429,1.0252893547818867,11.022142857142857,0.0,0.0,0.0,0.0,0.0
SE-O,2022,2022-10-23,0.0,1.6257937903518873,1.1004777455538086,1.0925316673904302,8.62857142857143,0.0,0.0,0.0,0.0,0.0
SE-O,2022,2022-10-30,3.0,1.929636531489749,1.1826326033894035,1.1733681339603301,12.244285714285718,0.0,0.0,0.0,0.0,0.0
SE-O,2022,2022-11-06,1.0,2.5209559143757203,1.1431771121671421,1.1332702600968023,10.662857142857144,1.0,0.0,0.0,0.0,0.0
SE-O,2022,2022-11-13,5.0,3.3984409357611556,1.3936334915942834,1.379845414103449,11.522857142857145,0.0,0.0,0.0,0.0,0.0
SE-O,2022,2022-11-20,2.0,5.373926130428474,1.5149684339782523,1.4963135463862096,4.235714285714286,0.0,0.0,0.0,0.0,0.0
SE-O,2022,2022-11-27,10.0,10.712917892868367,1.6226721949564422,1.5938150646394345,3.150714285714286,0.0,0.0,0.0,0.0,0.0
SE-O,2022,2022-12-04,26.0,24.774867019681242,1.6936256496560727,1.6403889330931896,2.7192857142857148,0.0,0.0,0.0,0.0,0.0
SE-O,2022,2022-12-11,51.0,62.116519662702274,1.6771869264021788,1.5676591618823548,-2.9214285714285717,0.0,0.0,0.0,0.0,0.0
SE-O,2022,2022-12-18,134.0,148.49500275065589,1.536838860417278,1.330036454245951,-4.371428571428571,0.0,0.0,0.0,0.0,0.0
SE-O,2022,2022-12-25,369.0,280.07760848341496,1.1947883382374536,0.9244758552111408,1.6364285714285713,0.0,0.4661379478566324,0.0,0.0,0.0
SE-O,2022,2023-01-01,329.0,345.56560391307835,0.9393117728913495,0.6625235088973043,4.378571428571428,0.0,1.0,0.0,0.0,0.0
SE-O,2022,2023-01-08,240.0,242.07438139674645,0.970718143991362,0.6530114822053825,2.177142857142857,0.0,1.0,0.0,0.0,0.0
SE-O,2022,2023-01-15,151.0,150.50385850143246,1.4342676940007801,0.9361746949046602,5.115,0.0,0.1384315087164952,0.0,0.0,0.0
SE-O,2022,2023-01-22,67.0,88.86616281393549,1.6582910698479691,1.049658836796027,1.0064285714285712,0.0,0.0,0.0,0.0,0.0
SE-O,2022,2023-01-29,71.0,82.51388886505904,1.7758395605763655,1.0843221824890303,1.7521428571428572,0.0,0.0,0.0,0.0,0.0
SE-O,2022,2023-02-05,101.0,90.96863986650692,1.8140449396991367,1.0614437907747203,0.4064285714285714,0.0,0.0,0.0,0.0,0.0
SE-O,2022,2023-02-12,114.0,102.04914332369611,1.8195510186010218,1.0149116434666545,3.2635714285714283,0.0,0.0,0.0,0.0,0.0
SE-O,2022,2023-02-19,105.0,107.9301501883095,1.5993887115237928,0.851702836340283,3.93,0.0,0.0,0.8465485235113981,0.0,0.0
SE-O,2022,2023-02-26,113.0,98.32313597084399,1.8787625877207852,0.9621837632098089,1.9700000000000004,0.0,0.0,0.14161610224608123,0.0,0.0
SE-O,2022,2023-03-05,80.0,84.48033919456911,2.061710981684753,1.0150253435049408,1.7828571428571427,0.0,0.0,0.011835374242520819,0.0,0.0
SE-O,2022,2023-03-12,61.0,80.6421039984471,2.1928494418821005,1.0345199844807431,-3.1664285714285714,0.0,0.0,0.0,0.0,0.0
SE-O,2022,2023-03-19,85.0,83.08470606530474,2.235800014713351,1.0068124032282866,3.7342857142857144,0.0,0.0,0.0,0.0,0.0
SE-O,2022,2023-03-26,100.0,85.69925109865592,2.2268423690328483,0.9560197719426718,5.440714285714285,0.0,0.0,0.0,0.0,0.0
SE-O,2022,2023-04-02,83.0,83.2638889201761,2.2133568614172705,0.9086085154658917,0.6528571428571429,0.0,0.0,0.0,0.0,0.0
SE-O,2022,2023-04-09,64.0,71.6405632482425,2.1107880887421233,0.8342613949005344,4.248571428571429,0.0,0.0,0.0,0.2441504246621627,0.0
SE-O,2022,2023-04-16,77.0,63.53306207560888,1.9339407591217235,0.7436195297704147,8.517142857142858,0.0,0.0,0.0,0.7558495753378374,0.0
SE-O,2022,2023-04-23,35.0,43.191643165597554,2.2097794254460768,0.8340654421057428,10.488571428571428,0.0,0.0,0.0,0.0,0.0
SE-O,2022,2023-04-30,27.0,29.766645892458044,2.1976821975644234,0.8177869634859091,7.296428571428572,0.0,0.0,0.0,0.0,0.0
SE-O,2022,2023-05-07,24.0,21.61951517265191,2.1539461409459126,0.7932769694203611,7.944999999999999,0.0,0.0,0.0,0.0,0.0
SE-O,2022,2023-05-14,13.0,15.526045373474618,2.0855438331225318,0.7626290672904116,15.147142857142857,0.0,0.0,0.0,0.0,0.0
SE-O,2022,2023-05-21,14.0,10.668261560532883,2.0152775584988256,0.7335241818392217,13.137857142857143,0.0,0.0,0.0,0.0,0.0
SE-O,2022,2023-05-28,12.0,6.950712409717044,1.9732260516359492,0.716157311836706,14.592142857142857,0.0,0.0,0.0,0.0,0.0
SE-O,2022,2023-06-04,1.0,4.334363800493696,1.9606922290779265,0.7103680261454007,13.985714285714286,0.0,0.0,0.0,0.0,0.0
SE-O,2022,2023-06-11,1.0,2.6455132471560634,1.9609549635053372,0.7097071289070163,17.157142857142862,0.0,0.0,0.0,0.0,0.0611725605687207
SE-rest,2022,2022-07-03,,8.196318192881261,1.064314479057781,1.0641684056320782,21.182951245343645,0.0,0.0,0.0,0.0,1.0
SE-rest,2022,2022-07-10,,9.312041609146979,1.0660242301775227,1.0654833352593551,16.15173437114662,0.0,0.0,0.0,0.0,1.0
SE-rest,2022,2022-07-17,,11.702845851375951,1.0660802893725576,1.065047387009233,16.35414975842897,0.0,0.0,0.0,0.0,1.0
SE-rest,2022,2022-07-24,,14.580347527080416,1.059533027397819,1.057911835747517,19.260527907394728,0.0,0.0,0.0,0.0,1.0
SE-rest,2022,2022-07-31,13.0,17.695160606990154,1.0351689087613838,1.032903542846734,17.24857761147764,0.0,0.0,0.0,0.0,1.0
SE-rest,2022,2022-08-07,25.0,20.643030069835223,0.9903321808854608,0.987446214997001,17.797373063637572,0.0,0.0,0.0,0.0,1.0
SE-rest,2022,2022-08-14,21.0,22.588223869423935,0.936046894582297,0.9326321846509441,19.514576305849307,0.0,0.0,0.0,0.0,0.9994871560896222
SE-rest,2022,2022-08-21,27.0,22.753164250991965,0.8806043025858126,0.8767963376495744,20.792301305042304,0.0,0.0,0.0,0.0,0.4194925286111721
SE-rest,2022,2022-08-28,25.0,20.98780562674578,0.8527200868094,0.8485397371376556,17.209372953549035,0.0,0.0,0.0,0.0,0.020656937267001112
SE-rest,2022,2022-09-04,18.0,18.098423501297432,0.8613654491436374,0.8567234716382278,12.06247610888328,0.0,0.0,0.0,0.0,0.0
SE-rest,2022,2022-09-11,11.0,15.4166968411106,0.8936247370508924,0.8884244287840461,12.425760848212418,0.0,0.0,0.0,0.0,0.0
SE-rest,2022,2022-09-18,11.0,13.694856381619351,0.934655108909012,0.9288330751526283,12.208230388531478,0.0,0.0,0.0,0.0,0.0
SE-rest,2022,2022-09-25,12.0,13.04248847662382,0.9739327787556394,0.9674579456267995,10.570415706639665,0.0,0.0,0.0,0.0,0.0
SE-rest,2022,2022-10-02,15.0,13.317505032059442,1.004972164278003,0.9978361567864618,10.354400198236721,0.0,0.0,0.0,0.0,0.0
SE-rest,2022,2022-10-09,8.0,14.355215973803162,1.0225271797517823,1.014750361070645,10.89247983916707,0.0,0.0,0.0,0.0,0.0
SE-rest,2022,2022-10-16,28.0,15.969232357431936,1.040493806333704,1.0319857315959957,9.604112864651581,0.0013301719692353222,0.0,0.0,0.0,0.0
SE-rest,2022,2022-10-23,15.0,18.071736246175227,1.0841290435849136,1.074542629633591,6.496347271375832,0.0,0.0,0.0,0.0,0.0
SE-rest,2022,2022-10-30,21.0,21.21701491326494,1.159097044735001,1.1478802573821763,9.546320897126384,0.0,0.0,0.0,0.0,0.0
SE-rest,2022,2022-11-06,27.0,26.747231363934205,1.1373088964662341,1.1250549970389956,8.493605109531416,0.9905540866876795,0.0,0.0,0.0,0.0
SE-rest,2022,2022-11-13,37.0,35.12487517974165,1.4236681762192507,1.4060105662227558,8.976582913830326,0.008115741343085127,0.0,0.0,0.0,0.0
SE-rest,2022,2022-11-20,40.0,56.38168732075381,1.5587544947765584,1.5341769840490511,1.8562019618619818,0.0,0.0,0.0,0.0,0.0
SE-rest,2022,2022-11-27,119.0,117.81663715832768,1.5894643765089924,1.5521634579520793,0.8314531080969397,0.0,0.0,0.0,0.0,0.0
SE-rest,2022,2022-12-04,285.0,267.50762198859206,1.5566070914480317,1.4934292112123304,1.0479110768579072,0.0,0.0,0.0,0.0,0.0
SE-rest,2022,2022-12-11,575.0,578.7933565203916,1.5409523099435185,1.425068817427544,-5.166176197625239,0.0,0.0,0.0,0.0,0.0
SE-rest,2022,2022-12-18,1136.0,1143.263464390015,1.507205061167124,1.3010497363497275,-7.290011525449337,0.0,0.0008490278314139176,0.0,0.0,0.0
SE-rest,2022,2022-12-25,1904.0,1958.3222536872065,1.1921806795587064,0.9332837750303798,-1.3281612482136482,0.0,0.5056293980170642,0.0,0.0,0.0
SE-rest,2022,2023-01-01,2518.0,2401.2434385683537,0.9175111615211317,0.6619409745834185,1.7864911100125036,0.0,1.0,0.0,0.0,0.0
SE-rest,2022,2023-01-08,1676.0,1690.4522588121063,0.9444923210772543,0.6538443871730847,-1.5294682226800127,0.0,1.0,0.0,0.0,0.0
SE-rest,2022,2023-01-15,1064.0,1052.3814724862564,1.4497159145548435,0.9770433040000925,2.973976327986928,0.0,0.11660342603946962,0.0,0.0,0.0
SE-rest,2022,2023-01-22,584.0,641.4556254219526,1.683990827961653,1.1018694751257534,-0.860853823219826,0.0,0.0006412676381238291,0.0,0.0,0.0
SE-rest,2022,2023-01-29,648.0,644.0837914896761,1.7193362697319967,1.0844259685889417,0.20711072316658255,0.0,0.0,0.0,0.0,0.0
SE-rest,2022,2023-02-05,766.0,743.3706736349566,1.6538654398187234,1.0002785571258812,-2.563487097602671,0.0,0.0,0.0,0.0,0.0
SE-rest,2022,2023-02-12,812.0,798.3969473931625,1.6393923961006205,0.9507352949262866,0.7880699733700632,0.0,0.0,0.0,0.0,0.0
SE-rest,2022,2023-02-19,783.0,770.2650303961735,1.7248596912918788,0.9612364826041581,2.1640676231384814,0.0,0.0,0.06552325580608219,0.0,0.0
SE-rest,2022,2023-02-26,678.0,712.5155771356298,1.798413539778799,0.9642670995833862,-1.2825205152553365,0.0,0.0,0.3157005105288018,0.0,0.0
SE-rest,2022,2023-03-05,660.0,666.1255267707334,1.8180954840655235,0.9391264223035906,1.7358176368366907,0.0,0.0,0.48245912716620054,0.0,0.0
SE-rest,2022,2023-03-12,634.0,617.6266604748508,1.9317586387300367,0.9631174349624108,-4.616617858236102,0.0,0.0,0.13631710649891568,0.0,0.0
SE-rest,2022,2023-03-19,576.0,568.9926024525691,1.9896490257834796,0.9584740764684775,1.1550533334651096,0.0,0.0,0.0,0.0,0.0
SE-rest,2022,2023-03-26,524.0,528.3618545499304,2.0128037006486763,0.9385245270865628,2.792753936791659,0.0,0.0,0.0,0.0,0.0
SE-rest,2022,2023-04-02,468.0,484.09643243308983,1.9957955703703583,0.9034102133499999,-1.9607874335680393,0.0,0.0,0.0,0.0,0.0
SE-rest,2022,2023-04-09,427.0,408.3164248272666,1.8982101148868704,0.8381953319677938,1.8514380488675872,0.0,0.0,0.0,0.2089592531433013,0.0
SE-rest,2022,2023-04-16,368.0,361.0755784396863,1.7510982202078103,0.759405675552791,5.839266757763702,0.0,0.0,0.0,0.7861903915417041,0.0
SE-rest,2022,2023-04-23,241.0,249.13083328576937,2.0774715143957008,0.8895216628864785,8.91154852305847,0.0,0.0,0.0,0.004850355314994877,0.0
SE-rest,2022,2023-04-30,170.0,181.94452847338655,2.0869993126860353,0.8839070551783946,5.195042459224644,0.0,0.0,0.0,0.0,0.0
SE-rest,2022,2023-05-07,137.0,146.9388220346469,1.9675499825496132,0.8259993324921356,5.698354878508929,0.0,0.0,0.0,0.0,0.0
SE-rest,2022,2023-05-14,141.0,116.25386187142516,1.8260846591230175,0.7617640305313192,13.288569232216227,0.0,0.0,0.0,0.0,0.0
SE-rest,2022,2023-05-21,93.0,83.32435185191011,1.78033692715283,0.7396402243627967,12.133843191649916,0.0,0.0,0.0,0.0,0.0
SE-rest,2022,2023-05-28,44.0,54.86264725969836,1.8095004724315602,0.7497928973393692,14.338990227051017,0.0,0.0,0.0,0.0,0.0
SE-rest,2022,2023-06-04,24.0,35.36793589784012,1.8386112373341388,0.7605363482331606,12.45816476961547,0.0,0.0,0.0,0.0,0.0
SE-rest,2022,2023-06-11,30.0,23.3197934282703,1.8473519742324362,0.7632491275382413,14.865073726340754,0.0,0.0,0.0,0.0,0.10006469345285196
SE-M,2023,2023-07-02,,0.13042961242737872,0.9868479217380246,0.9868240847599016,17.83214285714286,0.0,0.0,0.0,0.0,1.0
SE-M,2023,2023-07-09,,0.1702419131223542,0.9875788777585759,0.9874851424419269,17.245,0.0,0.0,0.0,0.0,1.0
SE-M,2023,2023-07-16,,0.24938867655703087,0.9914485535575571,0.9912602355885914,18.797857142857147,0.0,0.0,0.0,0.0,1.0
SE-M,2023,2023-07-23,,0.3353158296229091,0.9991929372690195,0.9988833927535172,16.24214285714286,0.0,0.0,0.0,0.0,1.0
SE-M,2023,2023-07-30,0.0,0.423491976309431,1.0100233344326601,1.0095626376653015,17.324285714285715,0.0,0.0,0.0,0.0,1.0
SE-M,2023,2023-08-06,0.0,0.5176608999822352,1.0210662367417787,1.0204209926441874,16.919285714285717,0.0,0.0,0.0,0.0,1.0
SE-M,2023,2023-08-13,0.0,0.6223005143695175,1.0295337644733633,1.0286678476975142,15.481428571428575,0.0,0.0,0.0,0.0,1.0
SE-M,2023,2023-08-20,2.0,0.7400126629012878,1.0265688408327651,1.0254534224093304,19.020000000000003,0.0,0.0,0.0,0.0,0.3286817443573655
SE-M,2023,2023-08-27,1.0,0.8668462328464911,1.0311137085535322,1.0297015592916483,17.957857142857144,0.0,0.0,0.0,0.0,0.0
SE-M,2023,2023-09-03,1.0,0.9991561126844372,1.0447396106714817,1.0429687846825917,15.651428571428573,0.0,0.0,0.0,0.0,0.0
SE-M,2023,2023-09-10,1.0,1.1531387697902735,1.0621795112038144,1.059975943308722,18.812142857142856,0.0,0.0,0.0,0.0,0.0
SE-M,2023,2023-09-17,1.0,1.3472519615123315,1.0805142171664581,1.0777858563466085,16.410714285714285,0.0,0.0,0.0,0.0,0.0
SE-M,2023,2023-09-24,0.0,1.601102139945258,1.094106080692017,1.0907488959537683,16.697142857142858,0.0,0.0,0.0,0.0,0.0
SE-M,2023,2023-10-01,3.0,1.9311622637908492,1.0999609574903173,1.0958596155804086,15.682142857142859,0.0,0.0,0.0,0.0,0.0
SE-M,2023,2023-10-08,2.0,2.3429601353540432,1.1012182177853762,1.0962313121534921,12.899285714285716,0.0,0.0,0.0,0.0,0.0
SE-M,2023,2023-10-15,5.0,2.835317831348146,1.1065012918026147,1.1004227206176636,11.78357142857143,0.0,0.0,0.0,0.0,0.0
SE-M,2023,2023-10-22,5.0,3.4227995006098184,1.1275041292537304,1.1199853997884959,7.8292857142857155,0.0,0.0,0.0,0.0,0.0
SE-M,2023,2023-10-29,3.0,4.187259615865898,1.1689941697661947,1.1594616580649941,7.736428571428571,0.0,0.0,0.0,0.0,0.0
SE-M,2023,2023-11-05,5.0,5.2995622240176266,1.0960886640530254,1.0851025034801103,8.747857142857143,1.0,0.0,0.0,0.0,0.0
SE-M,2023,2023-11-12,5.0,6.591722378200967,1.2937376944240018,1.2776465461141027,8.15,0.0,0.0,0.0,0.0,0.0
SE-M,2023,2023-11-19,6.0,9.028280838739812,1.3562336389888865,1.3340459633848625,3.6292857142857144,0.0,0.0,0.0,0.0,0.0
SE-M,2023,2023-11-26,22.0,14.53147658952811,1.4129667458046669,1.3802363311819714,1.9157142857142861,0.0,0.0,0.0,0.0,0.0
SE-M,2023,2023-12-03,11.0,25.3974231765321,1.4432844376093288,1.3920045541630424,-4.799285714285714,0.0,0.0,0.0,0.0,0.0
SE-M,2023,2023-12-10,48.0,46.05318671199646,1.4128897292709595,1.331692905137453,0.9478571428571428,0.0,0.0,0.0,0.0,0.0
SE-M,2023,2023-12-17,95.0,79.81759956597942,1.3553111432028901,1.2304585284948661,3.056428571428572,0.0,0.0,0.0,0.0,0.0
SE-M,2023,2023-12-24,144.0,122.50223245453356,1.1817178121314247,1.020358647199512,4.2092857142857145,0.0,0.3873096047730976,0.0,0.0,0.0
SE-M,2023,2023-12-31,136.0,152.81443712094543,0.972160265017025,0.7998465974080456,4.912142857142858,0.0,1.0,0.0,0.0,0.0
SE-M,2023,2024-01-07,117.0,132.29178748702168,1.0026361582863268,0.7983832214479492,-3.9392857142857145,0.0,1.0,0.0,0.0,0.0
SE-M,2023,2024-01-14,90.0,95.63380930352452,1.326984777540858,1.0290436176600986,-1.5607142857142862,0.0,0.2640497133009519,0.0,0.0,0.0
SE-M,2023,2024-01-21,90.0,77.29649834513278,1.4583148234272092,1.0973637508626177,-1.5378571428571426,0.0,0.0,0.0,0.0,0.0
SE-M,2023,2024-01-28,80.0,83.82366713856626,1.4749128972154675,1.0696893795574456,4.576428571428572,0.0,0.0,0.0,0.0,0.0
SE-M,2023,2024-02-04,84.0,95.50874412774624,1.4674267554424918,1.020861859693276,5.052857142857143,0.0,0.0,0.0,0.0,0.0
SE-M,2023,2024-02-11,105.0,103.08252461177192,1.4305594907613113,0.9533006196585605,1.6392857142857145,0.0,0.0,0.0,0.0,0.0
SE-M,2023,2024-02-18,124.0,101.47324763588026,1.3971362404513246,0.894803208332647,4.409999999999999,0.0,0.0,0.0,0.0,0.0
SE-M,2023,2024-02-25,78.0,89.59600039403108,1.1756198172870878,0.7300784035808141,5.222857142857142,0.0,0.0,1.0,0.0,0.0
SE-M,2023,2024-03-03,77.0,67.13432169413134,1.4054598060075918,0.8551245882088528,4.460714285714286,0.0,0.0,0.0,0.0,0.0
SE-M,2023,2024-03-10,32.0,46.88730829492582,1.4245855083268584,0.8525668311452316,2.1428571428571432,0.0,0.0,0.0,0.0,0.0
SE-M,2023,2024-03-17,39.0,35.4358915157829,1.4309848598390396,0.8453997978959797,5.524285714285716,0.0,0.0,0.0,0.0,0.0
SE-M,2023,2024-03-24,28.0,27.302402091751745,1.429498952569833,0.8361545322808561,4.604285714285715,0.0,0.0,0.0,0.0,0.0
SE-M,2023,2024-03-31,21.0,19.918640245457382,1.2621002792481149,0.7330017726535578,7.364285714285715,0.0,0.0,0.0,0.7292188438401652,0.0
SE-M,2023,2024-04-07,17.0,15.405203825757752,1.3759813862579409,0.7955083407752507,7.182142857142857,0.0,0.0,0.0,0.258381829814101,0.0
SE-M,2023,2024-04-14,9.0,9.750430752536264,1.4530553154383166,0.8372747072063075,11.180000000000001,0.0,0.0,0.0,0.012399326345733595,0.0
SE-M,2023,2024-04-21,6.0,6.955329471972648,1.4770338540637842,0.8489079516129959,5.600714285714285,0.0,0.0,0.0,0.0,0.0
SE-M,2023,2024-04-28,4.0,5.28107547366209,1.491542971618483,0.8555204201743946,6.351428571428572,0.0,0.0,0.0,0.0,0.0
SE-M,2023,2024-05-05,4.0,4.125193857824085,1.4935273357062488,0.8552894533460699,14.339285714285714,0.0,0.0,0.0,0.0,0.0
SE-M,2023,2024-05-12,3.0,3.258946627401478,1.4842784159743283,0.8489161666560887,11.494285714285715,0.0,0.0,0.0,0.0,0.0
SE-M,2023,2024-05-19,5.0,2.574567930955247,1.47270126517594,0.8414563295866497,15.675,0.0,0.0,0.0,0.0,0.0
SE-M,2023,2024-05-26,2.0,2.0207109117163355,1.4664149470295926,0.8372131490433224,16.887857142857147,0.0,0.0,0.0,0.0,0.0
SE-M,2023,2024-06-02,1.0,1.5790356533100784,1.4646662191009554,0.8357056567621076,17.816428571428574,0.0,0.0,0.0,0.0,0.0
SE-M,2023,2024-06-09,1.0,1.236813603508732,1.4657775302024094,0.8359372636296408,14.132142857142858,0.0,0.0,0.0,0.0,0.06217642486057033
SE-O,2023,2023-07-02,,0.233816551566546,0.9591241301867416,0.9590987636170009,17.892142857142854,0.0,0.0,0.0,0.0,1.0
SE-O,2023,2023-07-09,,0.26467378276260556,0.9565632802339233,0.9564712487853636,16.347142857142856,0.0,0.0,0.0,0.0,1.0
SE-O,2023,2023-07-16,,0.3237249538599978,0.9544623832451047,0.9542917900031878,17.512857142857143,0.0,0.0,0.0,0.0,1.0
SE-O,2023,2023-07-23,,0.383141144256519,0.9534670112285565,0.9532068083675378,15.641428571428573,0.0,0.0,0.0,0.0,1.0
SE-O,2023,2023-07-30,1.0,0.43745975537407167,0.9549624807933527,0.9546016887205564,16.135714285714286,0.0,0.0,0.0,0.0,1.0
SE-O,2023,2023-08-06,0.0,0.4876773748163168,0.9591044196426813,0.958631524119994,16.302142857142858,0.0,0.0,0.0,0.0,1.0
SE-O,2023,2023-08-13,0.0,0.5362462377165156,0.9633164900836064,0.9627204419976252,15.327857142857143,0.0,0.0,0.0,0.0,1.0
SE-O,2023,2023-08-20,0.0,0.5849451817969753,0.961951788167955,0.961225800975125,18.201428571428576,0.0,0.0,0.0,0.0,0.753036463998823
SE-O,2023,2023-08-27,2.0,0.6319916220656173,0.9547391325559174,0.9538804059089188,16.55142857142857,0.0,0.0,0.0,0.0,0.03052632741022037
SE-O,2023,2023-09-03,2.0,0.6714837777326211,0.9648316304373729,0.9638168847260528,15.626428571428574,0.0,0.0,0.0,0.0,0.0
SE-O,2023,2023-09-10,0.0,0.709655298943168,0.9865649694649186,0.9853664786792583,18.34857142857143,0.0,0.0,0.0,0.0,0.0
SE-O,2023,2023-09-17,0.0,0.7624605600495136,1.018330033529115,1.0169091462811974,15.726428571428572,0.0,0.0,0.0,0.0,0.0
SE-O,2023,2023-09-24,1.0,0.8467332166662983,1.0584641851488266,1.0567661184597974,15.702857142857145,0.0,0.0,0.0,0.0,0.0
SE-O,2023,2023-10-01,0.0,0.9839165228851637,1.1038551175265747,1.101802595246976,15.48142857142857,0.0,0.0,0.0,0.0,0.0
SE-O,2023,2023-10-08,0.0,1.2064954232765448,1.1489314075074863,1.1464164932652434,10.945714285714287,0.0,0.0,0.0,0.0,0.0
SE-O,2023,2023-10-15,3.0,1.5644919672198556,1.1915111933882707,1.1883684086787578,10.280714285714287,0.0,0.0,0.0,0.0,0.0
SE-O,2023,2023-10-22,1.0,2.1394133577109296,1.2310846830271527,1.2270472009383546,5.799285714285714,0.0,0.0,0.0,0.0,0.0
SE-O,2023,2023-10-29,3.0,3.0750625181988593,1.2660748132257598,1.260705917908273,5.1450000000000005,0.0,0.0,0.0,0.0,0.0
SE-O,2023,2023-11-05,7.0,4.582424569973799,1.1616049803616075,1.1550676464620084,6.522142857142858,1.0,0.0,0.0,0.0,0.0
SE-O,2023,2023-11-12,4.0,6.492627341437143,1.337352586467522,1.327184082403455,6.7299999999999995,0.0,0.0,0.0,0.0,0.0
SE-O,2023,2023-11-19,11.0,9.781032670977915,1.3735229662183213,1.3584232768919375,0.7864285714285714,0.0,0.0,0.0,0.0,0.0
SE-O,2023,2023-11-26,18.0,16.59838070494149,1.410044587253281,1.386061833544755,1.2942857142857136,0.0,0.0,0.0,0.0,0.0
SE-O,2023,2023-12-03,23.0,29.598705485605507,1.4250728589520052,1.3852597081085443,-5.450714285714286,0.0,0.0,0.0,0.0,0.0
SE-O,2023,2023-12-10,47.0,53.554306655839625,1.3886042200664863,1.3231984871761318,-1.5314285714285716,0.0,0.0,0.0,0.0,0.0
SE-O,2023,2023-12-17,116.0,91.87542362729705,1.3428903668490464,1.2391429207396105,1.707857142857143,0.0,0.0,0.0,0.0,0.0
SE-O,2023,2023-12-24,159.0,141.2526857301147,1.2114746296789716,1.0693587503069097,1.625,0.0,0.38000484619065966,0.0,0.0,0.0
SE-O,2023,2023-12-31,152.0,183.9966894808875,1.0321247463702394,0.8694812549470694,2.1242857142857146,0.0,1.0,0.0,0.0,0.0
SE-O,2023,2024-01-07,152.0,173.77133563448416,1.0666937315194818,0.8665728183179965,-6.839999999999999,0.0,1.0,0.0,0.0,0.0
SE-O,2023,2024-01-14,136.0,142.05619257575543,1.3917653374461154,1.0931179762308807,-3.065714285714286,0.0,0.15593863436539038,0.0,0.0,0.0
SE-O,2023,2024-01-21,155.0,131.48956258109627,1.3809786524699468,1.0418990703538749,-4.512857142857144,0.0,0.0,0.0,0.0,0.0
SE-O,2023,2024-01-28,169.0,143.7366752273056,1.3430668358128959,0.9703249708997934,3.8857142857142857,0.0,0.0,0.0,0.0,0.0
SE-O,2023,2024-02-04,128.0,145.673402678887,1.3623130418620188,0.944033022185236,4.743571428571428,0.0,0.0,0.0,0.0,0.0
SE-O,2023,2024-02-11,121.0,136.26897821241153,1.3807839324271016,0.9205348984738387,-1.7349999999999997,0.0,0.0,0.0,0.0,0.0
SE-O,2023,2024-02-18,107.0,121.26073186845136,1.1769994445077567,0.7601134469015809,2.111428571428571,0.0,0.0,0.8465485235113981,0.0,0.0
SE-O,2023,2024-02-25,118.0,94.80628683634718,1.2861789499924992,0.8128819148609597,4.352857142857143,0.0,0.0,0.14161610224608123,0.0,0.0
SE-O,2023,2024-03-03,73.0,66.47835922603484,1.3031498043849041,0.8105871109242634,4.542142857142857,0.0,0.0,0.011835374242520819,0.0,0.0
SE-O,2023,2024-03-10,36.0,47.14793821773762,1.3269129098915078,0.8158678926204554,1.7228571428571426,0.0,0.0,0.0,0.0,0.0
SE-O,2023,2024-03-17,43.0,33.88213429441709,1.3892527005409838,0.8468718734922167,4.613571428571428,0.0,0.0,0.0,0.0,0.0
SE-O,2023,2024-03-24,28.0,25.060236266581803,1.5114491512843993,0.9149997842566184,3.733571428571429,0.0,0.0,0.0,0.0,0.0
SE-O,2023,2024-03-31,9.0,19.24410408544717,1.5999296988486418,0.9625332166956946,6.9799999999999995,0.0,0.0,0.0,0.21358163063275984,0.0
SE-O,2023,2024-04-07,7.0,18.555349786776354,1.523985903824702,0.9115480982301519,4.491428571428571,0.0,0.0,0.0,0.7680431357706166,0.0
SE-O,2023,2024-04-14,10.0,16.15607142803649,1.6840398649454065,1.0019320565723844,9.565,0.0,0.0,0.0,0.018375233596623686,0.0
SE-O,2023,2024-04-21,39.0,15.116239081306338,1.5833097477640574,0.937055530471113,4.713571428571429,0.0,0.0,0.0,0.0,0.0
SE-O,2023,2024-04-28,12.0,14.266816847486147,1.4987727565880193,0.8829611772831453,6.1085714285714285,0.0,0.0,0.0,0.0,0.0
SE-O,2023,2024-05-05,8.0,12.441280587749873,1.42871865290427,0.8386103996667605,14.305714285714288,0.0,0.0,0.0,0.0,0.0
SE-O,2023,2024-05-12,8.0,9.980094734890029,1.3598991542804362,0.7960519066040901,11.709285714285715,0.0,0.0,0.0,0.0,0.0
SE-O,2023,2024-05-19,15.0,7.41464152467702,1.3077574155294778,0.76409906084979,17.732142857142858,0.0,0.0,0.0,0.0,0.0
SE-O,2023,2024-05-26,4.0,5.147756951297458,1.2835782207401845,0.7490504887185159,18.336428571428574,0.0,0.0,0.0,0.0,0.0
SE-O,2023,2024-06-02,1.0,3.416127383503138,1.2770884893884715,0.7446693055869431,18.255714285714284,0.0,0.0,0.0,0.0,0.0
SE-O,2023,2024-06-09,1.0,2.2278832818878405,1.2763634751805069,0.7438588553025676,13.097142857142858,0.0,0.0,0.0,0.0,0.00306114218122255
SE-rest,2023,2023-07-02,,9.76973137697631,0.9588601431718847,0.9587326880474671,18.915774199444872,0.0,0.0,0.0,0.0,1.0
SE-rest,2023,2023-07-09,,9.816492261760194,0.9512322757474169,0.9508103880527179,16.303100458242547,0.0,0.0,0.0,0.0,1.0
SE-rest,2023,2023-07-16,,9.845366447605914,0.938813560336109,0.9381087270428902,17.957919988961745,0.0,0.0,0.0,0.0,1.0
SE-rest,2023,2023-07-23,,9.728630141117307,0.9232381957802659,0.9222705560538705,15.789215327348696,0.0,0.0,0.0,0.0,1.0
SE-rest,2023,2023-07-30,11.0,9.408514575088653,0.9099409989410052,0.9087313999333811,16.43778204988677,0.0,0.0,0.0,0.0,1.0
SE-rest,2023,2023-08-06,10.0,8.906238057418474,0.9056827633250947,0.9042410718813835,16.275980248740126,0.0,0.0,0.0,0.0,1.0
SE-rest,2023,2023-08-13,8.0,8.335424546930039,0.9123741579866195,0.9106970453031632,15.587580980685745,0.0,0.0,0.0,0.0,0.999462786526827
SE-rest,2023,2023-08-20,6.0,7.845070472882721,0.9227034652600441,0.9207896873155333,17.515008633497843,0.0,0.0,0.0,0.0,0.7168843800212056
SE-rest,2023,2023-08-27,8.0,7.519900384108508,0.9324662399472509,0.9303170133717107,16.25057091986647,0.0,0.0,0.0,0.0,0.07944191225560979
SE-rest,2023,2023-09-03,7.0,7.350996339800797,0.9542807229084522,0.9518606916402014,14.668890071435891,0.0,0.0,0.0,0.0,0.0
SE-rest,2023,2023-09-10,8.0,7.379585873512548,0.9832949002974921,0.9805646678315235,16.998250356293646,0.0,0.0,0.0,0.0,0.0
SE-rest,2023,2023-09-17,7.0,7.699416028424955,1.0206595089993686,1.0175575101177288,14.077962323920957,0.0,0.0,0.0,0.0,0.0
SE-rest,2023,2023-09-24,10.0,8.424343779868874,1.0695991793501014,1.0660239655355854,14.656379946704535,0.0,0.0,0.0,0.0,0.0
SE-rest,2023,2023-10-01,8.0,9.777950144551488,1.13036430261922,1.1261605215919286,13.755427930393022,0.0,0.0,0.0,0.0,0.0
SE-rest,2023,2023-10-08,11.0,12.218596631272785,1.1987737215848715,1.1937066084538677,8.653208095313458,0.0,0.0,0.0,0.0,0.0
SE-rest,2023,2023-10-15,20.0,16.63432990665412,1.2719999012824306,1.2656681105432133,8.00078329383691,0.0013301719692353222,0.0,0.0,0.0,0.0
SE-rest,2023,2023-10-22,17.0,24.854923304003457,1.3216355207707882,1.3134622291424463,3.956032312957174,0.0,0.0,0.0,0.0,0.0
SE-rest,2023,2023-10-29,32.0,40.123835680776985,1.2911115990021564,1.2805771077291241,2.9059743066283987,0.0003191058861565043,0.0,0.0,0.0,0.0
SE-rest,2023,2023-11-05,74.0,64.03987638712948,1.0808566503094847,1.069053862744177,4.099283743735788,0.990234980801523,0.0,0.0,0.0,0.0
SE-rest,2023,2023-11-12,113.0,85.42845604560688,1.1979780638950643,1.180981888630247,5.123257697624436,0.008115741343085127,0.0,0.0,0.0,0.0
SE-rest,2023,2023-11-19,94.0,106.83893203428414,1.3221740360673775,1.2972571723270723,-1.958497004120061,0.0,0.0,0.0,0.0,0.0
SE-rest,2023,2023-11-26,140.0,155.66584806191764,1.4901591819339817,1.4499808390428313,-1.472817686794294,0.0,0.0,0.0,0.0,0.0
SE-rest,2023,2023-12-03,251.0,281.22907527915254,1.5097903297541837,1.4444604301877473,-5.535949224739413,0.0,0.0,0.0,0.0,0.0
SE-rest,2023,2023-12-10,589.0,554.0378236626855,1.3619635564147432,1.2631412236051502,-5.242863718770913,0.0,0.0,0.0,0.0,0.0
SE-rest,2023,2023-12-17,975.0,932.5896778194867,1.26348991442457,1.1207121612659428,-1.5909551632730725,0.0,0.0,0.0,0.0,0.0
SE-rest,2023,2023-12-24,1217.0,1253.3245535194421,1.1247890860437975,0.9480087243626981,-0.5794912103338709,0.0,0.4385243448354253,0.0,0.0,0.0
SE-rest,2023,2023-12-31,1381.0,1373.3330531307492,0.9857584164079487,0.794113503836588,-2.3625652628012683,0.0,1.0,0.0,0.0,0.0
SE-rest,2023,2024-01-07,1081.0,1110.4488808604258,1.0320901563417166,0.8063755083570159,-10.354588128181812,0.0,1.0,0.0,0.0,0.0
SE-rest,2023,2024-01-14,793.0,798.4605191225626,1.3655620309210632,1.0399033672579852,-2.3376062080184714,0.0,0.15573208574581526,0.0,0.0,0.0
SE-rest,2023,2024-01-21,694.0,663.7600319687024,1.3934464922854841,1.0313101259992483,-8.68708448759155,0.0,0.0,0.0,0.0,0.0
SE-rest,2023,2024-01-28,677.0,684.2194857303965,1.3890778630948886,0.9971236689777726,1.2435860074689613,0.0,0.0,0.0,0.0,0.0
SE-rest,2023,2024-02-04,707.0,700.2853961169412,1.4191166682842176,0.9876599041261035,2.3908501652710865,0.0,0.0,0.0,0.0,0.0
SE-rest,2023,2024-02-11,668.0,692.3168622947474,1.4292235855145154,0.964567948311114,-5.520409746734289,0.0,0.0,0.0,0.0,0.0
SE-rest,2023,2024-02-18,669.0,666.3127898089839,1.376742428790036,0.9027656945816166,-0.7337969513715622,0.0,0.0,0.06552325580608219,0.0,0.0
SE-rest,2023,2024-02-25,624.0,599.3619175603736,1.3059969371387914,0.8361617227505203,1.9973962417995208,0.0,0.0,0.31725176858717313,0.0,0.0
SE-rest,2023,2024-03-03,494.0,485.4451626582503,1.3104107531880833,0.8240668479124958,2.3709335559808795,0.0,0.0,0.48090786910782907,0.0,0.0
SE-rest,2023,2024-03-10,315.0,366.45231364956885,1.4183148732911834,0.8796569293694722,0.10570147970244599,0.0,0.0,0.13631710649891568,0.0,0.0
SE-rest,2023,2024-03-17,330.0,282.3357360798842,1.4537424207341283,0.891218092914974,2.610299958179122,0.0,0.0,0.0,0.0,0.0
SE-rest,2023,2024-03-24,203.0,229.05562966714973,1.4691118846332378,0.8919010755711491,1.781607320044172,0.0,0.0,0.0,0.0,0.0
SE-rest,2023,2024-03-31,196.0,182.24989451532053,1.4788368286706957,0.8904914673899452,4.245337774808644,0.0,0.0,0.0,0.05478710953021847,0.0
SE-rest,2023,2024-04-07,160.0,164.5326430292039,1.3197229566475683,0.7895789394187974,1.5796368146033861,0.0,0.0,0.0,0.9311853639655128,0.0
SE-rest,2023,2024-04-14,131.0,121.8772712368253,1.6383564424739891,0.9753910155386791,9.102968245628018,0.0,0.0,0.0,0.014027526504268804,0.0
SE-rest,2023,2024-04-21,83.0,98.78569077653282,1.7338292212730504,1.027056198752057,2.1502443174386205,0.0,0.0,0.0,0.0,0.0
SE-rest,2023,2024-04-28,92.0,96.1746552450069,1.7310487498922293,1.0199569832183537,3.250178625994149,0.0,0.0,0.0,0.0,0.0
SE-rest,2023,2024-05-05,98.0,100.10565347630944,1.6095933252146624,0.943316435430494,11.481867983463744,0.0,0.0,0.0,0.0,0.0
SE-rest,2023,2024-05-12,109.0,98.3836194188915,1.4479679210153709,0.8446589837375961,8.610603216113091,0.0,0.0,0.0,0.0,0.0
SE-rest,2023,2024-05-19,99.0,84.26905118905502,1.336407525597495,0.7769314067066475,16.683954571189393,0.0,0.0,0.0,0.0,0.0
SE-rest,2023,2024-05-26,53.0,62.56166327785096,1.2868020411612364,0.7464125887939037,15.808955680874845,0.0,0.0,0.0,0.0,0.0
SE-rest,2023,2024-06-02,43.0,42.177500278114806,1.2703880215655694,0.7358356395224879,18.748140416846162,0.0,0.0,0.0,0.0,0.0
SE-rest,2023,2024-06-09,23.0,27.187420598822026,1.2686211390804745,0.7341421219453206,14.533022693274162,0.0,0.0,0.0,0.0,0.04110255561090713
SE-M,2024,2024-06-30,,0.7049630259772997,0.9611880374862888,0.9611321083672826,18.78642857142857,0.0,0.0,0.0,0.0,1.0
SE-M,2024,2024-07-07,,0.7545424023721702,0.9557988838174892,0.9556038868267693,15.70142857142857,0.0,0.0,0.0,0.0,1.0
SE-M,2024,2024-07-14,,0.8470315551339341,0.9473474057583399,0.9470018947787004,17.656428571428574,0.0,0.0,0.0,0.0,1.0
SE-M,2024,2024-07-21,,0.9328371248117622,0.9355665955281712,0.9350645867771906,18.580714285714286,0.0,0.0,0.0,0.0,1.0
SE-M,2024,2024-07-28,1.0,0.9969593021861067,0.9219956077935176,0.9213363759539329,18.079285714285714,0.0,0.0,0.0,0.0,1.0
SE-M,2024,2024-08-04,3.0,1.0345301761583139,0.9117442022342025,0.9109276962199332,18.005714285714287,0.0,0.0,0.0,0.0,1.0
SE-M,2024,2024-08-11,1.0,1.0476807249316757,0.9094200524406072,0.9084418260381176,18.583181581088418,0.0,0.0,0.0,0.0,1.0
SE-M,2024,2024-08-18,0.0,1.0474541803061017,0.9073718478223157,0.9062331908356784,18.503762866725584,0.0,0.0,0.0,0.0,0.4566147573162706
SE-M,2024,2024-08-25,1.0,1.0434088961313868,0.9121070415630668,0.9107995322068902,17.353571428571428,0.0,0.0,0.0,0.0,0.0068901367967743625
SE-M,2024,2024-09-01,1.0,1.0403960577882483,0.9273019100709813,0.9258054832859377,17.97214285714286,0.0,0.0,0.0,0.0,0.0
SE-M,2024,2024-09-08,0.0,1.053135330354431,0.9451338335258218,0.9434322676396663,21.099285714285713,0.0,0.0,0.0,0.0,0.0
SE-M,2024,2024-09-15,1.0,1.0909362252754138,0.964453430346454,0.9625262253116519,13.485714285714286,0.0,0.0,0.0,0.0,0.0
SE-M,2024,2024-09-22,3.0,1.157316797219415,0.9886864334617117,0.9864981167891492,14.760714285714286,0.0,0.0,0.0,0.0,0.0
SE-M,2024,2024-09-29,0.0,1.2597991035287723,1.0200942602969618,1.0175902705642061,13.374285714285714,0.0,0.0,0.0,0.0,0.0
SE-M,2024,2024-10-06,1.0,1.416954543757055,1.0556114758029973,1.0527231773966392,8.476428571428572,0.0,0.0,0.0,0.0,0.0
SE-M,2024,2024-10-13,1.0,1.6571702110872852,1.091161308136903,1.0878025366866253,11.275714285714287,0.0,0.0,0.0,0.0,0.0
SE-M,2024,2024-10-20,2.0,2.0182838640681133,1.1240967990294657,1.1201513523267408,10.642857142857142,0.0,0.0,0.0,0.0,0.0
SE-M,2024,2024-10-27,3.0,2.5527404243568834,1.1543407367972267,1.1496384034377456,11.210714285714285,0.0,0.0,0.0,0.0,0.0
SE-M,2024,2024-11-03,3.0,3.3163624807903958,1.0566447781124013,1.0515925108611197,9.839285714285714,1.0,0.0,0.0,0.0,0.0
SE-M,2024,2024-11-10,5.0,4.093519759587686,1.2163167191954471,1.2094451470882592,8.162857142857144,0.0,0.0,0.0,0.0,0.0
SE-M,2024,2024-11-17,8.0,5.285694637259342,1.2645063300294204,1.2557395061410477,7.227142857142858,0.0,0.0,0.0,0.0,0.0
SE-M,2024,2024-11-24,5.0,7.734627424138424,1.330413225163643,1.318500171855092,1.8314285714285714,0.0,0.0,0.0,0.0,0.0
SE-M,2024,2024-12-01,11.0,12.350825804026027,1.395546806547292,1.3782032341380683,5.877857142857144,0.0,0.0,0.0,0.0,0.0
SE-M,2024,2024-12-08,14.0,21.469890443781637,1.4263992618054628,1.3996090727252934,4.131428571428572,0.0,0.0,0.0,0.0,0.0
SE-M,2024,2024-12-15,45.0,39.259006211088426,1.4071860318171123,1.3644661304883516,2.06,0.0,0.003082982230078811,0.0,0.0,0.0
SE-M,2024,2024-12-22,78.0,70.39272519412077,1.2514984556167517,1.190173799737257,6.627142857142857,0.0,0.3070897691708177,0.0,0.0,0.0
SE-M,2024,2024-12-29,116.0,109.1811472225227,0.9653751250148713,0.8971023140977129,4.932142857142857,0.0,1.0,0.0,0.0,0.0
SE-M,2024,2025-01-05,114.0,115.339011096641,0.9708288025635152,0.885753554858236,2.6921428571428576,0.0,1.0,0.0,0.0,0.0
SE-M,2024,2025-01-12,87.0,98.85668143277981,1.2308264690639155,1.1040367268602278,1.862142857142857,0.0,0.3581478187533237,0.0,0.0,0.0
SE-M,2024,2025-01-19,92.0,93.25437773009138,1.3782218978332252,1.2094106864212164,2.7478571428571428,0.0,0.0,0.0,0.0,0.0
SE-M,2024,2025-01-26,128.0,119.4660954680129,1.375842989490938,1.1695920485468143,2.827142857142857,0.0,0.0,0.0,0.0,0.0
SE-M,2024,2025-02-02,171.0,160.185005249784,1.3920628589031738,1.134564224504151,3.2107142857142854,0.0,0.0,0.0,0.0,0.0
SE-M,2024,2025-02-09,188.0,203.95656075633948,1.4182135601433008,1.0958499996051452,2.164285714285714,0.0,0.0,0.0,0.0,0.0
SE-M,2024,2025-02-16,214.0,245.12762276691905,1.4105627843689257,1.02336881615168,-1.5892857142857142,0.0,0.0,0.0,0.0,0.0
SE-M,2024,2025-02-23,265.0,268.4919670706083,1.1473046122045365,0.7837778692238112,0.8135714285714286,0.0,0.0,1.0,0.0,0.0
SE-M,2024,2025-03-02,292.0,235.23774035010976,1.3123150981597698,0.8580130175479918,4.744285714285715,0.0,0.0,0.0,0.0,0.0
SE-M,2024,2025-03-09,196.0,176.2243858047794,1.3245048128657653,0.835902922851122,7.099285714285714,0.0,0.0,0.0,0.0,0.0
SE-M,2024,2025-03-16,99.0,132.64739958606785,1.3730533318790223,0.8432626616581841,3.087142857142857,0.0,0.0,0.0,0.0,0.0
SE-M,2024,2025-03-23,89.0,100.16518312546515,1.412507374755131,0.8491820319147353,4.913571428571429,0.0,0.0,0.0,0.0,0.0
SE-M,2024,2025-03-30,86.0,76.52902483526847,1.4285803692293908,0.8445860769384878,6.790000000000001,0.0,0.0,0.0,0.0,0.0
SE-M,2024,2025-04-06,53.0,58.69404575863999,1.4253602287324523,0.8318798448451623,7.535714285714286,0.0,0.0,0.0,0.0,0.0
SE-M,2024,2025-04-13,49.0,44.51045672156712,1.4157943886330495,0.8183449342385896,8.75,0.0,0.0,0.0,0.0,0.0
SE-M,2024,2025-04-20,41.0,31.579618236622743,1.198690715376617,0.6883165216746442,11.019285714285715,0.0,0.0,0.0,1.0,0.0
SE-M,2024,2025-04-27,15.0,23.338734678914946,1.4480076092692225,0.828149135978224,9.482857142857142,0.0,0.0,0.0,0.0,0.0
SE-M,2024,2025-05-04,19.0,14.366847140501822,1.4879503257416957,0.8483460817135702,12.164285714285715,0.0,0.0,0.0,0.0,0.0
SE-M,2024,2025-05-11,5.0,10.533485189278547,1.5312750038649956,0.8709029801985727,9.777857142857142,0.0,0.0,0.0,0.0,0.0
SE-M,2024,2025-05-18,8.0,8.272919702012803,1.5615188906715,0.8863089184259,12.137142857142859,0.0,0.0,0.0,0.0,0.0
SE-M,2024,2025-05-25,7.0,6.764171177896174,1.575314487607501,0.8926166502195416,11.75357142857143,0.0,0.0,0.0,0.0,0.0
SE-M,2024,2025-06-01,7.0,5.6639869117733985,1.5789257604698366,0.8933680970915994,14.202142857142857,0.0,0.0,0.0,0.0,0.0
SE-M,2024,2025-06-08,5.0,4.602984040773615,1.5810726680989384,0.8934797249707972,14.64,0.0,0.0,0.0,0.0,0.07573150705643043
SE-O,2024,2024-06-30,,0.5719922090352062,0.9824634121149131,0.9824214595582749,18.482857142857142,0.0,0.0,0.0,0.0,1.0
SE-O,2024,2024-07-07,,0.6767613457246229,0.9806629955887145,0.9805062891329431,14.755,0.0,0.0,0.0,0.0,1.0
SE-O,2024,2024-07-14,,0.8825882269236097,0.9787844113832488,0.978485374463765,17.240714285714283,0.0,0.0,0.0,0.0,1.0
SE-O,2024,2024-07-21,,1.0985643158696066,0.9774679385231984,0.9770001545904662,18.513571428571428,0.0,0.0,0.0,0.0,1.0
SE-O,2024,2024-07-28,2.0,1.3048322730686237,0.9783811202275133,0.9777180596712624,18.025714285714287,0.0,0.0,0.0,0.0,1.0
SE-O,2024,2024-08-04,1.0,1.5022982016145012,0.9817957847751787,0.9809096937357962,18.12428571428572,0.0,0.0,0.0,0.0,1.0
SE-O,2024,2024-08-11,1.0,1.6971861204382641,0.9843244864239491,0.9831892676060502,18.2,0.0,0.0,0.0,0.0,1.0
SE-O,2024,2024-08-18,1.0,1.8927658542371222,0.9775339570878929,0.9761371651993992,17.64857142857143,0.0,0.0,0.0,0.0,0.6489464289642652
SE-O,2024,2024-08-25,4.0,2.075384794159277,0.9651243042727501,0.9634602746094082,16.24857142857143,0.0,0.0,0.0,0.0,0.06347397735022318
SE-O,2024,2024-09-01,2.0,2.220682690050398,0.9634002111623008,0.9614411556132261,17.27714285714286,0.0,0.0,0.0,0.0,0.0
SE-O,2024,2024-09-08,4.0,2.3308832105922224,0.9704112884731454,0.9681245639065847,19.987142857142857,0.0,0.0,0.0,0.0,0.0
SE-O,2024,2024-09-15,1.0,2.4394932949682664,0.9852861049059755,0.9826282509999896,13.260714285714286,0.0,0.0,0.0,0.0,0.0
SE-O,2024,2024-09-22,1.0,2.582459642560366,1.0023715046932986,0.9992990756257517,14.421428571428574,0.0,0.0,0.0,0.0,0.0
SE-O,2024,2024-09-29,4.0,2.7861128030753513,1.0175172834389563,1.0139873978792082,11.478571428571428,0.0,0.0,0.0,0.0,0.0
SE-O,2024,2024-10-06,1.0,3.0612310762214063,1.0271295713057127,1.0231045350862293,9.272142857142857,0.0,0.0,0.0,0.0,0.0
SE-O,2024,2024-10-13,4.0,3.404274321806777,1.0281838932196894,1.0236391530176903,10.482857142857142,0.0,0.0,0.0,0.0,0.0
SE-O,2024,2024-10-20,5.0,3.788693087257089,1.0239535680369118,1.0188605365322045,9.611428571428572,0.0,0.0,0.0,0.0,0.0
SE-O,2024,2024-10-27,4.0,4.176618700590135,1.0198244766563398,1.0141372138326796,11.309285714285712,0.0,0.0,0.0,0.0,0.0
SE-O,2024,2024-11-03,6.0,4.5206003408919155,0.9137621605980433,0.9081073083729099,9.629999999999999,1.0,0.0,0.0,0.0,0.0
SE-O,2024,2024-11-10,7.0,4.529754751252781,1.0450994053995468,1.0380142964579115,6.915,0.0,0.0,0.0,0.0,0.0
SE-O,2024,2024-11-17,3.0,4.594411819453748,1.089818876438487,1.0816846184220907,6.240000000000001,0.0,0.0,0.0,0.0,0.0
SE-O,2024,2024-11-24,3.0,5.235220800113945,1.1535041806274926,1.1439188413100072,-0.7742857142857141,0.0,0.0,0.0,0.0,0.0
SE-O,2024,2024-12-01,9.0,6.530494921140072,1.2358059392865648,1.2241087635076535,6.1364285714285725,0.0,0.0,0.0,0.0,0.0
SE-O,2024,2024-12-08,6.0,9.036897237737582,1.3342029472064587,1.3191957302423414,2.117857142857143,0.0,0.0,0.0,0.0,0.0
SE-O,2024,2024-12-15,12.0,14.1976416344484,1.432050429367214,1.4114468149317834,0.5357142857142859,0.0,0.0,0.0,0.0,0.0
SE-O,2024,2024-12-22,27.0,25.46091618498878,1.3806723111202819,1.3527529131941238,5.810714285714286,0.0,0.29506105160725676,0.0,0.0,0.0
SE-O,2024,2024-12-29,42.0,46.475869070124034,1.1044014262883601,1.0723399433962126,5.877857142857143,0.0,1.0,0.0,0.0,0.0
SE-O,2024,2025-01-05,57.0,62.37872229533211,1.0824205488648853,1.0408960413835548,-0.5064285714285718,0.0,1.0,0.0,0.0,0.0
SE-O,2024,2025-01-12,70.0,70.28329015824154,1.2724832547972051,1.2099285622364913,-0.24071428571428566,0.0,0.3411702913846672,0.0,0.0,0.0
SE-O,2024,2025-01-19,104.0,83.87707060918899,1.3060576468357448,1.2219581236362853,4.197857142857143,0.0,0.0,0.0,0.0,0.0
SE-O,2024,2025-01-26,123.0,119.29653550437693,1.2462672585187395,1.1396058668142686,2.712857142857143,0.0,0.0,0.0,0.0,0.0
SE-O,2024,2025-02-02,168.0,158.48109084595984,1.262374587574167,1.1215641183633032,2.072142857142857,0.0,0.0,0.0,0.0,0.0
SE-O,2024,2025-02-09,171.0,195.93175826284622,1.3272051156745455,1.1371727686084594,1.6035714285714284,0.0,0.0,0.0,0.0,0.0
SE-O,2024,2025-02-16,222.0,239.00871227756247,1.1873389296791201,0.9746748914511264,-2.7142857142857144,0.0,0.0,0.8465485235113981,0.0,0.0
SE-O,2024,2025-02-23,230.0,263.91593047715594,1.3022369759010843,1.0232372180329576,0.47571428571428587,0.0,0.0,0.14161610224608123,0.0,0.0
SE-O,2024,2025-03-02,337.0,268.0614926858847,1.267300828416379,0.951189998028033,3.463571428571428,0.0,0.0,0.011835374242520819,0.0,0.0
SE-O,2024,2025-03-09,279.0,259.96523168813997,1.255862407396743,0.9036272278352974,7.024285714285715,0.0,0.0,0.0,0.0,0.0
SE-O,2024,2025-03-16,190.0,231.16069911567962,1.286760031843157,0.8926566504399284,1.633571428571429,0.0,0.0,0.0,0.0,0.0
SE-O,2024,2025-03-23,209.0,194.9672249612211,1.3298152401048144,0.8941019373003549,4.720714285714286,0.0,0.0,0.0,0.0,0.0
SE-O,2024,2025-03-30,149.0,162.17437115078678,1.361238889793615,0.8910332777065291,6.717142857142858,0.0,0.0,0.0,0.0,0.0
SE-O,2024,2025-04-06,122.0,134.81369679248718,1.360801181011399,0.870884668231504,7.158571428571429,0.0,0.0,0.0,0.0,0.0
SE-O,2024,2025-04-13,136.0,110.27598039770143,1.3601907722351125,0.8547760465285495,8.678571428571429,0.0,0.0,0.0,0.0,0.0
SE-O,2024,2025-04-20,92.0,83.51928764093394,1.1824716434656133,0.7332479011680066,11.320714285714285,0.0,0.0,0.0,0.9855665067144398,0.0
SE-O,2024,2025-04-27,49.0,65.91342764136806,1.4384023706792246,0.8839517477737217,8.985714285714286,0.0,0.0,0.0,0.014433493285560135,0.0
SE-O,2024,2025-05-04,27.0,44.57775566980949,1.4191429831821718,0.8655189777570291,11.46142857142857,0.0,0.0,0.0,0.0,0.0
SE-O,2024,2025-05-11,48.0,35.17260649043416,1.3338634044366082,0.8087130520541431,10.37857142857143,0.0,0.0,0.0,0.0,0.0
SE-O,2024,2025-05-18,36.0,26.97637941037336,1.2502349827921602,0.7548910430476313,13.234285714285715,0.0,0.0,0.0,0.0,0.0
SE-O,2024,2025-05-25,22.0,18.903351762743185,1.202690885879989,0.7242789118082534,10.790714285714287,0.0,0.0,0.0,0.0,0.0
SE-O,2024,2025-06-01,10.0,12.222319835381656,1.1868487478375886,0.7135891440615961,13.002857142857144,0.0,0.0,0.0,0.0,0.0
SE-O,2024,2025-06-08,3.0,7.286327603945242,1.1846567566228114,0.7115692652771005,13.357142857142858,0.0,0.0,0.0,0.0,0.0
SE-rest,2024,2024-06-30,,8.40684507972289,1.1132396927238661,1.113126529166814,19.30117521272391,0.0,0.0,0.0,0.0,1.0
SE-rest,2024,2024-07-07,,9.687649249786684,1.117445948247661,1.117018861222581,15.382208737644845,0.0,0.0,0.0,0.0,1.0
SE-rest,2024,2024-07-14,,12.584990030141775,1.1186912680320706,1.1178549610234898,17.627707668759072,0.0,0.0,0.0,0.0,1.0
SE-rest,2024,2024-07-21,,16.374669547811987,1.102096731205246,1.100760616452044,18.523212025969208,0.0,0.0,0.0,0.0,1.0
SE-rest,2024,2024-07-28,7.0,20.72257241897976,1.0349797075835505,1.033151225765041,18.562712512983314,0.0,0.0,0.0,0.0,1.0
SE-rest,2024,2024-08-04,34.0,24.347758988769485,0.9249697283401274,0.9228037790803343,17.832888454070552,0.0,0.0,0.0,0.0,1.0
SE-rest,2024,2024-08-11,37.0,24.830123124849152,0.8321445149238611,0.8297827801056376,18.326171119472537,0.0,0.0,0.0,0.0,1.0
SE-rest,2024,2024-08-18,24.0,21.54175914616512,0.7873385764178611,0.7848082815245458,17.831440395308345,0.0,0.0,0.0,0.0,0.8652986148553257
SE-rest,2024,2024-08-25,14.0,16.649782165686332,0.7808926942057562,0.7781690047619713,16.644106307305094,0.0,0.0,0.0,0.0,0.05411609555274627
SE-rest,2024,2024-09-01,9.0,12.355676078449267,0.8176566112369921,0.81463323049696,16.26594039309381,0.0,0.0,0.0,0.0,0.0
SE-rest,2024,2024-09-08,7.0,9.53322357186951,0.8814689647309631,0.8780510937651403,18.048630609474447,0.0,0.0,0.0,0.0,0.0
SE-rest,2024,2024-09-15,6.0,8.172364411730628,0.9645607091027678,0.9606498261678971,13.309072612226233,0.0,0.0,0.0,0.0,0.0
SE-rest,2024,2024-09-22,6.0,8.043140854306692,1.0539573709772552,1.0494729855572822,12.778929261754456,0.0,0.0,0.0,0.0,0.0
SE-rest,2024,2024-09-29,5.0,9.11150272806337,1.1227582025876122,1.1176964821010162,10.82999486247066,0.0,0.0,0.0,0.0,0.0
SE-rest,2024,2024-10-06,9.0,11.535020851158873,1.1388233671520092,1.1333036642007264,7.668627769840154,0.0,0.0,0.0,0.0,0.0
SE-rest,2024,2024-10-13,18.0,15.269762807058171,1.0980322911531224,1.09222839113047,9.239508405187921,0.0013301719692353222,0.0,0.0,0.0,0.0
SE-rest,2024,2024-10-20,25.0,19.4762922778312,1.0387113570670004,1.032682434858138,8.582498779926231,0.0,0.0,0.0,0.0,0.0
SE-rest,2024,2024-10-27,32.0,22.75722052844557,1.0102246609749617,1.0037959840891835,10.101822562021619,0.0,0.0,0.0,0.0,0.0
SE-rest,2024,2024-11-03,24.0,24.50566444874825,0.9227702665541873,0.9163865310528887,6.771288062995221,0.9986698280307645,0.0,0.0,0.0,0.0
SE-rest,2024,2024-11-10,14.0,24.267115107088117,1.0939910625185278,1.0858223489055998,5.095215343865844,0.0,0.0,0.0,0.0,0.0
SE-rest,2024,2024-11-17,34.0,25.4145369467062,1.189028904262766,1.1793194224821268,4.978669944463119,0.0,0.0,0.0,0.0,0.0
SE-rest,2024,2024-11-24,25.0,32.080468100038644,1.322985800607086,1.3108159960299977,-1.9759239299068703,0.0,0.0,0.0,0.0,0.0
SE-rest,2024,2024-12-01,48.0,48.648268455525766,1.4562342295282389,1.4401519257519193,3.875703812797969,0.0,0.0,0.0,0.0,0.0
SE-rest,2024,2024-12-08,69.0,89.11592286223897,1.4921193700043816,1.4700613729354353,-0.20093187467445617,0.0,0.0,0.0,0.0,0.0
SE-rest,2024,2024-12-15,196.0,179.81190907132793,1.4086986082954613,1.37754825649739,-1.2229385569246196,0.0,0.0,0.0,0.0,0.0
SE-rest,2024,2024-12-22,367.0,339.38669906149045,1.2323129049388004,1.190382090683874,1.9099989670013102,0.0,0.29885516629219094,0.0,0.0,0.0
SE-rest,2024,2024-12-29,514.0,530.392809117785,0.9801690615264474,0.9329990301520665,3.575487815305636,0.0,1.0,0.0,0.0,0.0
SE-rest,2024,2025-01-05,560.0,576.8452810766786,0.9954575041514632,0.9357374205859771,-5.009934617816884,0.0,1.0,0.0,0.0,0.0
SE-rest,2024,2025-01-12,520.0,531.6180548169142,1.2312566893710712,1.1428147523213101,-2.087421396797193,0.0,0.2741258623319688,0.0,0.0,0.0
SE-rest,2024,2025-01-19,578.0,546.2319442118544,1.263616010696421,1.1537101783122166,3.0237882152701188,0.0,0.0,0.0,0.0,0.0
SE-rest,2024,2025-01-26,688.0,690.6235068996075,1.2489945527569246,1.1161855342229121,1.248603932539557,0.0,0.0,0.0,0.0,0.0
SE-rest,2024,2025-02-02,869.0,856.2670450530438,1.3203340984411471,1.1488662229405084,0.09957761358580701,0.0,0.0,0.0,0.0,0.0
SE-rest,2024,2025-02-09,1017.0,1059.4520866564403,1.409931316605063,1.183902248812155,-0.3132345892832217,0.0,0.0,0.0,0.0,0.0
SE-rest,2024,2025-02-16,1381.0,1378.4636822132707,1.4046624370319811,1.123754547244579,-4.099955482997868,0.0,0.0,0.062200195146043406,0.0,0.0
SE-rest,2024,2025-02-23,1772.0,1750.9082080598596,1.2838374318904997,0.970224180123814,-1.0775392876517622,0.0,0.0,0.31725176858717313,0.0,0.0
SE-rest,2024,2025-03-02,1875.0,1897.7451626021386,1.1801669178255896,0.8462999730819851,2.561248797744058,0.0,0.0,0.48090786910782907,0.0,0.0
SE-rest,2024,2025-03-09,1735.0,1669.3708645589563,1.2502419018492217,0.8601065767437898,6.546302734065733,0.0,0.0,0.13964016715895444,0.0,0.0
SE-rest,2024,2025-03-16,1292.0,1307.483741839767,1.385296477389762,0.9205922810774041,0.013131810261965304,0.0,0.0,0.0,0.0,0.0
SE-rest,2024,2025-03-23,1008.0,1061.8299156122873,1.4962316781228389,0.9629046058175564,3.5317014198661263,0.0,0.0,0.0,0.0,0.0
SE-rest,2024,2025-03-30,980.0,946.6597466875261,1.534810056487377,0.9573328579824202,5.938139813094944,0.0,0.0,0.0,0.0,0.0
SE-rest,2024,2025-04-06,863.0,879.9232080135178,1.490258762166281,0.9028457732581902,6.702425562721047,0.0,0.0,0.0,0.0,0.0
SE-rest,2024,2025-04-13,770.0,787.576133176469,1.3812096725047331,0.8168467083185901,6.27975365892062,0.0,0.0,0.0,0.0,0.0
SE-rest,2024,2025-04-20,675.0,604.1790371302933,1.1565348456054063,0.6729791368362587,9.559866544537764,0.0,0.0,0.0,0.796085517128215,0.0
SE-rest,2024,2025-04-27,415.0,443.4112162395452,1.3260911758592508,0.7645575870103591,6.375694202293403,0.0,0.0,0.0,0.20391448287178512,0.0
SE-rest,2024,2025-05-04,244.0,254.95352406317363,1.4530084796344087,0.8323164627810252,9.851596868789686,0.0,0.0,0.0,0.0,0.0
SE-rest,2024,2025-05-11,163.0,172.38420339448783,1.501900810113239,0.8560194141434903,7.217799105099367,0.0,0.0,0.0,0.0,0.0
SE-rest,2024,2025-05-18,139.0,129.66699998619242,1.5145077938654694,0.859774809528037,10.894400443092804,0.0,0.0,0.0,0.0,0.0
SE-rest,2024,2025-05-25,102.0,101.5963979647068,1.516958881249283,0.8584492180514349,10.04554849416313,0.0,0.0,0.0,0.0,0.0
SE-rest,2024,2025-06-01,80.0,80.1910540776691,1.5179555556056457,0.8568673923898809,13.163540209710915,0.0,0.0,0.0,0.0,0.0
SE-rest,2024,2025-06-08,61.0,60.790083610922196,1.5181528423310648,0.8552856664960442,13.772259074524074,0.0,0.0,0.0,0.0,0.0005044499498596246
