series,season,week_end,observed,fitted,r_t,r_eff,temperature,hol_host,hol_jul,hol_sport,hol_pask,hol_sommar
SE-M,2015,2015-06-28,,7.821255272659009,0.8192482933106913,0.8185303604913032,13.91,0.0,0.0,0.0,0.0,1.0
SE-M,2015,2015-07-05,,7.315620802904498,0.7105147534795767,0.7086226250827671,19.70642857142857,0.0,0.0,0.0,0.0,1.0
SE-M,2015,2015-07-12,,6.006924238194047,0.7799448921008312,0.7767940172377197,15.992142857142854,0.0,0.0,0.0,0.0,1.0
SE-M,2015,2015-07-19,,4.721457975149455,0.7747928749419716,0.7707368293426635,16.27857142857143,0.0,0.0,0.0,0.0,1.0
SE-M,2015,2015-07-26,,4.076853892724117,0.772433813195662,0.7675551873894151,16.454285714285714,0.0,0.0,0.0,0.0,1.0
SE-M,2015,2015-08-02,,3.6704424365976482,0.8031466239798526,0.7972601730364227,14.940000000000001,0.0,0.0,0.0,0.0,1.0
SE-M,2015,2015-08-09,,3.4585122369423402,0.7306231897693831,0.7245631897304401,18.775714285714287,0.0,0.0,0.0,0.0,1.0
SE-M,2015,2015-08-16,,3.2183237405961655,0.7361966257891529,0.729457749052626,18.529285714285717,0.0,0.0,0.0,0.0,1.0
SE-M,2015,2015-08-23,,2.946836265453539,0.7437854789703697,0.7363710462054144,18.162142857142857,0.0,0.0,0.0,0.0,0.14285714285714285
SE-M,2015,2015-08-30,,2.748026706370387,0.7583199710259559,0.7501646943134279,17.450714285714287,0.0,0.0,0.0,0.0,0.0
SE-M,2015,2015-09-06,,2.672448786959283,0.8154890480170307,0.8060608506667394,14.684285714285718,0.0,0.0,0.0,0.0,0.0
SE-M,2015,2015-09-13,,2.7428905212651182,0.8378394075839589,0.827423321648637,13.646428571428572,0.0,0.0,0.0,0.0,0.0
SE-M,2015,2015-09-20,,2.9860191651629653,0.8118425487892207,0.8009886265797576,15.00642857142857,0.0,0.0,0.0,0.0,0.0
SE-M,2015,2015-09-27,,3.1227105676528035,0.8566111219808875,0.8443359595617217,12.98,0.0,0.0,0.0,0.0,0.0
SE-M,2015,2015-10-04,,3.2840770934668146,0.9066242538549428,0.8926721006873983,10.894285714285713,0.0,0.0,0.0,0.0,0.0
SE-M,2015,2015-10-11,,3.6241213069954097,0.9551076202537857,0.939244981885853,9.077142857142857,0.0,0.0,0.0,0.0,0.0
SE-M,2015,2015-10-18,,4.125336716370466,0.9798294328503561,0.9621619747444194,8.338571428571429,0.0,0.0,0.0,0.0,0.0
SE-M,2015,2015-10-25,,4.879611645848625,0.956132553446441,0.9373153244109081,9.731428571428571,0.0,0.0,0.0,0.0,0.0
SE-M,2015,2015-11-01,,5.562254892366866,1.0087752711710685,0.9870645124827766,8.14857142857143,1.0,0.0,0.0,0.0,0.0
SE-M,2015,2015-11-08,,6.2934415083585264,1.0000460798478286,0.9764101482021481,9.197857142857144,0.0,0.0,0.0,0.0,0.0
SE-M,2015,2015-11-15,,7.104070969629279,1.0076140494222392,0.9814488818732,9.832142857142857,0.0,0.0,0.0,0.0,0.0
SE-M,2015,2015-11-22,,7.784930310977633,1.1641653332874833,1.1307614015380218,5.256428571428572,0.0,0.0,0.0,0.0,0.0
SE-M,2015,2015-11-29,,9.59634599788768,1.248224485113808,1.2074857932713212,3.4978571428571428,0.0,0.0,0.0,0.0,0.0
SE-M,2015,2015-12-06,9.0,14.057165837378019,1.147386673756279,1.1034099999548712,7.407857142857144,0.0,0.0,0.0,0.0,0.0
SE-M,2015,2015-12-13,16.0,19.053137583478545,1.1758933151230422,1.1225304060681836,5.581428571428572,0.0,0.0,0.0,0.0,0.0
SE-M,2015,2015-12-20,19.0,23.982596984893497,1.110509594957779,1.0505691832067514,5.615000000000001,0.0,0.0,0.0,0.0,0.0
SE-M,2015,2015-12-27,52.0,27.572396977927042,0.9895028514150435,0.927053817642523,7.2821428571428575,0.0,0.8571428571428571,0.0,0.0,0.0
SE-M,2015,2016-01-03,37.0,29.26982102508825,1.1450979107625674,1.0630639888618256,1.0164285714285715,0.0,1.0,0.0,0.0,0.0
SE-M,2015,2016-01-10,23.0,31.469455140608815,1.2998365580973883,1.1929268116506273,-2.087142857142857,0.0,0.8571428571428571,0.0,0.0,0.0
SE-M,2015,2016-01-17,26.0,37.8410211790488,1.4594039311858176,1.316124175590721,-3.310714285714286,0.0,0.0,0.0,0.0,0.0
SE-M,2015,2016-01-24,46.0,55.27905066162225,1.5419105981047363,1.3496455025524607,-3.0985714285714288,0.0,0.0,0.0,0.0,0.0
SE-M,2015,2016-01-31,86.0,94.62056780038918,1.2777074293648185,1.0669647276042427,5.093571428571429,0.0,0.0,0.0,0.0,0.0
SE-M,2015,2016-02-07,140.0,129.59767851174772,1.2683484033158778,1.005288319178388,4.4835714285714285,0.0,0.0,0.0,0.0,0.0
SE-M,2015,2016-02-14,176.0,141.73019602813028,1.295230770960865,0.9724288189099168,2.295714285714286,0.0,0.0,0.0,0.0,0.0
SE-M,2015,2016-02-21,121.0,139.19259115121872,1.3300098115863332,0.9466377301640791,0.3328571428571428,0.0,0.0,0.0,0.0,0.0
SE-M,2015,2016-02-28,152.0,132.9843784351944,1.2598057839953651,0.8533608257030103,2.1685714285714286,0.0,0.0,1.0,0.0,0.0
SE-M,2015,2016-03-06,97.0,112.17482433742532,1.2992464922561062,0.8466061826273963,1.2692857142857146,0.0,0.0,0.0,0.0,0.0
SE-M,2015,2016-03-13,92.0,88.69656705247411,1.3030935294959887,0.8232870258324176,1.7992857142857144,0.0,0.0,0.0,0.0,0.0
SE-M,2015,2016-03-20,63.0,66.79075274258291,1.2475159697394387,0.7706477650373006,4.258571428571428,0.0,0.0,0.0,0.0,0.0
SE-M,2015,2016-03-27,43.0,46.716517614759184,1.2309542094695982,0.7488489157363072,5.380714285714285,0.0,0.0,0.0,0.8138547107500492,0.0
SE-M,2015,2016-04-03,39.0,33.79783043673406,1.2203935460118982,0.7349638171000966,6.3692857142857155,0.0,0.0,0.0,0.14338042286784644,0.0
SE-M,2015,2016-04-10,24.0,21.210547102421938,1.2140280256906413,0.7263719950813786,7.565000000000002,0.0,0.0,0.0,0.0427648663821042,0.0
SE-M,2015,2016-04-17,10.0,13.63348854917293,1.2533173212806061,0.7466594692460602,7.334285714285714,0.0,0.0,0.0,0.0,0.0
SE-M,2015,2016-04-24,5.0,9.092118428375606,1.277323717234806,0.7586091994535226,7.230000000000002,0.0,0.0,0.0,0.0,0.0
SE-M,2015,2016-05-01,8.0,6.375297206743988,1.3115925659361953,0.7771533775061209,6.167142857142857,0.0,0.0,0.0,0.0,0.0
SE-M,2015,2016-05-08,6.0,4.830726174557528,1.1184930085720752,0.6615504164447821,12.067857142857145,0.0,0.0,0.0,0.0,0.0
SE-M,2015,2016-05-15,7.0,3.54029510765285,1.0681724988773256,0.6310339426863377,13.41857142857143,0.0,0.0,0.0,0.0,0.0
SE-M,2015,2016-05-22,1.0,2.403291519247604,1.0727759193093578,0.6332218666458899,12.954285714285716,0.0,0.0,0.0,0.0,0.0
SE-M,2015,2016-05-29,2.0,1.7692003758740846,0.9820208683370345,0.5792527851506869,16.31,0.0,0.0,0.0,0.0,0.0
SE-M,2015,2016-06-05,0.0,1.3652680274045248,0.8887163960175763,0.5239321068981401,20.247142857142855,0.0,0.0,0.0,0.0,0.0
SE-M,2015,2016-06-12,1.0,1.0979052461949832,1.0340099996031216,0.6092939968064994,14.197857142857144,0.0,0.0,0.0,0.0,0.0
SE-O,2015,2015-06-28,,6.197838395969557,0.8004679623943838,0.8001106567998819,14.177857142857144,0.0,0.0,0.0,0.0,1.0
SE-O,2015,2015-07-05,,5.883354586361042,0.6901779232695008,0.6892271564421634,20.197857142857142,0.0,0.0,0.0,0.0,1.0
SE-O,2015,2015-07-12,,5.032085846262866,0.7672149664229269,0.7655731236239156,15.914285714285715,0.0,0.0,0.0,0.0,1.0
SE-O,2015,2015-07-19,,4.1870496627988425,0.7610336592349736,0.7588691002526106,16.23642857142857,0.0,0.0,0.0,0.0,1.0
SE-O,2015,2015-07-26,,3.831726303412898,0.7869422656619693,0.7841715703442708,14.937857142857142,0.0,0.0,0.0,0.0,1.0
SE-O,2015,2015-08-02,,3.680428863642724,0.7834579223266765,0.7801732050143985,15.110000000000001,0.0,0.0,0.0,0.0,1.0
SE-O,2015,2015-08-09,,3.6466110341282443,0.7226777535229042,0.7191790308994627,18.372142857142858,0.0,0.0,0.0,0.0,1.0
SE-O,2015,2015-08-16,,3.4663996214948316,0.7240272586475115,0.720094832848411,18.300000000000004,0.0,0.0,0.0,0.0,1.0
SE-O,2015,2015-08-23,,3.238140592393366,0.7188073386204825,0.7144983096400698,18.592142857142854,0.0,0.0,0.0,0.0,0.7142857142857143
SE-O,2015,2015-08-30,,3.0423859229208605,0.7508779120951655,0.7459671717782006,16.880714285714284,0.0,0.0,0.0,0.0,0.0
SE-O,2015,2015-09-06,,2.980076962349811,0.807535832249297,0.8017939572775651,14.020000000000001,0.0,0.0,0.0,0.0,0.0
SE-O,2015,2015-09-13,,3.115172841305088,0.8147520951866699,0.8084546077070817,13.692142857142857,0.0,0.0,0.0,0.0,0.0
SE-O,2015,2015-09-20,,3.374052570029346,0.7973093877129963,0.7906233854211362,14.603571428571428,0.0,0.0,0.0,0.0,0.0
SE-O,2015,2015-09-27,,3.5107794793556035,0.8508523221625971,0.8431404530075239,12.072857142857144,0.0,0.0,0.0,0.0,0.0
SE-O,2015,2015-10-04,,3.715626148193096,0.8595395575373111,0.8511117667969031,11.760714285714286,0.0,0.0,0.0,0.0,0.0
SE-O,2015,2015-10-11,,4.036125892383547,0.9319990365764701,0.9220921543026009,8.633571428571427,0.0,0.0,0.0,0.0,0.0
SE-O,2015,2015-10-18,,4.502710098876827,0.9653241856267499,0.9541303452752581,7.387857142857143,0.0,0.0,0.0,0.0,0.0
SE-O,2015,2015-10-25,,5.274595875222555,0.9190750991039193,0.9074005178224988,9.590714285714286,0.00667805717554113,0.0,0.0,0.0,0.0
SE-O,2015,2015-11-01,,5.973026688720528,0.9759374674882719,0.9623615319863946,7.497142857142857,0.9933219428244591,0.0,0.0,0.0,0.0
SE-O,2015,2015-11-08,,6.596758872778301,0.9375909824942447,0.9232915255784443,9.492142857142856,0.0,0.0,0.0,0.0,0.0
SE-O,2015,2015-11-15,,7.16972962740326,0.9581231132288984,0.9421637063199805,9.169285714285712,0.0,0.0,0.0,0.0,0.0
SE-O,2015,2015-11-22,,7.603520605686195,1.1362180832721038,1.1154429513269484,3.2042857142857146,0.0,0.0,0.0,0.0,0.0
SE-O,2015,2015-11-29,,9.104357206982382,1.1323584895808663,1.1091271113266512,3.9335714285714287,0.0,0.0,0.0,0.0,0.0
SE-O,2015,2015-12-06,10.0,12.450504176211496,1.0619527490269434,1.0371042140200541,6.933571428571429,0.0,0.0,0.0,0.0,0.0
SE-O,2015,2015-12-13,15.0,15.503652924610812,1.1098816907709785,1.0801847504806878,5.0807142857142855,0.0,0.0,0.0,0.0,0.0
SE-O,2015,2015-12-20,18.0,18.19421512490848,1.0939134534290296,1.0602669857664684,5.078571428571428,0.0,0.0,0.0,0.0,0.0
SE-O,2015,2015-12-27,25.0,20.973323770312355,1.0368905794142855,1.0002194253716143,6.003571428571428,0.0,0.7142857142857143,0.0,0.0,0.0
SE-O,2015,2016-01-03,27.0,23.831487832373348,1.1974904660530687,1.149163007191517,-0.06785714285714269,0.0,1.0,0.0,0.0,0.0
SE-O,2015,2016-01-10,29.0,29.816218826403755,1.3775332973841068,1.3117770284649102,-4.740714285714285,0.0,0.8571428571428571,0.0,0.0,0.0
SE-O,2015,2016-01-17,45.0,42.84533585612306,1.5000057773430515,1.4090377411112578,-5.817142857142857,0.0,0.0,0.0,0.0,0.0
SE-O,2015,2016-01-24,59.0,72.23911571208427,1.5004901984574837,1.3741299843374004,-4.1814285714285715,0.0,0.0,0.0,0.0,0.0
SE-O,2015,2016-01-31,125.0,135.41861454218065,1.1892978203022528,1.0459241823632548,4.636428571428572,0.0,0.0,0.0,0.0,0.0
SE-O,2015,2016-02-07,191.0,185.61303892520107,1.149373218367746,0.9687440527201261,3.332857142857143,0.0,0.0,0.0,0.0,0.0
SE-O,2015,2016-02-14,219.0,195.3228941772697,1.1371359789876982,0.9202375367194376,0.8392857142857143,0.0,0.0,0.0,0.0,0.0
SE-O,2015,2016-02-21,195.0,176.63241239063922,1.1541822631333107,0.9013874760763231,-0.36571428571428577,0.0,0.0,0.8465485235113981,0.0,0.0
SE-O,2015,2016-02-28,142.0,156.3651885138159,1.178097556097748,0.8913002934309332,0.7221428571428571,0.0,0.0,0.14161610224608123,0.0,0.0
SE-O,2015,2016-03-06,115.0,130.52707774074594,1.2534983218990636,0.9229065652999887,0.7892857142857145,0.0,0.0,0.011835374242520819,0.0,0.0
SE-O,2015,2016-03-13,114.0,112.06882375717473,1.2840286659134341,0.9220857023179146,1.6285714285714286,0.0,0.0,0.0,0.0,0.0
SE-O,2015,2016-03-20,90.0,97.8738554077882,1.1897190022957675,0.8363118535685266,5.220714285714286,0.0,0.0,0.0,0.0,0.0
SE-O,2015,2016-03-27,88.0,78.74190609967246,1.196523231235265,0.8274611550430068,4.607142857142857,0.0,0.0,0.0,0.1520711904924412,0.0
SE-O,2015,2016-04-03,66.0,64.87875704113434,1.1332262092295398,0.7741923525815063,6.564285714285715,0.0,0.0,0.0,0.8479288095075591,0.0
SE-O,2015,2016-04-10,57.0,45.23368439647997,1.152114260748511,0.7805868185528494,6.979285714285716,0.0,0.0,0.0,0.0,0.0
SE-O,2015,2016-04-17,26.0,31.233674584922944,1.1959671498310367,0.80552971941879,7.859285714285714,0.0,0.0,0.0,0.0,0.0
SE-O,2015,2016-04-24,14.0,22.32117942098761,1.317964625767844,0.8835724372399361,6.625714285714286,0.0,0.0,0.0,0.0,0.0
SE-O,2015,2016-05-01,16.0,17.531095004030988,1.379283290795532,0.9208006440240742,6.453571428571428,0.0,0.0,0.0,0.0,0.0
SE-O,2015,2016-05-08,13.0,15.63795018128177,1.2043202266038047,0.8009633221000092,12.077857142857143,0.0,0.0,0.0,0.0,0.0
SE-O,2015,2016-05-15,15.0,13.294692714635373,1.1309023892449184,0.7500634781854949,13.568571428571428,0.0,0.0,0.0,0.0,0.0
SE-O,2015,2016-05-22,18.0,9.709947569195382,1.1135447714474405,0.737166130521932,12.757142857142858,0.0,0.0,0.0,0.0,0.0
SE-O,2015,2016-05-29,8.0,7.084635354920168,1.0444853023916283,0.690482989529348,14.463571428571429,0.0,0.0,0.0,0.0,0.0
SE-O,2015,2016-06-05,3.0,4.989465676878082,0.8938111947170936,0.5903305718241558,20.38,0.0,0.0,0.0,0.0,0.0
SE-O,2015,2016-06-12,1.0,3.3703350465399082,1.0278734446817661,0.6784398045995031,14.797857142857143,0.0,0.0,0.0,0.0,0.0
SE-rest,2015,2015-06-28,,44.16390452622224,0.791534318186561,0.7910011193112471,14.411653185766436,0.0,0.0,0.0,0.0,1.0
SE-rest,2015,2015-07-05,,39.96954104952847,0.693266970904421,0.6918803277874701,19.747206954881303,0.0,0.0,0.0,0.0,1.0
SE-rest,2015,2015-07-12,,30.861985145706786,0.7741034965621058,0.7718059728940506,15.311256910505945,0.0,0.0,0.0,0.0,1.0
SE-rest,2015,2015-07-19,,23.17767566503549,0.768990687089312,0.7660740891707553,15.559955797277633,0.0,0.0,0.0,0.0,1.0
SE-rest,2015,2015-07-26,,19.39117796400306,0.7745268772190188,0.7710234141665612,15.283587929437184,0.0,0.0,0.0,0.0,1.0
SE-rest,2015,2015-08-02,,17.10452419413855,0.780971463331637,0.7769145662585798,14.948097409791355,0.0,0.0,0.0,0.0,1.0
SE-rest,2015,2015-08-09,,15.732901229155033,0.7300971893346796,0.7258507358241167,17.647067334944563,0.0,0.0,0.0,0.0,1.0
SE-rest,2015,2015-08-16,,14.401542701530035,0.7385581348521012,0.7338493334700059,17.185837248386935,0.0,0.0,0.0,0.0,0.993918324172473
SE-rest,2015,2015-08-23,,13.069115048847154,0.7455122183698879,0.740366650568464,16.81389181053833,0.0,0.0,0.0,0.0,0.5181398418736434
SE-rest,2015,2015-08-30,,12.325220486316635,0.7383520558344182,0.7328794362491413,17.226807809297505,0.0,0.0,0.0,0.0,0.0025692288509087747
SE-rest,2015,2015-09-06,,11.823022433947946,0.8094964638204682,0.8030836224873469,13.576497995715373,0.0,0.0,0.0,0.0,0.0
SE-rest,2015,2015-09-13,,12.065642118823174,0.8288639938045473,0.8218373775942425,12.655746261475732,0.0,0.0,0.0,0.0,0.0
SE-rest,2015,2015-09-20,,13.048431392367366,0.7967443937494895,0.7895186788538918,14.272403190360864,0.0,0.0,0.0,0.0,0.0
SE-rest,2015,2015-09-27,,13.541791866135082,0.8516782865471297,0.8434408415260025,11.66446532117652,0.0,0.0,0.0,0.0,0.0
SE-rest,2015,2015-10-04,,14.225807013742594,0.8667397809091651,0.857785438572748,11.054324910944514,0.0,0.0,0.0,0.0,0.0
SE-rest,2015,2015-10-11,,15.444753889516694,0.9876972368484555,0.9767475216078207,5.9613623969542635,0.0,0.0,0.0,0.0,0.0
SE-rest,2015,2015-10-18,,17.90740194191004,0.9893101609589878,0.9774172209926911,6.06214283425154,0.0,0.0,0.0,0.0,0.0
SE-rest,2015,2015-10-25,,21.793060376492683,0.9391365849030644,0.9268315248036235,8.401532098329549,0.0020798067981061606,0.0,0.0,0.0,0.0
SE-rest,2015,2015-11-01,,25.06913710232198,1.007734958134582,0.993322886633628,5.935214665793281,0.9979201932018941,0.0,0.0,0.0,0.0
SE-rest,2015,2015-11-08,,28.281520967384807,0.9735344147068654,0.9582763423865075,7.739135486738638,0.0,0.0,0.0,0.0,0.0
SE-rest,2015,2015-11-15,,31.47970946439541,1.0419777646184853,1.0240691316584214,5.592775021425922,0.0,0.0,0.0,0.0,0.0
SE-rest,2015,2015-11-22,,35.726584303577724,1.1923975299493343,1.1696142356696224,1.0943324996315973,0.0,0.0,0.0,0.0,0.0
SE-rest,2015,2015-11-29,,46.14959639526286,1.1853895137575867,1.1594659581043096,2.3102298072830947,0.0,0.0,0.0,0.0,0.0
SE-rest,2015,2015-12-06,71.0,66.88045688794807,1.1689398632919477,1.138865779234256,4.242721237742958,0.0,0.0,0.0,0.0,0.0
SE-rest,2015,2015-12-13,81.0,90.69114946054708,1.2331089935354822,1.1950350320905088,3.113678243978964,0.0,0.0,0.0,0.0,0.0
SE-rest,2015,2015-12-20,108.0,121.38844014182297,1.214558460430419,1.1684220303887412,2.427118411258527,0.0,0.0,0.0,0.0,0.0
SE-rest,2015,2015-12-27,174.0,162.49029109029675,1.0343577683282805,0.9858736936128106,3.8453617343567537,0.0,0.804168572311678,0.0,0.0,0.0
SE-rest,2015,2016-01-03,196.0,191.10036820310884,1.0640406423695716,1.0052224288503566,-2.05125237215478,0.0,1.0,0.0,0.0,0.0
SE-rest,2015,2016-01-10,253.0,210.45546434133107,1.2369209547715436,1.156747023336666,-9.252901689381982,0.0,0.856511376011697,0.0,0.0,0.0
SE-rest,2015,2016-01-17,204.0,229.76963802014484,1.3471632962640372,1.2424486184850596,-9.032733205577568,0.0,0.0,0.0,0.0,0.0
SE-rest,2015,2016-01-24,273.0,304.9596335389871,1.4273741303926009,1.2886111042093962,-7.53989627642254,0.0,0.0,0.0,0.0,0.0
SE-rest,2015,2016-01-31,488.0,477.60122087404943,1.1518547641512018,1.00839237591166,2.5885068078687055,0.0,0.0,0.0,0.0,0.0
SE-rest,2015,2016-02-07,553.0,602.3922710801871,1.1604535404294674,0.9848091229580282,0.5107990985452745,0.0,0.0,0.0,0.0,0.0
SE-rest,2015,2016-02-14,717.0,622.2059528949139,1.0735286039496297,0.884399332459482,0.6636247663740631,0.0,0.0,0.0,0.0,0.0
SE-rest,2015,2016-02-21,551.0,554.6225911019245,1.129811671643863,0.9081412511912503,-1.5514251310853087,0.0,0.0,0.06860898400178818,0.0,0.0
SE-rest,2015,2016-02-28,474.0,479.78305350886734,1.1981726508539718,0.9415817516278985,-1.4144934995300507,0.0,0.0,0.309291721673057,0.0,0.0
SE-rest,2015,2016-03-06,381.0,415.2403826454855,1.2454559417021527,0.9584748424904438,-0.292888732760946,0.0,0.0,0.48245912716620054,0.0,0.0
SE-rest,2015,2016-03-13,388.0,384.30989251636663,1.2427788249962863,0.9373702463189472,1.0460295361963357,0.0,0.0,0.13964016715895444,0.0,0.0
SE-rest,2015,2016-03-20,363.0,351.50220558491213,1.1609444671010685,0.8604027154205512,3.7808173386389,0.0,0.0,0.0,0.0,0.0
SE-rest,2015,2016-03-27,280.0,292.71578782759906,1.1572801231773726,0.8457717543884461,3.0528614154374094,0.0,0.0,0.0,0.04007533985724581,0.0
SE-rest,2015,2016-04-03,270.0,252.46974091776633,1.06258023117714,0.768241207832834,5.212655661874686,0.0,0.0,0.0,0.9429125391283791,0.0
SE-rest,2015,2016-04-10,176.0,179.16156821530592,1.025643605589751,0.7363246039381075,5.842188419015409,0.0,0.0,0.0,0.00815825269151667,0.0
SE-rest,2015,2016-04-17,120.0,120.57551025967014,1.0202488027135705,0.7291269631761571,5.946647809540816,0.0,0.0,0.0,0.008853868322858257,0.0
SE-rest,2015,2016-04-24,86.0,78.28156569929591,1.0516552981421383,0.7493125805545452,5.319706745265383,0.0,0.0,0.0,0.0,0.0
SE-rest,2015,2016-05-01,36.0,51.683248982819336,1.0603329629087341,0.7538983164323098,5.503073234895619,0.0,0.0,0.0,0.0,0.0
SE-rest,2015,2016-05-08,41.0,36.50353158434143,0.8842500254907844,0.6277676079606163,12.560748944264388,0.0,0.0,0.0,0.0,0.0
SE-rest,2015,2016-05-15,28.0,24.453922451667225,0.9084436682175492,0.6443631659607323,11.189690998660923,0.0,0.0,0.0,0.0,0.0
SE-rest,2015,2016-05-22,14.0,15.3739705238043,0.8930315096316122,0.6330395309247278,11.407989313222474,0.0,0.0,0.0,0.0,0.0
SE-rest,2015,2016-05-29,13.0,10.827085413679795,0.8535934797540656,0.6047864439875907,12.99082051219591,0.0,0.0,0.0,0.0,0.0
SE-rest,2015,2016-06-05,6.0,8.096807134979882,0.7700053157916976,0.5453536899354152,17.038703478458736,0.0,0.0,0.0,0.0,0.0
SE-rest,2015,2016-06-12,6.0,6.402111738807371,0.8674367517400247,0.6141556076049443,12.273353642085917,0.0,0.0,0.0,0.0,0.057607209491457305
SE-M,2016,2016-07-03,,0.12995005206009722,0.8440699961480332,0.8440507436473826,16.47714285714286,0.0,0.0,0.0,0.0,1.0
SE-M,2016,2016-07-10,,0.1720770646216227,0.8536635715365744,0.8535888445383758,16.315714285714286,0.0,0.0,0.0,0.0,1.0
SE-M,2016,2016-07-17,,0.2481505454935061,0.8483851187657018,0.8482410814717035,16.915714285714284,0.0,0.0,0.0,0.0,1.0
SE-M,2016,2016-07-24,,0.31137395049290983,0.8051273455393845,0.8049164544968271,19.442142857142862,0.0,0.0,0.0,0.0,1.0
SE-M,2016,2016-07-31,0.0,0.354350320130293,0.8358908633369644,0.8355894435037222,18.43357142857143,0.0,0.0,0.0,0.0,1.0
SE-M,2016,2016-08-07,0.0,0.37827970218713053,0.8791238706931965,0.8787125667202798,16.890714285714285,0.0,0.0,0.0,0.0,1.0
SE-M,2016,2016-08-14,0.0,0.4187426379642101,0.9254321005912761,0.9248851324073231,15.242142857142861,0.0,0.0,0.0,0.0,0.9928063747964827
SE-M,2016,2016-08-21,1.0,0.47873260099328807,0.9068336841490398,0.9061698460141537,16.239285714285717,0.0,0.0,0.0,0.0,0.5386176248067324
SE-M,2016,2016-08-28,1.0,0.540370375152144,0.8626431554848587,0.8618826493417985,18.385714285714283,0.0,0.0,0.0,0.0,0.008215686160788658
SE-M,2016,2016-09-04,0.0,0.5681152585987839,0.8989043503165762,0.8979758054929878,16.73071428571429,0.0,0.0,0.0,0.0,0.0
SE-M,2016,2016-09-11,1.0,0.5868745883938296,0.8778229622188677,0.8767771047207438,17.549285714285713,0.0,0.0,0.0,0.0,0.0
SE-M,2016,2016-09-18,0.0,0.6101219917819521,0.8829837954411007,0.8817893310988947,16.93642857142857,0.0,0.0,0.0,0.0,0.0
SE-M,2016,2016-09-25,0.0,0.6166846326315729,0.9407231692809638,0.9392931823011351,13.602142857142855,0.0,0.0,0.0,0.0,0.0
SE-M,2016,2016-10-02,3.0,0.6574825346211801,0.9044509275160599,0.9029101971891315,14.248571428571427,0.0,0.0,0.0,0.0,0.0
SE-M,2016,2016-10-09,3.0,0.6977216321976043,1.0168282459730218,1.014895192192869,8.965714285714286,0.0,0.0,0.0,0.0,0.0
SE-M,2016,2016-10-16,0.0,0.7820714191368028,1.0422388339595308,1.0400038309633375,7.969285714285713,0.0,0.0,0.0,0.0,0.0
SE-M,2016,2016-10-23,0.0,0.9478249993785375,1.0635973563140428,1.060997880728381,7.808571428571428,0.0,0.0,0.0,0.0,0.0
SE-M,2016,2016-10-30,1.0,1.1585265889703087,1.0923914913457922,1.0893153935230966,7.880000000000002,0.0,0.0,0.0,0.0,0.0
SE-M,2016,2016-11-06,1.0,1.4625077863626346,1.2080398221867887,1.2040361564912794,5.4192857142857145,1.0,0.0,0.0,0.0,0.0
SE-M,2016,2016-11-13,0.0,2.010016138415191,1.493863181846652,1.4876351587447856,-1.5514285714285714,0.0,0.0,0.0,0.0,0.0
SE-M,2016,2016-11-20,3.0,3.6341808644532874,1.3026140168011844,1.2950025684360467,5.251428571428571,0.0,0.0,0.0,0.0,0.0
SE-M,2016,2016-11-27,9.0,6.558283879475825,1.2991025188623921,1.2880575908604794,6.471428571428572,0.0,0.0,0.0,0.0,0.0
SE-M,2016,2016-12-04,7.0,10.59051368699507,1.4372083904518773,1.4184920356424195,3.0821428571428577,0.0,0.0,0.0,0.0,0.0
SE-M,2016,2016-12-11,15.0,18.79285075241666,1.3149894374531041,1.2871425243111145,5.985,0.0,0.0,0.0,0.0,0.0
SE-M,2016,2016-12-18,23.0,32.712783079249675,1.363794678356923,1.316987521073914,1.6135714285714289,0.0,0.0,0.0,0.0,0.0
SE-M,2016,2016-12-25,82.0,52.175815035995186,1.1514431423529736,1.0901208972826772,4.444285714285715,0.0,0.5135965806106207,0.0,0.0,0.0
SE-M,2016,2017-01-01,79.0,70.48545667592758,1.0707530599927322,0.9919001238966973,4.536428571428571,0.0,1.0,0.0,0.0,0.0
SE-M,2016,2017-01-08,64.0,74.47044391722314,1.2383096260226112,1.1210306070211329,-2.0364285714285715,0.0,1.0,0.0,0.0,0.0
SE-M,2016,2017-01-15,95.0,84.57495688044594,1.1704430979088307,1.0312506983863634,0.8757142857142858,0.0,0.13906568769073022,0.0,0.0,0.0
SE-M,2016,2017-01-22,77.0,92.17618248463108,1.2284831894976773,1.0506864456598108,1.2021428571428572,0.0,0.0,0.0,0.0,0.0
SE-M,2016,2017-01-29,95.0,101.15927198108974,1.3193489195471846,1.090308914842389,0.7321428571428574,0.0,0.0,0.0,0.0,0.0
SE-M,2016,2017-02-05,88.0,110.84022938890867,1.3358100996687408,1.06062859538078,1.5192857142857146,0.0,0.0,0.0,0.0,0.0
SE-M,2016,2017-02-12,132.0,125.39978836950458,1.4234280475399306,1.07845885538498,-1.475,0.0,0.0,0.0,0.0,0.0
SE-M,2016,2017-02-19,151.0,141.07870543828577,1.2885336637777225,0.9268855088882336,1.007857142857143,0.0,0.0,0.0,0.0,0.0
SE-M,2016,2017-02-26,176.0,143.03589594769147,1.1597730524804841,0.7983303040529522,3.956428571428572,0.0,0.0,1.0,0.0,0.0
SE-M,2016,2017-03-05,118.0,113.87358627758607,1.1488783054291927,0.76764087406911,4.525,0.0,0.0,0.0,0.0,0.0
SE-M,2016,2017-03-12,72.0,79.65957989977446,1.2668273641217789,0.828863815946599,2.0821428571428577,0.0,0.0,0.0,0.0,0.0
SE-M,2016,2017-03-19,46.0,55.802720364975244,1.2432521072245903,0.8006368699718761,4.6499999999999995,0.0,0.0,0.0,0.0,0.0
SE-M,2016,2017-03-26,36.0,39.737149010204405,1.253488594368152,0.7982964383745819,5.6935714285714285,0.0,0.0,0.0,0.0,0.0
SE-M,2016,2017-04-02,29.0,28.204389057390134,1.2085961301471708,0.7636726002850077,8.222142857142858,0.0,0.0,0.0,0.0,0.0
SE-M,2016,2017-04-09,27.0,19.660702589147867,1.24411329310467,0.7819319323268034,8.108571428571429,0.0,0.0,0.0,0.0,0.0
SE-M,2016,2017-04-16,10.0,12.89447919480033,1.3485420640116002,0.8443886626057465,6.275714285714286,0.0,0.0,0.0,0.9912713334350628,0.0
SE-M,2016,2017-04-23,8.0,9.654109480439889,1.4321389419847963,0.8940672178959215,4.964285714285714,0.0,0.0,0.0,0.00872866656493722,0.0
SE-M,2016,2017-04-30,5.0,7.467279599777646,1.4187709207406354,0.883424582710649,5.904285714285715,0.0,0.0,0.0,0.0,0.0
SE-M,2016,2017-05-07,8.0,6.1802462080432345,1.282392836685076,0.7968797436292675,10.027857142857144,0.0,0.0,0.0,0.0,0.0
SE-M,2016,2017-05-14,6.0,4.857099576607253,1.3295493027376646,0.8249601737669309,8.484285714285715,0.0,0.0,0.0,0.0,0.0
SE-M,2016,2017-05-21,4.0,3.627325461964648,1.1121070371134232,0.6893102911896494,15.319285714285714,0.0,0.0,0.0,0.0,0.0
SE-M,2016,2017-05-28,4.0,2.478757489131521,1.0853704301466902,0.6723310657175323,16.150714285714287,0.0,0.0,0.0,0.0,0.0
SE-M,2016,2017-06-04,0.0,1.5081588915105688,1.1372532652925345,0.7042107962393016,14.23821948683904,0.0,0.0,0.0,0.0,0.0
SE-M,2016,2017-06-11,1.0,0.9122502469067728,1.0998993977340736,0.6809181121538742,15.582203412529449,0.0,0.0,0.0,0.0,0.08437157700575837
SE-O,2016,2016-07-03,,0.12415300670567385,0.8597151819230956,0.8597036050354445,15.407857142857143,0.0,0.0,0.0,0.0,1.0
SE-O,2016,2016-07-10,,0.15447713803703156,0.8562025627988514,0.8561593163474982,15.845,0.0,0.0,0.0,0.0,1.0
SE-O,2016,2016-07-17,,0.20822834614577068,0.8521493710746666,0.8520678218866046,16.375000000000004,0.0,0.0,0.0,0.0,1.0
SE-O,2016,2016-07-24,,0.25334470237189965,0.7872669837740908,0.7871527160911543,20.013571428571428,0.0,0.0,0.0,0.0,1.0
SE-O,2016,2016-07-31,0.0,0.2783934624140027,0.825041828018192,0.8248800625939291,18.62357142857143,0.0,0.0,0.0,0.0,1.0
SE-O,2016,2016-08-07,0.0,0.28631003312762215,0.8830640511818586,0.8828427623467187,16.422857142857143,0.0,0.0,0.0,0.0,1.0
SE-O,2016,2016-08-14,0.0,0.31493296872529386,0.9517207527105035,0.9514213037984299,13.96642857142857,0.0,0.0,0.0,0.0,1.0
SE-O,2016,2016-08-21,0.0,0.3679033240028512,0.9095380289915,0.9091834821512286,16.053571428571427,0.0,0.0,0.0,0.0,0.9217530381562173
SE-O,2016,2016-08-28,1.0,0.41966503730065763,0.8798672642855656,0.879454340091164,17.560714285714287,0.0,0.0,0.0,0.0,0.014206655462033186
SE-O,2016,2016-09-04,0.0,0.4460469470928362,0.9173052344547513,0.9167992341497975,15.770000000000001,0.0,0.0,0.0,0.0,0.0
SE-O,2016,2016-09-11,1.0,0.47186083272372575,0.8766022972112647,0.8760422235167292,17.305,0.0,0.0,0.0,0.0,0.0
SE-O,2016,2016-09-18,1.0,0.48966686223033457,0.870176790442842,0.8695456542828353,17.234999999999996,0.0,0.0,0.0,0.0,0.0
SE-O,2016,2016-09-25,1.0,0.48432529403264857,0.9225459229067836,0.9217967831564443,14.399285714285716,0.0,0.0,0.0,0.0,0.0
SE-O,2016,2016-10-02,1.0,0.4997214531195737,0.9351512411018527,0.9343035176995987,13.642857142857144,0.0,0.0,0.0,0.0,0.0
SE-O,2016,2016-10-09,1.0,0.5370938786892463,1.0654693189457718,1.0643874793375534,8.525714285714287,0.0,0.0,0.0,0.0,0.0
SE-O,2016,2016-10-16,0.0,0.6395214308349612,1.1211543937236377,1.1198528643247325,6.964285714285714,0.0,0.0,0.0,0.0,0.0
SE-O,2016,2016-10-23,0.0,0.8377637634899214,1.1394433683596088,1.1378956662690105,7.074285714285714,0.0,0.0,0.0,0.0,0.0
SE-O,2016,2016-10-30,1.0,1.1322521031238015,1.1584905949056552,1.1566055518625904,7.272857142857143,0.00667805717554113,0.0,0.0,0.0,0.0
SE-O,2016,2016-11-06,1.0,1.5609231107959018,1.3202385452580394,1.3175649935400044,3.125714285714286,0.9933219428244591,0.0,0.0,0.0,0.0
SE-O,2016,2016-11-13,6.0,2.406876878511145,1.5158086277977634,1.5115898584083356,-1.0850000000000002,0.0,0.0,0.0,0.0,0.0
SE-O,2016,2016-11-20,1.0,4.782500912468531,1.3560912022717027,1.3502205016958746,5.1192857142857155,0.0,0.0,0.0,0.0,0.0
SE-O,2016,2016-11-27,7.0,8.954860270566648,1.3658311828860181,1.3563127710029461,6.228571428571429,0.0,0.0,0.0,0.0,0.0
SE-O,2016,2016-12-04,11.0,15.844064349242993,1.5523067485386288,1.5335812408492742,1.0928571428571432,0.0,0.0,0.0,0.0,0.0
SE-O,2016,2016-12-11,39.0,31.87991424935604,1.3481827023907917,1.3181254230409862,5.121428571428572,0.0,0.0,0.0,0.0,0.0
SE-O,2016,2016-12-18,51.0,60.039064893735144,1.3800213708477163,1.325900861846878,0.8957142857142857,0.0,0.0,0.0,0.0,0.0
SE-O,2016,2016-12-25,107.0,98.63885155162325,1.1121032419118562,1.0418613532828898,4.937857142857142,0.0,0.47881532153717554,0.0,0.0,0.0
SE-O,2016,2017-01-01,133.0,128.85883080646397,0.9951142495660134,0.9090697463622247,5.1621428571428565,0.0,1.0,0.0,0.0,0.0
SE-O,2016,2017-01-08,140.0,124.60194130339141,1.15925632018446,1.0347402741639427,-2.712142857142857,0.0,1.0,0.0,0.0,0.0
SE-O,2016,2017-01-15,131.0,124.08857100423451,1.0896033094428776,0.9497773637322136,1.5285714285714285,0.0,0.14568250263280955,0.0,0.0,0.0
SE-O,2016,2017-01-22,96.0,115.269146187741,1.1921662748318347,1.0159182739936135,2.085,0.0,0.0,0.0,0.0,0.0
SE-O,2016,2017-01-29,100.0,114.25137651028145,1.3436097550674237,1.1160252651936975,1.2592857142857141,0.0,0.0,0.0,0.0,0.0
SE-O,2016,2017-02-05,122.0,123.85127533640372,1.418244755481014,1.1407597361694983,0.9328571428571427,0.0,0.0,0.0,0.0,0.0
SE-O,2016,2017-02-12,153.0,152.7599767089237,1.4991025311896493,1.1551531628944376,-1.7535714285714283,0.0,0.0,0.0,0.0,0.0
SE-O,2016,2017-02-19,207.0,193.53339389543788,1.3483030701186558,0.9854823154835551,0.7571428571428571,0.0,0.0,0.8465485235113981,0.0,0.0
SE-O,2016,2017-02-26,228.0,217.05153800941144,1.24498586750259,0.8658042143679936,2.4328571428571424,0.0,0.0,0.14161610224608123,0.0,0.0
SE-O,2016,2017-03-05,186.0,191.47452117964605,1.187443142227245,0.7952120134111043,3.9971428571428578,0.0,0.0,0.011835374242520819,0.0,0.0
SE-O,2016,2017-03-12,156.0,146.38288489979436,1.3144433866666358,0.8559037015603871,1.0850000000000002,0.0,0.0,0.0,0.0,0.0
SE-O,2016,2017-03-19,99.0,109.48827599300213,1.2776444035578005,0.8135172408741509,4.332142857142857,0.0,0.0,0.0,0.0,0.0
SE-O,2016,2017-03-26,78.0,80.6000330510621,1.3283564796554903,0.8322818919810729,4.930000000000001,0.0,0.0,0.0,0.0,0.0
SE-O,2016,2017-04-02,58.0,59.437348443518545,1.3213636149199386,0.8177347164584624,7.029285714285715,0.0,0.0,0.0,0.0,0.0
SE-O,2016,2017-04-09,47.0,44.23293877804021,1.3496348486969367,0.8275954551891397,7.83357142857143,0.0,0.0,0.0,0.0,0.0
SE-O,2016,2017-04-16,33.0,31.51317033661536,1.514664969487687,0.9222027075660452,5.151428571428572,0.0,0.0,0.0,0.9745501660912187,0.0
SE-O,2016,2017-04-23,27.0,26.096878309187435,1.5940872397791992,0.9643188805083698,5.099285714285714,0.0,0.0,0.0,0.025449833908781534,0.0
SE-O,2016,2017-04-30,19.0,22.894036429009677,1.6542604605172764,0.9943142884831869,5.413571428571429,0.0,0.0,0.0,0.0,0.0
SE-O,2016,2017-05-07,18.0,21.9211829943525,1.4581088218348393,0.8711834874032288,11.233571428571429,0.0,0.0,0.0,0.0,0.0
SE-O,2016,2017-05-14,20.0,19.87167258578085,1.579647769364361,0.9390993061906732,7.652142857142858,0.0,0.0,0.0,0.0,0.0
SE-O,2016,2017-05-21,23.0,17.210627608017745,1.2787612746324422,0.7570479506592901,15.067857142857145,0.0,0.0,0.0,0.0,0.0
SE-O,2016,2017-05-28,17.0,13.45774287867561,1.228871240922446,0.7256191466610762,15.905714285714286,0.0,0.0,0.0,0.0,0.0
SE-O,2016,2017-06-04,7.0,8.939188634190689,1.2871157024140614,0.7587656436421735,13.757857142857144,0.0,0.0,0.0,0.0,0.0
SE-O,2016,2017-06-11,4.0,5.631883374460056,1.2523990470267865,0.7375209360937871,14.835000000000003,0.0,0.0,0.0,0.0,0.01415032876979684
SE-rest,2016,2016-07-03,,0.5751985137723512,0.860822880429832,0.8608051183124278,16.769006710556493,0.0,0.0,0.0,0.0,1.0
SE-rest,2016,2016-07-10,,0.7796170535943212,0.8747567587740068,0.8746865731113994,16.449479510169606,0.0,0.0,0.0,0.0,1.0
SE-rest,2016,2016-07-17,,1.1559677263665409,0.8668463376339648,0.8667098043604703,17.156527577675497,0.0,0.0,0.0,0.0,1.0
SE-rest,2016,2016-07-24,,1.4862818758352498,0.8376810061467787,0.8374746393505668,18.90418282002287,0.0,0.0,0.0,0.0,1.0
SE-rest,2016,2016-07-31,1.0,1.725976912831332,0.8408112276862837,0.8405231172074121,19.125622684555072,0.0,0.0,0.0,0.0,1.0
SE-rest,2016,2016-08-07,4.0,1.8554864112133993,0.8966515875976799,0.8962513617372202,17.03621701471861,0.0,0.0,0.0,0.0,1.0
SE-rest,2016,2016-08-14,0.0,2.058192256017307,0.9758318487765363,0.9752766969160985,14.375514644809483,0.0,0.0,0.0,0.0,0.9892545507402438
SE-rest,2016,2016-08-21,3.0,2.420953691842475,0.9736992017642503,0.9730000516858893,15.096710415587918,0.0,0.0,0.0,0.0,0.686973101282746
SE-rest,2016,2016-08-28,1.0,2.9098233200871184,0.9425661957646139,0.9417281054860839,16.91630592732183,0.0,0.0,0.0,0.0,0.0349907853074204
SE-rest,2016,2016-09-04,3.0,3.294362278313795,0.9901321070161065,0.9890649205842994,14.945133582580999,0.0,0.0,0.0,0.0,0.0
SE-rest,2016,2016-09-11,5.0,3.7322342436677736,0.9515728730773072,0.9503432181050179,16.129139655995022,0.0,0.0,0.0,0.0,0.0
SE-rest,2016,2016-09-18,6.0,4.153771551667664,0.9746749590862532,0.9731912549544255,14.488525930648837,0.0,0.0,0.0,0.0,0.0
SE-rest,2016,2016-09-25,1.0,4.451033785246102,0.9922033264209865,0.9904445321837464,12.606871186893331,0.0,0.0,0.0,0.0,0.0
SE-rest,2016,2016-10-02,5.0,4.922428579600128,0.9596542223281859,0.957689070129286,12.221534118435297,0.0,0.0,0.0,0.0,0.0
SE-rest,2016,2016-10-09,11.0,5.315003348160232,1.039793448785187,1.037354334076404,7.477754059522238,0.0,0.0,0.0,0.0,0.0
SE-rest,2016,2016-10-16,12.0,5.964206787203842,1.0764719613994587,1.0735588068141213,6.056387303539075,0.0,0.0,0.0,0.0,0.0
SE-rest,2016,2016-10-23,3.0,7.061598344390598,1.1156151523951925,1.1120993572310613,6.487824451523232,0.0,0.0,0.0,0.0,0.0
SE-rest,2016,2016-10-30,3.0,8.780895260971775,1.2028236491748494,1.1983177209194484,6.009239997767687,0.0020798067981061606,0.0,0.0,0.0,0.0
SE-rest,2016,2016-11-06,4.0,12.14205930798688,1.4253918546842834,1.4186722675723915,0.9131690957786026,0.9979201932018941,0.0,0.0,0.0,0.0
SE-rest,2016,2016-11-13,30.0,20.592886813173664,1.5548404575155037,1.5443537940527017,-2.2257980264995347,0.0,0.0,0.0,0.0,0.0
SE-rest,2016,2016-11-20,42.0,43.82307238719393,1.3523262945665664,1.3375440430364496,3.2796577498529773,0.0,0.0,0.0,0.0,0.0
SE-rest,2016,2016-11-27,86.0,83.07411761178349,1.32026811233642,1.2968203345529818,4.321810871937169,0.0,0.0,0.0,0.0,0.0
SE-rest,2016,2016-12-04,134.0,136.75804098333552,1.5064968593170107,1.461928232862458,-0.6488949663573182,0.0,0.0,0.0,0.0,0.0
SE-rest,2016,2016-12-11,262.0,249.49271003868563,1.433574277080098,1.3585507324932224,1.802872973028281,0.0,0.0,0.0,0.0,0.0
SE-rest,2016,2016-12-18,401.0,463.8579065110847,1.4682474153689735,1.3335383032556432,-1.2911712499754429,0.0,0.0,0.0,0.0,0.0
SE-rest,2016,2016-12-25,814.0,794.1968782648441,1.121490112746818,0.9579353811815104,3.167833740873992,0.0,0.5159636592569593,0.0,0.0,0.0
SE-rest,2016,2017-01-01,1090.0,973.1593278032965,0.9657543410618145,0.7824575316184549,3.54850495463823,0.0,1.0,0.0,0.0,0.0
SE-rest,2016,2017-01-08,784.0,803.9640236324445,1.218307678034519,0.9484581317473184,-6.086972199393232,0.0,0.9984986802044359,0.0,0.0,0.0
SE-rest,2016,2017-01-15,679.0,659.6309352990028,1.1897666875500303,0.8932737809759299,-0.5260997683252324,0.0,0.10995515787695538,0.0,0.0,0.0
SE-rest,2016,2017-01-22,458.0,532.0370049672867,1.3574188275116033,0.9867343130251489,0.2468937712853802,0.0,0.003084084217263472,0.0,0.0,0.0
SE-rest,2016,2017-01-29,489.0,487.3246582454118,1.5027722051350116,1.054775405606234,0.15304440794978205,0.0,0.0,0.0,0.0,0.0
SE-rest,2016,2017-02-05,489.0,491.509151999874,1.5463762522437339,1.0435110826269052,-0.03143013448412265,0.0,0.0,0.0,0.0,0.0
SE-rest,2016,2017-02-12,568.0,532.430767040199,1.6779026468919924,1.081945539498612,-4.126611195564191,0.0,0.0,0.0,0.0,0.0
SE-rest,2016,2017-02-19,547.0,586.1394211340091,1.399626725092746,0.8600603901891603,1.4541360153226566,0.0,0.0,0.06860898400178818,0.0,0.0
SE-rest,2016,2017-02-26,616.0,563.3664730179305,1.4345512829369766,0.8484602521970048,-0.5387859531071656,0.0,0.0,0.309291721673057,0.0,0.0
SE-rest,2016,2017-03-05,449.0,445.3008449747595,1.433121713298501,0.8232919167467901,0.9444149905394118,0.0,0.0,0.48245912716620054,0.0,0.0
SE-rest,2016,2017-03-12,313.0,333.9643566721038,1.6064300707863812,0.9019903384268945,-0.4434744575475458,0.0,0.0,0.13964016715895444,0.0,0.0
SE-rest,2016,2017-03-19,268.0,264.2539486274311,1.578635997745696,0.8688861293540745,3.672572218156708,0.0,0.0,0.0,0.0,0.0
SE-rest,2016,2017-03-26,191.0,212.69100205050793,1.6257207240385072,0.8806371824873825,4.457730752898789,0.0,0.0,0.0,0.0,0.0
SE-rest,2016,2017-04-02,183.0,174.25990884184912,1.6132349811117024,0.8622483825710672,5.1026543404886855,0.0,0.0,0.0,0.0,0.0
SE-rest,2016,2017-04-09,155.0,139.82544643384068,1.5745210860046812,0.8328114407055647,6.207651248207655,0.0,0.0,0.0,0.0007737336187460425,0.0
SE-rest,2016,2017-04-16,105.0,105.43215088588033,1.7984984782221634,0.9434530495003985,2.368904030140927,0.0,0.0,0.0,0.7217439996382476,0.0
SE-rest,2016,2017-04-23,86.0,89.52637449857781,1.824217567781314,0.9496840514022252,3.762755358999715,0.0,0.0,0.0,0.2774822667430066,0.0
SE-rest,2016,2017-04-30,72.0,79.60069744307057,1.8884544686703497,0.9758767858390486,4.187210842917021,0.0,0.0,0.0,0.0,0.0
SE-rest,2016,2017-05-07,79.0,74.60839717751084,1.7125665365491278,0.8790090451157296,9.08289866536571,0.0,0.0,0.0,0.0,0.0
SE-rest,2016,2017-05-14,59.0,66.73378552668338,1.89630435026454,0.9676798421826689,5.121229953915269,0.0,0.0,0.0,0.0,0.0
SE-rest,2016,2017-05-21,73.0,59.766487756908035,1.5502369897286,0.7869839277398162,12.742138355915516,0.0,0.0,0.0,0.0,0.0
SE-rest,2016,2017-05-28,42.0,49.26039838293565,1.4409629235304247,0.72902479985359,15.122444389233504,0.0,0.0,0.0,0.0,0.0
SE-rest,2016,2017-06-04,39.0,33.634036936385485,1.5599802795317153,0.7875460482628244,11.673602264553713,0.0,0.0,0.0,0.0,0.0
SE-rest,2016,2017-06-11,19.0,21.76921132974912,1.4584378699829894,0.7352188286074561,14.286123850461209,0.0,0.0,0.0,0.0,0.09783547802570412
SE-M,2017,2017-07-02,,0.13740495344462114,0.8342555535697546,0.8342426093736949,15.136333688958034,0.0,0.0,0.0,0.0,1.0
SE-M,2017,2017-07-09,,0.15419605339754522,0.8231697527665107,0.8231242640860205,15.846705225932975,0.0,0.0,0.0,0.0,1.0
SE-M,2017,2017-07-16,,0.18163082310253942,0.8211967368045151,0.8211149665476217,16.135865986361644,0.0,0.0,0.0,0.0,1.0
SE-M,2017,2017-07-23,,0.20215446596409775,0.813341121816557,0.8132217656235189,16.74030307379106,0.0,0.0,0.0,0.0,1.0
SE-M,2017,2017-07-30,0.0,0.21680432085650783,0.8126474470751714,0.8124882481847254,17.00064687083104,0.0,0.0,0.0,0.0,1.0
SE-M,2017,2017-08-06,0.0,0.2258178213351924,0.8065583822317928,0.8063598135682198,17.46827030824858,0.0,0.0,0.0,0.0,1.0
SE-M,2017,2017-08-13,0.0,0.23040605875448264,0.8103581015571356,0.8101174626030142,17.348618270398106,0.0,0.0,0.0,0.0,1.0
SE-M,2017,2017-08-20,1.0,0.23379616315011625,0.8211089523081627,0.8208226574341603,16.808580246621702,0.0,0.0,0.0,0.0,0.4321937901972145
SE-M,2017,2017-08-27,1.0,0.23961501355367937,0.8439572654125133,0.8436175747563185,15.77893258417904,0.0,0.0,0.0,0.0,0.0206027129763643
SE-M,2017,2017-09-03,0.0,0.2487030802185699,0.8489049895762267,0.8485152615371911,15.820308223015735,0.0,0.0,0.0,0.0,0.0
SE-M,2017,2017-09-10,0.0,0.25916156380027455,0.8915511002663506,0.8910884183751909,14.289326563220127,0.0,0.0,0.0,0.0,0.0
SE-M,2017,2017-09-17,0.0,0.2791544531933398,0.9305847321535461,0.930039176296524,13.223768731696834,0.0,0.0,0.0,0.0,0.0
SE-M,2017,2017-09-24,0.0,0.31155859502091493,0.9581808751475184,0.9575452461593033,12.834604471811401,0.0,0.0,0.0,0.0,0.0
SE-M,2017,2017-10-01,0.0,0.3601503699742986,0.948436402133907,0.9477231103434665,14.085677891195791,0.0,0.0,0.0,0.0,0.0
SE-M,2017,2017-10-08,0.0,0.40399982938223944,1.044514582316758,1.0436232577040108,11.066976739077335,0.0,0.0,0.0,0.0,0.0
SE-M,2017,2017-10-15,0.0,0.4770148403579778,1.0435624481897392,1.0425390197488429,11.709703497507004,0.0,0.0,0.0,0.0,0.0
SE-M,2017,2017-10-22,0.0,0.59647320905921,1.061293328699387,1.0600858809711442,11.266223035152837,0.0,0.0,0.0,0.0,0.0
SE-M,2017,2017-10-29,1.0,0.7221830087899908,1.1117573398396685,1.110276585385282,9.237820703635704,0.0,0.0,0.0,0.0,0.0
SE-M,2017,2017-11-05,2.0,0.9172247613752798,1.1258835035682437,1.124096494278892,8.304791738693849,1.0,0.0,0.0,0.0,0.0
SE-M,2017,2017-11-12,3.0,1.20293914057063,1.1838947497321513,1.1816094131244756,5.928035723775343,0.0,0.0,0.0,0.0,0.0
SE-M,2017,2017-11-19,2.0,1.6178637042943795,1.2218483023340636,1.21889589639531,4.787946207636574,0.0,0.0,0.0,0.0,0.0
SE-M,2017,2017-11-26,2.0,2.3147237230182696,1.270077623590874,1.2660824548443828,3.943743923110628,0.0,0.0,0.0,0.0,0.0
SE-M,2017,2017-12-03,2.0,3.4879826619714156,1.3232795205935464,1.3175900745682452,3.067090794815724,0.0,0.0,0.0,0.0,0.0
SE-M,2017,2017-12-10,4.0,5.511255213398669,1.2924692196551923,1.2844967187549963,4.659447645349834,0.0,0.0,0.0,0.0,0.0
SE-M,2017,2017-12-17,7.0,8.89306351053392,1.3991668052097317,1.386191722772735,1.3424868263679912,0.0,0.0,0.0,0.0,0.0
SE-M,2017,2017-12-24,11.0,15.190144966057742,1.24487506637631,1.2268124340388322,4.715239891265068,0.0,0.404185060130703,0.0,0.0,0.0
SE-M,2017,2017-12-31,37.0,24.438333633025145,1.2022360016912879,1.1760103848274153,4.177038758634681,0.0,0.9902157737574423,0.0,0.0,0.0
SE-M,2017,2018-01-07,38.0,33.241002690177126,1.2281954683705532,1.1897521114647074,2.4890142634002825,0.0,0.9902157737574423,0.0,0.0,0.0
SE-M,2017,2018-01-14,45.0,44.16119689532505,1.2955628475579786,1.2379871876880253,0.9351584233594502,0.0,0.21668742254045895,0.0,0.0,0.0
SE-M,2017,2018-01-21,50.0,62.66689049870745,1.3477347767367271,1.2614483759439332,0.8656857558712573,0.0,0.0,0.0,0.0,0.0
SE-M,2017,2018-01-28,79.0,92.61195377327218,1.29230776302928,1.1729593158496474,3.696840511930165,0.0,0.0,0.0,0.0,0.0
SE-M,2017,2018-02-04,143.0,131.45904530110784,1.356236340192084,1.1804944804387627,1.9763752787903854,0.0,0.0,0.0,0.0,0.0
SE-M,2017,2018-02-11,179.0,171.93568430272603,1.4769169035317078,1.211612678136577,-2.0551503514474976,0.0,0.0,0.0,0.0,0.0
SE-M,2017,2018-02-18,181.0,238.15902081991865,1.2970670338040213,0.9828158972036226,1.526221056006969,0.0,0.0,0.0,0.0,0.0
SE-M,2017,2018-02-25,382.0,272.7170957984846,1.3648641293446064,0.9559002404949045,-1.9102062721267659,0.0,0.0,1.0,0.0,0.0
SE-M,2017,2018-03-04,260.0,260.1300713344698,1.4888423885537212,0.9647596567340052,-5.14237554889764,0.0,0.0,0.0,0.0,0.0
SE-M,2017,2018-03-11,211.0,244.15209260198006,1.3516787484309873,0.8139947716836858,0.27003549856705017,0.0,0.0,0.0,0.0,0.0
SE-M,2017,2018-03-18,191.0,202.46320274798276,1.4410260512808861,0.822174593228504,-0.4699504927776811,0.0,0.0,0.0,0.0,0.0
SE-M,2017,2018-03-25,128.0,147.52333270379873,1.3878913437105076,0.7611280540600613,1.587985958268718,0.0,0.0,0.0,0.0,0.0
SE-M,2017,2018-04-01,93.0,102.07342113069835,1.3877971728517802,0.7407759092949682,0.6486252641578096,0.0,0.0,0.0,0.8664472017168945,0.0
SE-M,2017,2018-04-08,87.0,71.31096862663307,1.167427532243832,0.6132409911151555,5.838557186697285,0.0,0.0,0.0,0.08803843693170921,0.0
SE-M,2017,2018-04-15,51.0,40.0519533585549,1.0435561396447188,0.5440674198368379,8.598650583862208,0.0,0.0,0.0,0.04551436135139637,0.0
SE-M,2017,2018-04-22,19.0,19.377646053328426,0.9289063489403956,0.4828686117646534,12.300326957579243,0.0,0.0,0.0,0.0,0.0
SE-M,2017,2018-04-29,6.0,8.084289125748093,0.9709934713430393,0.5042023623579305,9.995652270407685,0.0,0.0,0.0,0.0,0.0
SE-M,2017,2018-05-06,2.0,3.097341415959429,0.9501228934117433,0.4931541216005161,10.646044071185141,0.0,0.0,0.0,0.0,0.0
SE-M,2017,2018-05-13,1.0,1.2010207734184535,0.8240626840642228,0.42765227361608765,16.193309832195446,0.0,0.0,0.0,0.0,0.0
SE-M,2017,2018-05-20,0.0,0.46265520438225416,0.8111250010903858,0.4209117811814016,16.80353881855395,0.0,0.0,0.0,0.0,0.0
SE-M,2017,2018-05-27,0.0,0.1807292845603503,0.7988910494035112,0.4145503413676509,17.36674353223926,0.0,0.0,0.0,0.0,0.0
SE-M,2017,2018-06-03,0.0,0.08563767042747455,0.7304808544437077,0.3790436874713153,20.93398159110983,0.0,0.0,0.0,0.0,0.0
SE-M,2017,2018-06-10,0.0,0.05407022785237124,0.7755886244663827,0.40244275635346854,18.56565205745408,0.0,0.0,0.0,0.0,0.011010379403506786
SE-O,2017,2017-07-02,,0.3335179514179819,0.799103977208927,0.7990884076827449,16.90142857142857,0.0,0.0,0.0,0.0,1.0
SE-O,2017,2017-07-09,,0.4439798989741659,0.8227486582582733,0.8226868911859501,15.855,0.0,0.0,0.0,0.0,1.0
SE-O,2017,2017-07-16,,0.6354431381870214,0.8128684521330959,0.8127508006335994,16.445,0.0,0.0,0.0,0.0,1.0
SE-O,2017,2017-07-23,,0.796700499575093,0.7892505471276285,0.7890745864740201,17.732857142857142,0.0,0.0,0.0,0.0,1.0
SE-O,2017,2017-07-30,2.0,0.901806129219736,0.7997733833795657,0.7995283616944173,17.375714285714285,0.0,0.0,0.0,0.0,1.0
SE-O,2017,2017-08-06,0.0,0.9586904799962019,0.8195349952200907,0.8192118665317807,16.73071428571429,0.0,0.0,0.0,0.0,1.0
SE-O,2017,2017-08-13,1.0,1.0204842304536506,0.8213438026038956,0.8209430462090224,17.095714285714287,0.0,0.0,0.0,0.0,1.0
SE-O,2017,2017-08-20,1.0,1.0827054468406858,0.8445976607072486,0.8441019964420038,16.515,0.0,0.0,0.0,0.0,0.8000481395793163
SE-O,2017,2017-08-27,0.0,1.1536255489211946,0.8860633102757023,0.8854477306595739,15.141428571428571,0.0,0.0,0.0,0.0,0.029770469937864162
SE-O,2017,2017-09-03,2.0,1.2592939881998821,0.9059582605197001,0.9052195291537543,14.749285714285715,0.0,0.0,0.0,0.0,0.0
SE-O,2017,2017-09-10,1.0,1.3956990865249344,0.9397999701694527,0.9389063679992605,13.555714285714286,0.0,0.0,0.0,0.0,0.0
SE-O,2017,2017-09-17,0.0,1.5844789550050884,0.9548972554299758,0.9538406091250645,12.83357142857143,0.0,0.0,0.0,0.0,0.0
SE-O,2017,2017-09-24,3.0,1.8057554893241983,0.9607344409583705,0.9595018685050789,11.965,0.0,0.0,0.0,0.0,0.0
SE-O,2017,2017-10-01,1.0,2.0599228700151007,0.8863368675921995,0.8850306075556192,14.045000000000002,0.0,0.0,0.0,0.0,0.0
SE-O,2017,2017-10-08,9.0,2.150039652025467,0.9691133015159307,0.9674997642586947,9.642857142857142,0.0,0.0,0.0,0.0,0.0
SE-O,2017,2017-10-15,1.0,2.2497156971605756,0.9535504923937896,0.9517600736742368,10.305000000000001,0.0,0.0,0.0,0.0,0.0
SE-O,2017,2017-10-22,2.0,2.4974567674524177,0.9831993933152,0.9811229590421126,10.035,0.0,0.0,0.0,0.0,0.0
SE-O,2017,2017-10-29,1.0,2.6968632681217612,1.0758851725343959,1.0733238726019907,8.049999999999999,0.0,0.0,0.0,0.0,0.0
SE-O,2017,2017-11-05,1.0,3.22494211740738,1.144177253628154,1.1410464989732318,7.435,0.9929637566342009,0.0,0.0,0.0,0.0
SE-O,2017,2017-11-12,1.0,4.262061661915418,1.2706071952915516,1.2664715374580193,4.476428571428571,0.007036243365799479,0.0,0.0,0.0,0.0
SE-O,2017,2017-11-19,6.0,6.265568645553748,1.2963481801822019,1.2910433332825986,3.7650000000000006,0.0,0.0,0.0,0.0,0.0
SE-O,2017,2017-11-26,12.0,10.246356435953672,1.3151007768335672,1.3078858597367844,2.3528571428571428,0.0,0.0,0.0,0.0,0.0
SE-O,2017,2017-12-03,21.0,16.92734065928463,1.273851653084966,1.2640164473444888,2.144285714285714,0.0,0.0,0.0,0.0,0.0
SE-O,2017,2017-12-10,28.0,26.219894438147982,1.193761685533532,1.1806881507006388,3.8885714285714283,0.0,0.0,0.0,0.0,0.0
SE-O,2017,2017-12-17,32.0,37.667981761628354,1.3039330625082644,1.2837108247952818,-0.4871428571428571,0.0,0.0,0.0,0.0,0.0
SE-O,2017,2017-12-24,55.0,54.57981783052236,1.1206200923595202,1.0959788854770216,4.4121428571428565,0.0,0.4306145806195727,0.0,0.0,0.0
SE-O,2017,2017-12-31,73.0,73.99240843685757,1.1016816120191761,1.0692375988446081,3.681428571428572,0.0,0.9754233506936122,0.0,0.0,0.0
SE-O,2017,2018-01-07,100.0,84.58953856912481,1.1518470736243678,1.1083582388017132,1.530714285714286,0.0,0.9754233506936122,0.0,0.0,0.0
SE-O,2017,2018-01-14,88.0,96.92854728336422,1.2026659345853268,1.1450994803282415,0.7385714285714285,0.0,0.13971106743755538,0.0,0.0,0.0
SE-O,2017,2018-01-21,116.0,119.88733348603766,1.2846115146933972,1.2059253553943443,-0.32857142857142857,0.0,0.0,0.0,0.0,0.0
SE-O,2017,2018-01-28,153.0,159.1366903596677,1.2132183887080235,1.1171485676527433,3.000714285714286,0.0,0.0,0.0,0.0,0.0
SE-O,2017,2018-02-04,202.0,208.21578840063933,1.29354692245399,1.1624745059318098,-0.018571428571428555,0.0,0.0,0.0,0.0,0.0
SE-O,2017,2018-02-11,267.0,257.7178130458774,1.3025534232907554,1.133936711763786,-2.116428571428571,0.0,0.0,0.0,0.0,0.0
SE-O,2017,2018-02-18,331.0,331.26242185727045,1.1435371170559299,0.9587062762634535,0.7242857142857143,0.0,0.0,0.8465485235113981,0.0,0.0
SE-O,2017,2018-02-25,388.0,354.09369368229403,1.216881288726354,0.984646098131354,-2.8735714285714287,0.0,0.0,0.14161610224608123,0.0,0.0
SE-O,2017,2018-03-04,314.0,339.08863971059804,1.3517821862629629,1.0539840756238146,-6.7650000000000015,0.0,0.0,0.011835374242520819,0.0,0.0
SE-O,2017,2018-03-11,354.0,350.96636440776916,1.1963988026319003,0.8967466298274921,-0.9399999999999998,0.0,0.0,0.0,0.0,0.0
SE-O,2017,2018-03-18,317.0,331.83304544524844,1.2553017419705836,0.9104651196955235,-1.5728571428571425,0.0,0.0,0.0,0.0,0.0
SE-O,2017,2018-03-25,302.0,280.2822618513406,1.2055388696024276,0.8503451520961841,1.1600000000000001,0.0,0.0,0.0,0.0,0.0
SE-O,2017,2018-04-01,207.0,228.0944313261649,1.2763666478581563,0.8798549889464803,-0.14214285714285707,0.0,0.0,0.0,0.10829124880628106,0.0
SE-O,2017,2018-04-08,196.0,193.98344157230707,1.1255266374318311,0.7620569289990557,4.903571428571429,0.0,0.0,0.0,0.8877472683367359,0.0
SE-O,2017,2018-04-15,136.0,141.0262618419729,1.0119090133308775,0.6773497007244462,8.167857142857143,0.0,0.0,0.0,0.003961482856983305,0.0
SE-O,2017,2018-04-22,110.0,89.11853123993214,0.9324677410652049,0.62041888959433,10.854285714285712,0.0,0.0,0.0,0.0,0.0
SE-O,2017,2018-04-29,43.0,48.78338094931536,0.9908748483485235,0.6572966276496792,8.482142857142858,0.0,0.0,0.0,0.0,0.0
SE-O,2017,2018-05-06,19.0,25.2024109287319,0.9672502579637757,0.6405778801742089,9.817142857142857,0.0,0.0,0.0,0.0,0.0
SE-O,2017,2018-05-13,18.0,13.3745434699452,0.804073900990964,0.5320743034271147,17.530714285714286,0.0,0.0,0.0,0.0,0.0
SE-O,2017,2018-05-20,4.0,6.63303457365195,0.8102426778869182,0.5359717919316007,17.585,0.0,0.0,0.0,0.0,0.0
SE-O,2017,2018-05-27,2.0,3.005803584069353,0.7803545793174843,0.5161164063026413,19.212857142857143,0.0,0.0,0.0,0.0,0.0
SE-O,2017,2018-06-03,3.0,1.4237402957017338,0.742121181765805,0.49078538785545195,21.27285714285714,0.0,0.0,0.0,0.0,0.0
SE-O,2017,2018-06-10,1.0,0.7464631830434666,0.7853973144134561,0.5193749141332349,19.037857142857142,0.0,0.0,0.0,0.0,0.0014627211981033939
SE-rest,2017,2017-07-02,,1.5121552962700862,0.8796817543750014,0.8796634217580055,15.046634156011738,0.0,0.0,0.0,0.0,1.0
SE-rest,2017,2017-07-09,,1.6979093145857995,0.8812586403580639,0.8811925990197228,15.126876321741701,0.0,0.0,0.0,0.0,1.0
SE-rest,2017,2017-07-16,,2.009970388350971,0.8525353575948128,0.8524196364534378,16.44108234972138,0.0,0.0,0.0,0.0,1.0
SE-rest,2017,2017-07-23,,2.2456060933419053,0.8511451788110617,0.850975044169192,16.289649075219376,0.0,0.0,0.0,0.0,1.0
SE-rest,2017,2017-07-30,2.0,2.4085592326080247,0.8219503972724922,0.8217315315743587,17.27660082450329,0.0,0.0,0.0,0.0,1.0
SE-rest,2017,2017-08-06,6.0,2.4668070327648293,0.8173413113538714,0.8170701499372409,17.201798846090913,0.0,0.0,0.0,0.0,1.0
SE-rest,2017,2017-08-13,2.0,2.4345419760951756,0.8213959483830519,0.821070575830486,17.08456528874357,0.0,0.0,0.0,0.0,1.0
SE-rest,2017,2017-08-20,0.0,2.425325705407814,0.849681923464032,0.8492897000840534,16.034275078907097,0.0,0.0,0.0,0.0,0.8074505528515763
SE-rest,2017,2017-08-27,1.0,2.480729064943077,0.9131325435384017,0.912646553883385,13.406829003112344,0.0,0.0,0.0,0.0,0.05372614386617813
SE-rest,2017,2017-09-03,5.0,2.665674681250249,0.8947520889585835,0.8942058624089516,14.418451347791418,0.0,0.0,0.0,0.0,0.0
SE-rest,2017,2017-09-10,3.0,2.9127959062899897,0.9402826155917454,0.9396286678254168,12.635998829725098,0.0,0.0,0.0,0.0,0.0
SE-rest,2017,2017-09-17,1.0,3.2332818989264958,0.9450327062657609,0.9442843985154801,12.628381821902806,0.0,0.0,0.0,0.0,0.0
SE-rest,2017,2017-09-24,5.0,3.5968330140701794,0.982122319530033,0.9812386470881735,11.174629577252917,0.0,0.0,0.0,0.0,0.0
SE-rest,2017,2017-10-01,5.0,4.1230662504744675,0.9566434316446388,0.9556645216687214,12.30516412542646,0.0,0.0,0.0,0.0,0.0
SE-rest,2017,2017-10-08,4.0,4.544827512982459,1.0425536241403592,1.0413443117990933,9.200548956461647,0.0,0.0,0.0,0.0,0.0
SE-rest,2017,2017-10-15,6.0,5.214472030561547,1.0646146637681735,1.0631997443116517,8.892405260803729,0.0,0.0,0.0,0.0,0.0
SE-rest,2017,2017-10-22,7.0,6.474988490544332,1.1309282097748856,1.129180087962435,7.466565125142404,0.0,0.0,0.0,0.0,0.0
SE-rest,2017,2017-10-29,5.0,8.219388792992017,1.2158179492680474,1.2135743016525815,5.253894155201545,0.0,0.0,0.0,0.0,0.0
SE-rest,2017,2017-11-05,7.0,11.770103594787933,1.2148683011532353,1.2120773405890781,5.157182597455773,1.0,0.0,0.0,0.0,0.0
SE-rest,2017,2017-11-12,23.0,17.520896253352426,1.2224536048490091,1.218835458023759,3.5708195705226933,0.0,0.0,0.0,0.0,0.0
SE-rest,2017,2017-11-19,24.0,25.21693540658984,1.2500561065900044,1.2451518447779404,1.1492468816097572,0.0,0.0,0.0,0.0,0.0
SE-rest,2017,2017-11-26,51.0,37.483479468576135,1.2402916714595302,1.2336334852513726,1.1651265332660574,0.0,0.0,0.0,0.0,0.0
SE-rest,2017,2017-12-03,49.0,55.42735220687901,1.2871090304237476,1.2774422793416798,1.1983684153283718,0.0,0.0,0.0,0.0,0.0
SE-rest,2017,2017-12-10,77.0,82.97002492730047,1.3670653741582253,1.3520618008024747,0.9387037942972684,0.0,0.0,0.0,0.0,0.0
SE-rest,2017,2017-12-17,120.0,138.6361889751915,1.4305343015430196,1.4059249530729065,-0.9532041943609164,0.0,0.0,0.0,0.0,0.0
SE-rest,2017,2017-12-24,252.0,245.99537368813213,1.2647329870644197,1.2296134365018008,0.3624432993187355,0.0,0.37652192996647965,0.0,0.0,0.0
SE-rest,2017,2017-12-31,422.0,398.5205637397572,1.0945023057777334,1.048998633575888,1.319061459496423,0.0,1.0,0.0,0.0,0.0
SE-rest,2017,2018-01-07,538.0,495.3092627105692,1.0861242494572878,1.0254924086247055,0.04255505872310688,0.0,1.0,0.0,0.0,0.0
SE-rest,2017,2018-01-14,499.0,525.3455676952924,1.2199665823269392,1.133000444756837,-2.2897461362058134,0.0,0.17798358539745626,0.0,0.0,0.0
SE-rest,2017,2018-01-21,570.0,602.7993466159521,1.346013420235597,1.2225103764329517,-2.61725147415984,0.0,0.02168078770008596,0.0,0.0,0.0
SE-rest,2017,2018-01-28,761.0,787.463021619194,1.3064942635299615,1.1497605379563771,-0.0007830373001925002,0.0,0.02168078770008596,0.0,0.0,0.0
SE-rest,2017,2018-02-04,1096.0,1074.023623782873,1.326710151134151,1.120386144232311,-2.3377714214620933,0.0,0.02168078770008596,0.0,0.0,0.0
SE-rest,2017,2018-02-11,1351.0,1315.0719682267868,1.3229442565513903,1.0626739501449558,-4.743392931644068,0.0,0.02168078770008596,0.0,0.0,0.0
SE-rest,2017,2018-02-18,1554.0,1551.1708204401925,1.1195430713167218,0.8533023969148817,-0.4028963856131305,0.0,0.02168078770008596,0.062200195146043406,0.0,0.0
SE-rest,2017,2018-02-25,1426.0,1439.3148334539173,1.2706812514159689,0.9287288980337395,-6.349601725953987,0.0,0.02168078770008596,0.31725176858717313,0.0,0.0
SE-rest,2017,2018-03-04,1237.0,1199.3299901429414,1.38752641209317,0.9746018243534635,-8.605177221714836,0.0,0.02168078770008596,0.48090786910782907,0.0,0.0
SE-rest,2017,2018-03-11,1096.0,1089.9418407754392,1.2992850806051628,0.8784775074848515,-2.5189709207031536,0.0,0.02168078770008596,0.13964016715895444,0.0,0.0
SE-rest,2017,2018-03-18,878.0,957.4025170342514,1.4443920565159825,0.9456695171790891,-3.517429807783521,0.0,0.02168078770008596,0.0,0.0,0.0
SE-rest,2017,2018-03-25,818.0,811.8925689422057,1.3136410637809626,0.8358839874535201,0.7820565270274621,0.0,0.02168078770008596,0.0,0.0,0.0
SE-rest,2017,2018-04-01,697.0,670.7676038322622,1.3946313254240388,0.8674814320492243,-2.08306311449037,0.0,0.02168078770008596,0.0,0.07909412378086188,0.0
SE-rest,2017,2018-04-08,594.0,559.0042861727965,1.2449326567989687,0.7610768190433016,2.920490639397767,0.0,0.02168078770008596,0.0,0.9193462242002485,0.0
SE-rest,2017,2018-04-15,355.0,396.2874985689041,1.2091303906804995,0.7309632059465219,4.824844922854408,0.0,0.02168078770008596,0.0,0.0,0.0
SE-rest,2017,2018-04-22,261.0,259.6433655623763,1.0491988557017382,0.6301283035224852,10.363024872835044,0.0,0.02168078770008596,0.0,0.0015596520188896604,0.0
SE-rest,2017,2018-04-29,167.0,151.3707766151021,1.1027502321773759,0.6601010551287937,7.648362330157065,0.0,0.02168078770008596,0.0,0.0,0.0
SE-rest,2017,2018-05-06,65.0,80.25992157249544,1.0355130591763617,0.6187611883043979,9.245526860624324,0.0,0.02168078770008596,0.0,0.0,0.0
SE-rest,2017,2018-05-13,54.0,42.14180469903031,0.8578142788603278,0.5121487172570418,15.590852500685816,0.0,0.02168078770008596,0.0,0.0,0.0
SE-rest,2017,2018-05-20,21.0,19.936117382733293,0.8383225384338984,0.5003506443436817,15.998861554555774,0.0,0.02168078770008596,0.0,0.0,0.0
SE-rest,2017,2018-05-27,5.0,8.34127849029951,0.8139887804277883,0.4857624224412115,16.92185278813984,0.0,0.02168078770008596,0.0,0.0,0.0
SE-rest,2017,2018-06-03,3.0,3.483551274610704,0.7703911851506212,0.4597160062710261,19.1009208046108,0.0,0.02168078770008596,0.0,0.0,0.0
SE-rest,2017,2018-06-10,1.0,1.5915345272934323,0.834064454956634,0.497693706731771,16.01217129761269,0.0,0.02168078770008596,0.0,0.0,0.01775989911465185
SE-M,2018,2018-07-01,,0.13208720710087193,0.7648185282518679,0.7648068183337894,18.72743179966568,0.0,0.0,0.0,0.0,1.0
SE-M,2018,2018-07-08,,0.14246535449134123,0.7581340541740416,0.7580938062107857,19.25673707389426,0.0,0.0,0.0,0.0,1.0
SE-M,2018,2018-07-15,,0.15994843697361014,0.7571575827584065,0.7570865927641782,19.536366403813872,0.0,0.0,0.0,0.0,1.0
SE-M,2018,2018-07-22,,0.17202015565666323,0.7240912950140308,0.7239932124740899,21.571590974581515,0.0,0.0,0.0,0.0,1.0
SE-M,2018,2018-07-29,0.0,0.17501888564301493,0.6925073206267202,0.6923856783982005,23.687686504819577,0.0,0.0,0.0,0.0,1.0
SE-M,2018,2018-08-05,0.0,0.17070859770254831,0.717955790228375,0.717801704259462,22.613017827902713,0.0,0.0,0.0,0.0,1.0
SE-M,2018,2018-08-12,0.0,0.16588473386021296,0.7668422141312444,0.7666470082258312,20.456052514626524,0.0,0.0,0.0,0.0,1.0
SE-M,2018,2018-08-19,0.0,0.17070827259962057,0.8060000999849788,0.8057600681730158,18.653111476772683,0.0,0.0,0.0,0.0,0.596011632355644
SE-M,2018,2018-08-26,0.0,0.18713496741186325,0.8451321649245511,0.8448391811646043,16.963628097986025,0.0,0.0,0.0,0.0,0.05156053038773919
SE-M,2018,2018-09-02,0.0,0.20722666259247519,0.8618258774246436,0.8614802202274195,16.044809916633426,0.0,0.0,0.0,0.0,0.0
SE-M,2018,2018-09-09,1.0,0.2330303898831223,0.8397296108410232,0.8393426956685798,16.777142857142856,0.0,0.0,0.0,0.0,0.0
SE-M,2018,2018-09-16,2.0,0.2509803656037442,0.8710459871506259,0.870590133623388,15.016428571428573,0.0,0.0,0.0,0.0,0.0
SE-M,2018,2018-09-23,0.0,0.26592240838111286,0.8433547719186005,0.8428577009298844,16.267857142857146,0.0,0.0,0.0,0.0,0.0
SE-M,2018,2018-09-30,0.0,0.2787669012191879,0.9493948604710089,0.9487682279663675,11.623571428571429,0.0,0.0,0.0,0.0,0.0
SE-M,2018,2018-10-07,0.0,0.31174925045348034,0.9926494537045715,0.9919084560358868,10.177857142857144,0.0,0.0,0.0,0.0,0.0
SE-M,2018,2018-10-14,0.0,0.3694048435320129,0.9292632884540033,0.928476443136382,13.357142857142858,0.0,0.0,0.0,0.0,0.0
SE-M,2018,2018-10-21,1.0,0.42186541009236256,1.012682478036754,1.0117128903933714,10.801428571428573,0.0,0.0,0.0,0.0,0.0
SE-M,2018,2018-10-28,0.0,0.47475207294754185,1.1331612380417642,1.1319190233713823,7.533571428571429,0.0,0.0,0.0,0.0,0.0
SE-M,2018,2018-11-04,0.0,0.6055351115507439,1.164501402125422,1.16299677570067,7.712857142857144,1.0,0.0,0.0,0.0,0.0
SE-M,2018,2018-11-11,1.0,0.8567585327047247,1.1881094681193776,1.1862396815054954,8.381428571428573,0.0,0.0,0.0,0.0,0.0
SE-M,2018,2018-11-18,0.0,1.2258232049089948,1.2530049259459928,1.2505140712810217,7.738717018358615,0.0,0.0,0.0,0.0,0.0
SE-M,2018,2018-11-25,0.0,1.8258020211824393,1.441675098362174,1.4377946276293565,3.055299698332808,0.0,0.0,0.0,0.0,0.0
SE-M,2018,2018-12-02,4.0,3.327514253782609,1.5291023248150601,1.5226870338759741,0.9914285714285714,0.0,0.0,0.0,0.0,0.0
SE-M,2018,2018-12-09,5.0,7.101435311608071,1.3115168523752898,1.3021151955961467,6.020714285714286,0.0,0.0,0.0,0.0,0.0
SE-M,2018,2018-12-16,13.0,12.714954809987873,1.3748660187651927,1.358399342956238,1.9728571428571429,0.0,0.0,0.0,0.0,0.0
SE-M,2018,2018-12-23,23.0,21.422190460851464,1.289495363101502,1.2637679656717735,1.6735714285714292,0.0,0.31350192422649453,0.0,0.0,0.0
SE-M,2018,2018-12-30,50.0,34.36425803934397,1.1355598500699569,1.1003416071391687,4.479285714285715,0.0,1.0,0.0,0.0,0.0
SE-M,2018,2019-01-06,43.0,46.27452438112698,1.1559116286538302,1.1051423496966388,2.8607142857142853,0.0,1.0,0.0,0.0,0.0
SE-M,2018,2019-01-13,45.0,54.35989648078842,1.1708774023476896,1.1018648536502116,2.674285714285715,0.0,0.21990659956789654,0.0,0.0,0.0
SE-M,2018,2019-01-20,69.0,64.70550886011897,1.2285008794679941,1.1337749936684887,1.6285714285714292,0.0,0.0,0.0,0.0,0.0
SE-M,2018,2019-01-27,62.0,77.68767335293879,1.330249474277173,1.1969152187163679,-0.9650000000000001,0.0,0.0,0.0,0.0,0.0
SE-M,2018,2019-02-03,93.0,100.93426299424661,1.2507316682280791,1.087679308337116,1.0235714285714288,0.0,0.0,0.0,0.0,0.0
SE-M,2018,2019-02-10,150.0,125.9860803841314,1.141388098121822,0.9558582428353173,3.5321428571428575,0.0,0.0,0.0,0.0,0.0
SE-M,2018,2019-02-17,135.0,133.43616627198216,1.081836788762376,0.8752507299374015,4.659285714285714,0.0,0.0,0.0,0.0,0.0
SE-M,2018,2019-02-24,120.0,118.18241513284005,1.087257313377997,0.8555010674278016,4.075,0.0,0.0,1.0,0.0,0.0
SE-M,2018,2019-03-03,99.0,93.47808085264361,1.079696891883508,0.8315819251927452,4.808571428571428,0.0,0.0,0.0,0.0,0.0
SE-M,2018,2019-03-10,67.0,71.30813069516019,1.1068228730051322,0.8387186815326272,5.129285714285715,0.0,0.0,0.0,0.0,0.0
SE-M,2018,2019-03-17,57.0,53.933467442472974,1.1844228601931681,0.8859925516709339,4.45,0.0,0.0,0.0,0.0,0.0
SE-M,2018,2019-03-24,35.0,42.537299755154805,1.1971112038264626,0.8857342101817284,6.251428571428572,0.0,0.0,0.0,0.0,0.0
SE-M,2018,2019-03-31,30.0,34.70886488568017,1.2171607125044945,0.8924081406316916,7.277142857142858,0.0,0.0,0.0,0.0,0.0
SE-M,2018,2019-04-07,30.0,28.73743096977597,1.2132707549299986,0.8827705557310342,8.227142857142857,0.0,0.0,0.0,0.0,0.0
SE-M,2018,2019-04-14,20.0,24.008828506534083,1.3651277786436269,0.9866223946896354,3.4885714285714284,0.0,0.0,0.0,0.033115035005662784,0.0
SE-M,2018,2019-04-21,36.0,20.299424538922683,1.214505196629585,0.8723411098628712,8.514285714285716,0.0,0.0,0.0,0.9668849649943372,0.0
SE-M,2018,2019-04-28,21.0,19.269780248896147,1.1406893502824296,0.8153457848542072,12.509285714285712,0.0,0.0,0.0,0.0,0.0
SE-M,2018,2019-05-05,6.0,14.517156624109141,1.3210402058186672,0.9408124830167083,8.936428571428571,0.0,0.0,0.0,0.0,0.0
SE-M,2018,2019-05-12,8.0,11.489751800500317,1.3801409307856094,0.9795196061411139,8.912142857142857,0.0,0.0,0.0,0.0,0.0
SE-M,2018,2019-05-19,8.0,10.69041791003188,1.3064962493638048,0.9241428456084871,11.937857142857142,0.0,0.0,0.0,0.0,0.0
SE-M,2018,2019-05-26,11.0,10.021386744180223,1.2152926264452262,0.8571708933311865,14.612857142857143,0.0,0.0,0.0,0.0,0.0
SE-M,2018,2019-06-02,17.0,8.357932744343296,1.2411614757401728,0.8734830012937534,13.460714285714287,0.0,0.0,0.0,0.0,0.0
SE-M,2018,2019-06-09,3.0,6.760176025441844,1.0955265070678324,0.7696619827710051,18.384999999999998,0.0,0.0,0.0,0.0,0.06867477662353298
SE-O,2018,2018-07-01,,0.1458941241504224,0.7981206754245426,0.798106782019166,19.61357142857143,0.0,0.0,0.0,0.0,1.0
SE-O,2018,2018-07-08,,0.22117562894048287,0.7978282414608131,0.797774008270462,19.891428571428573,0.0,0.0,0.0,0.0,1.0
SE-O,2018,2018-07-15,,0.35120791700217663,0.7934450900447246,0.7933394164814087,20.476428571428574,0.0,0.0,0.0,0.0,1.0
SE-O,2018,2018-07-22,,0.45036321420176045,0.7952343929893615,0.7950691925786025,20.766428571428573,0.0,0.0,0.0,0.0,1.0
SE-O,2018,2018-07-29,0.0,0.5184361749042948,0.7584178850982929,0.7581999089667272,23.05071428571428,0.0,0.0,0.0,0.0,1.0
SE-O,2018,2018-08-05,1.0,0.5592916926436948,0.7841256962995227,0.783835761436734,22.165,0.0,0.0,0.0,0.0,1.0
SE-O,2018,2018-08-12,0.0,0.5752373383766228,0.8579943224795478,0.8576014689232927,18.99285714285714,0.0,0.0,0.0,0.0,1.0
SE-O,2018,2018-08-19,1.0,0.627691911970474,0.8998846907723265,0.8993807568533585,17.26642857142857,0.0,0.0,0.0,0.0,0.9956118364056901
SE-O,2018,2018-08-26,0.0,0.7292058490322213,0.9319678800400402,0.9313334554664658,15.916428571428572,0.0,0.0,0.0,0.0,0.08273416049497222
SE-O,2018,2018-09-02,0.0,0.8478927657027804,0.9362768981893496,0.9355090442547885,15.331428571428573,0.0,0.0,0.0,0.0,0.0
SE-O,2018,2018-09-09,3.0,0.9843439825564255,0.8913771241847938,0.8905084367953994,16.557857142857145,0.0,0.0,0.0,0.0,0.0
SE-O,2018,2018-09-16,3.0,1.0659479071367706,0.9429403648061376,0.9418690038600257,13.622142857142856,0.0,0.0,0.0,0.0,0.0
SE-O,2018,2018-09-23,1.0,1.144797117638893,0.9028117698790946,0.9016278178556244,15.031428571428574,0.0,0.0,0.0,0.0,0.0
SE-O,2018,2018-09-30,0.0,1.2206284269205117,1.0171589902926423,1.0156317900685603,10.087857142857144,0.0,0.0,0.0,0.0,0.0
SE-O,2018,2018-10-07,1.0,1.387269967741679,1.0541904900569576,1.0523567441718866,8.505714285714287,0.0,0.0,0.0,0.0,0.0
SE-O,2018,2018-10-14,1.0,1.6811001602279863,0.922196208363086,0.9203393148984912,13.665714285714285,0.0,0.0,0.0,0.0,0.0
SE-O,2018,2018-10-21,3.0,1.8829417083648279,0.9699889130889271,0.9677682124140731,11.52357142857143,0.0,0.0,0.0,0.0,0.0
SE-O,2018,2018-10-28,3.0,1.9334249504470606,1.1246863255192565,1.121759327945681,5.852142857142858,0.0,0.0,0.0,0.0,0.0
SE-O,2018,2018-11-04,3.0,2.268737630087169,1.1087535485631796,1.105404838979171,7.037857142857143,1.0,0.0,0.0,0.0,0.0
SE-O,2018,2018-11-11,2.0,2.9978690686653606,1.097966958275355,1.0940615542562864,8.766428571428571,0.0,0.0,0.0,0.0,0.0
SE-O,2018,2018-11-18,4.0,3.7711860893122306,1.1842398540018058,1.1792172597715225,7.768571428571429,0.0,0.0,0.0,0.0,0.0
SE-O,2018,2018-11-25,4.0,4.972337409648539,1.4928757996745818,1.4848761048442825,0.7764285714285716,0.0,0.0,0.0,0.0,0.0
SE-O,2018,2018-12-02,2.0,8.856068797632851,1.5558138719514731,1.543557442741331,0.7757142857142859,0.0,0.0,0.0,0.0,0.0
SE-O,2018,2018-12-09,22.0,19.888539412564647,1.413160001878398,1.3944765663003875,4.260714285714286,0.0,0.0,0.0,0.0,0.0
SE-O,2018,2018-12-16,31.0,38.78451678102621,1.435573829590355,1.4027109546090417,1.112142857142857,0.0,0.0,0.0,0.0,0.0
SE-O,2018,2018-12-23,87.0,71.85281221560138,1.3330005619154908,1.280011905492188,0.09857142857142863,0.0,0.31874566016535233,0.0,0.0,0.0
SE-O,2018,2018-12-30,125.0,119.89030841492317,1.1594292275400362,1.0861496036135185,2.238571428571429,0.0,1.0,0.0,0.0,0.0
SE-O,2018,2019-01-06,161.0,159.90914980396627,1.0961434734522058,0.9991927655607007,2.632857142857143,0.0,1.0,0.0,0.0,0.0
SE-O,2018,2019-01-13,179.0,172.17179598618424,1.1501856247195694,1.0198480554724403,1.0885714285714285,0.0,0.15162718466379696,0.0,0.0,0.0
SE-O,2018,2019-01-20,161.0,175.96937660352307,1.261817329219953,1.0852724055636815,-0.965,0.0,0.0,0.0,0.0,0.0
SE-O,2018,2019-01-27,171.0,188.9286576309293,1.3350629282887898,1.1071226473838913,-2.217142857142857,0.0,0.0,0.0,0.0,0.0
SE-O,2018,2019-02-03,238.0,219.17750389509342,1.33339850304106,1.0576883881870385,-2.2749999999999995,0.0,0.0,0.0,0.0,0.0
SE-O,2018,2019-02-10,237.0,252.54611452295043,1.1543048145785195,0.8739792350338286,2.494285714285714,0.0,0.0,0.0,0.0,0.0
SE-O,2018,2019-02-17,260.0,243.35807523644527,1.0824700381207548,0.7900793869196934,4.166428571428572,0.0,0.0,0.8465485235113981,0.0,0.0
SE-O,2018,2019-02-24,206.0,188.10810395661312,1.113530176012647,0.7924087883529747,3.681428571428572,0.0,0.0,0.14161610224608123,0.0,0.0
SE-O,2018,2019-03-03,119.0,129.52301795123873,1.1562660730651328,0.8084082936453088,4.430714285714286,0.0,0.0,0.011835374242520819,0.0,0.0
SE-O,2018,2019-03-10,83.0,90.37348305206899,1.2927698441086126,0.8916898385027835,2.948571428571428,0.0,0.0,0.0,0.0,0.0
SE-O,2018,2019-03-17,73.0,68.74034136918036,1.4037408924697115,0.9565984649929188,2.7350000000000003,0.0,0.0,0.0,0.0,0.0
SE-O,2018,2019-03-24,52.0,60.04925460448909,1.409774723093386,0.9496108300504854,5.424285714285714,0.0,0.0,0.0,0.0,0.0
SE-O,2018,2019-03-31,61.0,54.92743405392646,1.452141504594884,0.9676283838524473,6.611428571428571,0.0,0.0,0.0,0.0,0.0
SE-O,2018,2019-04-07,48.0,51.16459531638147,1.4623174156895868,0.9643278824319638,7.947857142857143,0.0,0.0,0.0,0.0,0.0
SE-O,2018,2019-04-14,40.0,48.92997285444662,1.6432724888095467,1.0722312706447557,3.124285714285715,0.0,0.0,0.0,0.0,0.0
SE-O,2018,2019-04-21,52.0,48.14343619414156,1.339238337878746,0.8644069991360336,9.594999999999999,0.0,0.0,0.0,0.9571863149184267,0.0
SE-O,2018,2019-04-28,65.0,48.885723880316405,1.1493706386132916,0.7359355062566262,13.830714285714285,0.0,0.0,0.0,0.042813685081573384,0.0
SE-O,2018,2019-05-05,34.0,34.984256742194276,1.2833210049109451,0.8176080264170158,8.904999999999998,0.0,0.0,0.0,0.0,0.0
SE-O,2018,2019-05-12,15.0,23.3327502067772,1.311130445257742,0.8322333257899673,7.796428571428572,0.0,0.0,0.0,0.0,0.0
SE-O,2018,2019-05-19,20.0,17.25861928230091,1.1732137554133917,0.7426232839357892,12.357142857142858,0.0,0.0,0.0,0.0,0.0
SE-O,2018,2019-05-26,13.0,12.332203670615346,1.1308186675185699,0.7145455120502765,14.036428571428573,0.0,0.0,0.0,0.0,0.0
SE-O,2018,2019-06-02,4.0,7.7798049051464595,1.2122800994853529,0.7652084583449819,11.39357142857143,0.0,0.0,0.0,0.0,0.0
SE-O,2018,2019-06-09,7.0,5.004780959907261,1.0494884069698531,0.6619815836652856,17.255714285714284,0.0,0.0,0.0,0.0,0.0029254423962067878
SE-rest,2018,2018-07-01,,0.760659550817149,0.8295855086807021,0.8295733907748833,17.216183957821546,0.0,0.02168078770008596,0.0,0.0,1.0
SE-rest,2018,2018-07-08,,0.9268842065108405,0.8063234814273128,0.8062803811288868,18.45518828252699,0.0,0.02168078770008596,0.0,0.0,1.0
SE-rest,2018,2018-07-15,,1.213139520186929,0.760919423308284,0.760844784575742,20.814283272324648,0.0,0.02168078770008596,0.0,0.0,1.0
SE-rest,2018,2018-07-22,,1.3846919086079659,0.7148003125734835,0.7146976607908326,23.15793153481928,0.0,0.02168078770008596,0.0,0.0,1.0
SE-rest,2018,2018-07-29,2.0,1.400049452067031,0.7041286509720012,0.7039971097463334,23.430710666918618,0.0,0.02168078770008596,0.0,0.0,1.0
SE-rest,2018,2018-08-05,2.0,1.3686431615619337,0.7065138113551328,0.7063518828830636,22.842354225748903,0.0,0.02168078770008596,0.0,0.0,1.0
SE-rest,2018,2018-08-12,1.0,1.329822884315515,0.7594614511905766,0.7592550037336031,19.48784033664561,0.0,0.02168078770008596,0.0,0.0,0.9962585951786443
SE-rest,2018,2018-08-19,4.0,1.3592542145858657,0.7956808933799072,0.7954279454103369,17.09608338725001,0.0,0.02168078770008596,0.0,0.0,0.9340014023329525
SE-rest,2018,2018-08-26,0.0,1.4730464910691294,0.824662230916364,0.8243578210281887,15.49257480321923,0.0,0.02168078770008596,0.0,0.0,0.08842008468964616
SE-rest,2018,2018-09-02,1.0,1.604387950302947,0.8330970817065183,0.8327432256622392,15.077698931143422,0.0,0.02168078770008596,0.0,0.0,0.0
SE-rest,2018,2018-09-09,1.0,1.753243812493884,0.8182389121024328,0.8178427264151132,15.944732868329979,0.0,0.02168078770008596,0.0,0.0,0.0
SE-rest,2018,2018-09-16,3.0,1.8560846618926965,0.8775646302393568,0.8770846172239976,13.4702118914781,0.0,0.02168078770008596,0.0,0.0,0.0
SE-rest,2018,2018-09-23,0.0,1.9886210836815856,0.8704407782662563,0.86990447414711,14.17615645499468,0.0,0.02168078770008596,0.0,0.0,0.0
SE-rest,2018,2018-09-30,1.0,2.175774462308553,1.0037630246184879,1.003065238272147,8.570340381492313,0.0,0.02168078770008596,0.0,0.0,0.0
SE-rest,2018,2018-10-07,5.0,2.583937097100069,1.0391977307638887,1.0383680773829849,7.115464961568705,0.0,0.02168078770008596,0.0,0.0,0.0
SE-rest,2018,2018-10-14,4.0,3.2706345971677577,0.9255830255610462,0.924730214886247,11.835280082406882,0.0013301719692353222,0.02168078770008596,0.0,0.0,0.0
SE-rest,2018,2018-10-21,6.0,3.790795354571127,1.0032067256413324,1.0021505643306643,9.400907323384656,0.0,0.02168078770008596,0.0,0.0,0.0
SE-rest,2018,2018-10-28,2.0,4.166007622822783,1.2022934872513666,1.2008273458048144,3.6271291218274144,0.0,0.02168078770008596,0.0,0.0,0.0
SE-rest,2018,2018-11-04,3.0,5.5060548580798585,1.1842121888127084,1.1824678019378558,5.855839575815442,0.9986698280307645,0.02168078770008596,0.0,0.0,0.0
SE-rest,2018,2018-11-11,8.0,8.210238556621366,1.1895485491496245,1.1873595028036974,7.14907953335356,0.0,0.02168078770008596,0.0,0.0,0.0
SE-rest,2018,2018-11-18,11.0,11.743530032682154,1.2478467260279313,1.2448879826226908,6.499352301282956,0.0,0.02168078770008596,0.0,0.0,0.0
SE-rest,2018,2018-11-25,20.0,17.407240523362127,1.5419886326543115,1.5368815758040562,-0.8344438090347014,0.0,0.02168078770008596,0.0,0.0,0.0
SE-rest,2018,2018-12-02,33.0,33.57173424690011,1.5597088657597353,1.551116782702903,-0.21785646572742318,0.0,0.02168078770008596,0.0,0.0,0.0
SE-rest,2018,2018-12-09,69.0,77.35730530761151,1.4387513910032308,1.424010572990771,2.553303413809251,0.0,0.02168078770008596,0.0,0.0,0.0
SE-rest,2018,2018-12-16,147.0,156.24235279564996,1.452341867855345,1.4244836436562893,-1.3724088453729024,0.0,0.02168078770008596,0.0,0.0,0.0
SE-rest,2018,2018-12-23,303.0,295.7126314379053,1.2567157926442827,1.2134877467001723,-2.0100151907652997,0.0,0.35498211825307135,0.0,0.0,0.0
SE-rest,2018,2018-12-30,530.0,473.2366907622327,1.070841801707161,1.0136565996887044,-0.6979814405461892,0.0,1.0,0.0,0.0,0.0
SE-rest,2018,2019-01-06,582.0,575.841312587504,1.032918836988649,0.9586289105557059,0.2182581704438477,0.0,1.0,0.0,0.0,0.0
SE-rest,2018,2019-01-13,524.0,570.4310421717764,1.1196712005617497,1.019573268417578,-0.5655897727721965,0.0,0.1794378680686411,0.0,0.0,0.0
SE-rest,2018,2019-01-20,530.0,559.2723656866323,1.3003193818307306,1.1586685842514666,-4.990367231370918,0.0,0.0,0.0,0.0,0.0
SE-rest,2018,2019-01-27,651.0,638.0753729545581,1.3077964023007937,1.132329525798522,-5.768641400751228,0.0,0.0,0.0,0.0,0.0
SE-rest,2018,2019-02-03,824.0,796.294303810645,1.223452607258896,1.0233219832994327,-4.149308915992917,0.0,0.0,0.0,0.0,0.0
SE-rest,2018,2019-02-10,914.0,906.1791885975799,1.1512488907858742,0.9296202201595485,-1.424622930610432,0.0,0.0,0.0,0.0,0.0
SE-rest,2018,2019-02-17,897.0,900.9844823259812,1.073413474486806,0.8403692719695883,2.6443473450089243,0.0,0.0,0.062200195146043406,0.0,0.0
SE-rest,2018,2019-02-24,718.0,748.9502305878987,1.1600954527407947,0.8869620614449935,1.1792432972141191,0.0,0.0,0.3157005105288018,0.0,0.0
SE-rest,2018,2019-03-03,609.0,583.585577102242,1.150587296047081,0.8627503639661176,2.9069613199838016,0.0,0.0,0.4806893553614326,0.0,0.0
SE-rest,2018,2019-03-10,451.0,462.43918464937417,1.318274097518583,0.9723988960129918,-0.9702121084885819,0.0,0.0,0.14140993896372225,0.0,0.0
SE-rest,2018,2019-03-17,408.0,402.30628532865353,1.3421132140658456,0.9737549103790404,0.24083445864204453,0.0,0.0,0.0,0.0,0.0
SE-rest,2018,2019-03-24,390.0,382.5738290716462,1.2861817556366464,0.9186219258015732,4.391484530467198,0.0,0.0,0.0,0.0,0.0
SE-rest,2018,2019-03-31,337.0,350.3466476636296,1.3243074431240045,0.9328419040603391,5.487340349341818,0.0,0.0,0.0,0.0,0.0
SE-rest,2018,2019-04-07,295.0,310.5822556151759,1.35830308635203,0.9447994770124487,4.961450650470289,0.0,0.0,0.0,0.0,0.0
SE-rest,2018,2019-04-14,296.0,279.5630774340416,1.44832586400925,0.9954021932583007,1.1281008273480357,0.0,0.0,0.0,0.0015538304011108188,0.0
SE-rest,2018,2019-04-21,252.0,255.0838077806169,1.1455926079914607,0.7788907015359631,8.594483632259058,0.0,0.0,0.0,0.8011339428341505,0.0
SE-rest,2018,2019-04-28,242.0,229.17345466152034,1.0067402277666764,0.6798201174894435,12.03474577059822,0.0,0.0,0.0,0.19731222676473886,0.0
SE-rest,2018,2019-05-05,146.0,144.52727169082607,1.1386667956975987,0.7659562665598673,6.527360340184734,0.0,0.0,0.0,0.0,0.0
SE-rest,2018,2019-05-12,77.0,86.67971314930872,1.0919045041729496,0.7326410690966273,7.849138345322751,0.0,0.0,0.0,0.0,0.0
SE-rest,2018,2019-05-19,58.0,55.821038135374,0.9943083726347203,0.6661055583149764,11.298903261586329,0.0,0.0,0.0,0.0,0.0
SE-rest,2018,2019-05-26,35.0,33.96126164315462,0.9253903675083548,0.6194178601857017,13.961636618997783,0.0,0.0,0.0,0.0,0.0
SE-rest,2018,2019-06-02,18.0,18.24956218766304,0.9768849489327623,0.653613867336074,11.653045267926887,0.0,0.0,0.0,0.0,0.0
SE-rest,2018,2019-06-09,9.0,9.732361270596321,0.8280381098526871,0.5538941279142191,18.258348501784408,0.0,0.0,0.0,0.0,0.017458161377217608
SE-M,2019,2019-06-30,,0.13186117835805375,0.7341876376313613,0.7341777719228573,20.142142857142858,0.0,0.0,0.0,0.0,1.0
SE-M,2019,2019-07-07,,0.1271165454890617,0.8363253182230367,0.8362874331326449,15.098571428571429,0.0,0.0,0.0,0.0,1.0
SE-M,2019,2019-07-14,,0.12539176571365335,0.7908834262130572,0.7908210976924568,17.500000000000004,0.0,0.0,0.0,0.0,1.0
SE-M,2019,2019-07-21,,0.12947155286488857,0.7840245600816741,0.7839367038931269,18.084285714285716,0.0,0.0,0.0,0.0,1.0
SE-M,2019,2019-07-28,0.0,0.12914200016066163,0.7375801514199937,0.7374738542872835,20.794285714285714,0.0,0.0,0.0,0.0,1.0
SE-M,2019,2019-08-04,0.0,0.12324496791650962,0.7760945971344544,0.7759592826043383,19.052142857142858,0.0,0.0,0.0,0.0,1.0
SE-M,2019,2019-08-11,0.0,0.11760189425710467,0.7801654761426804,0.7800058591327684,18.986428571428576,0.0,0.0,0.0,0.0,1.0
SE-M,2019,2019-08-18,0.0,0.11839523907483548,0.8264480382500751,0.8262529526229266,16.87142857142857,0.0,0.0,0.0,0.0,0.7742675229806223
SE-M,2019,2019-08-25,1.0,0.12299772467117742,0.8063641563033076,0.8061469914434988,18.020000000000003,0.0,0.0,0.0,0.0,0.07670306994272817
SE-M,2019,2019-09-01,0.0,0.12864303284597345,0.754614581247313,0.7543864072512498,20.909285714285716,0.0,0.0,0.0,0.0,0.0
SE-M,2019,2019-09-08,0.0,0.12627384476054954,0.8773360900044386,0.8770419634278293,15.271428571428572,0.0,0.0,0.0,0.0,0.0
SE-M,2019,2019-09-15,0.0,0.13125745713341624,0.8918098142515355,0.8914770442734898,15.127857142857144,0.0,0.0,0.0,0.0,0.0
SE-M,2019,2019-09-22,0.0,0.14771692102848555,0.9809025666927278,0.9804931233938011,12.007142857142858,0.0,0.0,0.0,0.0,0.0
SE-M,2019,2019-09-29,0.0,0.17586482445436002,0.9657894873417482,0.9653338902281907,13.405000000000001,0.0,0.0,0.0,0.0,0.0
SE-M,2019,2019-10-06,0.0,0.2105731427698184,1.1378233819999402,1.1372094939169737,7.908571428571428,0.0,0.0,0.0,0.0,0.0
SE-M,2019,2019-10-13,0.0,0.2714825887406783,1.1107794754847644,1.1100734104982588,9.865,0.0,0.0,0.0,0.0,0.0
SE-M,2019,2019-10-20,0.0,0.3830585468153217,1.0771649371375795,1.0763433865558214,11.952857142857143,0.0,0.0,0.0,0.0,0.0
SE-M,2019,2019-10-27,1.0,0.4875468367548092,1.115597235486387,1.1145717271472477,11.535714285714286,0.0,0.0,0.0,0.0,0.0
SE-M,2019,2019-11-03,0.0,0.6252611660476586,1.316770381909794,1.3152624761182465,5.945,1.0,0.0,0.0,0.0,0.0
SE-M,2019,2019-11-10,2.0,0.9463795641985445,1.378603798576226,1.3764728638810249,5.034999999999999,0.0,0.0,0.0,0.0,0.0
SE-M,2019,2019-11-17,0.0,1.6386317391629115,1.3654129499264793,1.362318586176034,6.1328571428571435,0.0,0.0,0.0,0.0,0.0
SE-M,2019,2019-11-24,0.0,2.934015412343856,1.3154484091541627,1.3108361093501915,7.567857142857144,0.0,0.0,0.0,0.0,0.0
SE-M,2019,2019-12-01,4.0,4.957385027265664,1.3659130796027132,1.3583077827845806,4.772857142857143,0.0,0.0,0.0,0.0,0.0
SE-M,2019,2019-12-08,12.0,8.374884704905384,1.2599799956081064,1.2486613724700675,5.567142857142858,0.0,0.0,0.0,0.0,0.0
SE-M,2019,2019-12-15,15.0,13.642038096343466,1.209852838067637,1.192974146541894,4.2907142857142855,0.0,0.0,0.0,0.0,0.0
SE-M,2019,2019-12-22,25.0,19.19568290403108,1.1034397464597423,1.0811273247748345,5.695714285714286,0.0,0.31255966022097953,0.0,0.0,0.0
SE-M,2019,2019-12-29,27.0,23.87520363988554,1.166332824852679,1.1343161250036327,2.568571428571429,0.0,0.9891070161119845,0.0,0.0,0.0
SE-M,2019,2020-01-05,19.0,28.122876516808468,1.1241769002617588,1.0835864497571976,4.059285714285713,0.0,1.0,0.0,0.0,0.0
SE-M,2019,2020-01-12,41.0,33.53689428619994,1.1042607518034282,1.0535547320997007,5.525714285714287,0.0,0.3965626513067201,0.0,0.0,0.0
SE-M,2019,2020-01-19,24.0,38.08515585082441,1.126354567053689,1.0624652540265995,5.7857142857142865,0.0,0.0,0.0,0.0,0.0
SE-M,2019,2020-01-26,51.0,42.04499700783097,1.1752977160255023,1.0943457634548712,5.085714285714286,0.0,0.0,0.0,0.0,0.0
SE-M,2019,2020-02-02,49.0,47.8411235831466,1.1929450742806353,1.0937260753522662,5.666428571428573,0.0,0.0,0.0,0.0,0.0
SE-M,2019,2020-02-09,45.0,56.15036622495355,1.2566631712739245,1.1306526121917442,4.534285714285715,0.0,0.0,0.0,0.0,0.0
SE-M,2019,2020-02-16,69.0,67.24387632523595,1.2465758593535736,1.0957470135369212,5.11,0.0,0.0,0.0,0.0,0.0
SE-M,2019,2020-02-23,88.0,80.21536149607283,1.2319930597189725,1.053938113412476,5.415000000000001,0.0,0.0,1.0,0.0,0.0
SE-M,2019,2020-03-01,95.0,90.35650503793858,1.3015413637731181,1.0799277149685016,3.229285714285715,0.0,0.0,0.0,0.0,0.0
SE-M,2019,2020-03-08,92.0,100.81492928030247,1.2692466734671002,1.0170413243114973,4.292142857142858,0.0,0.0,0.0,0.0,0.0
SE-M,2019,2020-03-15,112.0,108.60218885566988,1.240316365392354,0.9592206578136027,5.283571428571429,0.0,0.0,0.0,0.0,0.0
SE-M,2019,2020-03-22,,105.78806297329592,1.2284806962973998,0.919553702553485,5.708571428571429,0.0,0.0,0.0,0.0,0.0
SE-M,2019,2020-03-29,,95.54235662348059,1.2987167146705905,0.9438266603359265,3.420714285714286,0.0,0.0,0.0,0.0,0.0
SE-M,2019,2020-04-05,,86.53392528835477,1.231131710901695,0.8706994046673296,5.561428571428571,0.0,0.0,0.0,0.0,0.0
SE-M,2019,2020-04-12,,72.35079313026084,1.1346692900627338,0.7858026418069809,8.814285714285715,0.0,0.0,0.0,0.9834939305318536,0.0
SE-M,2019,2020-04-19,,58.363664201644404,1.1646579817147409,0.7949927321771053,7.770714285714286,0.0,0.0,0.0,0.016506069468146315,0.0
SE-M,2019,2020-04-26,,39.53739535538356,1.0893068133824508,0.7362326289371952,10.434285714285716,0.0,0.0,0.0,0.0,0.0
SE-M,2019,2020-05-03,,25.633116779805487,1.1354033788195876,0.7626244601907758,8.782142857142857,0.0,0.0,0.0,0.0,0.0
SE-M,2019,2020-05-10,,17.70790468287003,1.072595815261989,0.7175048301096937,11.060000000000002,0.0,0.0,0.0,0.0,0.0
SE-M,2019,2020-05-17,,10.898594465072701,1.1432900818572571,0.7628509167126882,8.5,0.0,0.0,0.0,0.0,0.0
SE-M,2019,2020-05-24,,6.856575771768128,1.0484227389827048,0.698414709746839,11.941428571428574,0.0,0.0,0.0,0.0,0.0
SE-M,2019,2020-05-31,,4.2547167391392495,0.9884202317616098,0.6578437278602286,14.290714285714289,0.0,0.0,0.0,0.0,0.0
SE-M,2019,2020-06-07,,2.4577621705776584,0.9811259318987613,0.6526692932848236,14.623571428571429,0.0,0.0,0.0,0.0,0.0020553214867192076
SE-O,2019,2019-06-30,,1.3863210530016543,0.9081447271687599,0.908034075230083,19.326428571428572,0.0,0.0,0.0,0.0,1.0
SE-O,2019,2019-07-07,,1.3866399506783003,1.049574580495996,1.0491267332070418,14.027142857142858,0.0,0.0,0.0,0.0,1.0
SE-O,2019,2019-07-14,,1.5079825345889564,0.9619864119156668,0.9612325855246217,17.82214285714286,0.0,0.0,0.0,0.0,1.0
SE-O,2019,2019-07-21,,1.7074571354790855,0.9636668737037983,0.9625497942908182,18.022142857142857,0.0,0.0,0.0,0.0,1.0
SE-O,2019,2019-07-28,3.0,1.8178910654275726,0.8798354795514948,0.8784837031834798,21.95642857142857,0.0,0.0,0.0,0.0,1.0
SE-O,2019,2019-08-04,0.0,1.8003462922768163,0.9564270564031059,0.9546172227271514,18.68,0.0,0.0,0.0,0.0,1.0
SE-O,2019,2019-08-11,1.0,1.7279780391909207,0.9735237241364983,0.9713225174757418,17.477857142857143,0.0,0.0,0.0,0.0,1.0
SE-O,2019,2019-08-18,1.0,1.7931903404343654,0.9789519778022875,0.9763534098740052,16.099999999999998,0.0,0.0,0.0,0.0,1.0
SE-O,2019,2019-08-25,2.0,1.9007044415754928,0.9187616344918005,0.9159502193483087,16.78142857142857,0.0,0.0,0.0,0.0,0.1616211031538355
SE-O,2019,2019-09-01,7.0,1.9378623381725673,0.821966116528575,0.8191467243560157,19.139285714285712,0.0,0.0,0.0,0.0,0.0
SE-O,2019,2019-09-08,2.0,1.7410087888493915,0.8948971322908273,0.8915486464493256,14.057142857142859,0.0,0.0,0.0,0.0,0.0
SE-O,2019,2019-09-15,0.0,1.5400498518428694,0.8491570636671796,0.8457320336971496,14.94,0.0,0.0,0.0,0.0,0.0
SE-O,2019,2019-09-22,2.0,1.3981160814229439,0.9018014166079368,0.8979242886649149,11.821428571428571,0.0,0.0,0.0,0.0,0.0
SE-O,2019,2019-09-29,2.0,1.3177295325918483,0.8877672720552755,0.8837160102443408,12.230714285714285,0.0,0.0,0.0,0.0,0.0
SE-O,2019,2019-10-06,0.0,1.2700624613701819,1.0460541613288006,1.040995632846882,6.2542857142857144,0.0,0.0,0.0,0.0,0.0
SE-O,2019,2019-10-13,1.0,1.3438587007845677,1.0039031943787042,0.9987216044505601,8.862857142857143,0.0,0.0,0.0,0.0,0.0
SE-O,2019,2019-10-20,1.0,1.5986172456378,0.9909170609587622,0.98543564050149,10.776428571428573,0.0,0.0,0.0,0.0,0.0
SE-O,2019,2019-10-27,2.0,1.7687541413900094,1.0652271694688877,1.0588965403220958,9.812142857142858,0.0,0.0,0.0,0.0,0.0
SE-O,2019,2019-11-03,0.0,2.0409509996430506,1.2909238520286022,1.2825269483112562,4.181428571428571,1.0,0.0,0.0,0.0,0.0
SE-O,2019,2019-11-10,3.0,2.9324940528909473,1.420626165650433,1.409959290998307,2.323571428571429,0.0,0.0,0.0,0.0,0.0
SE-O,2019,2019-11-17,3.0,5.206057556266944,1.3733944834040759,1.3604934854612138,5.104285714285714,0.0,0.0,0.0,0.0,0.0
SE-O,2019,2019-11-24,10.0,9.538592022073402,1.3380274056978867,1.321089942324098,6.690714285714286,0.0,0.0,0.0,0.0,0.0
SE-O,2019,2019-12-01,13.0,16.29864245066973,1.4598179750702471,1.4330420321345863,2.48,0.0,0.0,0.0,0.0,0.0
SE-O,2019,2019-12-08,28.0,29.27121592826,1.2936732966851021,1.256817338535527,4.728571428571429,0.0,0.0,0.0,0.0,0.0
SE-O,2019,2019-12-15,55.0,50.68390969007744,1.2101188237334888,1.1578783566521533,3.338571428571428,0.0,0.0,0.0,0.0,0.0
SE-O,2019,2019-12-22,88.0,69.4094912905372,1.0645657461057223,1.0005570950034932,5.281428571428571,0.0,0.30126649640802505,0.0,0.0,0.0
SE-O,2019,2019-12-29,59.0,79.20164019447321,1.1062907557047572,1.0211882292335726,2.173571428571429,0.0,1.0,0.0,0.0,0.0
SE-O,2019,2020-01-05,98.0,80.43073061339209,1.041795823036043,0.9445325528126182,4.755,0.0,1.0,0.0,0.0,0.0
SE-O,2019,2020-01-12,83.0,77.84271723219652,1.102843436736152,0.9832808900880564,5.199285714285714,0.0,0.2993440559263617,0.0,0.0,0.0
SE-O,2019,2020-01-19,49.0,73.84643620464264,1.1927670422702474,1.045192328464757,5.584285714285714,0.0,0.0,0.0,0.0,0.0
SE-O,2019,2020-01-26,67.0,75.28681449614338,1.257837796396156,1.080862041363915,5.346428571428572,0.0,0.0,0.0,0.0,0.0
SE-O,2019,2020-02-02,101.0,83.51362417140393,1.2913165446984791,1.0842232239403222,4.586428571428572,0.0,0.0,0.0,0.0,0.0
SE-O,2019,2020-02-09,89.0,95.91884592370377,1.3351801305560524,1.0905940575438406,2.9778571428571428,0.0,0.0,0.0,0.0,0.0
SE-O,2019,2020-02-16,122.0,111.02910725597371,1.2753256899831193,1.0094180908941488,4.6414285714285715,0.0,0.0,0.8324551660883983,0.0,0.0
SE-O,2019,2020-02-23,121.0,119.48604247584159,1.2697236163587042,0.9735158868466698,5.225714285714285,0.0,0.0,0.14833195229524018,0.0,0.0
SE-O,2019,2020-03-01,104.0,118.87300308588067,1.4284654578390434,1.059987937542783,1.0514285714285714,0.0,0.0,0.019212881616361723,0.0,0.0
SE-O,2019,2020-03-08,131.0,121.59564907476121,1.3454996204365919,0.9634375047206615,3.462857142857143,0.0,0.0,0.0,0.0,0.0
SE-O,2019,2020-03-15,121.0,122.19478409889484,1.322678030732312,0.9162644437673729,4.168571428571428,0.0,0.0,0.0,0.0,0.0
SE-O,2019,2020-03-22,,110.56704780599546,1.3192571067609709,0.888219180120763,4.289285714285714,0.0,0.0,0.0,0.0,0.0
SE-O,2019,2020-03-29,,93.70379551543033,1.3283696405609386,0.8733313894349989,3.959285714285715,0.0,0.0,0.0,0.0,0.0
SE-O,2019,2020-04-05,,77.59572185313533,1.2934934538163145,0.8340195800795029,5.046428571428572,0.0,0.0,0.0,0.0,0.0
SE-O,2019,2020-04-12,,59.770585066046436,1.21064419781237,0.769503444975678,7.6899999999999995,0.0,0.0,0.0,0.9058421577812991,0.0
SE-O,2019,2020-04-19,,45.52526756326519,1.2353502052843768,0.7778269397402778,6.863571428571428,0.0,0.0,0.0,0.09415784221870115,0.0
SE-O,2019,2020-04-26,,29.984277495831222,1.1155288165643056,0.6979889072719977,10.924285714285714,0.0,0.0,0.0,0.0,0.0
SE-O,2019,2020-05-03,,18.64510991716271,1.2187171357031257,0.7597260218395495,7.3864285714285725,0.0,0.0,0.0,0.0,0.0
SE-O,2019,2020-05-10,,12.493008630457473,1.1573729918952964,0.7196905815555843,9.439285714285715,0.0,0.0,0.0,0.0,0.0
SE-O,2019,2020-05-17,,7.646597052506392,1.2272286964568013,0.7619329340907565,7.117857142857143,0.0,0.0,0.0,0.0,0.0
SE-O,2019,2020-05-24,,4.9114856849861654,1.0968449303510022,0.6802833801648192,11.605714285714285,0.0,0.0,0.0,0.0,0.0
SE-O,2019,2020-05-31,,3.1022452038166843,1.0145466728109351,0.6288769965465575,14.68857142857143,0.0,0.0,0.0,0.0,0.0
SE-O,2019,2020-06-07,,1.804752497573228,0.9958016967844621,0.6170619936704366,15.504285714285713,0.0,0.0,0.0,0.0,0.0
SE-rest,2019,2019-06-30,,1.1837582041342367,0.9387541840160898,0.9387186856080711,17.697397032973292,0.0,0.0,0.0,0.0,1.0
SE-rest,2019,2019-07-07,,1.3622888624210057,1.0495205881664418,1.0493690747428492,13.814325494420576,0.0,0.0,0.0,0.0,1.0
SE-rest,2019,2019-07-14,,1.807302650602066,1.0157879071520421,1.0154951728189705,15.62915571773976,0.0,0.0,0.0,0.0,1.0
SE-rest,2019,2019-07-21,,2.410272824059027,0.9985732196910285,0.9981082182163246,16.814358230641776,0.0,0.0,0.0,0.0,1.0
SE-rest,2019,2019-07-28,1.0,2.9609528303907204,0.8856090259277885,0.8850233961437411,21.74954073870798,0.0,0.0,0.0,0.0,1.0
SE-rest,2019,2019-08-04,4.0,3.1917784674048004,1.013040104463943,1.0121680218719333,15.973026398906569,0.0,0.0,0.0,0.0,1.0
SE-rest,2019,2019-08-11,2.0,3.384024712010928,0.9565441724434564,0.9555042467976137,17.025219440674302,0.0,0.0,0.0,0.0,0.9992054748891867
SE-rest,2019,2019-08-18,4.0,3.735526449694204,0.9235447227472262,0.9223240154636322,16.463597727533873,0.0,0.0,0.0,0.0,0.9606543544801633
SE-rest,2019,2019-08-25,9.0,3.884099644739736,0.8750613146501375,0.8737050252489512,16.410331089622748,0.0,0.0,0.0,0.0,0.13177852686031583
SE-rest,2019,2019-09-01,4.0,3.7554325851808663,0.778190010098893,0.7768285196127179,19.30506756438891,0.0,0.0,0.0,0.0,0.0
SE-rest,2019,2019-09-08,5.0,3.2669244103566704,0.8729550275470073,0.8712823381077502,13.725008534531595,0.0,0.0,0.0,0.0,0.0
SE-rest,2019,2019-09-15,0.0,2.8535473150061756,0.8551364530194936,0.8533605256974077,14.369928805605124,0.0,0.0,0.0,0.0,0.0
SE-rest,2019,2019-09-22,3.0,2.677099036903074,0.975674422253695,0.9734905130712689,9.630139736397192,0.0,0.0,0.0,0.0,0.0
SE-rest,2019,2019-09-29,2.0,2.7955330614915237,0.9961880568003086,0.993769255021262,9.919169833202863,0.0,0.0,0.0,0.0,0.0
SE-rest,2019,2019-10-06,1.0,3.1977667274886294,1.1617647538897857,1.1586689671984634,5.406420022110322,0.0,0.0,0.0,0.0,0.0
SE-rest,2019,2019-10-13,3.0,4.063180324106358,1.15448947688936,1.1510234193692654,7.128407237420026,0.0013301719692353222,0.0,0.0,0.0,0.0
SE-rest,2019,2019-10-20,7.0,5.819322498122229,1.1624306599962366,1.158389975492647,8.134993445710071,0.0,0.0,0.0,0.0,0.0
SE-rest,2019,2019-10-27,4.0,7.993611629436305,1.1923935102482874,1.1874750627121549,7.873826805818437,0.0046765191003894655,0.0,0.0,0.0,0.0
SE-rest,2019,2019-11-03,11.0,11.089917653135878,1.3529102221476013,1.3459911154178203,2.2957097158689583,0.9939933089303752,0.0,0.0,0.0,0.0
SE-rest,2019,2019-11-10,18.0,17.800215459648445,1.3599742016797638,1.3506239342422253,0.3792718091322606,0.0,0.0,0.0,0.0,0.0
SE-rest,2019,2019-11-17,36.0,30.59582296644581,1.2026353740192524,1.1909879666648535,3.2929476538471993,0.0,0.0,0.0,0.0,0.0
SE-rest,2019,2019-11-24,55.0,46.633851824814194,1.1235745668110009,1.1086068725433957,5.0924619813949965,0.0,0.0,0.0,0.0,0.0
SE-rest,2019,2019-12-01,51.0,59.65707791927761,1.2682417377449648,1.2455363530206525,0.8686056416555322,0.0,0.0,0.0,0.0,0.0
SE-rest,2019,2019-12-08,78.0,79.39097081272809,1.25073566272459,1.2198776672756242,2.153120011016209,0.0,0.0,0.0,0.0,0.0
SE-rest,2019,2019-12-15,109.0,117.27100609458344,1.2502641674459603,1.2072240392393765,2.0477619735117356,0.0,0.0,0.0,0.0,0.0
SE-rest,2019,2019-12-22,173.0,164.82245369702923,1.185332813095825,1.129159018860866,2.6708773379708224,0.0,0.3445580957902141,0.0,0.0,0.0
SE-rest,2019,2019-12-29,200.0,215.07318774590473,1.170376714088399,1.0967098571409355,0.5635748053624701,0.0,0.9981611811006461,0.0,0.0,0.0
SE-rest,2019,2020-01-05,286.0,254.75676121112696,1.0364150472112814,0.9540831181791607,3.656710132368638,0.0,1.0,0.0,0.0,0.0
SE-rest,2019,2020-01-12,288.0,264.86312181554786,1.0968618040912081,0.9930739612457379,3.355295512764709,0.0,0.3021227765264092,0.0,0.0,0.0
SE-rest,2019,2020-01-19,220.0,257.1526590319091,1.210827479793826,1.0770271023318547,3.7864157867884507,0.0,0.0,0.0,0.0,0.0
SE-rest,2019,2020-01-26,244.0,271.4458067967504,1.3096663205338321,1.1402744677173051,3.5152532168741577,0.0,0.0,0.0,0.0,0.0
SE-rest,2019,2020-02-02,347.0,322.10069292350374,1.332405938737388,1.1283749535689052,2.9929344746360327,0.0,0.0,0.0,0.0,0.0
SE-rest,2019,2020-02-09,405.0,403.13549215833257,1.4045075346268732,1.147457949837109,0.4374560663684538,0.0,0.0,0.0,0.0,0.0
SE-rest,2019,2020-02-16,541.0,504.226463291848,1.351444431574748,1.055705189231975,2.750076521394223,0.0,0.0,0.0715513379363827,0.0,0.0
SE-rest,2019,2020-02-23,531.0,581.3241465061071,1.337296962184059,0.9950882560322672,4.298559623452346,0.0,0.0,0.3079006257968338,0.0,0.0
SE-rest,2019,2020-03-01,590.0,612.8873317212439,1.4884788363020665,1.051464870581005,-0.5483157044367358,0.0,0.0,0.48090786910782907,0.0,0.0
SE-rest,2019,2020-03-08,707.0,635.7261375275959,1.3656272274678738,0.9127377864437209,1.5658843295607376,0.0,0.0,0.13964016715895444,0.0,0.0
SE-rest,2019,2020-03-15,578.0,610.4070946669854,1.3057447772762494,0.8330038606967612,3.0496537307547413,0.0,0.0,0.0,0.0,0.0
SE-rest,2019,2020-03-22,,497.2467227959069,1.3124929290776952,0.8087154235566881,2.8417470454467773,0.0,0.0,0.0,0.0,0.0
SE-rest,2019,2020-03-29,,367.8959666085884,1.2759713793284835,0.7668885490249383,3.9418835691530143,0.0,0.0,0.0,0.0,0.0
SE-rest,2019,2020-04-05,,258.71736258859596,1.3028117277711846,0.7698119469728164,3.108028674310676,0.0,0.0,0.0,0.0,0.0
SE-rest,2019,2020-04-12,,169.75009162962039,1.179765864224596,0.6894434379393279,7.041340543732523,0.0,0.0,0.0,0.6428161304302326,0.0
SE-rest,2019,2020-04-19,,114.05209770042683,1.2015883707411088,0.6978183604267792,6.328022492564912,0.0,0.0,0.0,0.35718386956976733,0.0
SE-rest,2019,2020-04-26,,64.46443223584208,1.1168351440027104,0.6462732017186544,9.233908747707929,0.0,0.0,0.0,0.0,0.0
SE-rest,2019,2020-05-03,,35.11199901583812,1.2190548946622026,0.7040696887107234,5.7663552597572,0.0,0.0,0.0,0.0,0.0
SE-rest,2019,2020-05-10,,21.199181762931914,1.1376573240940262,0.6562908027874469,8.478226578949906,0.0,0.0,0.0,0.0,0.0
SE-rest,2019,2020-05-17,,11.60133178604146,1.2132260726471389,0.6994288931369503,5.921562020895119,0.0,0.0,0.0,0.0,0.0
SE-rest,2019,2020-05-24,,6.680695328038569,1.1002445876999167,0.6340448186168006,9.819683123735429,0.0,0.0,0.0,0.0,0.0
SE-rest,2019,2020-05-31,,3.896547750352668,0.9976676942703514,0.5748092663476624,13.712840446418667,0.0,0.0,0.0,0.0,0.0
SE-rest,2019,2020-06-07,,2.1616240096263866,0.9770724353322382,0.5628776728316145,14.57941010997616,0.0,0.0,0.0,0.0,0.005129367468076502
SE-M,2022,2022-07-03,,1.603491330939077,0.8599320052488162,0.8597806314500167,19.740000000000002,0.0,0.0,0.0,0.0,1.0
SE-M,2022,2022-07-10,,1.5827284682642753,0.928866451578547,0.9283112314056895,16.955000000000002,0.0,0.0,0.0,0.0,1.0
SE-M,2022,2022-07-17,,1.6311306171188757,0.9164786329286156,0.9155122674839349,17.657857142857146,0.0,0.0,0.0,0.0,1.0
SE-M,2022,2022-07-24,,1.7185207545130465,0.8666756556416294,0.8653612533296394,19.85571428571429,0.0,0.0,0.0,0.0,1.0
SE-M,2022,2022-07-31,2.0,1.7368688457227441,0.916832035070686,0.9150240873723827,17.282142857142855,0.0,0.0,0.0,0.0,1.0
SE-M,2022,2022-08-07,2.0,1.760895739232678,0.882211262286493,0.880053956404721,18.42214285714286,0.0,0.0,0.0,0.0,1.0
SE-M,2022,2022-08-14,2.0,1.7801797041130232,0.8411293851197522,0.8386912485912655,19.65285714285714,0.0,0.0,0.0,0.0,1.0
SE-M,2022,2022-08-21,2.0,1.7280371035464444,0.7901735255479029,0.7875559250973703,21.42142857142857,0.0,0.0,0.0,0.0,0.2901213173656766
SE-M,2022,2022-08-28,2.0,1.5438917424256347,0.8216144695903894,0.818596996295292,19.200714285714287,0.0,0.0,0.0,0.0,0.0
SE-M,2022,2022-09-04,2.0,1.4044512951561525,0.8954344313224428,0.8918248165734359,15.280714285714287,0.0,0.0,0.0,0.0,0.0
SE-M,2022,2022-09-11,2.0,1.3792328034578976,0.8858093221814859,0.8819044121206129,15.61214285714286,0.0,0.0,0.0,0.0,0.0
SE-M,2022,2022-09-18,1.0,1.4289392683963884,0.9330949830412048,0.9286114678862989,13.952142857142857,0.0,0.0,0.0,0.0,0.0
SE-M,2022,2022-09-25,0.0,1.5148620238001032,1.0046223886189036,0.9993436272600966,11.731428571428571,0.0,0.0,0.0,0.0,0.0
SE-M,2022,2022-10-02,2.0,1.7532934745972901,1.040123486250845,1.0340826661654214,11.417142857142858,0.0,0.0,0.0,0.0,0.0
SE-M,2022,2022-10-09,2.0,2.121228392801494,1.0373996797449656,1.0306766625542279,12.832142857142857,0.0,0.0,0.0,0.0,0.0
SE-M,2022,2022-10-16,0.0,2.5633841850306247,1.0972493349959065,1.089238973208677,11.796428571428573,0.0,0.0,0.0,0.0,0.0
SE-M,2022,2022-10-23,2.0,3.200597136188798,1.1723438376905888,1.1625056643200573,9.97857142857143,0.0,0.0,0.0,0.0,0.0
SE-M,2022,2022-10-30,7.0,4.245325943301474,1.095285902719427,1.0845024103821792,12.941428571428572,0.019900239810839226,0.0,0.0,0.0,0.0
SE-M,2022,2022-11-06,7.0,5.482628931981143,1.1732391776736741,1.1595619699963,10.544285714285715,0.9800997601891607,0.0,0.0,0.0,0.0
SE-M,2022,2022-11-13,5.0,7.029183114316674,1.1488075384140353,1.1326501314448345,11.877142857142857,0.0,0.0,0.0,0.0,0.0
SE-M,2022,2022-11-20,13.0,9.305757105583188,1.4216508375401735,1.39666063386681,4.495,0.0,0.0,0.0,0.0,0.0
SE-M,2022,2022-11-27,13.0,14.357007766658633,1.4677015896848853,1.4319884753918204,4.26,0.0,0.0,0.0,0.0,0.0
SE-M,2022,2022-12-04,17.0,28.195878841351167,1.525980342725763,1.4680039699453897,3.2942857142857145,0.0,0.0,0.0,0.0,0.0
SE-M,2022,2022-12-11,55.0,55.449464355096495,1.6551231257817125,1.5448261502578369,-1.1721428571428572,0.0,0.0,0.0,0.0,0.0
SE-M,2022,2022-12-18,116.0,119.97690892857447,1.6430758333733984,1.4326129233825273,-4.460714285714286,0.0,0.0,0.0,0.0,0.0
SE-M,2022,2022-12-25,241.0,241.23226090391853,1.1998745191792424,0.9384996978228948,2.8485714285714288,0.0,0.5045626257076979,0.0,0.0,0.0
SE-M,2022,2023-01-01,415.0,309.3682388202097,1.0064708467208139,0.7187083003817492,6.180000000000001,0.0,1.0,0.0,0.0,0.0
SE-M,2022,2023-01-08,309.0,242.93134136824017,1.0468393733105208,0.7062473134583322,5.228571428571428,0.0,1.0,0.0,0.0,0.0
SE-M,2022,2023-01-15,137.0,161.02621415299737,1.164854600809702,0.7589012466069873,5.845714285714286,0.0,0.2053682549326616,0.0,0.0,0.0
SE-M,2022,2023-01-22,49.0,93.59682406745192,1.5327798591045512,0.9724584468814272,1.6400000000000001,0.0,0.0,0.0,0.0,0.0
SE-M,2022,2023-01-29,40.0,69.18687514165016,1.7641701109897963,1.0878870927577977,1.215714285714286,0.0,0.0,0.0,0.0,0.0
SE-M,2022,2023-02-05,72.0,70.28020112230621,1.852984585100829,1.1034763157710026,1.7507142857142857,0.0,0.0,0.0,0.0,0.0
SE-M,2022,2023-02-12,110.0,80.51114459525323,1.837094243917672,1.049289958401363,2.6685714285714286,0.0,0.0,0.0,0.0,0.0
SE-M,2022,2023-02-19,100.0,93.55664633820618,1.759197359809248,0.9598242526391589,4.6207142857142856,0.0,0.0,0.0,0.0,0.0
SE-M,2022,2023-02-26,99.0,93.51107501891084,1.870671928986734,0.9773715687511986,3.0707142857142857,0.0,0.0,0.9800997601891607,0.0,0.0
SE-M,2022,2023-03-05,85.0,87.71994224779928,1.9836265046070534,0.9923142945408691,1.905,0.0,0.0,0.019900239810839226,0.0,0.0
SE-M,2022,2023-03-12,69.0,85.7955214187198,2.1462055967183917,1.0249834889990157,-0.20857142857142866,0.0,0.0,0.0,0.0,0.0
SE-M,2022,2023-03-19,103.0,86.80409720804653,1.9043091988621816,0.8680605910046569,5.1971428571428575,0.0,0.0,0.0,0.0,0.0
SE-M,2022,2023-03-26,79.0,79.46022123222508,1.8497073404980013,0.8128055629739338,6.968571428571429,0.0,0.0,0.0,0.0,0.0
SE-M,2022,2023-04-02,60.0,62.54237449546871,2.02851155760028,0.866701877391687,3.8757142857142854,0.0,0.0,0.0,0.0,0.0
SE-M,2022,2023-04-09,46.0,46.285358868369656,2.0270248809094342,0.8464321678340825,4.425714285714286,0.0,0.0,0.0,0.7578057518202803,0.0
SE-M,2022,2023-04-16,44.0,38.21965149711612,1.8974590416332953,0.7787442167807447,7.867857142857143,0.0,0.0,0.0,0.24219424817971952,0.0
SE-M,2022,2023-04-23,29.0,27.032259429795353,1.8564221918794996,0.7531250997951082,9.969285714285716,0.0,0.0,0.0,0.0,0.0
SE-M,2022,2023-04-30,10.0,18.280214684345093,2.0146150823277647,0.8109733248397181,7.878571428571431,0.0,0.0,0.0,0.0,0.0
SE-M,2022,2023-05-07,13.0,12.370903549460404,2.033492016402774,0.813908873851193,8.096428571428572,0.0,0.0,0.0,0.0,0.0
SE-M,2022,2023-05-14,8.0,8.833976556225071,1.7661661399670219,0.704109484277993,13.687142857142858,0.0,0.0,0.0,0.0,0.0
SE-M,2022,2023-05-21,9.0,6.087808753619557,1.8111173767831594,0.7202791911146103,12.387142857142857,0.0,0.0,0.0,0.0,0.0
SE-M,2022,2023-05-28,6.0,3.8106828018873165,1.7169924408599333,0.6818216074434488,14.237142857142857,0.0,0.0,0.0,0.0,0.0
SE-M,2022,2023-06-04,1.0,2.332052814455187,1.7048039843117608,0.6763743092163195,14.435714285714287,0.0,0.0,0.0,0.0,0.0
SE-M,2022,2023-06-11,1.0,1.422242277929279,1.6146830460092727,0.640260406759121,16.587857142857143,0.0,0.0,0.0,0.0,0.05991371129622848
SE-O,2022,2022-07-03,,1.1152100315622535,0.9274019785852685,0.9272889068016823,19.907857142857143,0.0,0.0,0.0,0.0,1.0
SE-O,2022,2022-07-10,,1.146780755071807,1.0212791016631728,1.0208387465958306,16.57357142857143,0.0,0.0,0.0,0.0,1.0
SE-O,2022,2022-07-17,,1.3035964048943003,1.0234582141102446,1.0226316104191657,16.971428571428568,0.0,0.0,0.0,0.0,1.0
SE-O,2022,2022-07-24,,1.5326745553693983,0.9552549635587871,0.95407934915692,20.15428571428572,0.0,0.0,0.0,0.0,1.0
SE-O,2022,2022-07-31,1.0,1.7107056996461663,1.0118198783357535,1.0101168433072056,17.845,0.0,0.0,0.0,0.0,1.0
SE-O,2022,2022-08-07,2.0,1.9061648635631065,1.0226351817323085,1.0203780072490158,17.087142857142858,0.0,0.0,0.0,0.0,1.0
SE-O,2022,2022-08-14,0.0,2.135751786922123,0.9360479392870004,0.9334548153666589,19.61642857142857,0.0,0.0,0.0,0.0,1.0
SE-O,2022,2022-08-21,4.0,2.2944969386014566,0.8792686811439684,0.8763584727847252,20.31357142857143,0.0,0.0,0.0,0.0,0.47782182827740155
SE-O,2022,2022-08-28,4.0,2.1534183529523867,0.8834082541816041,0.8800662413985003,18.106428571428573,0.0,0.0,0.0,0.0,0.0081820362655258
SE-O,2022,2022-09-04,3.0,1.9709523867311254,0.9202099438801808,0.9163177899034374,14.510714285714286,0.0,0.0,0.0,0.0,0.0
SE-O,2022,2022-09-11,3.0,1.8451916632559435,0.8944223624466573,0.8902546621172914,14.106428571428571,0.0,0.0,0.0,0.0,0.0
SE-O,2022,2022-09-18,2.0,1.747964903424414,0.8914556450169807,0.8869452820298013,13.352142857142857,0.0,0.0,0.0,0.0,0.0
SE-O,2022,2022-09-25,1.0,1.6393269256583793,0.9309810929638335,0.9259133753125638,11.416428571428574,0.0,0.0,0.0,0.0,0.0
SE-O,2022,2022-10-02,1.0,1.6003091525854873,0.9506626591986385,0.9451125346179039,11.015714285714287,0.0,0.0,0.0,0.0,0.0
SE-O,2022,2022-10-09,1.0,1.620347423535637,0.9575952967133895,0.9516127131069622,11.725,0.0,0.0,0.0,0.0,0.0
SE-O,2022,2022-10-16,2.0,1.6847390630257917,1.0110840535567367,1.0043234778370265,11.022142857142857,0.0,0.0,0.0,0.0,0.0
SE-O,2022,2022-10-23,0.0,1.8330058850991262,1.127954005784616,1.1198170872511506,8.62857142857143,0.0,0.0,0.0,0.0,0.0
SE-O,2022,2022-10-30,3.0,2.2259256092483177,1.0858763239329243,1.077299095620457,12.244285714285718,0.0,0.0,0.0,0.0,0.0
SE-O,2022,2022-11-06,1.0,2.8123715262905815,1.1976843400382577,1.1871750692865877,10.662857142857144,1.0,0.0,0.0,0.0,0.0
SE-O,2022,2022-11-13,5.0,3.7116142566729873,1.2398791014822588,1.2274218331762143,11.522857142857145,0.0,0.0,0.0,0.0,0.0
SE-O,2022,2022-11-20,2.0,5.460677971742559,1.5647156777515974,1.5454989838366653,4.235714285714286,0.0,0.0,0.0,0.0,0.0
SE-O,2022,2022-11-27,10.0,10.340797926503068,1.6396970542137415,1.6107251624474748,3.150714285714286,0.0,0.0,0.0,0.0,0.0
SE-O,2022,2022-12-04,26.0,25.311506088693278,1.6331665207839632,1.5826170804169988,2.7192857142857148,0.0,0.0,0.0,0.0,0.0
SE-O,2022,2022-12-11,51.0,59.98298881069081,1.743007748961172,1.6329714532824269,-2.9214285714285717,0.0,0.0,0.0,0.0,0.0
SE-O,2022,2022-12-18,134.0,147.89823576729424,1.552182297366177,1.3446924811227288,-4.371428571428571,0.0,0.0,0.0,0.0,0.0
SE-O,2022,2022-12-25,369.0,294.41634116630047,1.1167350129010174,0.8650731104381201,1.6364285714285713,0.0,0.4661379478566324,0.0,0.0,0.0
SE-O,2022,2023-01-01,329.0,330.68418687129633,0.9772693047716177,0.69825370078823,4.378571428571428,0.0,1.0,0.0,0.0,0.0
SE-O,2022,2023-01-08,240.0,237.7261161375189,1.1131044780923307,0.7563047516361381,2.177142857142857,0.0,1.0,0.0,0.0,0.0
SE-O,2022,2023-01-15,151.0,158.76438649018255,1.223679325103598,0.802910692564695,5.115,0.0,0.1384315087164952,0.0,0.0,0.0
SE-O,2022,2023-01-22,67.0,99.54098993742156,1.6235724074425324,1.0350677384497136,1.0064285714285712,0.0,0.0,0.0,0.0,0.0
SE-O,2022,2023-01-29,71.0,81.28369193666808,1.7611171735832525,1.0860388935694112,1.7521428571428572,0.0,0.0,0.0,0.0,0.0
SE-O,2022,2023-02-05,101.0,88.16103855069588,1.8612644400440748,1.1019456106491166,0.4064285714285714,0.0,0.0,0.0,0.0,0.0
SE-O,2022,2023-02-12,114.0,100.24111319599788,1.7058952545949484,0.9643981383276731,3.2635714285714283,0.0,0.0,0.0,0.0,0.0
SE-O,2022,2023-02-19,105.0,108.1678504015009,1.6651932746055313,0.9007255331219045,3.93,0.0,0.0,0.8465485235113981,0.0,0.0
SE-O,2022,2023-02-26,113.0,97.39709219961779,1.8057011930238898,0.9401067498907824,1.9700000000000004,0.0,0.0,0.14161610224608123,0.0,0.0
SE-O,2022,2023-03-05,80.0,83.9211674548574,1.9485382537661524,0.9782686139024798,1.7828571428571427,0.0,0.0,0.011835374242520819,0.0,0.0
SE-O,2022,2023-03-12,61.0,77.90476527632305,2.370153802570727,1.1428352792037657,-3.1664285714285714,0.0,0.0,0.0,0.0,0.0
SE-O,2022,2023-03-19,85.0,84.5939585514912,2.0704967643630394,0.9509471565348396,3.7342857142857144,0.0,0.0,0.0,0.0,0.0
SE-O,2022,2023-03-26,100.0,90.66605056950604,2.008417933587358,0.882177700770877,5.440714285714285,0.0,0.0,0.0,0.0,0.0
SE-O,2022,2023-04-02,83.0,80.55584159737802,2.2799066420841183,0.9632726686702204,0.6528571428571429,0.0,0.0,0.0,0.0,0.0
SE-O,2022,2023-04-09,64.0,68.6816058552995,2.1158118233025545,0.8618762796948969,4.248571428571429,0.0,0.0,0.0,0.2441504246621627,0.0
SE-O,2022,2023-04-16,77.0,62.78615311744177,1.962721953220634,0.7774616463137561,8.517142857142858,0.0,0.0,0.0,0.7558495753378374,0.0
SE-O,2022,2023-04-23,35.0,45.4798761264558,1.9558871601989327,0.7603674588822052,10.488571428571428,0.0,0.0,0.0,0.0,0.0
SE-O,2022,2023-04-30,27.0,31.0377420160344,2.1942795736496956,0.8419605056505448,7.296428571428572,0.0,0.0,0.0,0.0,0.0
SE-O,2022,2023-05-07,24.0,21.484807526337256,2.186035872653419,0.8303823730397675,7.944999999999999,0.0,0.0,0.0,0.0,0.0
SE-O,2022,2023-05-14,13.0,15.943861914500772,1.8110750728250706,0.6831180796855671,15.147142857142857,0.0,0.0,0.0,0.0,0.0
SE-O,2022,2023-05-21,14.0,10.869589762169745,1.8708873526386036,0.7028598223105504,13.137857142857143,0.0,0.0,0.0,0.0,0.0
SE-O,2022,2023-05-28,12.0,6.495123934232689,1.7770407479968375,0.6660465991309968,14.592142857142857,0.0,0.0,0.0,0.0,0.0
SE-O,2022,2023-06-04,1.0,3.7074081919029176,1.796137122580315,0.672343124376767,13.985714285714286,0.0,0.0,0.0,0.0,0.0
SE-O,2022,2023-06-11,1.0,2.106426292750526,1.656763326705162,0.6197154494083584,17.157142857142862,0.0,0.0,0.0,0.0,0.0611725605687207
SE-rest,2022,2022-07-03,,9.397021184814331,0.9276585150808673,0.9275339334348399,21.182951245343645,0.0,0.0,0.0,0.0,1.0
SE-rest,2022,2022-07-10,,9.725279485522844,1.0687214020963363,1.06820190080863,16.15173437114662,0.0,0.0,0.0,0.0,1.0
SE-rest,2022,2022-07-17,,11.548865740201851,1.0793225093835424,1.0782970690694038,16.35414975842897,0.0,0.0,0.0,0.0,1.0
SE-rest,2022,2022-07-24,,14.730906674352113,1.0106486487659543,1.0091140794877016,19.260527907394728,0.0,0.0,0.0,0.0,1.0
SE-rest,2022,2022-07-31,13.0,17.900772566074963,1.047514052520007,1.0452415374222634,17.24857761147764,0.0,0.0,0.0,0.0,1.0
SE-rest,2022,2022-08-07,25.0,20.979110115099218,0.9934508491981102,0.9905499493944475,17.797373063637572,0.0,0.0,0.0,0.0,1.0
SE-rest,2022,2022-08-14,21.0,23.40274773234159,0.8941806863125158,0.8908973253333564,19.514576305849307,0.0,0.0,0.0,0.0,0.9994871560896222
SE-rest,2022,2022-08-21,27.0,23.505214796140436,0.8026668025913583,0.7991979055525301,20.792301305042304,0.0,0.0,0.0,0.0,0.4194925286111721
SE-rest,2022,2022-08-28,25.0,20.051298181854282,0.8251944291037707,0.8212124520799904,17.209372953549035,0.0,0.0,0.0,0.0,0.020656937267001112
SE-rest,2022,2022-09-04,18.0,16.34573219745957,0.90830736190774,0.9035197206832712,12.06247610888328,0.0,0.0,0.0,0.0,0.0
SE-rest,2022,2022-09-11,11.0,14.372354754728825,0.8968663226434542,0.8917510096340399,12.425760848212418,0.0,0.0,0.0,0.0,0.0
SE-rest,2022,2022-09-18,11.0,13.751765337543937,0.9136526698826518,0.9080574190655044,12.208230388531478,0.0,0.0,0.0,0.0,0.0
SE-rest,2022,2022-09-25,12.0,13.35830558058499,0.9685606140247903,0.962214615453029,10.570415706639665,0.0,0.0,0.0,0.0,0.0
SE-rest,2022,2022-10-02,15.0,13.872051118386741,0.9877158821750499,0.9807788012621022,10.354400198236721,0.0,0.0,0.0,0.0,0.0
SE-rest,2022,2022-10-09,8.0,14.938261259068256,0.9783918840083551,0.9710196451463291,10.89247983916707,0.0,0.0,0.0,0.0,0.0
SE-rest,2022,2022-10-16,28.0,16.230758063232507,1.0142691246430462,1.0060617480858882,9.604112864651581,0.0013301719692353222,0.0,0.0,0.0,0.0
SE-rest,2022,2022-10-23,15.0,17.937898703710836,1.126333268289559,1.1164709341307102,6.496347271375832,0.0,0.0,0.0,0.0,0.0
SE-rest,2022,2022-10-30,21.0,21.50740716750794,1.096476512409852,1.085939940886931,9.546320897126384,0.0,0.0,0.0,0.0,0.0
SE-rest,2022,2022-11-06,27.0,27.23623808365457,1.2071722356551475,1.1942359942314325,8.493605109531416,0.9905540866876795,0.0,0.0,0.0,0.0
SE-rest,2022,2022-11-13,37.0,36.39950360051601,1.293262751409096,1.2772572512686133,8.976582913830326,0.008115741343085127,0.0,0.0,0.0,0.0
SE-rest,2022,2022-11-20,40.0,55.79169749512848,1.6227176091349698,1.5975404567604516,1.8562019618619818,0.0,0.0,0.0,0.0,0.0
SE-rest,2022,2022-11-27,119.0,113.65345282356665,1.6219637379530065,1.5842052759910028,0.8314531080969397,0.0,0.0,0.0,0.0,0.0
SE-rest,2022,2022-12-04,285.0,275.04030274774175,1.4928377031372742,1.4324115268492956,1.0479110768579072,0.0,0.0,0.0,0.0,0.0
SE-rest,2022,2022-12-11,575.0,571.450341775575,1.5936003988877459,1.4754877821685537,-5.166176197625239,0.0,0.0,0.0,0.0,0.0
SE-rest,2022,2022-12-18,1136.0,1149.2087336390807,1.5103128126459027,1.3028696851563275,-7.290011525449337,0.0,0.0008490278314139176,0.0,0.0,0.0
SE-rest,2022,2022-12-25,1904.0,2022.3356213981874,1.1188819398842316,0.8763484997408881,-1.3281612482136482,0.0,0.5056293980170642,0.0,0.0,0.0
SE-rest,2022,2023-01-01,2518.0,2249.175819351164,0.9433687437365139,0.6885206045230128,1.7864911100125036,0.0,1.0,0.0,0.0,0.0
SE-rest,2022,2023-01-08,1676.0,1631.966052607831,1.1133405684234368,0.7777635452928385,-1.5294682226800127,0.0,1.0,0.0,0.0,0.0
SE-rest,2022,2023-01-15,1064.0,1097.0994200509558,1.2354829838272179,0.8362123429148591,2.973976327986928,0.0,0.11660342603946962,0.0,0.0,0.0
SE-rest,2022,2023-01-22,584.0,716.7375704295603,1.647168660512097,1.0840600071128041,-0.860853823219826,0.0,0.0006412676381238291,0.0,0.0,0.0
SE-rest,2022,2023-01-29,648.0,630.8960286887252,1.6838141456524085,1.0711962378006281,0.20711072316658255,0.0,0.0,0.0,0.0,0.0
SE-rest,2022,2023-02-05,766.0,709.886157249429,1.7530087070900175,1.071338248933276,-2.563487097602671,0.0,0.0,0.0,0.0,0.0
SE-rest,2022,2023-02-12,812.0,780.4946621363788,1.6046427906102352,0.9394633723198306,0.7880699733700632,0.0,0.0,0.0,0.0,0.0
SE-rest,2022,2023-02-19,783.0,797.32857513092,1.620419373976959,0.9119764676323706,2.1640676231384814,0.0,0.0,0.06552325580608219,0.0,0.0
SE-rest,2022,2023-02-26,678.0,714.0450056653152,1.8418349289710236,0.9993404527995124,-1.2825205152553365,0.0,0.0,0.3157005105288018,0.0,0.0
SE-rest,2022,2023-03-05,660.0,655.7511150472665,1.7327233380154414,0.9066258578004932,1.7358176368366907,0.0,0.0,0.48245912716620054,0.0,0.0
SE-rest,2022,2023-03-12,634.0,603.0042015554527,2.0670548044218697,1.0451705538212035,-4.616617858236102,0.0,0.0,0.13631710649891568,0.0,0.0
SE-rest,2022,2023-03-19,576.0,578.2534674853775,1.866601067418261,0.9102931496712101,1.1550533334651096,0.0,0.0,0.0,0.0,0.0
SE-rest,2022,2023-03-26,524.0,554.3023203459959,1.8507238750552,0.8749308250595788,2.792753936791659,0.0,0.0,0.0,0.0,0.0
SE-rest,2022,2023-04-02,468.0,468.6641811120128,2.0752573183366407,0.9553566135096566,-1.9607874335680393,0.0,0.0,0.0,0.0,0.0
SE-rest,2022,2023-04-09,427.0,396.156453182359,1.8962275124215562,0.8516996688968294,1.8514380488675872,0.0,0.0,0.0,0.2089592531433013,0.0
SE-rest,2022,2023-04-16,368.0,357.99467910184444,1.8163752576567043,0.800799635558126,5.839266757763702,0.0,0.0,0.0,0.7861903915417041,0.0
SE-rest,2022,2023-04-23,241.0,259.0142885489369,1.829617698868719,0.7962664797808569,8.91154852305847,0.0,0.0,0.0,0.004850355314994877,0.0
SE-rest,2022,2023-04-30,170.0,185.67410922362455,2.1121850356146563,0.9101428350245447,5.195042459224644,0.0,0.0,0.0,0.0,0.0
SE-rest,2022,2023-05-07,137.0,141.95465682142597,2.0695254057661225,0.8840680783369717,5.698354878508929,0.0,0.0,0.0,0.0,0.0
SE-rest,2022,2023-05-14,141.0,116.91360733312565,1.6731048578914194,0.7100779220917511,13.288569232216227,0.0,0.0,0.0,0.0,0.0
SE-rest,2022,2023-05-21,93.0,86.288008662294,1.7429017060477412,0.7368021626317842,12.133843191649916,0.0,0.0,0.0,0.0,0.0
SE-rest,2022,2023-05-28,44.0,54.727969665990955,1.703609118258545,0.7184206842359802,14.338990227051017,0.0,0.0,0.0,0.0,0.0
SE-rest,2022,2023-06-04,24.0,33.850132145949445,1.8226375884040813,0.7674239019904423,12.45816476961547,0.0,0.0,0.0,0.0,0.0
SE-rest,2022,2023-06-11,30.0,21.87591183542823,1.7215309485950514,0.7240736969438606,14.865073726340754,0.0,0.0,0.0,0.0,0.10006469345285196
SE-M,2023,2023-07-02,,0.1589345057943891,0.8370988711490428,0.8370756852234446,17.83214285714286,0.0,0.0,0.0,0.0,1.0
SE-M,2023,2023-07-09,,0.22534933073258026,0.8576704289207525,0.8575775263696774,17.245,0.0,0.0,0.0,0.0,1.0
SE-M,2023,2023-07-16,,0.34886755413356374,0.8339999014380295,0.8338213374879511,18.797857142857147,0.0,0.0,0.0,0.0,1.0
SE-M,2023,2023-07-23,,0.4478790827384606,0.9037317040311997,0.9034251487806166,16.24214285714286,0.0,0.0,0.0,0.0,1.0
SE-M,2023,2023-07-30,0.0,0.5396520628537612,0.8972035524148266,0.8967653833265714,17.324285714285715,0.0,0.0,0.0,0.0,1.0
SE-M,2023,2023-08-06,0.0,0.6429076360273078,0.9260293266432391,0.9254175256188136,16.919285714285717,0.0,0.0,0.0,0.0,1.0
SE-M,2023,2023-08-13,0.0,0.7454443249285234,0.9787066012369634,0.9778621998824976,15.481428571428575,0.0,0.0,0.0,0.0,1.0
SE-M,2023,2023-08-20,2.0,0.8861231398578157,0.9099175478645182,0.9089185792181163,19.020000000000003,0.0,0.0,0.0,0.0,0.3286817443573655
SE-M,2023,2023-08-27,1.0,0.9904513244313089,0.9498255528136079,0.9485477445517156,17.957857142857144,0.0,0.0,0.0,0.0,0.0
SE-M,2023,2023-09-03,1.0,1.0748645205645944,1.0233673737250208,1.021700761999626,15.651428571428573,0.0,0.0,0.0,0.0,0.0
SE-M,2023,2023-09-10,1.0,1.2417025591611601,0.9599254812126363,0.9580432226142145,18.812142857142856,0.0,0.0,0.0,0.0,0.0
SE-M,2023,2023-09-17,1.0,1.4147884870799212,1.030992649584238,1.0285929939207317,16.410714285714285,0.0,0.0,0.0,0.0,0.0
SE-M,2023,2023-09-24,0.0,1.599248977288266,1.0232992687108329,1.020477301703051,16.697142857142858,0.0,0.0,0.0,0.0,0.0
SE-M,2023,2023-10-01,3.0,1.845725153868939,1.0336302754240643,1.0302702622728668,15.682142857142859,0.0,0.0,0.0,0.0,0.0
SE-M,2023,2023-10-08,2.0,2.145153079278452,1.0817988835560925,1.0776529114837092,12.899285714285716,0.0,0.0,0.0,0.0,0.0
SE-M,2023,2023-10-15,5.0,2.5093566423712144,1.0790101017952434,1.0741161452131924,11.78357142857143,0.0,0.0,0.0,0.0,0.0
SE-M,2023,2023-10-22,5.0,3.0876982509151207,1.1692538802134191,1.1629021290599082,7.8292857142857155,0.0,0.0,0.0,0.0,0.0
SE-M,2023,2023-10-29,3.0,3.9705966834183024,1.167313069147497,1.1595493192150115,7.736428571428571,0.0,0.0,0.0,0.0,0.0
SE-M,2023,2023-11-05,5.0,5.280531360170708,1.1479267072880863,1.1384557830748125,8.747857142857143,1.0,0.0,0.0,0.0,0.0
SE-M,2023,2023-11-12,5.0,6.964165344063971,1.1785461570288869,1.1663661785168977,8.15,0.0,0.0,0.0,0.0,0.0
SE-M,2023,2023-11-19,6.0,9.140040753424376,1.328186038551893,1.3104892531449912,3.6292857142857144,0.0,0.0,0.0,0.0,0.0
SE-M,2023,2023-11-26,22.0,13.60745447549135,1.3934820027020733,1.3678335777704942,1.9157142857142861,0.0,0.0,0.0,0.0,0.0
SE-M,2023,2023-12-03,11.0,23.314932643427603,1.62918792730123,1.5825794577448729,-4.799285714285714,0.0,0.0,0.0,0.0,0.0
SE-M,2023,2023-12-10,48.0,49.307948058678335,1.350816505912791,1.28372563452216,0.9478571428571428,0.0,0.0,0.0,0.0,0.0
SE-M,2023,2023-12-17,95.0,91.29865434833116,1.1864003850721363,1.09240442801816,3.056428571428572,0.0,0.0,0.0,0.0,0.0
SE-M,2023,2023-12-24,144.0,123.96204647281051,1.0546782296479154,0.9383755474859108,4.2092857142857145,0.0,0.3873096047730976,0.0,0.0,0.0
SE-M,2023,2023-12-31,136.0,125.8111322083835,0.9811029201090461,0.8480593936219121,4.912142857142858,0.0,1.0,0.0,0.0,0.0
SE-M,2023,2024-01-07,117.0,108.28728292810985,1.2333497019214719,1.0399203828781225,-3.9392857142857145,0.0,1.0,0.0,0.0,0.0
SE-M,2023,2024-01-14,90.0,94.06192609433754,1.214547276097154,0.9971163308060794,-1.5607142857142862,0.0,0.2640497133009519,0.0,0.0,0.0
SE-M,2023,2024-01-21,90.0,98.34182591067471,1.3293285738634375,1.0596536991487218,-1.5378571428571426,0.0,0.0,0.0,0.0,0.0
SE-M,2023,2024-01-28,80.0,103.29731875306895,1.2404862552813298,0.9582675195214946,4.576428571428572,0.0,0.0,0.0,0.0,0.0
SE-M,2023,2024-02-04,84.0,102.33583229053582,1.2724324222789283,0.954550128660262,5.052857142857143,0.0,0.0,0.0,0.0,0.0
SE-M,2023,2024-02-11,105.0,97.43969942025136,1.3649101966627402,0.994715263566844,1.6392857142857145,0.0,0.0,0.0,0.0,0.0
SE-M,2023,2024-02-18,124.0,91.94380456556681,1.2307756646199646,0.8727148235106975,4.409999999999999,0.0,0.0,0.0,0.0,0.0
SE-M,2023,2024-02-25,78.0,82.94622555303027,1.1783611953018929,0.8176199593283672,5.222857142857142,0.0,0.0,1.0,0.0,0.0
SE-M,2023,2024-03-03,77.0,65.06671662445584,1.2031024612263785,0.8215707648327337,4.460714285714286,0.0,0.0,0.0,0.0,0.0
SE-M,2023,2024-03-10,32.0,48.449266265473376,1.291754914302832,0.8713207693492883,2.1428571428571432,0.0,0.0,0.0,0.0,0.0
SE-M,2023,2024-03-17,39.0,36.28784295162441,1.2030944498458866,0.803814869799077,5.524285714285716,0.0,0.0,0.0,0.0,0.0
SE-M,2023,2024-03-24,28.0,27.742921034375012,1.2474367320468498,0.8276261130810141,4.604285714285715,0.0,0.0,0.0,0.0,0.0
SE-M,2023,2024-03-31,21.0,19.93621293196414,1.1840551045643528,0.7815364497208837,7.364285714285715,0.0,0.0,0.0,0.7292188438401652,0.0
SE-M,2023,2024-04-07,17.0,15.245608565665567,1.2280778016057796,0.8077054083276127,7.182142857142857,0.0,0.0,0.0,0.258381829814101,0.0
SE-M,2023,2024-04-14,9.0,10.444677059972433,1.1461399895238291,0.7518928689163589,11.180000000000001,0.0,0.0,0.0,0.012399326345733595,0.0
SE-M,2023,2024-04-21,6.0,7.157228686459747,1.3676049051433528,0.8956051950133127,5.600714285714285,0.0,0.0,0.0,0.0,0.0
SE-M,2023,2024-04-28,4.0,5.234241106217071,1.3871848419632251,0.9070081985492281,6.351428571428572,0.0,0.0,0.0,0.0,0.0
SE-M,2023,2024-05-05,4.0,4.49661041044949,1.154729036187187,0.7540344223990054,14.339285714285714,0.0,0.0,0.0,0.0,0.0
SE-M,2023,2024-05-12,3.0,3.505360051419477,1.2496132571463054,0.8152832557654109,11.494285714285715,0.0,0.0,0.0,0.0,0.0
SE-M,2023,2024-05-19,5.0,2.5441821045399435,1.127120731062052,0.7348849654324826,15.675,0.0,0.0,0.0,0.0,0.0
SE-M,2023,2024-05-26,2.0,1.839249607168977,1.0933285654680245,0.7125397585643517,16.887857142857147,0.0,0.0,0.0,0.0,0.0
SE-M,2023,2024-06-02,1.0,1.2532238910020497,1.0696496703901903,0.69690211641896,17.816428571428574,0.0,0.0,0.0,0.0,0.0
SE-M,2023,2024-06-09,1.0,0.8597006310669162,1.173360741877986,0.7643046598166089,14.132142857142858,0.0,0.0,0.0,0.0,0.06217642486057033
SE-O,2023,2023-07-02,,0.24451914155446772,0.792765551329942,0.7927459471912158,17.892142857142854,0.0,0.0,0.0,0.0,1.0
SE-O,2023,2023-07-09,,0.29036342200409104,0.8286995196434549,0.8286243658463414,16.347142857142856,0.0,0.0,0.0,0.0,1.0
SE-O,2023,2023-07-16,,0.3819054097825847,0.8078789399047931,0.807740591773192,17.512857142857143,0.0,0.0,0.0,0.0,1.0
SE-O,2023,2023-07-23,,0.45083004429777723,0.8519811526598471,0.851759052607785,15.641428571428573,0.0,0.0,0.0,0.0,1.0
SE-O,2023,2023-07-30,1.0,0.5121171250346759,0.8489688374012653,0.8486620287911315,16.135714285714286,0.0,0.0,0.0,0.0,1.0
SE-O,2023,2023-08-06,0.0,0.5747158478258635,0.8550739778155656,0.8546710970906733,16.302142857142858,0.0,0.0,0.0,0.0,1.0
SE-O,2023,2023-08-13,0.0,0.6252326283145901,0.8863297765622973,0.8858070043316412,15.327857142857143,0.0,0.0,0.0,0.0,1.0
SE-O,2023,2023-08-20,0.0,0.6835035729854884,0.8300826258784221,0.8294875741440586,18.201428571428576,0.0,0.0,0.0,0.0,0.753036463998823
SE-O,2023,2023-08-27,2.0,0.7122694470262336,0.8696155066137673,0.8688817032091495,16.55142857142857,0.0,0.0,0.0,0.0,0.03052632741022037
SE-O,2023,2023-09-03,2.0,0.7284906813752751,0.8977202208473444,0.8968414600222766,15.626428571428574,0.0,0.0,0.0,0.0,0.0
SE-O,2023,2023-09-10,0.0,0.7761049477535777,0.8515703300687573,0.8506150591415869,18.34857142857143,0.0,0.0,0.0,0.0,0.0
SE-O,2023,2023-09-17,0.0,0.8066910811027141,0.9291576096909042,0.9279788727051688,15.726428571428572,0.0,0.0,0.0,0.0,0.0
SE-O,2023,2023-09-24,1.0,0.8490131989790519,0.9504288068964,0.9490660667523235,15.702857142857145,0.0,0.0,0.0,0.0,0.0
SE-O,2023,2023-10-01,0.0,0.9471374082644739,0.9751247006603381,0.9735435485189184,15.48142857142857,0.0,0.0,0.0,0.0,0.0
SE-O,2023,2023-10-08,0.0,1.080041507935407,1.1111359905503444,1.1090795283329802,10.945714285714287,0.0,0.0,0.0,0.0,0.0
SE-O,2023,2023-10-15,3.0,1.3460864675716286,1.1346521665532754,1.1321929933672763,10.280714285714287,0.0,0.0,0.0,0.0,0.0
SE-O,2023,2023-10-22,1.0,1.8711422858253437,1.2688421189021,1.2654980487725311,5.799285714285714,0.0,0.0,0.0,0.0,0.0
SE-O,2023,2023-10-29,3.0,2.7889176556136057,1.2796568163476434,1.2753207216863782,5.1450000000000005,0.0,0.0,0.0,0.0,0.0
SE-O,2023,2023-11-05,7.0,4.409664414657654,1.225800735873626,1.2202167204408423,6.522142857142858,1.0,0.0,0.0,0.0,0.0
SE-O,2023,2023-11-12,4.0,6.850986877405238,1.2057537966101886,1.198224093679677,6.7299999999999995,0.0,0.0,0.0,0.0,0.0
SE-O,2023,2023-11-19,11.0,9.766117496329429,1.3850706342247066,1.3728729580660566,0.7864285714285714,0.0,0.0,0.0,0.0,0.0
SE-O,2023,2023-11-26,18.0,15.649321327412807,1.3641699124888567,1.3459598252298168,1.2942857142857136,0.0,0.0,0.0,0.0,0.0
SE-O,2023,2023-12-03,23.0,27.084726968912946,1.5915332439228922,1.5564088026651386,-5.450714285714286,0.0,0.0,0.0,0.0,0.0
SE-O,2023,2023-12-10,47.0,55.894407688058,1.3830684134602456,1.327471125386463,-1.5314285714285716,0.0,0.0,0.0,0.0,0.0
SE-O,2023,2023-12-17,116.0,106.23212709155541,1.1817987744694243,1.102628657073578,1.707857142857143,0.0,0.0,0.0,0.0,0.0
SE-O,2023,2023-12-24,159.0,148.22019144230237,1.0947917113697334,0.9897792255902693,1.625,0.0,0.38000484619065966,0.0,0.0,0.0
SE-O,2023,2023-12-31,152.0,155.47321943280292,1.0316057576259703,0.906140314568013,2.1242857142857146,0.0,1.0,0.0,0.0,0.0
SE-O,2023,2024-01-07,152.0,147.33085457540835,1.2886249018763494,1.1004089304985105,-6.839999999999999,0.0,1.0,0.0,0.0,0.0
SE-O,2023,2024-01-14,136.0,142.6413037472938,1.1967334184073746,0.9895972004797772,-3.065714285714286,0.0,0.15593863436539038,0.0,0.0,0.0
SE-O,2023,2024-01-21,155.0,156.0106415866805,1.3076229729211415,1.0443211324271506,-4.512857142857144,0.0,0.0,0.0,0.0,0.0
SE-O,2023,2024-01-28,169.0,161.68897223468358,1.1270296901929628,0.8692853371368692,3.8857142857142857,0.0,0.0,0.0,0.0,0.0
SE-O,2023,2024-02-04,128.0,147.73287993780485,1.1598235095017606,0.8702858435055155,4.743571428571428,0.0,0.0,0.0,0.0,0.0
SE-O,2023,2024-02-11,121.0,122.049031036275,1.3728693218906916,1.0050975394196968,-1.7349999999999997,0.0,0.0,0.0,0.0,0.0
SE-O,2023,2024-02-18,107.0,107.15913257144211,1.2047436360194397,0.8612431088066506,2.111428571428571,0.0,0.0,0.8465485235113981,0.0,0.0
SE-O,2023,2024-02-25,118.0,95.91639335922027,1.1006479282212867,0.7726830174476771,4.352857142857143,0.0,0.0,0.14161610224608123,0.0,0.0
SE-O,2023,2024-03-03,73.0,72.25707865122078,1.098076696596307,0.7616717755897983,4.542142857142857,0.0,0.0,0.011835374242520819,0.0,0.0
SE-O,2023,2024-03-10,36.0,49.08949055590359,1.2117497509134127,0.8335862386245775,1.7228571428571426,0.0,0.0,0.0,0.0,0.0
SE-O,2023,2024-03-17,43.0,33.55990667843329,1.192332396859458,0.815188116887975,4.613571428571428,0.0,0.0,0.0,0.0,0.0
SE-O,2023,2024-03-24,28.0,24.51436560611371,1.3344447721384205,0.9080114790591899,3.733571428571429,0.0,0.0,0.0,0.0,0.0
SE-O,2023,2024-03-31,9.0,18.748286725721844,1.3667573575052963,0.9260503033176279,6.9799999999999995,0.0,0.0,0.0,0.21358163063275984,0.0
SE-O,2023,2024-04-07,7.0,17.199787924622925,1.556279729208854,1.0501711951816592,4.491428571428571,0.0,0.0,0.0,0.7680431357706166,0.0
SE-O,2023,2024-04-14,10.0,16.216101924200036,1.3534148407094928,0.9094367333261799,9.565,0.0,0.0,0.0,0.018375233596623686,0.0
SE-O,2023,2024-04-21,39.0,15.542125263012109,1.4760442066385857,0.9881761454537598,4.713571428571429,0.0,0.0,0.0,0.0,0.0
SE-O,2023,2024-04-28,12.0,14.429003274440008,1.4043561674987985,0.9367867803987213,6.1085714285714285,0.0,0.0,0.0,0.0,0.0
SE-O,2023,2024-05-05,8.0,13.812607864645877,1.1280518724422426,0.7501979728716656,14.305714285714288,0.0,0.0,0.0,0.0,0.0
SE-O,2023,2024-05-12,8.0,10.960110179299958,1.1819942816531979,0.7845564646844453,11.709285714285715,0.0,0.0,0.0,0.0,0.0
SE-O,2023,2024-05-19,15.0,7.574574778785731,0.9964128535821691,0.6605314271678121,17.732142857142858,0.0,0.0,0.0,0.0,0.0
SE-O,2023,2024-05-26,4.0,4.8113699577709745,0.9726763314007448,0.6443543971531128,18.336428571428574,0.0,0.0,0.0,0.0,0.0
SE-O,2023,2024-06-02,1.0,2.739191151707824,0.9734730665086291,0.6446356966725766,18.255714285714284,0.0,0.0,0.0,0.0,0.0
SE-O,2023,2024-06-09,1.0,1.5495698307930443,1.1089366890128074,0.7341633809326692,13.097142857142858,0.0,0.0,0.0,0.0,0.00306114218122255
SE-rest,2023,2023-07-02,,13.272715186066575,0.8070373918403863,0.80691498324752,18.915774199444872,0.0,0.0,0.0,0.0,1.0
SE-rest,2023,2023-07-09,,12.234886458036854,0.8627331413657696,0.8623148766204665,16.303100458242547,0.0,0.0,0.0,0.0,1.0
SE-rest,2023,2023-07-16,,11.145135613987662,0.8220442920575,0.8213852479823951,17.957919988961745,0.0,0.0,0.0,0.0,1.0
SE-rest,2023,2023-07-23,,10.093446570287822,0.8580593728826347,0.8571268759319822,15.789215327348696,0.0,0.0,0.0,0.0,1.0
SE-rest,2023,2023-07-30,11.0,9.31063715035977,0.8336371873102452,0.832503868625852,16.43778204988677,0.0,0.0,0.0,0.0,1.0
SE-rest,2023,2023-08-06,10.0,8.832660775044998,0.8316386679164943,0.8302945184619633,16.275980248740126,0.0,0.0,0.0,0.0,1.0
SE-rest,2023,2023-08-13,8.0,8.291590750493254,0.8496288083939885,0.8480481207939273,15.587580980685745,0.0,0.0,0.0,0.0,0.999462786526827
SE-rest,2023,2023-08-20,6.0,7.942339007132492,0.8173266380296138,0.8156123296511553,17.515008633497843,0.0,0.0,0.0,0.0,0.7168843800212056
SE-rest,2023,2023-08-27,8.0,7.602523447305184,0.8557786121816365,0.8537899214786294,16.25057091986647,0.0,0.0,0.0,0.0,0.07944191225560979
SE-rest,2023,2023-09-03,7.0,7.422958280749388,0.906292612250721,0.9039724493598733,14.668890071435891,0.0,0.0,0.0,0.0,0.0
SE-rest,2023,2023-09-10,8.0,7.711651901346546,0.8734594092332021,0.8710036152416135,16.998250356293646,0.0,0.0,0.0,0.0,0.0
SE-rest,2023,2023-09-17,7.0,8.117702189920285,0.964141644562576,0.961173010334444,14.077962323920957,0.0,0.0,0.0,0.0,0.0
SE-rest,2023,2023-09-24,10.0,8.766275577534955,0.9743276353790742,0.9710265998315395,14.656379946704535,0.0,0.0,0.0,0.0,0.0
SE-rest,2023,2023-10-01,8.0,10.07584458574312,1.0201564627719866,1.0163315214764193,13.755427930393022,0.0,0.0,0.0,0.0,0.0
SE-rest,2023,2023-10-08,11.0,11.844079733467126,1.1811068077640428,1.176126941622358,8.653208095313458,0.0,0.0,0.0,0.0,0.0
SE-rest,2023,2023-10-15,20.0,15.715863072578385,1.21316248154891,1.2071967813873847,8.00078329383691,0.0013301719692353222,0.0,0.0,0.0,0.0
SE-rest,2023,2023-10-22,17.0,23.674984770695744,1.330573921830112,1.3225396243232104,3.956032312957174,0.0,0.0,0.0,0.0,0.0
SE-rest,2023,2023-10-29,32.0,38.17753636854458,1.2913592290511635,1.2811294381995062,2.9059743066283987,0.0003191058861565043,0.0,0.0,0.0,0.0
SE-rest,2023,2023-11-05,74.0,62.426795712029296,1.1582650058934867,1.1458551916353839,4.099283743735788,0.990234980801523,0.0,0.0,0.0,0.0
SE-rest,2023,2023-11-12,113.0,90.43882051181188,1.0919113003166045,1.076433680932839,5.123257697624436,0.008115741343085127,0.0,0.0,0.0,0.0
SE-rest,2023,2023-11-19,94.0,110.07237113985546,1.3628681846424275,1.3374770785690757,-1.958497004120061,0.0,0.0,0.0,0.0,0.0
SE-rest,2023,2023-11-26,140.0,154.64528992629852,1.4169289310609785,1.3794289274184217,-1.472817686794294,0.0,0.0,0.0,0.0,0.0
SE-rest,2023,2023-12-03,251.0,270.54395282596573,1.5417766514046587,1.4777337369349532,-5.535949224739413,0.0,0.0,0.0,0.0,0.0
SE-rest,2023,2023-12-10,589.0,535.2275470853978,1.4366003692339364,1.3347256210353022,-5.242863718770913,0.0,0.0,0.0,0.0,0.0
SE-rest,2023,2023-12-17,975.0,989.3925276527995,1.2095481429820545,1.0717776174616707,-1.5909551632730725,0.0,0.0,0.0,0.0,0.0
SE-rest,2023,2023-12-24,1217.0,1313.3374832140921,1.0598496716412538,0.8947457256611687,-0.5794912103338709,0.0,0.4385243448354253,0.0,0.0,0.0
SE-rest,2023,2023-12-31,1381.0,1268.1082605562772,1.0057010238932644,0.817134850303391,-2.3625652628012683,0.0,1.0,0.0,0.0,0.0
SE-rest,2023,2024-01-07,1081.0,1038.3366434672243,1.23440689276261,0.9718761975144934,-10.354588128181812,0.0,1.0,0.0,0.0,0.0
SE-rest,2023,2024-01-14,793.0,828.4271016751787,1.116957226713982,0.8546498243980977,-2.3376062080184714,0.0,0.15573208574581526,0.0,0.0,0.0
SE-rest,2023,2024-01-21,694.0,722.3605466452511,1.5131378363595656,1.126876549735405,-8.68708448759155,0.0,0.0,0.0,0.0,0.0
SE-rest,2023,2024-01-28,677.0,696.9288163173183,1.305284058083298,0.9420890478378073,1.2435860074689613,0.0,0.0,0.0,0.0,0.0
SE-rest,2023,2024-02-04,707.0,711.1008052773354,1.31026172813981,0.9192727711343684,2.3908501652710865,0.0,0.0,0.0,0.0,0.0
SE-rest,2023,2024-02-11,668.0,659.0274898192773,1.5586041215178938,1.0635276513567613,-5.520409746734289,0.0,0.0,0.0,0.0,0.0
SE-rest,2023,2024-02-18,669.0,638.9850904598896,1.339228276469513,0.8875671224853429,-0.7337969513715622,0.0,0.0,0.06552325580608219,0.0,0.0
SE-rest,2023,2024-02-25,624.0,613.2612805365592,1.2595040022952273,0.815339101719829,1.9973962417995208,0.0,0.0,0.31725176858717313,0.0,0.0
SE-rest,2023,2024-03-03,494.0,491.4156686128289,1.3058025900934702,0.8308361985131599,2.3709335559808795,0.0,0.0,0.48090786910782907,0.0,0.0
SE-rest,2023,2024-03-10,315.0,365.2631395681217,1.4361009046724946,0.9014091951767611,0.10570147970244599,0.0,0.0,0.13631710649891568,0.0,0.0
SE-rest,2023,2024-03-17,330.0,283.10172882306426,1.3835836069218455,0.8585960268451329,2.610299958179122,0.0,0.0,0.0,0.0,0.0
SE-rest,2023,2024-03-24,203.0,231.20121655130276,1.441490862552049,0.8862777390166388,1.781607320044172,0.0,0.0,0.0,0.0,0.0
SE-rest,2023,2024-03-31,196.0,183.30804053929592,1.3819135942627323,0.8431640983155481,4.245337774808644,0.0,0.0,0.0,0.05478710953021847,0.0
SE-rest,2023,2024-04-07,160.0,156.5617992536698,1.5447664064814801,0.9367157524400095,1.5796368146033861,0.0,0.0,0.0,0.9311853639655128,0.0
SE-rest,2023,2024-04-14,131.0,123.81470392695171,1.3774442939782656,0.8308341908062852,9.102968245628018,0.0,0.0,0.0,0.014027526504268804,0.0
SE-rest,2023,2024-04-21,83.0,101.11118690360314,1.7791714324325467,1.0683952791919975,2.1502443174386205,0.0,0.0,0.0,0.0,0.0
SE-rest,2023,2024-04-28,92.0,91.86203632182142,1.8065925292988976,1.0791966069157415,3.250178625994149,0.0,0.0,0.0,0.0,0.0
SE-rest,2023,2024-05-05,98.0,102.86249811134196,1.459340695974442,0.8669820450953757,11.481867983463744,0.0,0.0,0.0,0.0,0.0
SE-rest,2023,2024-05-12,109.0,100.76082102332592,1.5196454134661062,0.8988200007093362,8.610603216113091,0.0,0.0,0.0,0.0,0.0
SE-rest,2023,2024-05-19,99.0,86.2007230821497,1.206821317104024,0.7113208036521816,16.683954571189393,0.0,0.0,0.0,0.0,0.0
SE-rest,2023,2024-05-26,53.0,63.462393909096875,1.224386262541549,0.720204785419318,15.808955680874845,0.0,0.0,0.0,0.0,0.0
SE-rest,2023,2024-06-02,43.0,40.62189000127571,1.1328294164058612,0.6655112767947324,18.748140416846162,0.0,0.0,0.0,0.0,0.0
SE-rest,2023,2024-06-09,23.0,24.458799514716016,1.2610198947421236,0.7402708977553983,14.533022693274162,0.0,0.0,0.0,0.0,0.04110255561090713
SE-M,2024,2024-06-30,,0.5156427617678667,0.7874221378952054,0.7873911061955268,18.78642857142857,0.0,0.0,0.0,0.0,1.0
SE-M,2024,2024-07-07,,0.5939738377643258,0.853300556213701,0.8531769213029684,15.70142857142857,0.0,0.0,0.0,0.0,1.0
SE-M,2024,2024-07-14,,0.757626049051368,0.8131001194018431,0.8128783319429463,17.656428571428574,0.0,0.0,0.0,0.0,1.0
SE-M,2024,2024-07-21,,0.8980743699718068,0.7915519786214992,0.7912278253081759,18.580714285714286,0.0,0.0,0.0,0.0,1.0
SE-M,2024,2024-07-28,1.0,0.9751137614754363,0.7948290734373069,0.7943908946964552,18.079285714285714,0.0,0.0,0.0,0.0,1.0
SE-M,2024,2024-08-04,3.0,1.0061060851457988,0.7894934680064456,0.7889446366453853,18.005714285714287,0.0,0.0,0.0,0.0,1.0
SE-M,2024,2024-08-11,1.0,1.0248133806332373,0.774768997766503,0.774118717235982,18.583181581088418,0.0,0.0,0.0,0.0,1.0
SE-M,2024,2024-08-18,0.0,1.0241298605129825,0.7767679154735891,0.7760055764727635,18.503762866725584,0.0,0.0,0.0,0.0,0.4566147573162706
SE-M,2024,2024-08-25,1.0,1.0155400181574539,0.8014014336268593,0.8005003945485795,17.353571428571428,0.0,0.0,0.0,0.0,0.0068901367967743625
SE-M,2024,2024-09-01,1.0,1.0319292987166837,0.7945646738767087,0.7935538739505515,17.97214285714286,0.0,0.0,0.0,0.0,0.0
SE-M,2024,2024-09-08,0.0,1.0443604073724497,0.7393232026488699,0.7382765849479195,21.099285714285713,0.0,0.0,0.0,0.0,0.0
SE-M,2024,2024-09-15,1.0,1.03025101066569,0.900659633468701,0.8992518735427829,13.485714285714286,0.0,0.0,0.0,0.0,0.0
SE-M,2024,2024-09-22,3.0,1.0732023409040028,0.8790017031832992,0.8774774212212757,14.760714285714286,0.0,0.0,0.0,0.0,0.0
SE-M,2024,2024-09-29,0.0,1.2246575168075071,0.9253453586571894,0.9235623151991534,13.374285714285714,0.0,0.0,0.0,0.0,0.0
SE-M,2024,2024-10-06,1.0,1.376266434894505,1.0653413475778843,1.0630392247566265,8.476428571428572,0.0,0.0,0.0,0.0,0.0
SE-M,2024,2024-10-13,1.0,1.7267095405777222,1.0135612942622625,1.0110576012918442,11.275714285714287,0.0,0.0,0.0,0.0,0.0
SE-M,2024,2024-10-20,2.0,2.202313716740173,1.049096820823657,1.046111131929303,10.642857142857142,0.0,0.0,0.0,0.0,0.0
SE-M,2024,2024-10-27,3.0,2.7419036225951263,1.0491397728921796,1.0456671572678398,11.210714285714285,0.0,0.0,0.0,0.0,0.0
SE-M,2024,2024-11-03,3.0,3.2891936524875525,1.101706098697503,1.0974418617470096,9.839285714285714,1.0,0.0,0.0,0.0,0.0
SE-M,2024,2024-11-10,5.0,4.061008767427401,1.1620370340354569,1.1566850131433537,8.162857142857144,0.0,0.0,0.0,0.0,0.0
SE-M,2024,2024-11-17,8.0,5.3946929970744915,1.2169719856394983,1.210099125998646,7.227142857142858,0.0,0.0,0.0,0.0,0.0
SE-M,2024,2024-11-24,5.0,7.7812757739463745,1.442701502478858,1.4320681917758704,1.8314285714285714,0.0,0.0,0.0,0.0,0.0
SE-M,2024,2024-12-01,11.0,13.285539182189023,1.3350207357408421,1.3209212791841263,5.877857142857144,0.0,0.0,0.0,0.0,0.0
SE-M,2024,2024-12-08,14.0,23.19263572187583,1.3755334025498964,1.3536252114845333,4.131428571428572,0.0,0.0,0.0,0.0,0.0
SE-M,2024,2024-12-15,45.0,40.90536559769582,1.3611367741089764,1.3266668051848236,2.06,0.0,0.003082982230078811,0.0,0.0,0.0
SE-M,2024,2024-12-22,78.0,69.15267532800715,1.1044632981700429,1.0615261848275384,6.627142857142857,0.0,0.3070897691708177,0.0,0.0,0.0
SE-M,2024,2024-12-29,116.0,92.2042642996274,1.072690219401036,1.0156447727515021,4.932142857142857,0.0,1.0,0.0,0.0,0.0
SE-M,2024,2025-01-05,114.0,101.31525375257257,1.121964516646521,1.0457506369345764,2.6921428571428576,0.0,1.0,0.0,0.0,0.0
SE-M,2024,2025-01-12,87.0,103.88008770453908,1.1888422658341162,1.0892309393107815,1.862142857142857,0.0,0.3581478187533237,0.0,0.0,0.0
SE-M,2024,2025-01-19,92.0,115.27482064730933,1.2288143218476246,1.1027449680676196,2.7478571428571428,0.0,0.0,0.0,0.0,0.0
SE-M,2024,2025-01-26,128.0,137.45228043828567,1.2763733112556632,1.1162100340218666,2.827142857142857,0.0,0.0,0.0,0.0,0.0
SE-M,2024,2025-02-02,171.0,164.77517451469265,1.2822740876012395,1.0866335601259491,3.2107142857142854,0.0,0.0,0.0,0.0,0.0
SE-M,2024,2025-02-09,188.0,190.84343386977565,1.294999445699765,1.0582454624346291,2.164285714285714,0.0,0.0,0.0,0.0,0.0
SE-M,2024,2025-02-16,214.0,216.9525781917194,1.3682312408229858,1.0720878807953873,-1.5892857142857142,0.0,0.0,0.0,0.0,0.0
SE-M,2024,2025-02-23,265.0,238.38957032071863,1.237211444674798,0.9265137004645546,0.8135714285714286,0.0,0.0,1.0,0.0,0.0
SE-M,2024,2025-03-02,292.0,243.88525699939953,1.1092046902086736,0.7987734693904446,4.744285714285715,0.0,0.0,0.0,0.0,0.0
SE-M,2024,2025-03-09,196.0,196.3101138907118,1.084537404966086,0.760641144152297,7.099285714285714,0.0,0.0,0.0,0.0,0.0
SE-M,2024,2025-03-16,99.0,136.9252600993247,1.269150766241664,0.8736063104540452,3.087142857142857,0.0,0.0,0.0,0.0,0.0
SE-M,2024,2025-03-23,89.0,97.62299972059034,1.2668855951170035,0.8585776518198711,4.913571428571429,0.0,0.0,0.0,0.0,0.0
SE-M,2024,2025-03-30,86.0,76.96839604872532,1.2414220919890206,0.8309956922705475,6.790000000000001,0.0,0.0,0.0,0.0,0.0
SE-M,2024,2025-04-06,53.0,59.105162576991276,1.2354408688272207,0.8194817819700351,7.535714285714286,0.0,0.0,0.0,0.0,0.0
SE-M,2024,2025-04-13,49.0,43.73660856408616,1.2070131123172092,0.7953500637602867,8.75,0.0,0.0,0.0,0.0,0.0
SE-M,2024,2025-04-20,41.0,31.013150158912886,1.1622103394345793,0.7622732335431674,11.019285714285715,0.0,0.0,0.0,1.0,0.0
SE-M,2024,2025-04-27,15.0,22.81199829857436,1.2471197499977222,0.8154130988888947,9.482857142857142,0.0,0.0,0.0,0.0,0.0
SE-M,2024,2025-05-04,19.0,15.169890990757288,1.2159367204182274,0.7931952077131841,12.164285714285715,0.0,0.0,0.0,0.0,0.0
SE-M,2024,2025-05-11,5.0,10.890810262641963,1.340670501043069,0.8730626479932873,9.777857142857142,0.0,0.0,0.0,0.0,0.0
SE-M,2024,2025-05-18,8.0,8.331736591490468,1.2979204387463745,0.8440056066454991,12.137142857142859,0.0,0.0,0.0,0.0,0.0
SE-M,2024,2025-05-25,7.0,6.680727487951824,1.3295542541675414,0.8635868398473462,11.75357142857143,0.0,0.0,0.0,0.0,0.0
SE-M,2024,2025-06-01,7.0,5.353735873811214,1.251440648621695,0.8120970117780433,14.202142857142857,0.0,0.0,0.0,0.0,0.0
SE-M,2024,2025-06-08,5.0,4.226558317444275,1.2382554490340163,0.8029621892513289,14.64,0.0,0.0,0.0,0.0,0.07573150705643043
SE-O,2024,2024-06-30,,0.5515218706420337,0.8102468951680631,0.8102216404701998,18.482857142857142,0.0,0.0,0.0,0.0,1.0
SE-O,2024,2024-07-07,,0.7073794654301032,0.894285909553996,0.8941782361198395,14.755,0.0,0.0,0.0,0.0,1.0
SE-O,2024,2024-07-14,,1.0351308856918633,0.8462476479800228,0.8460463399505543,17.240714285714283,0.0,0.0,0.0,0.0,1.0
SE-O,2024,2024-07-21,,1.340493889712706,0.8262641232183716,0.8259578407664873,18.513571428571428,0.0,0.0,0.0,0.0,1.0
SE-O,2024,2024-07-28,2.0,1.5261782282473733,0.843756837213463,0.8433231563880496,18.025714285714287,0.0,0.0,0.0,0.0,1.0
SE-O,2024,2024-08-04,1.0,1.6359204599692772,0.8507702713410243,0.8502035267424025,18.12428571428572,0.0,0.0,0.0,0.0,1.0
SE-O,2024,2024-08-11,1.0,1.7540535342609007,0.8564161922478647,0.8557068791704765,18.2,0.0,0.0,0.0,0.0,1.0
SE-O,2024,2024-08-18,1.0,1.8614044031102912,0.8694357405826855,0.8685668047805271,17.64857142857143,0.0,0.0,0.0,0.0,0.6489464289642652
SE-O,2024,2024-08-25,4.0,1.9746299190191752,0.8941957834658006,0.8931381915725706,16.24857142857143,0.0,0.0,0.0,0.0,0.06347397735022318
SE-O,2024,2024-09-01,2.0,2.132380248508402,0.8650629101615065,0.8638697605969704,17.27714285714286,0.0,0.0,0.0,0.0,0.0
SE-O,2024,2024-09-08,4.0,2.236829060583857,0.8034347789274572,0.8021721956203777,19.987142857142857,0.0,0.0,0.0,0.0,0.0
SE-O,2024,2024-09-15,1.0,2.2135349569651543,0.9487710056060586,0.9470966948982652,13.260714285714286,0.0,0.0,0.0,0.0,0.0
SE-O,2024,2024-09-22,1.0,2.264722147335461,0.9168756641519062,0.9150567732263034,14.421428571428574,0.0,0.0,0.0,0.0,0.0
SE-O,2024,2024-09-29,4.0,2.5351656462245695,0.9831661371630579,0.9809749346892426,11.478571428571428,0.0,0.0,0.0,0.0,0.0
SE-O,2024,2024-10-06,1.0,2.8162673449118953,1.0252406991781113,1.0226604726502504,9.272142857142857,0.0,0.0,0.0,0.0,0.0
SE-O,2024,2024-10-13,4.0,3.3943842990997544,0.9767258652640015,0.973930754619741,10.482857142857142,0.0,0.0,0.0,0.0,0.0
SE-O,2024,2024-10-20,5.0,3.9300809241211714,0.9766087922458458,0.9734464034943916,9.611428571428572,0.0,0.0,0.0,0.0,0.0
SE-O,2024,2024-10-27,4.0,4.400289896424139,0.9102497983669567,0.906938975406846,11.309285714285712,0.0,0.0,0.0,0.0,0.0
SE-O,2024,2024-11-03,6.0,4.452459289215898,0.9327315552191672,0.9289846540188632,9.629999999999999,1.0,0.0,0.0,0.0,0.0
SE-O,2024,2024-11-10,7.0,4.408812481790259,0.9948646540961474,0.99047428528873,6.915,0.0,0.0,0.0,0.0,0.0
SE-O,2024,2024-11-17,3.0,4.629725894056846,1.0318349227430652,1.0268184562281548,6.240000000000001,0.0,0.0,0.0,0.0,0.0
SE-O,2024,2024-11-24,3.0,5.3149182222578615,1.2795283583567336,1.2725433750405482,-0.7742857142857141,0.0,0.0,0.0,0.0,0.0
SE-O,2024,2024-12-01,9.0,7.245720117022715,1.1250402760309808,1.117891770625276,6.1364285714285725,0.0,0.0,0.0,0.0,0.0
SE-O,2024,2024-12-08,6.0,10.173227346694642,1.3008866588430712,1.291017685390542,2.117857142857143,0.0,0.0,0.0,0.0,0.0
SE-O,2024,2024-12-15,12.0,15.299906721853862,1.3809779781786982,1.3675442758200693,0.5357142857142859,0.0,0.0,0.0,0.0,0.0
SE-O,2024,2024-12-22,27.0,26.069056569418006,1.1923018919218324,1.176569329393422,5.810714285714286,0.0,0.29506105160725676,0.0,0.0,0.0
SE-O,2024,2024-12-29,42.0,39.284027486454995,1.1490694772183894,1.1287664250305254,5.877857142857143,0.0,1.0,0.0,0.0,0.0
SE-O,2024,2025-01-05,57.0,52.15501302824862,1.3017575230632388,1.2709858318574025,-0.5064285714285718,0.0,1.0,0.0,0.0,0.0
SE-O,2024,2025-01-12,70.0,70.37052515443102,1.2650910169202179,1.224050679686092,-0.24071428571428566,0.0,0.3411702913846672,0.0,0.0,0.0
SE-O,2024,2025-01-19,104.0,102.0424227369979,1.1252040568890658,1.0755809738716393,4.197857142857143,0.0,0.0,0.0,0.0,0.0
SE-O,2024,2025-01-26,123.0,133.85761768543995,1.1677334067183662,1.100352488229213,2.712857142857143,0.0,0.0,0.0,0.0,0.0
SE-O,2024,2025-02-02,168.0,158.26375060573884,1.1839090417666986,1.096730556692992,2.072142857142857,0.0,0.0,0.0,0.0,0.0
SE-O,2024,2025-02-09,171.0,181.05939731717766,1.1882602478384547,1.079250358070008,1.6035714285714284,0.0,0.0,0.0,0.0,0.0
SE-O,2024,2025-02-16,222.0,210.55762846687162,1.304911386350854,1.156940123010662,-2.7142857142857144,0.0,0.0,0.8465485235113981,0.0,0.0
SE-O,2024,2025-02-23,230.0,253.63390534504782,1.1801887244912685,1.0156306480200938,0.47571428571428587,0.0,0.0,0.14161610224608123,0.0,0.0
SE-O,2024,2025-03-02,337.0,297.71757145664145,1.0773958597207156,0.8998930647482195,3.463571428571428,0.0,0.0,0.011835374242520819,0.0,0.0
SE-O,2024,2025-03-09,279.0,276.5783805984797,1.0070443917341,0.8215175488807661,7.024285714285715,0.0,0.0,0.0,0.0,0.0
SE-O,2024,2025-03-16,190.0,224.05418183116348,1.2005558241332352,0.9609764297040162,1.633571428571429,0.0,0.0,0.0,0.0,0.0
SE-O,2024,2025-03-23,209.0,183.93605752787096,1.154783926044982,0.9078785567017664,4.720714285714286,0.0,0.0,0.0,0.0,0.0
SE-O,2024,2025-03-30,149.0,163.69941160812851,1.1337709014988573,0.8776989981556059,6.717142857142858,0.0,0.0,0.0,0.0,0.0
SE-O,2024,2025-04-06,122.0,137.38567153428784,1.1260185067591757,0.8609438879401082,7.158571428571429,0.0,0.0,0.0,0.0,0.0
SE-O,2024,2025-04-13,136.0,109.9870291617291,1.0856694535600822,0.8221342801190421,8.678571428571429,0.0,0.0,0.0,0.0,0.0
SE-O,2024,2025-04-20,92.0,82.96703513851642,1.0573995386312387,0.7950610078403987,11.320714285714285,0.0,0.0,0.0,0.9855665067144398,0.0
SE-O,2024,2025-04-27,49.0,64.03138952806601,1.1771156353000412,0.8805332867111177,8.985714285714286,0.0,0.0,0.0,0.014433493285560135,0.0
SE-O,2024,2025-05-04,27.0,46.3237763342837,1.1126021825644312,0.828770936025035,11.46142857142857,0.0,0.0,0.0,0.0,0.0
SE-O,2024,2025-05-11,48.0,36.01794159674952,1.092045273081542,0.8109198475617655,10.37857142857143,0.0,0.0,0.0,0.0,0.0
SE-O,2024,2025-05-18,36.0,27.322088544886583,0.9600440601072772,0.7113267936410005,13.234285714285715,0.0,0.0,0.0,0.0,0.0
SE-O,2024,2025-05-25,22.0,18.683784447888478,0.9879445960520982,0.7310305029009264,10.790714285714287,0.0,0.0,0.0,0.0,0.0
SE-O,2024,2025-06-01,10.0,11.696161810479058,0.919629362996972,0.6799181879017439,13.002857142857144,0.0,0.0,0.0,0.0,0.0
SE-O,2024,2025-06-08,3.0,7.148417371301919,0.9098239292453153,0.6723291883732231,13.357142857142858,0.0,0.0,0.0,0.0,0.0
SE-rest,2024,2024-06-30,,9.77821401009987,1.0183649745269614,1.0182897231276293,19.30117521272391,0.0,0.0,0.0,0.0,1.0
SE-rest,2024,2024-07-07,,10.487509170845946,1.1424411234879936,1.1421286356746594,15.382208737644845,0.0,0.0,0.0,0.0,1.0
SE-rest,2024,2024-07-14,,13.266853032607715,1.09589746747123,1.095299377682893,17.627707668759072,0.0,0.0,0.0,0.0,1.0
SE-rest,2024,2024-07-21,,17.53594362559525,1.0683723388950173,1.0674288882526195,18.523212025969208,0.0,0.0,0.0,0.0,1.0
SE-rest,2024,2024-07-28,7.0,21.593126743047314,1.0109302463249927,1.0096466100227526,18.562712512983314,0.0,0.0,0.0,0.0,1.0
SE-rest,2024,2024-08-04,34.0,24.3600472317979,0.9235476736054646,0.9220127771122739,17.832888454070552,0.0,0.0,0.0,0.0,1.0
SE-rest,2024,2024-08-11,37.0,24.610414612161193,0.8159841416244518,0.8143492685776692,18.326171119472537,0.0,0.0,0.0,0.0,1.0
SE-rest,2024,2024-08-18,24.0,21.28717138257731,0.7720313154092663,0.7702877902192257,17.831440395308345,0.0,0.0,0.0,0.0,0.8652986148553257
SE-rest,2024,2024-08-25,14.0,16.363911910330373,0.7802227719595586,0.7783145146463336,16.644106307305094,0.0,0.0,0.0,0.0,0.05411609555274627
SE-rest,2024,2024-09-01,9.0,12.28352433695402,0.8039643705777875,0.8018790544240434,16.26594039309381,0.0,0.0,0.0,0.0,0.0
SE-rest,2024,2024-09-08,7.0,9.607072650990126,0.802955687073902,0.8007742562800668,18.048630609474447,0.0,0.0,0.0,0.0,0.0
SE-rest,2024,2024-09-15,6.0,8.04476350123595,0.958642923913249,0.955927719152664,13.309072612226233,0.0,0.0,0.0,0.0,0.0
SE-rest,2024,2024-09-22,6.0,7.5787463691575,1.0218070185228496,1.0187777544424481,12.778929261754456,0.0,0.0,0.0,0.0,0.0
SE-rest,2024,2024-09-29,5.0,8.680760261277179,1.1107495973149206,1.107270844099504,10.82999486247066,0.0,0.0,0.0,0.0,0.0
SE-rest,2024,2024-10-06,9.0,10.904913252447475,1.1852121082415459,1.1812257495453875,7.668627769840154,0.0,0.0,0.0,0.0,0.0
SE-rest,2024,2024-10-13,18.0,15.478834298791785,1.0770120082762977,1.0730425917462112,9.239508405187921,0.0013301719692353222,0.0,0.0,0.0,0.0
SE-rest,2024,2024-10-20,25.0,20.3176103770247,1.0182517608099655,1.0141206519803445,8.582498779926231,0.0,0.0,0.0,0.0,0.0
SE-rest,2024,2024-10-27,32.0,23.755015963819176,0.9262311336574177,0.9221174165552303,10.101822562021619,0.0,0.0,0.0,0.0,0.0
SE-rest,2024,2024-11-03,24.0,23.707656404744778,0.9969723639287789,0.9921865302171391,6.771288062995221,0.9986698280307645,0.0,0.0,0.0,0.0
SE-rest,2024,2024-11-10,14.0,23.446329242617768,1.063675524119777,1.0581527246707823,5.095215343865844,0.0,0.0,0.0,0.0,0.0
SE-rest,2024,2024-11-17,34.0,25.589979565349807,1.123714819048834,1.1173503899146415,4.978669944463119,0.0,0.0,0.0,0.0,0.0
SE-rest,2024,2024-11-24,25.0,31.294996749869895,1.4533218629439468,1.4440563132345576,-1.9759239299068703,0.0,0.0,0.0,0.0,0.0
SE-rest,2024,2024-12-01,48.0,49.444748703582235,1.357471223865647,1.346984223647208,3.875703812797969,0.0,0.0,0.0,0.0,0.0
SE-rest,2024,2024-12-08,69.0,90.7875970847879,1.5175425426771276,1.501921998466432,-0.20093187467445617,0.0,0.0,0.0,0.0,0.0
SE-rest,2024,2024-12-15,196.0,183.29743476490535,1.4122129891663573,1.3902137427103025,-1.2229385569246196,0.0,0.0,0.0,0.0,0.0
SE-rest,2024,2024-12-22,367.0,350.5613800686542,1.1248192878342862,1.098087430508439,1.9099989670013102,0.0,0.29885516629219094,0.0,0.0,0.0
SE-rest,2024,2024-12-29,514.0,501.66176803491913,0.9602770492611041,0.9291728247695897,3.575487815305636,0.0,1.0,0.0,0.0,0.0
SE-rest,2024,2025-01-05,560.0,535.2191459303175,1.1591918936251955,1.1120879425621053,-5.009934617816884,0.0,1.0,0.0,0.0,0.0
SE-rest,2024,2025-01-12,520.0,533.8978090813168,1.1467853322040678,1.08923919400566,-2.087421396797193,0.0,0.2741258623319688,0.0,0.0,0.0
SE-rest,2024,2025-01-19,578.0,613.754128507283,1.109973958668273,1.0421881607207768,3.0237882152701188,0.0,0.0,0.0,0.0,0.0
SE-rest,2024,2025-01-26,688.0,705.8011150004827,1.234656950252916,1.1436956475195241,1.248603932539557,0.0,0.0,0.0,0.0,0.0
SE-rest,2024,2025-02-02,869.0,833.14487877321,1.2951661559266998,1.1786325764596959,0.09957761358580701,0.0,0.0,0.0,0.0,0.0
SE-rest,2024,2025-02-09,1017.0,1052.6225178908603,1.2815402695953426,1.139230639156342,-0.3132345892832217,0.0,0.0,0.0,0.0,0.0
SE-rest,2024,2025-02-16,1381.0,1365.1428713476107,1.3312899667013138,1.1480566715610638,-4.099955482997868,0.0,0.0,0.062200195146043406,0.0,0.0
SE-rest,2024,2025-02-23,1772.0,1698.4321278546586,1.182696200093836,0.9836791679092088,-1.0775392876517622,0.0,0.0,0.31725176858717313,0.0,0.0
SE-rest,2024,2025-03-02,1875.0,1926.8410691866666,1.072667064781436,0.862157035468223,2.561248797744058,0.0,0.0,0.48090786910782907,0.0,0.0
SE-rest,2024,2025-03-09,1735.0,1701.5680418590025,1.0094254275526968,0.7910022067725652,6.546302734065733,0.0,0.0,0.13964016715895444,0.0,0.0
SE-rest,2024,2025-03-16,1292.0,1296.3333107132921,1.2849921753432105,0.9871266399717292,0.013131810261965304,0.0,0.0,0.0,0.0,0.0
SE-rest,2024,2025-03-23,1008.0,1045.37495914426,1.2776965058687977,0.9620462513660863,3.5317014198661263,0.0,0.0,0.0,0.0,0.0
SE-rest,2024,2025-03-30,980.0,971.4270145695627,1.2612268874249324,0.9319201918202025,5.938139813094944,0.0,0.0,0.0,0.0,0.0
SE-rest,2024,2025-04-06,863.0,899.6739484633442,1.214159269414899,0.8822878709886647,6.702425562721047,0.0,0.0,0.0,0.0,0.0
SE-rest,2024,2025-04-13,770.0,770.2609119000658,1.1361037376325458,0.8147909594503032,6.27975365892062,0.0,0.0,0.0,0.0,0.0
SE-rest,2024,2025-04-20,675.0,591.7940545176561,0.9973222706866459,0.7087623362359038,9.559866544537764,0.0,0.0,0.0,0.796085517128215,0.0
SE-rest,2024,2025-04-27,415.0,428.16627462343087,1.1181082046724635,0.7902717032062191,6.375694202293403,0.0,0.0,0.0,0.20391448287178512,0.0
SE-rest,2024,2025-05-04,244.0,263.64287844600295,1.1073769955482735,0.7796789039141168,9.851596868789686,0.0,0.0,0.0,0.0,0.0
SE-rest,2024,2025-05-11,163.0,177.2672305467749,1.257536965032688,0.8829559691174973,7.217799105099367,0.0,0.0,0.0,0.0,0.0
SE-rest,2024,2025-05-18,139.0,131.2192375982276,1.1880612204448815,0.8322630013608393,10.894400443092804,0.0,0.0,0.0,0.0,0.0
SE-rest,2024,2025-05-25,102.0,102.26136723407666,1.2379724522624798,0.8657222495337716,10.04554849416313,0.0,0.0,0.0,0.0,0.0
SE-rest,2024,2025-06-01,80.0,79.07620706780195,1.1475408171628747,0.8013958979049972,13.163540209710915,0.0,0.0,0.0,0.0,0.0
SE-rest,2024,2025-06-08,61.0,59.34620607797244,1.13107587644051,0.7891288015878802,13.772259074524074,0.0,0.0,0.0,0.0,0.0005044499498596246
