reference_date,location,horizon,target_end_date,future_rw_scale,mean,map_mean,q0.025,q0.1,q0.25,q0.5,q0.75,q0.9,q0.975
2025-10-05,SE,0,2025-10-05,1.0,51.12701503751548,15.0777028949361,8.975000000000001,11.0,15.0,20.0,29.0,56.0,336.2999999999997
2025-10-05,SE,1,2025-10-12,1.0,61.12130415049907,17.233925301764856,9.0,12.900000000000006,17.0,23.0,35.0,68.0,443.1249999999999
2025-10-05,SE,2,2025-10-19,1.0,77.03485501348568,20.0081328159052,9.0,14.0,19.0,28.0,44.0,93.0,527.8499999999992
2025-10-05,SE,3,2025-10-26,1.0,106.71472608664008,23.802238311327933,9.975000000000001,14.0,21.0,33.0,56.0,140.4000000000001,707.8749999999992
2025-10-05,SE,0,2025-10-05,0.5,51.12777726162235,15.0777028949361,9.0,12.0,15.0,21.0,29.0,55.10000000000002,339.2999999999997
2025-10-05,SE,1,2025-10-12,0.5,61.13139650450132,17.233925301764856,8.0,12.0,17.0,24.0,35.0,68.0,415.8999999999992
2025-10-05,SE,2,2025-10-19,0.5,76.60266661363003,20.0081328159052,9.0,14.0,19.0,27.0,44.0,90.10000000000002,537.1749999999998
2025-10-05,SE,3,2025-10-26,0.5,103.13213876630604,23.802238311327933,10.0,15.0,21.0,34.0,56.0,135.20000000000005,674.3249999999997
2025-10-05,SE,0,2025-10-05,0.0,51.12867096608026,15.0777028949361,8.0,12.0,15.0,21.0,30.0,54.10000000000002,343.3249999999997
2025-10-05,SE,1,2025-10-12,0.0,61.168715678856884,17.233925301764856,9.0,12.0,17.0,24.0,35.0,66.20000000000005,466.07499999999993
2025-10-05,SE,2,2025-10-19,0.0,76.5318628469856,20.0081328159052,9.0,14.0,19.0,28.0,43.0,91.0,523.025
2025-10-05,SE,3,2025-10-26,0.0,101.61559063628644,23.802238311327933,10.0,15.0,21.0,33.0,56.0,124.00000000000023,724.1249999999999
2025-10-05,SE-M,0,2025-10-05,1.0,9.392782263912082,1.3924099502745129,0.0,0.0,1.0,2.0,4.0,8.0,80.0
2025-10-05,SE-M,1,2025-10-12,1.0,10.767160168573099,1.5195671404942084,0.0,0.0,1.0,2.0,4.0,10.0,96.09999999999991
2025-10-05,SE-M,2,2025-10-19,1.0,12.82679191459038,1.6535398750342778,0.0,0.0,1.0,3.0,5.0,11.100000000000023,107.04999999999995
2025-10-05,SE-M,3,2025-10-26,1.0,15.352021145166084,1.816620621629618,0.0,0.0,1.0,3.0,6.0,17.0,124.12499999999989
2025-10-05,SE-M,0,2025-10-05,0.5,9.392309279697153,1.3924099502745129,0.0,0.0,1.0,2.0,4.0,9.0,78.0
2025-10-05,SE-M,1,2025-10-12,0.5,10.733188441073978,1.5195671404942084,0.0,0.0,1.0,2.0,4.0,9.0,95.0
2025-10-05,SE-M,2,2025-10-19,0.5,12.633844197671678,1.6535398750342778,0.0,0.0,1.0,2.0,5.0,12.0,111.0
2025-10-05,SE-M,3,2025-10-26,0.5,14.879900715509196,1.816620621629618,0.0,0.0,1.0,3.0,6.0,15.0,114.47499999999957
2025-10-05,SE-M,0,2025-10-05,0.0,9.391861786308574,1.3924099502745129,0.0,0.0,1.0,2.0,4.0,9.0,77.04999999999995
2025-10-05,SE-M,1,2025-10-12,0.0,10.70408235101055,1.5195671404942084,0.0,0.0,1.0,2.0,4.0,10.0,95.0
2025-10-05,SE-M,2,2025-10-19,0.0,12.49206658558649,1.6535398750342778,0.0,0.0,1.0,2.0,5.0,12.0,107.17499999999984
2025-10-05,SE-M,3,2025-10-26,0.0,14.627770186458275,1.816620621629618,0.0,0.0,1.0,3.0,5.25,17.0,114.0
2025-10-05,SE-O,0,2025-10-05,1.0,34.50031189884538,2.0747548598326184,0.0,1.0,2.0,3.0,7.0,36.10000000000002,408.7999999999993
2025-10-05,SE-O,1,2025-10-12,1.0,41.369109892976994,2.3567725675391578,0.0,1.0,2.0,4.0,7.0,55.10000000000002,431.49999999999955
2025-10-05,SE-O,2,2025-10-19,1.0,48.80035341933507,2.6509657317242215,0.0,1.0,2.0,4.0,9.0,78.30000000000007,511.025
2025-10-05,SE-O,3,2025-10-26,1.0,56.98646036669597,3.0086341948078075,0.0,1.0,2.0,5.0,12.0,113.10000000000002,610.025
2025-10-05,SE-O,0,2025-10-05,0.5,34.50042613641746,2.0747548598326184,0.0,1.0,2.0,3.0,6.0,37.0,398.5499999999995
2025-10-05,SE-O,1,2025-10-12,0.5,41.36487625268249,2.3567725675391578,0.0,1.0,2.0,4.0,8.0,56.40000000000009,439.2499999999998
2025-10-05,SE-O,2,2025-10-19,0.5,48.6316666340866,2.6509657317242215,0.0,1.0,2.0,4.0,9.0,74.0,499.5749999999995
2025-10-05,SE-O,3,2025-10-26,0.5,55.94511794109687,3.0086341948078075,0.0,1.0,2.0,4.0,11.25,116.10000000000002,622.05
2025-10-05,SE-O,0,2025-10-05,0.0,34.50062341226652,2.0747548598326184,0.0,1.0,2.0,3.0,7.0,40.10000000000002,393.27499999999975
2025-10-05,SE-O,1,2025-10-12,0.0,41.37720362692011,2.3567725675391578,0.0,1.0,2.0,4.0,7.0,52.200000000000045,441.5249999999995
2025-10-05,SE-O,2,2025-10-19,0.0,48.647733631952086,2.6509657317242215,0.0,1.0,2.0,4.0,9.0,75.0,518.0999999999999
2025-10-05,SE-O,3,2025-10-26,0.0,55.63432353511777,3.0086341948078075,0.0,1.0,2.0,4.0,11.0,100.30000000000007,587.1249999999999
2025-10-12,SE,0,2025-10-12,1.0,126.81127152596083,32.664813772331875,21.0,26.900000000000006,34.0,45.0,64.0,162.60000000000014,944.2249999999998
2025-10-12,SE,1,2025-10-19,1.0,198.09882020065538,47.17253157293304,23.0,34.0,46.0,66.0,105.0,293.4000000000003,1457.8749999999973
2025-10-12,SE,2,2025-10-26,1.0,328.78755145215104,70.24800003191427,29.975,41.0,60.0,96.0,183.0,570.6000000000001,2514.899999999999
2025-10-12,SE,3,2025-11-02,1.0,562.0209349203606,109.48049449964643,29.0,49.900000000000006,81.0,147.0,355.75,1182.1,3796.749999999999
2025-10-12,SE,0,2025-10-12,0.5,126.80504284022452,32.664813772331875,20.0,26.0,34.0,45.0,67.0,160.0,946.4249999999987
2025-10-12,SE,1,2025-10-19,0.5,197.46066613917012,47.17253157293304,25.975,33.0,46.0,65.0,103.0,300.1,1471.4999999999977
2025-10-12,SE,2,2025-10-26,0.5,322.8038245865612,70.24800003191427,29.0,42.0,59.0,95.5,185.25,576.8000000000004,2426.2249999999963
2025-10-12,SE,3,2025-11-02,0.5,540.6289387879925,109.48049449964643,31.975,51.900000000000006,82.0,141.0,352.25,1121.8000000000002,3701.4999999999995
2025-10-12,SE,0,2025-10-12,0.0,126.79943854681048,32.664813772331875,21.0,27.0,34.0,46.0,67.0,165.0,922.2249999999998
2025-10-12,SE,1,2025-10-19,0.0,196.98283829965018,47.17253157293304,24.975,33.0,45.0,65.0,106.0,305.20000000000005,1444.5749999999966
2025-10-12,SE,2,2025-10-26,0.0,319.14010524320673,70.24800003191427,29.0,42.0,60.0,95.0,182.0,595.5000000000001,2238.8999999999946
2025-10-12,SE,3,2025-11-02,0.0,530.4494960727559,109.48049449964643,34.0,51.900000000000006,83.0,143.0,347.0,1165.0,3670.075
2025-10-12,SE-M,0,2025-10-12,1.0,9.585197297067516,1.4644521703577031,0.0,0.0,1.0,2.0,4.0,8.0,76.04999999999995
2025-10-12,SE-M,1,2025-10-19,1.0,11.810939719830618,1.625350872335573,0.0,0.0,1.0,2.0,5.0,11.0,100.04999999999995
2025-10-12,SE-M,2,2025-10-26,1.0,14.327226910657133,1.7789109535111152,0.0,0.0,1.0,3.0,5.0,14.0,121.0
2025-10-12,SE-M,3,2025-11-02,1.0,17.210157821159342,1.9631248810671451,0.0,0.0,1.0,3.0,6.0,20.100000000000023,136.02499999999998
2025-10-12,SE-M,0,2025-10-12,0.5,9.585304231647633,1.4644521703577031,0.0,0.0,1.0,2.0,4.0,9.0,73.07499999999993
2025-10-12,SE-M,1,2025-10-19,0.5,11.807984989223707,1.625350872335573,0.0,0.0,1.0,2.0,4.0,12.0,92.44999999999959
2025-10-12,SE-M,2,2025-10-26,0.5,14.26240724979181,1.7789109535111152,0.0,0.0,1.0,2.0,5.0,14.0,115.07499999999993
2025-10-12,SE-M,3,2025-11-02,0.5,16.92976745335505,1.9631248810671451,0.0,0.0,1.0,3.0,6.0,19.0,142.17499999999984
2025-10-12,SE-M,0,2025-10-12,0.0,9.585437549502537,1.4644521703577031,0.0,0.0,1.0,2.0,4.0,8.0,80.09999999999991
2025-10-12,SE-M,1,2025-10-19,0.0,11.810039055877972,1.625350872335573,0.0,0.0,1.0,2.0,4.0,10.0,98.0
2025-10-12,SE-M,2,2025-10-26,0.0,14.254912441279131,1.7789109535111152,0.0,0.0,1.0,3.0,5.0,14.0,109.04999999999995
2025-10-12,SE-M,3,2025-11-02,0.0,16.912864191765877,1.9631248810671451,0.0,0.0,1.0,3.0,6.0,20.100000000000023,143.17499999999984
2025-10-12,SE-O,0,2025-10-12,1.0,41.232488894687684,2.871465001119697,0.0,1.0,3.0,5.0,9.0,52.40000000000009,424.5249999999995
2025-10-12,SE-O,1,2025-10-19,1.0,50.54355119230959,3.4447996557209724,0.0,1.0,3.0,5.0,12.0,74.20000000000005,471.4249999999996
2025-10-12,SE-O,2,2025-10-26,1.0,59.66685186935073,4.12003853058801,0.0,2.0,3.0,6.0,16.0,114.0,610.2249999999998
2025-10-12,SE-O,3,2025-11-02,1.0,71.60446572452973,5.025255419654396,0.0,2.0,4.0,7.0,22.0,185.10000000000002,713.2999999999997
2025-10-12,SE-O,0,2025-10-12,0.5,41.231624703754896,2.871465001119697,0.0,1.0,2.75,4.5,9.0,59.10000000000002,442.025
2025-10-12,SE-O,1,2025-10-19,0.5,50.47955557428458,3.4447996557209724,0.0,1.0,3.0,5.0,12.0,80.40000000000009,491.0999999999999
2025-10-12,SE-O,2,2025-10-26,0.5,59.27073041298834,4.12003853058801,0.0,2.0,3.0,6.0,16.0,109.10000000000002,624.2499999999998
2025-10-12,SE-O,3,2025-11-02,0.5,70.48001295986579,5.025255419654396,1.0,2.0,4.0,8.0,24.0,173.10000000000002,699.2249999999998
2025-10-12,SE-O,0,2025-10-12,0.0,41.230870154815214,2.871465001119697,0.0,1.0,3.0,5.0,10.0,56.200000000000045,438.49999999999955
2025-10-12,SE-O,1,2025-10-19,0.0,50.43587562626709,3.4447996557209724,0.0,1.0,3.0,5.0,12.0,83.10000000000002,471.82499999999925
2025-10-12,SE-O,2,2025-10-26,0.0,59.090025414078276,4.12003853058801,0.0,1.0,3.0,6.0,16.0,115.0,622.05
2025-10-12,SE-O,3,2025-11-02,0.0,70.19430695474139,5.025255419654396,0.0,2.0,4.0,7.0,22.0,174.30000000000007,674.8749999999992
2025-10-19,SE,0,2025-10-19,1.0,132.86549799402064,44.552701725256576,31.0,37.0,46.0,59.0,84.25,191.30000000000007,880.1999999999998
2025-10-19,SE,1,2025-10-26,1.0,189.70976890734977,61.58788681012093,35.0,46.0,59.0,83.0,127.25,310.20000000000005,1333.225
2025-10-19,SE,2,2025-11-02,1.0,309.39289413234997,94.38731425817096,41.0,58.0,85.0,131.5,230.0,561.0,1988.074999999999
2025-10-19,SE,3,2025-11-09,1.0,526.1275994498438,149.7541125926205,44.975,75.0,116.0,206.0,437.5,1074.7000000000003,3147.3499999999976
2025-10-19,SE,0,2025-10-19,0.5,132.8672936347507,44.552701725256576,30.975,37.0,47.0,60.0,86.0,188.10000000000002,872.1999999999998
2025-10-19,SE,1,2025-10-26,0.5,189.72668246067266,61.58788681012093,35.975,45.0,59.0,83.0,126.0,305.70000000000016,1319.199999999998
2025-10-19,SE,2,2025-11-02,0.5,308.3632715992512,94.38731425817096,41.0,58.0,82.0,131.0,222.0,571.2,2053.075
2025-10-19,SE,3,2025-11-09,0.5,516.6252233215467,149.7541125926205,46.975,75.0,114.0,195.5,419.25,1061.2,3141.4749999999967
2025-10-19,SE,0,2025-10-19,0.0,132.86953554152888,44.552701725256576,31.0,38.0,46.0,60.0,86.0,194.20000000000005,850.025
2025-10-19,SE,1,2025-10-26,0.0,189.86255081525422,61.58788681012093,33.0,46.0,60.0,83.5,126.0,302.0,1329.6749999999984
2025-10-19,SE,2,2025-11-02,0.0,309.3231916516357,94.38731425817096,43.975,60.0,83.0,130.0,225.0,542.4000000000001,2030.3499999999997
2025-10-19,SE,3,2025-11-09,0.0,519.1820223660119,149.7541125926205,46.975,74.0,117.75,201.5,409.25,1073.5000000000005,2981.3499999999976
2025-10-19,SE-M,0,2025-10-19,1.0,21.311543702525448,2.4441383236791325,0.0,1.0,2.0,4.0,7.0,24.100000000000023,183.17499999999984
2025-10-19,SE-M,1,2025-10-26,1.0,25.719763676222346,2.718760174378637,0.0,1.0,2.0,4.0,8.0,36.0,226.04999999999995
2025-10-19,SE-M,2,2025-11-02,1.0,32.92280800040002,3.2256587203720337,0.0,1.0,2.0,5.0,11.0,54.10000000000002,280.07499999999993
2025-10-19,SE-M,3,2025-11-09,1.0,43.155597490330884,3.88896807179226,0.0,1.0,3.0,6.0,15.0,99.20000000000005,386.1999999999998
2025-10-19,SE-M,0,2025-10-19,0.5,21.31252475997943,2.4441383236791325,0.0,1.0,2.0,4.0,7.0,25.100000000000023,181.5499999999995
2025-10-19,SE-M,1,2025-10-26,0.5,25.754027972775436,2.718760174378637,0.0,1.0,2.0,4.0,8.0,34.10000000000002,231.57499999999948
2025-10-19,SE-M,2,2025-11-02,0.5,32.924033992054675,3.2256587203720337,0.0,1.0,2.0,5.0,11.0,53.10000000000002,302.14999999999986
2025-10-19,SE-M,3,2025-11-09,0.5,42.63023603329538,3.88896807179226,0.0,1.0,3.0,6.0,15.0,92.30000000000007,380.025
2025-10-19,SE-M,0,2025-10-19,0.0,21.313583509896365,2.4441383236791325,0.0,1.0,2.0,4.0,7.0,25.100000000000023,191.47499999999957
2025-10-19,SE-M,1,2025-10-26,0.0,25.80422424004976,2.718760174378637,0.0,1.0,2.0,4.0,8.0,35.10000000000002,232.0
2025-10-19,SE-M,2,2025-11-02,0.0,33.114630171286294,3.2256587203720337,0.0,1.0,2.0,5.0,11.0,53.0,312.4499999999996
2025-10-19,SE-M,3,2025-11-09,0.0,42.91975799526399,3.88896807179226,0.0,1.0,3.0,6.0,14.0,91.30000000000007,391.025
2025-10-19,SE-O,0,2025-10-19,1.0,27.8496870226264,6.043680108395108,2.0,4.0,6.0,10.0,17.0,48.10000000000002,221.04999999999995
2025-10-19,SE-O,1,2025-10-26,1.0,37.33236271894226,7.888203317594484,2.0,4.0,7.0,12.0,25.0,69.40000000000009,238.19999999999982
2025-10-19,SE-O,2,2025-11-02,1.0,56.68644693941475,11.412932182292483,2.0,5.0,9.0,18.0,41.25,121.10000000000002,372.0999999999999
2025-10-19,SE-O,3,2025-11-09,1.0,88.28466560180334,17.175544072501964,3.0,6.0,12.0,26.0,69.0,204.0,585.2499999999998
2025-10-19,SE-O,0,2025-10-19,0.5,27.85006643270013,6.043680108395108,2.0,3.9000000000000057,6.0,9.0,17.0,49.0,213.0999999999999
2025-10-19,SE-O,1,2025-10-26,0.5,37.341589619396956,7.888203317594484,2.0,4.0,7.0,12.0,24.0,72.10000000000002,250.14999999999986
2025-10-19,SE-O,2,2025-11-02,0.5,56.55712058894397,11.412932182292483,3.0,6.0,9.0,18.0,40.0,123.0,354.17499999999984
2025-10-19,SE-O,3,2025-11-09,0.5,86.64438794476294,17.175544072501964,3.0,6.0,12.0,26.0,69.0,191.30000000000007,620.1249999999999
2025-10-19,SE-O,0,2025-10-19,0.0,27.850534566181487,6.043680108395108,2.0,4.0,6.0,9.0,17.0,47.10000000000002,227.1249999999999
2025-10-19,SE-O,1,2025-10-26,0.0,37.37268400507375,7.888203317594484,2.0,4.0,7.0,12.0,25.0,74.20000000000005,251.27499999999975
2025-10-19,SE-O,2,2025-11-02,0.0,56.74933632445234,11.412932182292483,3.0,5.0,9.0,18.0,39.0,123.10000000000002,362.2249999999998
2025-10-19,SE-O,3,2025-11-09,0.0,86.72565818677982,17.175544072501964,3.0,6.0,12.0,26.0,68.25,192.10000000000002,575.1499999999999
2025-10-26,SE,0,2025-10-26,1.0,233.30972989682522,96.02540565768487,71.0,84.0,102.75,132.0,186.0,378.0,1181.6749999999993
2025-10-26,SE,1,2025-11-02,1.0,457.3334777366746,190.21478672820086,107.0,142.0,188.75,272.0,401.25,838.4000000000001,2248.199999999997
2025-10-26,SE,2,2025-11-09,1.0,863.5687797861802,360.41380469438474,141.975,218.9,317.75,513.0,893.75,1713.8000000000002,4021.5499999999984
2025-10-26,SE,3,2025-11-16,1.0,1669.9495931504662,716.673591977575,173.95,316.0,543.5,1003.5,1937.0,3643.5000000000005,7124.724999999995
2025-10-26,SE,0,2025-10-26,0.5,233.3118445004991,96.02540565768487,69.0,86.0,104.0,133.0,186.25,388.20000000000005,1159.0
2025-10-26,SE,1,2025-11-02,0.5,457.1567483370335,190.21478672820086,113.0,140.9,187.0,263.5,399.0,851.3000000000001,2265.2
2025-10-26,SE,2,2025-11-09,0.5,858.3466226048948,360.41380469438474,144.0,213.9,318.0,514.5,872.25,1701.2000000000005,3839.5999999999995
2025-10-26,SE,3,2025-11-16,0.5,1626.76919377995,716.673591977575,198.925,314.9,547.75,996.5,1913.0,3376.2000000000003,6912.349999999996
2025-10-26,SE,0,2025-10-26,0.0,233.31540272645032,96.02540565768487,71.0,87.0,103.0,132.0,185.25,386.1,1169.6999999999985
2025-10-26,SE,1,2025-11-02,0.0,457.3830103236062,190.21478672820086,112.0,144.9,187.0,266.0,402.0,853.1,2279.025
2025-10-26,SE,2,2025-11-09,0.0,859.8632178892909,360.41380469438474,147.95,215.0,315.75,512.0,882.5,1716.0,3958.1
2025-10-26,SE,3,2025-11-16,0.0,1625.5730696249668,716.673591977575,205.95,336.9,542.75,988.0,1876.5,3438.2,6862.549999999999
2025-10-26,SE-M,0,2025-10-26,1.0,18.803442031039726,4.043188124362152,1.0,2.0,3.0,6.0,11.0,29.100000000000023,138.24999999999977
2025-10-26,SE-M,1,2025-11-02,1.0,30.274585635801277,5.762873734266656,1.0,3.0,4.0,8.0,17.0,54.0,167.19999999999982
2025-10-26,SE-M,2,2025-11-09,1.0,43.844924156099005,7.809647920189462,1.0,3.0,6.0,11.0,27.0,83.10000000000002,280.04999999999995
2025-10-26,SE-M,3,2025-11-16,1.0,63.56540635617223,10.876003095774827,1.0,3.0,6.0,14.0,44.0,163.30000000000007,484.1249999999999
2025-10-26,SE-M,0,2025-10-26,0.5,18.80374974076247,4.043188124362152,1.0,2.0,3.0,6.0,10.0,31.100000000000023,138.04999999999995
2025-10-26,SE-M,1,2025-11-02,0.5,30.26553200990791,5.762873734266656,1.0,2.0,4.0,8.0,17.0,53.10000000000002,194.14999999999986
2025-10-26,SE-M,2,2025-11-09,0.5,43.61589563268374,7.809647920189462,1.0,3.0,5.0,11.0,26.25,81.10000000000002,286.04999999999995
2025-10-26,SE-M,3,2025-11-16,0.5,62.3579295424943,10.876003095774827,1.0,3.0,7.0,14.0,43.0,159.10000000000002,515.0749999999999
2025-10-26,SE-M,0,2025-10-26,0.0,18.804163066672462,4.043188124362152,1.0,2.0,3.0,6.0,10.0,28.0,133.0
2025-10-26,SE-M,1,2025-11-02,0.0,30.27987592582288,5.762873734266656,1.0,3.0,4.0,8.0,17.0,54.0,181.2249999999998
2025-10-26,SE-M,2,2025-11-09,0.0,43.673324718752426,7.809647920189462,1.0,3.0,6.0,11.0,27.0,78.0,316.1999999999998
2025-10-26,SE-M,3,2025-11-16,0.0,62.42762967650942,10.876003095774827,1.0,3.0,7.0,14.0,43.0,139.4000000000001,526.05
2025-10-26,SE-O,0,2025-10-26,1.0,47.262478436253815,15.383584997083823,7.0,11.0,16.0,24.0,39.0,99.10000000000002,256.04999999999995
2025-10-26,SE-O,1,2025-11-02,1.0,86.78735793586112,29.469709590124225,12.0,18.0,28.0,46.0,82.0,171.10000000000002,454.025
2025-10-26,SE-O,2,2025-11-09,1.0,152.38708967520012,54.274883254034464,16.975,27.0,45.0,85.0,170.0,335.20000000000005,723.3249999999997
2025-10-26,SE-O,3,2025-11-16,1.0,265.75811200996094,104.47743452015018,20.975,36.900000000000006,72.0,156.0,330.0,608.6000000000001,1167.0749999999998
2025-10-26,SE-O,0,2025-10-26,0.5,47.26282721742269,15.383584997083823,7.0,11.0,16.0,24.0,41.0,94.20000000000005,250.19999999999982
2025-10-26,SE-O,1,2025-11-02,0.5,86.73996060807546,29.469709590124225,11.975000000000001,18.900000000000006,28.0,46.0,85.0,173.0,436.14999999999986
2025-10-26,SE-O,2,2025-11-09,0.5,151.36457400426758,54.274883254034464,16.0,26.0,45.0,83.5,167.25,321.1,695.1499999999999
2025-10-26,SE-O,3,2025-11-16,0.5,259.506057942632,104.47743452015018,19.0,39.0,74.0,152.0,335.0,561.8000000000002,1151.025
2025-10-26,SE-O,0,2025-10-26,0.0,47.26344008297048,15.383584997083823,8.0,11.0,16.0,24.0,40.0,95.0,246.0999999999999
2025-10-26,SE-O,1,2025-11-02,0.0,86.76224171055092,29.469709590124225,12.0,18.0,28.0,46.0,83.25,166.20000000000005,427.62499999999943
2025-10-26,SE-O,2,2025-11-09,0.0,151.40832758860222,54.274883254034464,15.0,26.0,44.0,85.0,168.25,314.4000000000001,686.025
2025-10-26,SE-O,3,2025-11-16,0.0,258.63102976880816,104.47743452015018,18.0,39.0,73.0,154.0,316.25,553.2000000000003,1143.1749999999997
2025-11-02,SE,0,2025-11-02,1.0,170.71450277763842,85.13104436882884,63.975,75.0,89.0,109.0,144.0,266.1,851.7999999999993
2025-11-02,SE,1,2025-11-09,1.0,214.80027922189217,108.51877614533785,66.0,82.0,108.0,144.5,205.0,365.60000000000014,937.05
2025-11-02,SE,2,2025-11-16,1.0,316.0334195781108,156.5170557862754,71.0,99.9,138.0,211.0,346.0,579.0,1236.3999999999978
2025-11-02,SE,3,2025-11-23,1.0,542.8463297165597,253.65979485490678,78.975,119.0,194.0,341.0,622.0,1172.3000000000002,2291.6249999999995
2025-11-02,SE,0,2025-11-02,0.5,170.71706131359187,85.13104436882884,67.0,76.0,90.0,109.0,146.0,265.1,840.5249999999995
2025-11-02,SE,1,2025-11-09,0.5,214.8383083603274,108.51877614533785,66.975,84.0,105.0,144.0,208.0,350.9000000000002,947.4249999999996
2025-11-02,SE,2,2025-11-16,0.5,314.6024383834517,156.5170557862754,70.0,98.0,138.75,209.0,343.25,575.2,1287.1
2025-11-02,SE,3,2025-11-23,0.5,528.6121867557747,253.65979485490678,84.0,124.0,200.75,337.0,599.0,1119.7000000000003,2074.974999999999
2025-11-02,SE,0,2025-11-02,0.0,170.72015588459692,85.13104436882884,64.0,75.0,89.0,109.0,146.0,265.30000000000007,860.4749999999996
2025-11-02,SE,1,2025-11-09,0.0,215.01010946108127,108.51877614533785,66.0,84.0,107.0,145.0,208.25,348.30000000000007,942.0999999999999
2025-11-02,SE,2,2025-11-16,0.0,315.3966551550209,156.5170557862754,71.975,99.0,139.0,209.0,344.25,576.1,1310.2749999999996
2025-11-02,SE,3,2025-11-23,0.0,528.6412339756196,253.65979485490678,87.95,132.0,203.0,338.5,604.0,1076.2,2052.7249999999995
2025-11-02,SE-M,0,2025-11-02,1.0,18.209852656213467,5.326930245035672,1.0,3.0,4.0,8.0,13.0,31.0,105.02499999999998
2025-11-02,SE-M,1,2025-11-09,1.0,24.760477115999933,6.7365975360033605,2.0,3.0,6.0,10.0,18.0,45.10000000000002,135.19999999999982
2025-11-02,SE-M,2,2025-11-16,1.0,36.452825428140336,9.196342724336166,2.0,4.0,6.0,12.0,29.0,69.10000000000002,222.0999999999999
2025-11-02,SE-M,3,2025-11-23,1.0,59.1137904369852,13.808378784926145,2.0,4.0,8.75,19.0,50.25,143.0,377.1999999999998
2025-11-02,SE-M,0,2025-11-02,0.5,18.210401828493755,5.326930245035672,1.0,3.0,5.0,7.0,12.0,29.100000000000023,111.04999999999995
2025-11-02,SE-M,1,2025-11-09,0.5,24.77019030892368,6.7365975360033605,1.9750000000000014,3.0,6.0,9.0,18.0,46.0,145.0
2025-11-02,SE-M,2,2025-11-16,0.5,36.3043396239548,9.196342724336166,2.0,4.0,7.0,13.0,29.0,73.10000000000002,212.24999999999977
2025-11-02,SE-M,3,2025-11-23,0.5,57.82602705401166,13.808378784926145,2.0,5.0,8.0,18.0,47.0,136.10000000000002,383.17499999999984
2025-11-02,SE-M,0,2025-11-02,0.0,18.211019130297064,5.326930245035672,1.0,3.0,5.0,8.0,13.0,29.100000000000023,105.04999999999995
2025-11-02,SE-M,1,2025-11-09,0.0,24.795574926858812,6.7365975360033605,1.0,3.0,5.0,10.0,17.0,45.10000000000002,144.1249999999999
2025-11-02,SE-M,2,2025-11-16,0.0,36.37354387690875,9.196342724336166,1.0,4.0,7.0,13.0,29.0,74.10000000000002,209.07499999999993
2025-11-02,SE-M,3,2025-11-23,0.0,57.67490060791739,13.808378784926145,2.0,5.0,9.0,19.0,47.25,131.0,371.07499999999993
2025-11-02,SE-O,0,2025-11-02,1.0,57.96424710108734,22.723851859190496,13.0,18.0,24.0,34.0,54.0,114.20000000000005,275.07499999999993
2025-11-02,SE-O,1,2025-11-09,1.0,87.23490335476082,36.00928180117546,16.0,24.0,35.0,54.0,91.0,176.0,357.07499999999993
2025-11-02,SE-O,2,2025-11-16,1.0,148.90705647070854,64.37384351112097,20.0,34.0,55.0,97.0,174.0,318.30000000000007,620.0999999999999
2025-11-02,SE-O,3,2025-11-23,1.0,271.3487600422506,126.60780816873839,27.0,48.0,88.75,175.0,351.25,592.5000000000001,1072.3749999999995
2025-11-02,SE-O,0,2025-11-02,0.5,57.965601725962394,22.723851859190496,13.0,18.0,23.0,34.0,54.0,114.10000000000002,281.1249999999999
2025-11-02,SE-O,1,2025-11-09,0.5,87.25480085890348,36.00928180117546,16.0,24.0,34.0,56.0,92.0,174.4000000000001,360.17499999999984
2025-11-02,SE-O,2,2025-11-16,0.5,148.17651621559548,64.37384351112097,20.0,33.0,56.75,96.0,178.0,309.4000000000001,619.0749999999999
2025-11-02,SE-O,3,2025-11-23,0.5,265.5265921773502,126.60780816873839,28.950000000000003,50.0,92.75,175.5,336.0,570.1,1048.2999999999988
2025-11-02,SE-O,0,2025-11-02,0.0,57.96719043531218,22.723851859190496,13.0,18.0,24.75,35.0,52.25,113.10000000000002,271.27499999999975
2025-11-02,SE-O,1,2025-11-09,0.0,87.33724921476428,36.00928180117546,15.975000000000001,24.0,35.0,53.5,90.25,175.10000000000002,375.14999999999986
2025-11-02,SE-O,2,2025-11-16,0.0,148.4722502366982,64.37384351112097,20.0,33.0,57.0,97.0,175.25,311.0,624.05
2025-11-02,SE-O,3,2025-11-23,0.0,265.1340850063454,126.60780816873839,28.925000000000004,52.0,93.0,179.0,334.25,566.2,1038.1
2025-11-09,SE,0,2025-11-09,1.0,144.22972089972527,79.23108379057555,57.975,69.0,82.0,100.0,133.0,222.0,639.0
2025-11-09,SE,1,2025-11-16,1.0,173.43489692636476,96.45842546567489,58.0,74.0,93.0,124.5,183.0,284.1,641.0749999999999
2025-11-09,SE,2,2025-11-23,1.0,247.23621975028396,134.5049798046901,59.975,83.0,117.0,177.0,282.25,464.1,882.6249999999994
2025-11-09,SE,3,2025-11-30,1.0,396.51459746475643,200.2217878829392,60.0,97.0,153.0,262.0,476.0,820.3000000000001,1547.3249999999998
2025-11-09,SE,0,2025-11-09,0.5,144.22969327975105,79.23108379057555,59.0,70.0,82.0,102.0,133.0,228.20000000000005,610.2749999999997
2025-11-09,SE,1,2025-11-16,0.5,173.33299871951382,96.45842546567489,57.0,72.0,95.0,125.0,181.0,287.4000000000001,626.2249999999998
2025-11-09,SE,2,2025-11-23,0.5,245.3982701810214,134.5049798046901,61.0,86.0,118.0,175.5,283.25,447.1,825.4999999999995
2025-11-09,SE,3,2025-11-30,0.5,384.15684332017105,200.2217878829392,67.95,100.0,161.0,254.5,450.25,775.4000000000003,1465.3999999999996
2025-11-09,SE,0,2025-11-09,0.0,144.2300837607719,79.23108379057555,59.0,70.0,83.0,102.0,134.0,223.20000000000005,621.1749999999998
2025-11-09,SE,1,2025-11-16,0.0,173.3310028096944,96.45842546567489,58.0,74.0,93.0,125.0,180.25,286.1,642.2999999999997
2025-11-09,SE,2,2025-11-23,0.0,245.04230286161848,134.5049798046901,60.975,85.9,119.0,176.0,282.25,441.5000000000001,831.099999999999
2025-11-09,SE,3,2025-11-30,0.0,380.8647754760622,200.2217878829392,70.0,106.80000000000001,160.0,258.5,443.25,770.4000000000001,1507.049999999999
2025-11-09,SE-M,0,2025-11-09,1.0,24.506049895750287,10.699977734623447,4.0,7.0,10.0,15.0,23.0,43.0,120.12499999999989
2025-11-09,SE-M,1,2025-11-16,1.0,37.46950670096338,15.98848061951423,5.0,9.0,13.0,23.0,39.0,74.0,171.07499999999993
2025-11-09,SE-M,2,2025-11-23,1.0,66.68481590947943,27.26183385115152,6.0,11.0,20.0,37.0,72.0,147.10000000000002,280.025
2025-11-09,SE-M,3,2025-11-30,1.0,124.89003322136077,49.464182885763805,8.0,17.0,31.0,67.0,141.0,287.20000000000005,602.0
2025-11-09,SE-M,0,2025-11-09,0.5,24.50604287430992,10.699977734623447,4.0,7.0,10.0,15.0,24.0,42.0,123.12499999999989
2025-11-09,SE-M,1,2025-11-16,0.5,37.44466707378592,15.98848061951423,5.0,8.0,13.0,22.0,41.0,71.0,179.04999999999995
2025-11-09,SE-M,2,2025-11-23,0.5,66.18933453753448,27.26183385115152,7.0,11.0,19.0,38.0,71.0,145.0,283.0999999999999
2025-11-09,SE-M,3,2025-11-30,0.5,121.56903196440737,49.464182885763805,8.0,16.0,31.0,65.0,138.25,285.1,548.5499999999995
2025-11-09,SE-M,0,2025-11-09,0.0,24.506135522968194,10.699977734623447,4.0,6.0,10.0,15.0,24.0,42.0,115.02499999999998
2025-11-09,SE-M,1,2025-11-16,0.0,37.44708062320657,15.98848061951423,5.0,8.0,13.0,22.0,40.0,75.0,187.1249999999999
2025-11-09,SE-M,2,2025-11-23,0.0,66.14017401023962,27.26183385115152,6.0,12.0,20.0,39.0,72.0,144.10000000000002,288.025
2025-11-09,SE-M,3,2025-11-30,0.0,120.80420335015887,49.464182885763805,8.0,16.0,32.0,65.0,137.0,279.1,552.1749999999998
2025-11-09,SE-O,0,2025-11-09,1.0,45.4168097988613,20.520560706578873,11.0,15.900000000000006,21.0,30.0,45.0,83.10000000000002,184.02499999999998
2025-11-09,SE-O,1,2025-11-16,1.0,63.669592501520036,30.01593058288701,13.0,19.0,29.0,45.0,73.0,121.10000000000002,248.02499999999998
2025-11-09,SE-O,2,2025-11-23,1.0,103.45577609966668,49.31490564402655,15.0,25.0,41.0,72.0,126.0,218.0,377.2499999999998
2025-11-09,SE-O,3,2025-11-30,1.0,179.3934718359147,85.22125925997881,17.975,33.0,58.0,112.0,225.25,391.4000000000001,688.1499999999999
2025-11-09,SE-O,0,2025-11-09,0.5,45.41670210273017,20.520560706578873,10.975000000000001,15.0,21.0,31.0,44.0,89.10000000000002,184.02499999999998
2025-11-09,SE-O,1,2025-11-16,0.5,63.62271642132622,30.01593058288701,13.0,20.0,29.0,45.0,70.0,125.0,238.0
2025-11-09,SE-O,2,2025-11-23,0.5,102.63353539853918,49.31490564402655,16.975,26.900000000000006,41.0,70.5,124.25,216.20000000000005,383.17499999999984
2025-11-09,SE-O,3,2025-11-30,0.5,174.3887839875532,85.22125925997881,18.975,34.0,60.0,115.0,220.25,376.0,632.6499999999994
2025-11-09,SE-O,0,2025-11-09,0.0,45.41675544164947,20.520560706578873,10.975000000000001,15.0,22.0,30.0,45.0,86.0,177.0999999999999
2025-11-09,SE-O,1,2025-11-16,0.0,63.617504284926284,30.01593058288701,13.975000000000001,20.0,29.0,45.0,72.25,122.10000000000002,234.07499999999993
2025-11-09,SE-O,2,2025-11-23,0.0,102.45897385029814,49.31490564402655,16.0,25.0,42.0,70.5,122.0,219.0,395.07499999999993
2025-11-09,SE-O,3,2025-11-30,0.0,173.0169745124901,85.22125925997881,17.975,36.900000000000006,59.0,115.0,214.25,366.20000000000005,640.025
2025-11-16,SE,0,2025-11-16,1.0,108.53898357699947,62.32353466071568,46.0,54.0,64.0,80.0,105.0,166.20000000000005,371.39999999999964
2025-11-16,SE,1,2025-11-23,1.0,115.43489635404647,67.45931634876987,40.0,50.900000000000006,65.0,88.0,127.25,185.0,370.1249999999999
2025-11-16,SE,2,2025-11-30,1.0,149.3491478221906,85.05983833652903,40.0,55.0,75.0,111.5,174.0,267.30000000000007,494.17499999999984
2025-11-16,SE,3,2025-12-07,1.0,222.3746262364363,115.6296993514662,37.0,60.0,90.0,149.0,261.0,453.1,839.05
2025-11-16,SE,0,2025-11-16,0.5,108.53901505779034,62.32353466071568,46.0,55.0,64.0,80.0,107.0,170.10000000000002,384.2499999999998
2025-11-16,SE,1,2025-11-23,0.5,115.38257732979967,67.45931634876987,40.0,51.0,65.0,87.0,126.0,181.0,374.07499999999993
2025-11-16,SE,2,2025-11-30,0.5,148.25915223643258,85.05983833652903,38.0,56.0,74.0,108.0,176.25,272.1,482.14999999999986
2025-11-16,SE,3,2025-12-07,0.5,214.80577774849215,115.6296993514662,39.0,61.0,88.0,152.0,255.5,420.0,786.0749999999999
2025-11-16,SE,0,2025-11-16,0.0,108.53928012045508,62.32353466071568,45.0,54.0,64.0,79.0,105.0,170.10000000000002,384.04999999999995
2025-11-16,SE,1,2025-11-23,0.0,115.38408810317598,67.45931634876987,40.975,51.0,65.0,86.0,125.0,184.10000000000002,354.025
2025-11-16,SE,2,2025-11-30,0.0,147.99403151400435,85.05983833652903,41.0,55.0,74.0,109.0,177.0,267.20000000000005,478.14999999999986
2025-11-16,SE,3,2025-12-07,0.0,212.36740124721564,115.6296993514662,38.0,61.900000000000006,88.75,145.0,257.0,430.20000000000005,770.1749999999998
2025-11-16,SE-M,0,2025-11-16,1.0,23.77397782684771,11.562286872253908,4.0,7.0,11.0,16.0,24.0,42.0,101.04999999999995
2025-11-16,SE-M,1,2025-11-23,1.0,34.74445321827165,16.814297097953002,5.0,9.0,14.0,23.0,39.0,67.0,147.07499999999993
2025-11-16,SE-M,2,2025-11-30,1.0,59.938327714827054,27.662812675448606,8.0,12.0,20.0,37.0,69.0,129.0,232.0
2025-11-16,SE-M,3,2025-12-07,1.0,111.56852992349516,48.433264142384644,8.0,17.0,31.0,59.0,129.75,247.20000000000005,502.07499999999993
2025-11-16,SE-M,0,2025-11-16,0.5,23.773983953063464,11.562286872253908,5.0,7.0,11.0,16.0,25.0,41.0,103.12499999999989
2025-11-16,SE-M,1,2025-11-23,0.5,34.71898833824211,16.814297097953002,6.0,10.0,14.0,24.0,39.25,65.0,144.0
2025-11-16,SE-M,2,2025-11-30,0.5,59.35389663559267,27.662812675448606,8.0,13.0,21.0,37.0,68.0,127.0,230.1249999999999
2025-11-16,SE-M,3,2025-12-07,0.5,107.75697931662461,48.433264142384644,9.0,18.0,30.0,60.0,128.25,245.0,475.04999999999995
2025-11-16,SE-M,0,2025-11-16,0.0,23.774075555439804,11.562286872253908,5.0,7.0,11.0,16.0,25.0,43.0,100.07499999999993
2025-11-16,SE-M,1,2025-11-23,0.0,34.71686276965985,16.814297097953002,6.0,9.0,14.0,23.0,38.0,69.0,145.04999999999995
2025-11-16,SE-M,2,2025-11-30,0.0,59.174900393533655,27.662812675448606,8.0,12.0,21.0,36.0,69.0,131.0,232.04999999999995
2025-11-16,SE-M,3,2025-12-07,0.0,106.43757774960899,48.433264142384644,9.0,17.0,30.0,61.5,132.0,248.10000000000002,481.025
2025-11-16,SE-O,0,2025-11-16,1.0,26.64054422062483,13.104938483238605,6.0,9.0,13.0,19.0,29.0,49.0,98.09999999999991
2025-11-16,SE-O,1,2025-11-23,1.0,29.856812815081227,15.06652613763648,6.0,10.0,14.0,22.0,35.0,59.10000000000002,111.02499999999998
2025-11-16,SE-O,2,2025-11-30,1.0,41.287876647270366,20.200105374391207,6.0,10.0,17.0,28.0,50.0,87.10000000000002,144.0
2025-11-16,SE-O,3,2025-12-07,1.0,66.06168989790794,29.385518945642445,6.0,12.0,21.0,39.0,82.0,149.10000000000002,274.07499999999993
2025-11-16,SE-O,0,2025-11-16,0.5,26.64046849923673,13.104938483238605,6.0,9.0,14.0,19.0,28.0,47.0,103.14999999999986
2025-11-16,SE-O,1,2025-11-23,0.5,29.834894835988575,15.06652613763648,6.0,9.0,14.0,22.0,35.0,57.10000000000002,104.04999999999995
2025-11-16,SE-O,2,2025-11-30,0.5,40.897001308486736,20.200105374391207,6.0,11.0,17.0,28.0,51.0,85.10000000000002,140.14999999999986
2025-11-16,SE-O,3,2025-12-07,0.5,63.56341942926465,29.385518945642445,6.0,12.0,21.0,38.5,79.25,140.20000000000005,252.17499999999984
2025-11-16,SE-O,0,2025-11-16,0.0,26.640455467778818,13.104938483238605,6.0,9.0,13.0,20.0,28.0,48.0,102.0
2025-11-16,SE-O,1,2025-11-23,0.0,29.828089637027524,15.06652613763648,6.0,9.0,14.0,22.0,34.0,56.0,102.02499999999998
2025-11-16,SE-O,2,2025-11-30,0.0,40.74770294812039,20.200105374391207,6.0,10.0,16.0,28.5,50.0,85.0,138.0
2025-11-16,SE-O,3,2025-12-07,0.0,62.583891381654986,29.385518945642445,7.0,12.0,20.0,39.0,80.0,146.10000000000002,244.02499999999998
2025-11-23,SE,0,2025-11-23,1.0,152.9381178853807,92.50433859385146,67.0,78.9,94.0,115.5,155.0,236.10000000000002,531.1749999999998
2025-11-23,SE,1,2025-11-30,1.0,225.08918347271222,136.7349698622469,72.975,100.0,128.0,172.0,249.25,367.5000000000001,714.7499999999993
2025-11-23,SE,2,2025-12-07,1.0,365.0526923872097,211.29335516318153,87.95,122.0,172.75,273.0,432.25,689.3000000000001,1158.3999999999996
2025-11-23,SE,3,2025-12-14,1.0,639.2446039836384,334.2292694973527,92.0,145.9,241.5,416.5,785.0,1313.7000000000003,2525.649999999998
2025-11-23,SE,0,2025-11-23,0.5,152.9359682460766,92.50433859385146,65.0,80.0,94.0,116.0,156.0,234.0,516.3249999999997
2025-11-23,SE,1,2025-11-30,0.5,224.73531498890875,136.7349698622469,77.975,103.0,128.0,173.0,254.25,378.0,743.1499999999999
2025-11-23,SE,2,2025-12-07,0.5,359.96823990391573,211.29335516318153,83.95,124.9,177.0,265.5,422.0,678.3000000000001,1124.7749999999983
2025-11-23,SE,3,2025-12-14,0.5,608.9223661032457,334.2292694973527,94.975,152.9,243.75,404.0,754.5,1258.2,2227.7249999999976
2025-11-23,SE,0,2025-11-23,0.0,152.93439573652245,92.50433859385146,67.0,79.0,93.0,115.0,153.25,228.0,526.025
2025-11-23,SE,1,2025-11-30,0.0,224.53228279671814,136.7349698622469,75.95,100.0,127.0,170.0,252.0,373.20000000000005,747.0749999999999
2025-11-23,SE,2,2025-12-07,0.0,357.42483234213654,211.29335516318153,85.0,131.9,177.0,265.0,424.25,650.7000000000002,1167.2749999999996
2025-11-23,SE,3,2025-12-14,0.0,595.6796634581614,334.2292694973527,98.0,156.9,245.0,407.5,745.0,1220.4,2196.224999999999
2025-11-23,SE-M,0,2025-11-23,1.0,25.906458202484885,13.78960192863216,5.0,9.0,13.0,18.0,28.0,46.0,100.17499999999984
2025-11-23,SE-M,1,2025-11-30,1.0,42.206986025541845,22.409904539433487,7.975000000000001,13.0,19.0,30.0,49.0,82.10000000000002,154.02499999999998
2025-11-23,SE-M,2,2025-12-07,1.0,74.00984673144764,37.40629118346671,9.975000000000001,16.0,28.0,48.0,88.0,153.10000000000002,284.1999999999998
2025-11-23,SE-M,3,2025-12-14,1.0,132.16567579730258,63.34636615514521,10.975000000000001,22.0,41.0,78.0,160.25,307.20000000000005,599.025
2025-11-23,SE-M,0,2025-11-23,0.5,25.905751251607736,13.78960192863216,6.0,9.0,13.0,19.0,28.0,43.0,94.04999999999995
2025-11-23,SE-M,1,2025-11-30,0.5,42.113968683681975,22.409904539433487,8.0,13.0,19.0,29.0,49.0,80.10000000000002,153.0999999999999
2025-11-23,SE-M,2,2025-12-07,0.5,72.88093181431854,37.40629118346671,10.0,17.0,28.0,47.0,92.0,150.20000000000005,272.07499999999993
2025-11-23,SE-M,3,2025-12-14,0.5,126.59379686229201,63.34636615514521,11.0,21.900000000000006,41.0,74.5,159.25,282.0,539.2749999999997
2025-11-23,SE-M,0,2025-11-23,0.0,25.905159135609154,13.78960192863216,6.0,9.0,13.0,19.0,28.25,44.10000000000002,102.02499999999998
2025-11-23,SE-M,1,2025-11-30,0.0,42.05199287672952,22.409904539433487,9.0,12.0,19.0,30.0,49.25,81.0,155.07499999999993
2025-11-23,SE-M,2,2025-12-07,0.0,72.26327639887785,37.40629118346671,10.0,17.0,28.0,47.0,86.25,150.10000000000002,262.04999999999995
2025-11-23,SE-M,3,2025-12-14,0.0,124.00866975194387,63.34636615514521,11.0,22.0,40.0,77.0,159.0,273.4000000000001,525.025
2025-11-23,SE-O,0,2025-11-23,1.0,16.883329389753854,8.658893690327432,3.0,6.0,8.0,12.5,19.0,32.0,62.02499999999998
2025-11-23,SE-O,1,2025-11-30,1.0,19.90596660994142,10.262739260431724,3.0,6.0,9.0,15.0,24.0,38.0,66.0
2025-11-23,SE-O,2,2025-12-07,1.0,26.405922901599162,12.7990627298274,3.0,6.0,11.0,18.0,33.0,56.0,98.02499999999998
2025-11-23,SE-O,3,2025-12-14,1.0,38.66182323072657,16.42347405220495,3.0,6.0,12.0,22.0,46.25,87.10000000000002,184.04999999999995
2025-11-23,SE-O,0,2025-11-23,0.5,16.88300548233746,8.658893690327432,3.0,6.0,8.0,13.0,19.0,32.0,57.07499999999993
2025-11-23,SE-O,1,2025-11-30,0.5,19.870998103782505,10.262739260431724,3.0,5.0,9.0,15.0,24.0,39.0,63.0
2025-11-23,SE-O,2,2025-12-07,0.5,26.034051594813256,12.7990627298274,3.0,6.0,11.0,18.5,33.0,56.0,94.0
2025-11-23,SE-O,3,2025-12-14,0.5,36.8237582005423,16.42347405220495,2.0,7.0,12.0,22.0,44.0,80.0,160.04999999999995
2025-11-23,SE-O,0,2025-11-23,0.0,16.882725997735616,8.658893690327432,3.0,6.0,8.0,13.0,20.0,32.0,58.049999999999955
2025-11-23,SE-O,1,2025-11-30,0.0,19.8462752254202,10.262739260431724,3.0,6.0,9.0,15.0,24.0,39.0,67.0
2025-11-23,SE-O,2,2025-12-07,0.0,25.815515853715084,12.7990627298274,3.0,6.0,10.0,18.0,33.0,55.0,91.02499999999998
2025-11-23,SE-O,3,2025-12-14,0.0,35.91856186613368,16.42347405220495,2.0,6.0,11.0,22.0,43.0,81.0,149.04999999999995
2025-11-30,SE,0,2025-11-30,1.0,772.775177525427,473.4307437239739,352.975,421.0,492.0,599.0,797.25,1263.3000000000002,2401.7749999999983
2025-11-30,SE,1,2025-12-07,1.0,2024.4514195633635,1325.1593247941682,716.85,974.9,1235.0,1677.0,2361.75,3367.5,5357.899999999998
2025-11-30,SE,2,2025-12-14,1.0,4496.824377979153,3226.432643012825,1256.825,1867.7,2636.5,3758.5,5524.5,8180.200000000001,12166.349999999999
2025-11-30,SE,3,2025-12-21,1.0,7653.1361339069845,6428.881271006186,1764.4,2825.2,4279.0,6539.5,9710.75,14104.400000000001,19878.874999999996
2025-11-30,SE,0,2025-11-30,0.5,772.7590940741874,473.4307437239739,349.975,425.0,491.0,595.0,798.0,1287.3000000000002,2447.4749999999995
2025-11-30,SE,1,2025-12-07,0.5,2020.936718877022,1325.1593247941682,725.925,974.9,1230.75,1680.0,2345.75,3315.2000000000003,5437.799999999999
2025-11-30,SE,2,2025-12-14,0.5,4449.914681603916,3226.432643012825,1314.15,1857.9,2630.5,3771.5,5414.75,7874.7,12215.25
2025-11-30,SE,3,2025-12-21,0.5,7518.861100661127,6428.881271006186,1969.675,3003.7,4345.5,6558.0,9356.0,13285.1,19170.625
2025-11-30,SE,0,2025-11-30,0.0,772.7500768906984,473.4307437239739,356.95,423.9,494.0,594.5,793.5,1261.5,2464.1499999999996
2025-11-30,SE,1,2025-12-07,0.0,2019.4607709369925,1325.1593247941682,725.8,964.8,1222.75,1679.5,2330.0,3322.3000000000006,5436.25
2025-11-30,SE,2,2025-12-14,0.0,4430.898164876365,3226.432643012825,1306.375,1874.7,2637.5,3742.5,5343.25,7770.700000000001,12180.3
2025-11-30,SE,3,2025-12-21,0.0,7465.378471381715,6428.881271006186,1965.3500000000001,2992.4,4466.0,6490.0,9214.75,13141.900000000001,19281.675
2025-11-30,SE-M,0,2025-11-30,1.0,36.18160100725769,21.052447368904232,9.975000000000001,14.0,19.75,27.0,41.0,61.10000000000002,113.07499999999993
2025-11-30,SE-M,1,2025-12-07,1.0,66.21794063140445,38.49988134020401,13.0,22.0,33.0,49.0,80.0,124.0,205.14999999999986
2025-11-30,SE-M,2,2025-12-14,1.0,113.85945412493325,64.3027088881421,16.0,27.0,47.0,79.5,141.0,237.0,427.2249999999998
2025-11-30,SE-M,3,2025-12-21,1.0,183.30133685882146,102.72712813602666,17.0,35.0,60.75,117.0,228.0,416.1,729.2749999999997
2025-11-30,SE-M,0,2025-11-30,0.5,36.181273542294925,21.052447368904232,10.0,14.0,20.0,27.0,40.0,62.0,125.07499999999993
2025-11-30,SE-M,1,2025-12-07,0.5,66.13557919519343,38.49988134020401,14.975000000000001,22.0,31.0,49.0,78.0,125.10000000000002,207.17499999999984
2025-11-30,SE-M,2,2025-12-14,0.5,112.58746344318577,64.3027088881421,15.0,27.0,49.75,78.5,139.0,229.10000000000002,419.07499999999993
2025-11-30,SE-M,3,2025-12-21,0.5,177.34408015371451,102.72712813602666,18.0,34.0,63.0,117.0,228.0,384.20000000000005,671.1999999999998
2025-11-30,SE-M,0,2025-11-30,0.0,36.181145509365045,21.052447368904232,9.0,14.0,20.0,28.0,40.0,60.0,119.07499999999993
2025-11-30,SE-M,1,2025-12-07,0.0,66.10366175908867,38.49988134020401,14.0,22.0,32.0,48.5,79.0,122.10000000000002,212.04999999999995
2025-11-30,SE-M,2,2025-12-14,0.0,112.07808268244479,64.3027088881421,16.0,28.0,48.0,79.0,140.0,232.0,419.0999999999999
2025-11-30,SE-M,3,2025-12-21,0.0,175.03265556532355,102.72712813602666,18.0,35.0,64.0,118.0,219.0,384.0,644.2749999999997
2025-11-30,SE-O,0,2025-11-30,1.0,29.466385767048873,16.468058908374946,7.0,11.0,16.0,23.0,34.25,53.0,95.04999999999995
2025-11-30,SE-O,1,2025-12-07,1.0,46.602088894923725,25.67499753450185,8.0,15.0,22.0,35.0,58.0,87.10000000000002,151.0
2025-11-30,SE-O,2,2025-12-14,1.0,73.54134917478689,37.96844149036774,9.0,17.0,29.0,51.0,88.0,157.0,290.14999999999986
2025-11-30,SE-O,3,2025-12-21,1.0,116.60899954293309,54.99998974747787,9.0,20.0,35.0,70.5,140.0,254.0,520.0749999999999
2025-11-30,SE-O,0,2025-11-30,0.5,29.46625574375558,16.468058908374946,7.0,11.0,16.0,23.0,34.0,52.0,93.0
2025-11-30,SE-O,1,2025-12-07,0.5,46.55608534016644,25.67499753450185,8.0,15.0,22.75,35.0,56.0,89.0,155.0
2025-11-30,SE-O,2,2025-12-14,0.5,72.75437614453546,37.96844149036774,9.0,17.0,28.0,48.0,90.0,151.10000000000002,276.0999999999999
2025-11-30,SE-O,3,2025-12-21,0.5,112.3306683099914,54.99998974747787,8.0,19.0,35.0,67.0,137.0,244.10000000000002,489.59999999999945
2025-11-30,SE-O,0,2025-11-30,0.0,29.46625589486352,16.468058908374946,7.0,11.0,16.0,23.0,35.0,52.0,95.09999999999991
2025-11-30,SE-O,1,2025-12-07,0.0,46.541953184274284,25.67499753450185,9.0,14.0,23.0,35.0,56.0,88.0,153.0999999999999
2025-11-30,SE-O,2,2025-12-14,0.0,72.4634670468238,37.96844149036774,8.0,17.0,28.0,49.0,91.0,154.0,286.14999999999986
2025-11-30,SE-O,3,2025-12-21,0.0,110.7493507692661,54.99998974747787,8.0,20.0,36.0,67.0,135.25,238.10000000000002,483.0999999999999
2025-12-07,SE,0,2025-12-07,1.0,1240.8214384777589,860.9075661304405,669.775,791.0,901.75,1034.0,1271.0,1912.4,3054.324999999998
2025-12-07,SE,1,2025-12-14,1.0,2287.1042785006657,1699.8781603856755,1034.85,1334.7,1616.0,2019.5,2594.0,3458.8000000000006,4922.149999999996
2025-12-07,SE,2,2025-12-21,1.0,4072.2782535969,3252.3037828271335,1387.8,1958.8000000000002,2629.75,3602.5,4906.25,6700.0,9400.049999999992
2025-12-07,SE,3,2025-12-28,1.0,5097.095553749894,4487.090340705801,1353.65,1969.8,3031.25,4426.0,6416.75,9070.8,12839.47499999999
2025-12-07,SE,0,2025-12-07,0.5,1240.8110860193033,860.9075661304405,678.0,797.9,892.75,1035.5,1276.0,1913.1000000000004,3108.325
2025-12-07,SE,1,2025-12-14,0.5,2284.0879349539896,1699.8781603856755,1034.95,1324.0,1620.75,2008.0,2596.5,3460.2,5038.074999999998
2025-12-07,SE,2,2025-12-21,0.5,4038.3880569253574,3252.3037828271335,1435.625,1938.0,2657.25,3572.5,4866.25,6603.0,9078.875
2025-12-07,SE,3,2025-12-28,0.5,5021.050171197597,4487.090340705801,1446.0,2095.4,3101.5,4441.0,6230.5,8695.5,11805.099999999997
2025-12-07,SE,0,2025-12-07,0.0,1240.8073140927333,860.9075661304405,673.975,792.9,890.0,1028.5,1282.25,1899.3000000000002,3108.2
2025-12-07,SE,1,2025-12-14,0.0,2282.790258848777,1699.8781603856755,1040.95,1329.8,1630.75,2009.0,2598.0,3514.0,5036.274999999996
2025-12-07,SE,2,2025-12-21,0.0,4025.9650928839824,3252.3037828271335,1421.975,1994.4,2709.0,3569.0,4784.0,6433.400000000001,8947.149999999998
2025-12-07,SE,3,2025-12-28,0.0,5000.7295712541,4487.090340705801,1452.85,2112.0,3159.75,4459.0,6187.0,8346.300000000001,11867.9
2025-12-07,SE-M,0,2025-12-07,1.0,57.39694231590485,37.02964378209988,18.0,26.0,35.0,47.0,64.0,93.0,165.04999999999995
2025-12-07,SE-M,1,2025-12-14,1.0,88.05598631635813,57.90137886720092,22.975,35.900000000000006,51.0,72.0,107.0,150.0,244.04999999999995
2025-12-07,SE-M,2,2025-12-21,1.0,139.77049174721003,91.58375924991594,27.975,44.900000000000006,67.0,107.0,174.25,276.0,416.47499999999957
2025-12-07,SE-M,3,2025-12-28,1.0,176.09818094049064,117.93333215514284,21.975,41.0,73.0,127.5,224.0,363.1,591.4499999999996
2025-12-07,SE-M,0,2025-12-07,0.5,57.39653325443376,37.02964378209988,21.0,27.0,34.0,46.0,66.0,92.0,163.04999999999995
2025-12-07,SE-M,1,2025-12-14,0.5,87.94200528853894,57.90137886720092,23.0,35.0,50.0,72.0,107.0,151.0,244.04999999999995
2025-12-07,SE-M,2,2025-12-21,0.5,138.37754424110162,91.58375924991594,28.975,45.0,69.75,110.0,172.25,265.20000000000005,432.025
2025-12-07,SE-M,3,2025-12-28,0.5,171.98852492077586,117.93333215514284,24.975,44.0,76.0,126.0,219.0,360.30000000000007,572.2499999999998
2025-12-07,SE-M,0,2025-12-07,0.0,57.396354877438974,37.02964378209988,20.0,27.0,35.0,47.0,66.0,93.10000000000002,166.07499999999993
2025-12-07,SE-M,1,2025-12-14,0.0,87.88631114761174,57.90137886720092,24.0,35.0,51.0,71.0,105.0,153.0,241.02499999999998
2025-12-07,SE-M,2,2025-12-21,0.0,137.79782014933096,91.58375924991594,27.0,43.0,69.0,109.0,176.0,258.1,445.0
2025-12-07,SE-M,3,2025-12-28,0.0,170.69287091582459,117.93333215514284,23.0,44.900000000000006,76.0,131.0,216.25,343.5000000000001,577.025
2025-12-07,SE-O,0,2025-12-07,1.0,107.18548916719614,67.12963181037932,36.0,53.0,68.0,89.0,122.25,177.20000000000005,302.04999999999995
2025-12-07,SE-O,1,2025-12-14,1.0,187.54569656356674,122.85906574937337,51.975,78.0,109.0,153.5,228.5,327.1,526.0749999999999
2025-12-07,SE-O,2,2025-12-21,1.0,332.64304689009106,229.22743679514787,64.975,110.0,173.0,266.0,417.25,638.5000000000001,973.1999999999998
2025-12-07,SE-O,3,2025-12-28,1.0,430.17852103577286,329.71880984059464,62.975,115.9,196.75,336.0,567.5,852.1,1287.1
2025-12-07,SE-O,0,2025-12-07,0.5,107.1841110891191,67.12963181037932,37.0,53.0,68.0,90.0,121.0,178.10000000000002,300.07499999999993
2025-12-07,SE-O,1,2025-12-14,0.5,187.25110738369503,122.85906574937337,47.0,79.0,109.0,156.0,229.25,331.1,517.3499999999997
2025-12-07,SE-O,2,2025-12-21,0.5,329.4544662478427,229.22743679514787,60.0,114.0,172.75,263.5,414.25,623.7000000000002,919.2249999999998
2025-12-07,SE-O,3,2025-12-28,0.5,422.56136206149694,329.71880984059464,65.0,122.0,203.0,337.5,544.0,830.1,1243.4499999999996
2025-12-07,SE-O,0,2025-12-07,0.0,107.18326220312596,67.12963181037932,36.975,53.0,68.0,89.0,122.0,178.20000000000005,306.04999999999995
2025-12-07,SE-O,1,2025-12-14,0.0,187.09739493735486,122.85906574937337,48.95,78.0,109.75,155.0,227.0,326.30000000000007,517.025
2025-12-07,SE-O,2,2025-12-21,0.0,328.1202577617796,229.22743679514787,59.975,114.0,174.0,265.0,418.0,622.0,932.1499999999999
2025-12-07,SE-O,3,2025-12-28,0.0,420.37258945723477,329.71880984059464,65.9,120.9,210.75,339.0,541.5,831.0,1260.1
2025-12-14,SE,0,2025-12-14,1.0,1502.937495525261,1144.1825312771953,889.9,1036.9,1152.0,1321.0,1596.0,2103.4,3193.05
2025-12-14,SE,1,2025-12-21,1.0,2161.734222830892,1757.624157264483,1018.975,1327.7,1617.0,1977.5,2511.0,3118.8,4179.349999999999
2025-12-14,SE,2,2025-12-28,1.0,2635.8981885974445,2271.589830063423,886.475,1312.0,1758.25,2343.5,3226.75,4207.7,5843.25
2025-12-14,SE,3,2026-01-04,1.0,3415.4245926211443,3022.2011697670205,856.95,1366.5,2010.25,2995.0,4252.75,6078.200000000001,8791.375
2025-12-14,SE,0,2025-12-14,0.5,1502.9586154216297,1144.1825312771953,901.85,1041.9,1169.75,1326.0,1591.25,2121.0,3201.6749999999993
2025-12-14,SE,1,2025-12-21,0.5,2161.9506558089665,1757.624157264483,1026.9,1311.0,1611.0,1999.0,2500.25,3151.3,4147.65
2025-12-14,SE,2,2025-12-28,0.5,2629.6580974550693,2271.589830063423,885.9,1331.8,1738.75,2353.5,3219.5,4132.900000000001,5901.849999999999
2025-12-14,SE,3,2026-01-04,0.5,3385.8586596901378,3022.2011697670205,930.3000000000001,1445.8000000000002,2056.0,2981.0,4233.25,5856.6,8314.249999999996
2025-12-14,SE,0,2025-12-14,0.0,1502.9846432068434,1144.1825312771953,892.875,1040.9,1163.0,1313.5,1584.5,2099.2000000000003,3177.424999999999
2025-12-14,SE,1,2025-12-21,0.0,2163.3302278784768,1757.624157264483,1034.95,1333.7,1616.75,2001.5,2486.0,3151.0,4172.45
2025-12-14,SE,2,2025-12-28,0.0,2634.6088750808044,2271.589830063423,898.95,1357.2,1759.0,2368.5,3243.25,4121.5,5861.124999999999
2025-12-14,SE,3,2026-01-04,0.0,3393.0239119485423,3022.2011697670205,904.7750000000001,1458.6,2037.25,3002.5,4188.75,5715.6,8174.799999999997
2025-12-14,SE-M,0,2025-12-14,1.0,80.16737150160544,56.65619743027316,32.975,44.0,54.75,70.0,90.0,122.10000000000002,199.0
2025-12-14,SE-M,1,2025-12-21,1.0,116.08696922096422,84.63872183635091,35.975,52.900000000000006,73.0,100.0,141.0,195.10000000000002,303.0999999999999
2025-12-14,SE-M,2,2025-12-28,1.0,145.2605850189891,108.2439895623351,33.0,53.0,78.0,119.0,182.0,268.1,393.3499999999997
2025-12-14,SE-M,3,2026-01-04,1.0,196.71942706034753,147.3995992001523,33.0,58.0,91.75,154.0,250.25,383.1,614.025
2025-12-14,SE-M,0,2025-12-14,0.5,80.16853412462815,56.65619743027316,32.0,43.0,55.0,69.0,91.0,120.0,200.0999999999999
2025-12-14,SE-M,1,2025-12-21,0.5,116.11241421994069,84.63872183635091,37.975,52.900000000000006,73.0,101.0,143.25,198.0,307.025
2025-12-14,SE-M,2,2025-12-28,0.5,145.02327332111824,108.2439895623351,31.0,54.0,78.75,121.0,181.25,266.0,401.025
2025-12-14,SE-M,3,2026-01-04,0.5,195.18711247800147,147.3995992001523,33.975,59.0,92.0,152.0,249.25,372.0,609.025
2025-12-14,SE-M,0,2025-12-14,0.0,80.16996680954261,56.65619743027316,32.975,43.0,53.0,70.0,91.0,121.0,200.02499999999998
2025-12-14,SE-M,1,2025-12-21,0.0,116.20383465614388,84.63872183635091,37.0,52.0,71.0,101.0,142.0,195.10000000000002,307.07499999999993
2025-12-14,SE-M,2,2025-12-28,0.0,145.46403958635702,108.2439895623351,32.0,55.0,78.0,119.0,182.25,266.0,403.04999999999995
2025-12-14,SE-M,3,2026-01-04,0.0,196.08867624607427,147.3995992001523,35.0,63.0,95.0,151.0,251.0,375.0,623.1749999999998
2025-12-14,SE-O,0,2025-12-14,1.0,135.0465352042766,93.5982665903416,52.0,75.0,94.0,117.0,157.0,216.10000000000002,334.04999999999995
2025-12-14,SE-O,1,2025-12-21,1.0,208.43616616563895,152.39047117560875,58.900000000000006,97.0,134.0,185.0,252.25,348.1,509.04999999999995
2025-12-14,SE-O,2,2025-12-28,1.0,272.76024715777396,210.71765701307936,55.975,100.80000000000001,153.75,229.5,346.0,497.0,738.025
2025-12-14,SE-O,3,2026-01-04,1.0,371.5420159190772,299.1499118135735,55.0,112.0,183.0,301.5,481.25,703.0,1087.0749999999998
2025-12-14,SE-O,0,2025-12-14,0.5,135.04897263383444,93.5982665903416,53.0,74.0,92.75,117.0,155.0,216.10000000000002,345.025
2025-12-14,SE-O,1,2025-12-21,0.5,208.49176540907814,152.39047117560875,63.0,94.0,135.0,183.0,254.25,353.0,485.17499999999984
2025-12-14,SE-O,2,2025-12-28,0.5,272.29690925841396,210.71765701307936,57.975,99.9,153.75,228.0,340.0,487.0,738.0999999999999
2025-12-14,SE-O,3,2026-01-04,0.5,368.67695628318586,299.1499118135735,58.0,111.80000000000001,187.0,303.0,475.0,708.8000000000002,1078.4749999999995
2025-12-14,SE-O,0,2025-12-14,0.0,135.05190865755412,93.5982665903416,53.0,78.0,95.0,117.0,153.25,214.10000000000002,334.3249999999997
2025-12-14,SE-O,1,2025-12-21,0.0,208.67127874124833,152.39047117560875,55.95,96.0,135.0,183.0,251.0,352.1,509.14999999999986
2025-12-14,SE-O,2,2025-12-28,0.0,273.0803686142616,210.71765701307936,60.975,99.9,153.75,231.0,341.0,475.20000000000005,740.0
2025-12-14,SE-O,3,2026-01-04,0.0,370.0455776731266,299.1499118135735,57.0,115.9,187.75,303.0,480.0,710.1,1042.2999999999997
2025-12-21,SE,0,2025-12-21,1.0,2503.886377243242,2069.912094449638,1522.75,1827.0,2035.0,2307.0,2681.25,3381.9000000000005,4673.749999999999
2025-12-21,SE,1,2025-12-28,1.0,2984.330971806006,2686.771575287813,1301.9,1863.2,2337.5,2833.0,3502.25,4285.8,5297.1
2025-12-21,SE,2,2026-01-04,1.0,4047.4004077626337,3795.341643187459,1283.75,2117.3,2873.0,3767.0,4892.25,6497.6,8472.449999999999
2025-12-21,SE,3,2026-01-11,1.0,3157.401885582947,3098.9528889616163,651.9250000000001,1203.5,1846.5,2766.0,3939.0,5541.5,8195.174999999997
2025-12-21,SE,0,2025-12-21,0.5,2503.9066100390264,2069.912094449638,1505.4,1823.9,2035.0,2317.5,2692.75,3364.5,4699.249999999998
2025-12-21,SE,1,2025-12-28,0.5,2983.771679170373,2686.771575287813,1316.5,1855.8,2322.75,2839.5,3500.0,4315.400000000001,5302.5
2025-12-21,SE,2,2026-01-04,0.5,4036.1018594228512,3795.341643187459,1328.0750000000003,2152.0,2887.5,3765.0,4904.0,6400.1,8297.574999999997
2025-12-21,SE,3,2026-01-11,0.5,3117.236835829159,3098.9528889616163,638.875,1214.9,1905.5,2814.5,3922.25,5378.1,7658.0749999999925
2025-12-21,SE,0,2025-12-21,0.0,2503.9362694729684,2069.912094449638,1511.975,1806.7,2044.0,2315.5,2693.5,3382.8,4705.0
2025-12-21,SE,1,2025-12-28,0.0,2984.533442237934,2686.771575287813,1305.15,1852.6,2339.75,2838.5,3514.25,4296.900000000001,5317.05
2025-12-21,SE,2,2026-01-04,0.0,4037.256999844182,3795.341643187459,1277.6,2148.9,2892.5,3778.5,4855.75,6260.400000000001,8357.1
2025-12-21,SE,3,2026-01-11,0.0,3111.7195813921307,3098.9528889616163,650.4000000000001,1238.4,1928.25,2798.5,3958.75,5310.5,7876.0999999999985
2025-12-21,SE-M,0,2025-12-21,1.0,132.78145127327423,102.344195522716,62.0,78.9,97.0,121.0,152.0,196.0,285.07499999999993
2025-12-21,SE-M,1,2025-12-28,1.0,150.80739919022727,122.97753870989449,56.975,76.0,101.0,139.0,184.0,239.10000000000002,332.0
2025-12-21,SE-M,2,2026-01-04,1.0,207.86136439451872,172.97551374022123,52.0,89.0,125.75,180.0,262.0,361.30000000000007,522.1749999999998
2025-12-21,SE-M,3,2026-01-11,1.0,173.3203418760737,149.27249486246336,28.975,53.0,86.0,140.0,222.0,336.0,488.1249999999999
2025-12-21,SE-M,0,2025-12-21,0.5,132.78242525507574,102.344195522716,62.975,77.9,97.75,121.0,154.0,198.0,289.04999999999995
2025-12-21,SE-M,1,2025-12-28,0.5,150.7802697251484,122.97753870989449,52.95,75.0,102.0,137.5,182.0,240.10000000000002,335.1999999999998
2025-12-21,SE-M,2,2026-01-04,0.5,207.2354208661379,172.97551374022123,56.0,86.0,126.0,179.0,264.0,354.0,527.4999999999995
2025-12-21,SE-M,3,2026-01-11,0.5,170.75647194432216,149.27249486246336,29.950000000000003,55.0,88.0,141.0,222.0,319.0,494.025
2025-12-21,SE-M,0,2025-12-21,0.0,132.78387200446946,102.344195522716,61.975,79.9,97.0,121.0,151.0,192.10000000000002,276.04999999999995
2025-12-21,SE-M,1,2025-12-28,0.0,150.8234127089668,122.97753870989449,52.975,77.0,102.0,135.0,185.0,238.10000000000002,342.0
2025-12-21,SE-M,2,2026-01-04,0.0,207.3375950298336,172.97551374022123,55.975,86.0,128.0,178.0,263.25,354.0,538.1499999999999
2025-12-21,SE-M,3,2026-01-11,0.0,170.50362561179122,149.27249486246336,29.0,57.0,89.0,138.0,218.25,322.0,507.2499999999998
2025-12-21,SE-O,0,2025-12-21,1.0,232.6271425033463,177.4317208284287,90.95,141.9,176.0,214.5,263.25,347.1,514.05
2025-12-21,SE-O,1,2025-12-28,1.0,271.0093545612461,224.49604197930734,72.92500000000001,136.9,186.75,251.0,329.0,432.20000000000005,596.2999999999997
2025-12-21,SE-O,2,2026-01-04,1.0,378.1331561673816,328.7090176154485,75.9,153.9,235.75,333.5,481.0,657.1,926.05
2025-12-21,SE-O,3,2026-01-11,1.0,313.5918268428983,292.75225715693585,42.0,95.0,165.75,257.0,401.0,599.4000000000001,905.1749999999998
2025-12-21,SE-O,0,2025-12-21,0.5,232.62909714622506,177.4317208284287,95.0,140.9,174.0,213.0,261.0,350.0,489.0
2025-12-21,SE-O,1,2025-12-28,0.5,270.9635084111647,224.49604197930734,74.95,137.9,187.75,250.0,330.0,432.1,591.025
2025-12-21,SE-O,2,2026-01-04,0.5,377.0419002821263,328.7090176154485,71.975,149.8,237.0,332.0,482.25,648.3000000000001,922.0
2025-12-21,SE-O,3,2026-01-11,0.5,309.48908112302587,292.75225715693585,42.0,101.9,168.0,257.0,403.0,568.0,848.2749999999997
2025-12-21,SE-O,0,2025-12-21,0.0,232.6319183493103,177.4317208284287,92.92500000000001,141.0,175.75,214.0,262.25,351.1,488.0999999999999
2025-12-21,SE-O,1,2025-12-28,0.0,271.0452229356243,224.49604197930734,71.0,139.0,186.0,250.5,336.0,421.20000000000005,582.025
2025-12-21,SE-O,2,2026-01-04,0.0,377.2176922846753,328.7090176154485,75.95,157.0,238.25,337.0,486.25,645.2,876.3999999999996
2025-12-21,SE-O,3,2026-01-11,0.0,309.07571241960983,292.75225715693585,43.0,103.0,169.0,256.5,402.0,579.2,856.2749999999997
2025-12-28,SE,0,2025-12-28,1.0,1687.3980164137417,1630.0309785997188,792.85,1248.4,1456.0,1654.0,1882.25,2202.2,2616.2
2025-12-28,SE,1,2026-01-04,1.0,1777.9956559885068,1807.9342444876816,674.875,1147.9,1465.0,1765.5,2086.25,2423.0,2890.5999999999995
2025-12-28,SE,2,2026-01-11,1.0,1125.1500137192575,1212.4505786247878,274.9,552.0,801.5,1075.0,1391.25,1727.6000000000004,2378.5749999999994
2025-12-28,SE,3,2026-01-18,1.0,940.2554409738485,1015.7179319841983,140.95,303.8,522.0,784.0,1204.5,1647.4000000000003,2712.7249999999995
2025-12-28,SE,0,2025-12-28,0.5,1687.406135219179,1630.0309785997188,785.975,1237.5,1464.0,1655.5,1893.75,2211.7000000000003,2631.5249999999996
2025-12-28,SE,1,2026-01-04,0.5,1778.0068151674402,1807.9342444876816,664.875,1159.9,1462.75,1775.0,2091.5,2427.1,2859.45
2025-12-28,SE,2,2026-01-11,0.5,1122.2475662523457,1212.4505786247878,280.95,553.2,802.75,1079.5,1389.0,1729.2,2342.025
2025-12-28,SE,3,2026-01-18,0.5,923.7625894940714,1015.7179319841983,145.95,324.0,531.0,814.0,1164.25,1588.1,2542.6999999999985
2025-12-28,SE,0,2025-12-28,0.0,1687.4166277391275,1630.0309785997188,818.5,1230.0,1461.75,1656.0,1891.25,2206.2,2613.974999999999
2025-12-28,SE,1,2026-01-04,0.0,1778.385912535857,1807.9342444876816,681.9,1150.6,1469.75,1768.0,2082.0,2448.0,2869.125
2025-12-28,SE,2,2026-01-11,0.0,1122.6187992461867,1212.4505786247878,281.8,549.0,791.75,1093.5,1375.0,1724.4,2314.8499999999995
2025-12-28,SE,3,2026-01-18,0.0,919.8452607146529,1015.7179319841983,161.0,319.9,530.75,821.0,1160.25,1600.2000000000003,2420.2
2025-12-28,SE-M,0,2025-12-28,1.0,146.00139173200856,124.24832441808134,66.975,92.0,113.0,139.0,170.0,209.20000000000005,266.0
2025-12-28,SE-M,1,2026-01-04,1.0,187.06617972358973,165.4381396704965,65.0,103.9,136.0,174.0,224.25,284.0,384.025
2025-12-28,SE-M,2,2026-01-11,1.0,151.12222222887794,139.90043785985162,33.0,64.0,95.0,134.0,187.0,262.1,362.04999999999995
2025-12-28,SE-M,3,2026-01-18,1.0,154.10681452676278,144.01178186831558,21.0,47.900000000000006,75.0,121.0,197.25,301.20000000000005,473.07499999999993
2025-12-28,SE-M,0,2025-12-28,0.5,146.00221189700432,124.24832441808134,68.975,92.0,113.0,139.0,170.0,210.0,262.0
2025-12-28,SE-M,1,2026-01-04,0.5,187.05012171597355,165.4381396704965,64.0,104.0,137.0,177.0,226.0,287.0,371.025
2025-12-28,SE-M,2,2026-01-11,0.5,150.56009820103955,139.90043785985162,35.925000000000004,62.0,95.0,134.0,186.25,255.20000000000005,372.07499999999993
2025-12-28,SE-M,3,2026-01-18,0.5,151.1521460973005,144.01178186831558,23.0,48.0,76.0,126.0,192.0,288.20000000000005,442.17499999999984
2025-12-28,SE-M,0,2025-12-28,0.0,146.00334719237293,124.24832441808134,62.975,91.9,113.0,138.5,169.0,208.0,261.17499999999984
2025-12-28,SE-M,1,2026-01-04,0.0,187.09002678816788,165.4381396704965,69.0,105.9,136.0,177.0,225.25,284.0,378.025
2025-12-28,SE-M,2,2026-01-11,0.0,150.5568583337605,139.90043785985162,38.0,64.0,94.0,136.0,186.25,257.0,375.04999999999995
2025-12-28,SE-M,3,2026-01-18,0.0,150.47307007503002,144.01178186831558,23.0,47.0,77.0,125.0,191.25,284.0,444.1999999999998
2025-12-28,SE-O,0,2025-12-28,1.0,207.70511032916738,179.12838359753593,64.80000000000001,131.0,163.75,199.0,245.0,295.0,401.0
2025-12-28,SE-O,1,2026-01-04,1.0,251.63494641540268,228.99299750780102,60.0,139.0,188.0,240.0,310.25,385.0,495.04999999999995
2025-12-28,SE-O,2,2026-01-11,1.0,194.9285302505556,189.3463941137759,27.975,76.0,122.0,176.5,247.0,336.0,479.04999999999995
2025-12-28,SE-O,3,2026-01-18,1.0,197.22240801362793,196.31532923884924,20.975,53.0,94.75,159.5,253.0,376.20000000000005,586.3999999999996
2025-12-28,SE-O,0,2025-12-28,0.5,207.70613019157517,179.12838359753593,65.72500000000002,133.0,163.0,201.0,245.0,296.0,395.1249999999999
2025-12-28,SE-O,1,2026-01-04,0.5,251.61485710836055,228.99299750780102,57.0,137.9,186.0,242.0,307.0,377.0,500.0999999999999
2025-12-28,SE-O,2,2026-01-11,0.5,194.23828832696327,189.3463941137759,30.975,75.9,121.0,174.0,245.0,334.0,481.07499999999993
2025-12-28,SE-O,3,2026-01-18,0.5,193.5006744707171,196.31532923884924,21.975,52.900000000000006,96.0,162.0,248.25,370.0,590.4499999999996
2025-12-28,SE-O,0,2025-12-28,0.0,207.70755397920746,179.12838359753593,67.9,131.0,162.0,200.5,245.0,299.20000000000005,376.37499999999966
2025-12-28,SE-O,1,2026-01-04,0.0,251.66538873992977,228.99299750780102,57.975,137.0,187.0,238.0,304.0,379.0,499.07499999999993
2025-12-28,SE-O,2,2026-01-11,0.0,194.24313655700593,189.3463941137759,30.975,78.0,120.75,177.0,248.0,334.0,470.0
2025-12-28,SE-O,3,2026-01-18,0.0,192.65089011030844,196.31532923884924,19.975,54.0,98.0,161.5,249.0,363.20000000000005,592.0749999999999
2026-01-04,SE,0,2026-01-04,1.0,1913.8058543766085,1944.8500855250772,878.8,1345.6000000000001,1684.75,1938.0,2170.25,2472.3,2796.1
2026-01-04,SE,1,2026-01-11,1.0,1237.893921556599,1364.2676625957934,409.77500000000003,697.8,1004.0,1239.5,1483.75,1737.1000000000004,2085.1
2026-01-04,SE,2,2026-01-18,1.0,1019.7912013360128,1165.8982546465927,216.975,404.9,684.0,960.5,1286.0,1659.1000000000004,2239.974999999999
2026-01-04,SE,3,2026-01-25,1.0,1152.879834266614,1304.1187499949253,133.975,302.0,562.0,941.0,1477.75,2211.2,3356.974999999999
2026-01-04,SE,0,2026-01-04,0.5,1913.7978435993393,1944.8500855250772,879.925,1339.7,1691.75,1922.0,2172.5,2468.1,2798.225
2026-01-04,SE,1,2026-01-11,0.5,1237.1717615561422,1364.2676625957934,410.8,700.9,996.0,1230.0,1473.0,1735.8000000000002,2121.05
2026-01-04,SE,2,2026-01-18,0.5,1012.8145607815426,1165.8982546465927,218.9,428.0,685.0,957.5,1274.25,1637.8000000000002,2164.224999999998
2026-01-04,SE,3,2026-01-25,0.5,1120.9472682855221,1304.1187499949253,142.0,311.70000000000005,596.75,958.0,1444.0,2085.3,3054.9249999999993
2026-01-04,SE,0,2026-01-04,0.0,1913.7917850147462,1944.8500855250772,882.65,1346.9,1679.75,1927.0,2177.25,2466.0,2805.225
2026-01-04,SE,1,2026-01-11,0.0,1236.7535955581693,1364.2676625957934,417.875,703.9,1004.5,1237.5,1476.0,1736.4,2078.075
2026-01-04,SE,2,2026-01-18,0.0,1009.5592553964581,1165.8982546465927,217.95,434.9,681.75,956.5,1257.25,1620.0,2192.4249999999997
2026-01-04,SE,3,2026-01-25,0.0,1107.6226037070523,1304.1187499949253,149.975,324.40000000000003,604.5,958.0,1431.75,2019.0,2841.075
2026-01-04,SE-M,0,2026-01-04,1.0,211.74615926885954,193.41230248548402,95.975,139.0,167.75,204.0,248.0,290.20000000000005,351.07499999999993
2026-01-04,SE-M,1,2026-01-11,1.0,180.5292708265149,177.60236662264194,57.0,93.0,132.0,174.0,218.25,269.0,354.025
2026-01-04,SE-M,2,2026-01-18,1.0,185.65380676780916,188.84305007850054,35.95,71.9,111.75,166.0,235.0,321.0,485.04999999999995
2026-01-04,SE-M,3,2026-01-25,1.0,250.3756580755355,256.48214460775785,25.0,66.0,111.75,196.0,322.5,501.1,815.05
2026-01-04,SE-M,0,2026-01-04,0.5,211.74464615391935,193.41230248548402,95.875,137.9,170.0,206.0,247.0,291.0,362.04999999999995
2026-01-04,SE-M,1,2026-01-11,0.5,180.3842183698284,177.60236662264194,54.975,94.0,135.0,172.5,218.0,269.1,355.025
2026-01-04,SE-M,2,2026-01-18,0.5,184.15052072686154,188.84305007850054,34.95,72.0,113.0,161.0,232.0,315.1,469.0
2026-01-04,SE-M,3,2026-01-25,0.5,243.40986743397588,256.48214460775785,27.0,67.0,119.0,194.0,316.25,477.1,757.025
2026-01-04,SE-M,0,2026-01-04,0.0,211.7434748804929,193.41230248548402,94.0,139.0,169.75,204.0,246.0,288.0,359.0999999999999
2026-01-04,SE-M,1,2026-01-11,0.0,180.29858826486685,177.60236662264194,56.975,93.9,130.75,173.0,218.0,273.1,356.2249999999998
2026-01-04,SE-M,2,2026-01-18,0.0,183.4224796916017,188.84305007850054,40.975,72.9,113.0,165.0,231.25,312.1,453.07499999999993
2026-01-04,SE-M,3,2026-01-25,0.0,240.25897062479513,256.48214460775785,25.975,67.0,119.0,195.5,307.0,451.20000000000005,731.0749999999999
2026-01-04,SE-O,0,2026-01-04,1.0,158.3905624370809,155.39044997845903,38.975,93.0,127.0,156.0,192.0,228.0,275.0
2026-01-04,SE-O,1,2026-01-11,1.0,103.65615203967987,110.1986808508604,16.0,46.0,74.0,101.0,128.0,164.0,208.02499999999998
2026-01-04,SE-O,2,2026-01-18,1.0,88.75888381157186,97.1941457175854,10.0,30.0,51.0,79.0,113.25,160.0,245.02499999999998
2026-01-04,SE-O,3,2026-01-25,1.0,106.29821192317448,114.12103537572493,6.0,23.0,44.0,80.0,138.0,217.0,358.37499999999966
2026-01-04,SE-O,0,2026-01-04,0.5,158.38980462333458,155.39044997845903,39.975,93.0,127.75,159.5,191.0,228.0,271.0
2026-01-04,SE-O,1,2026-01-11,0.5,103.59117634004335,110.1986808508604,16.975,50.0,73.0,102.0,128.0,162.0,208.07499999999993
2026-01-04,SE-O,2,2026-01-18,0.5,88.11161970368752,97.1941457175854,10.0,29.0,51.0,78.5,112.0,152.0,241.02499999999998
2026-01-04,SE-O,3,2026-01-25,0.5,103.13941295904499,114.12103537572493,8.0,23.0,44.0,80.0,134.0,202.0,342.07499999999993
2026-01-04,SE-O,0,2026-01-04,0.0,158.38921222157904,155.39044997845903,36.0,95.0,129.0,159.0,191.0,229.10000000000002,275.0
2026-01-04,SE-O,1,2026-01-11,0.0,103.55256071928149,110.1986808508604,17.975,48.900000000000006,74.0,99.0,128.0,161.10000000000002,213.0
2026-01-04,SE-O,2,2026-01-18,0.0,87.8034223573809,97.1941457175854,8.0,30.0,51.0,77.0,112.25,154.0,237.07499999999993
2026-01-04,SE-O,3,2026-01-25,0.0,101.78950807036634,114.12103537572493,8.0,24.0,45.0,82.0,131.0,193.10000000000002,344.025
2026-01-11,SE,0,2026-01-11,1.0,1625.0553182981396,1751.7018526120935,637.6750000000001,1130.8,1435.0,1670.0,1866.0,2061.1,2319.075
2026-01-11,SE,1,2026-01-18,1.0,1537.92209925642,1766.8218509075887,400.20000000000005,790.9000000000001,1186.5,1533.0,1875.25,2245.3,2735.1499999999996
2026-01-11,SE,2,2026-01-25,1.0,1907.198118063593,2244.0390347590082,320.975,675.9,1140.0,1722.0,2451.0,3287.1,4426.424999999998
2026-01-11,SE,3,2026-02-01,1.0,2470.8764534953416,2861.8442999932968,257.825,626.8,1156.25,2005.0,3321.75,4955.3,6978.174999999997
2026-01-11,SE,0,2026-01-11,0.5,1625.0586504579262,1751.7018526120935,645.925,1122.9,1441.5,1679.0,1859.75,2053.1,2311.125
2026-01-11,SE,1,2026-01-18,0.5,1537.3359658394256,1766.8218509075887,402.6,808.0,1178.75,1532.0,1879.25,2249.1000000000004,2764.125
2026-01-11,SE,2,2026-01-25,0.5,1895.6129086585372,2244.0390347590082,340.5,699.1,1160.25,1716.5,2441.25,3275.3,4413.4
2026-01-11,SE,3,2026-02-01,0.5,2415.7617122279444,2861.8442999932968,266.825,639.0,1179.5,2022.0,3167.5,4690.900000000001,6635.724999999998
2026-01-11,SE,0,2026-01-11,0.0,1625.065161879317,1751.7018526120935,637.6750000000001,1119.8,1434.0,1672.0,1865.25,2059.1,2300.5499999999993
2026-01-11,SE,1,2026-01-18,0.0,1537.4950137183575,1766.8218509075887,427.37500000000006,813.9,1180.75,1534.0,1886.5,2239.1,2754.1
2026-01-11,SE,2,2026-01-25,0.0,1893.468809617342,2244.0390347590082,329.675,712.4000000000001,1183.0,1730.5,2451.25,3230.5,4307.775
2026-01-11,SE,3,2026-02-01,0.0,2398.3024218335927,2861.8442999932968,275.70000000000005,674.6,1239.75,2035.5,3165.5,4481.7,6722.075
2026-01-11,SE-M,0,2026-01-11,1.0,174.36517433695514,177.27554019427254,60.975,108.0,141.0,175.5,205.0,243.0,285.04999999999995
2026-01-11,SE-M,1,2026-01-18,1.0,180.72850542101867,194.66618934343052,43.0,86.0,125.0,174.0,224.25,282.0,372.025
2026-01-11,SE-M,2,2026-01-25,1.0,241.14246819366022,265.1828281465723,32.975,79.0,134.0,207.0,318.5,446.20000000000005,645.4499999999996
2026-01-11,SE-M,3,2026-02-01,1.0,322.42290828842647,352.66859930284943,25.950000000000003,76.0,140.0,255.5,440.5,671.3000000000001,986.8499999999992
2026-01-11,SE-M,0,2026-01-11,0.5,174.3652020954677,177.27554019427254,58.975,108.0,142.0,175.0,204.25,240.0,285.0999999999999
2026-01-11,SE-M,1,2026-01-18,0.5,180.62449641211913,194.66618934343052,43.0,87.0,124.0,173.0,226.0,282.0,368.07499999999993
2026-01-11,SE-M,2,2026-01-25,0.5,239.50020783552714,265.1828281465723,32.0,78.0,131.75,207.0,314.0,429.4000000000001,632.2749999999997
2026-01-11,SE-M,3,2026-02-01,0.5,315.59509645250586,352.66859930284943,28.0,77.9,143.0,250.0,425.5,633.1,962.2249999999989
2026-01-11,SE-M,0,2026-01-11,0.0,174.3656108549091,177.27554019427254,59.975,108.0,142.0,173.5,207.0,241.0,288.025
2026-01-11,SE-M,1,2026-01-18,0.0,180.61451712674884,194.66618934343052,40.975,88.9,125.75,175.0,227.0,283.0,366.1249999999999
2026-01-11,SE-M,2,2026-01-25,0.0,239.0274469295633,265.1828281465723,30.975,79.0,133.0,207.0,311.0,438.0,615.2749999999997
2026-01-11,SE-M,3,2026-02-01,0.0,312.93650011195336,352.66859930284943,29.0,81.9,146.0,251.5,425.25,605.1000000000005,983.3249999999997
2026-01-11,SE-O,0,2026-01-11,1.0,244.3286352895137,247.67346183492793,59.975,147.0,195.75,242.5,294.0,344.0,419.025
2026-01-11,SE-O,1,2026-01-18,1.0,289.43239886772915,315.24296354998427,46.975,129.9,193.0,268.0,365.5,473.1,619.0999999999999
2026-01-11,SE-O,2,2026-01-25,1.0,427.44743357712287,483.4821866772865,44.975,128.0,223.75,363.5,571.0,800.1,1110.1499999999999
2026-01-11,SE-O,3,2026-02-01,1.0,581.2882550046058,669.1600157237375,42.975,137.70000000000002,243.0,456.0,790.0,1202.6000000000001,1793.2499999999998
2026-01-11,SE-O,0,2026-01-11,0.5,244.32866104376075,247.67346183492793,57.925000000000004,147.9,198.0,243.0,293.25,345.0,418.025
2026-01-11,SE-O,1,2026-01-18,0.5,289.24201579307265,315.24296354998427,47.0,128.9,192.0,271.5,370.0,475.1,616.1999999999998
2026-01-11,SE-O,2,2026-01-25,0.5,424.62402889251905,483.4821866772865,46.95,137.8,224.0,367.5,561.5,788.4000000000001,1108.2999999999997
2026-01-11,SE-O,3,2026-02-01,0.5,570.9255068249337,669.1600157237375,45.975,139.0,249.75,465.0,772.25,1150.2,1746.2749999999996
2026-01-11,SE-O,0,2026-01-11,0.0,244.32936339832264,247.67346183492793,52.0,145.9,196.0,242.0,295.0,347.0,410.04999999999995
2026-01-11,SE-O,1,2026-01-18,0.0,289.2234644821463,315.24296354998427,44.975,129.9,195.0,273.0,367.0,469.1,629.0
2026-01-11,SE-O,2,2026-01-25,0.0,423.8492110155269,483.4821866772865,45.975,136.0,230.75,367.5,562.25,779.0,1137.0749999999998
2026-01-11,SE-O,3,2026-02-01,0.0,567.0468369837682,669.1600157237375,46.975,141.0,261.75,464.0,761.25,1116.6000000000001,1753.5249999999996
2026-01-18,SE,0,2026-01-18,1.0,1161.3631825483394,1408.0615548389349,405.1,736.4000000000001,1018.0,1213.5,1374.25,1492.0,1621.025
2026-01-18,SE,1,2026-01-25,1.0,1291.386563997757,1658.3543831751474,277.95,626.8,960.0,1269.0,1604.25,1956.3000000000002,2315.4249999999997
2026-01-18,SE,2,2026-02-01,1.0,1502.6260346520953,1945.5295562173055,241.0,555.3000000000001,909.25,1358.0,1958.0,2644.1,3564.974999999998
2026-01-18,SE,3,2026-02-08,1.0,1639.2567804224855,2053.8748393086985,176.925,438.0,781.0,1324.0,2159.0,3220.6000000000004,4859.724999999999
2026-01-18,SE,0,2026-01-18,0.5,1161.357340412047,1408.0615548389349,379.05000000000007,725.0,1009.0,1213.5,1363.0,1500.1,1635.0749999999998
2026-01-18,SE,1,2026-01-25,0.5,1290.3492531478148,1658.3543831751474,265.0,628.8,977.0,1283.0,1597.25,1939.1,2292.2749999999996
2026-01-18,SE,2,2026-02-01,0.5,1490.8938603269512,1945.5295562173055,247.975,547.0,920.5,1358.0,1937.0,2589.7000000000003,3439.8249999999994
2026-01-18,SE,3,2026-02-08,0.5,1598.0947679721737,2053.8748393086985,178.975,441.0,802.0,1346.5,2136.5,3150.6000000000004,4320.8499999999985
2026-01-18,SE,0,2026-01-18,0.0,1161.3542645215275,1408.0615548389349,377.02500000000003,732.0,1011.5,1216.5,1373.25,1497.2,1629.1
2026-01-18,SE,1,2026-01-25,0.0,1289.8538477243105,1658.3543831751474,265.975,636.9,961.75,1270.5,1610.25,1947.0,2288.225
2026-01-18,SE,2,2026-02-01,0.0,1485.1999078315212,1945.5295562173055,232.975,545.0,937.75,1357.5,1950.75,2598.1,3331.3749999999995
2026-01-18,SE,3,2026-02-08,0.0,1578.8930340298896,2053.8748393086985,177.75,463.9000000000001,826.0,1355.0,2149.5,3034.5000000000005,4110.375
2026-01-18,SE-M,0,2026-01-18,1.0,115.28997324971462,134.7421754293498,31.975,62.0,91.0,116.0,141.0,168.0,195.02499999999998
2026-01-18,SE-M,1,2026-01-25,1.0,139.82240686798812,170.84742101590604,24.0,55.0,92.0,130.0,182.25,233.10000000000002,306.025
2026-01-18,SE-M,2,2026-02-01,1.0,172.76565710414022,209.63313691301147,18.975,50.0,89.0,147.0,223.0,341.4000000000001,463.07499999999993
2026-01-18,SE-M,3,2026-02-08,1.0,192.58007521180426,224.27065114743885,13.0,37.900000000000006,80.0,146.0,252.25,413.0,629.2249999999998
2026-01-18,SE-M,0,2026-01-18,0.5,115.28887235460502,134.7421754293498,29.975,62.0,90.0,115.0,141.0,167.0,198.0
2026-01-18,SE-M,1,2026-01-25,0.5,139.6745202273487,170.84742101590604,20.0,55.0,91.75,131.0,180.0,235.10000000000002,301.025
2026-01-18,SE-M,2,2026-02-01,0.5,171.25859031804475,209.63313691301147,20.0,49.0,89.0,145.0,227.0,338.1,457.0999999999999
2026-01-18,SE-M,3,2026-02-08,0.5,187.76811689624031,224.27065114743885,13.0,40.0,80.0,145.0,250.25,399.4000000000001,556.0749999999999
2026-01-18,SE-M,0,2026-01-18,0.0,115.28808554140319,134.7421754293498,28.975,63.0,92.0,115.0,140.0,166.0,201.0
2026-01-18,SE-M,1,2026-01-25,0.0,139.5893992230423,170.84742101590604,22.975,53.0,93.0,130.5,178.0,236.0,298.025
2026-01-18,SE-M,2,2026-02-01,0.0,170.43919430467085,209.63313691301147,20.0,50.0,90.0,148.0,225.0,335.0,444.04999999999995
2026-01-18,SE-M,3,2026-02-08,0.0,185.29083306270638,224.27065114743885,15.0,40.0,81.0,148.0,252.0,386.0,552.0
2026-01-18,SE-O,0,2026-01-18,1.0,315.2087385275081,356.92051541779267,71.95,171.0,255.5,320.0,384.5,452.1,522.05
2026-01-18,SE-O,1,2026-01-25,1.0,502.55356410095294,607.0933708523353,77.0,202.8,329.5,478.5,635.25,842.0,1063.05
2026-01-18,SE-O,2,2026-02-01,1.0,686.1161181731447,837.1660702972001,78.95,211.9,382.75,613.0,890.5,1276.4000000000003,1700.0749999999998
2026-01-18,SE-O,3,2026-02-08,1.0,715.5830773519829,846.0313279280558,74.95,193.8,340.5,592.0,961.75,1402.6000000000001,2040.4499999999996
2026-01-18,SE-O,0,2026-01-18,0.5,315.20546007329744,356.92051541779267,72.95,180.9,254.0,322.0,384.0,452.20000000000005,525.025
2026-01-18,SE-O,1,2026-01-25,0.5,502.0617203024051,607.0933708523353,73.95,205.0,336.0,482.0,637.0,830.1,1060.2499999999998
2026-01-18,SE-O,2,2026-02-01,0.5,681.7612535578801,837.1660702972001,79.85000000000001,210.0,380.75,617.0,891.5,1274.1,1658.125
2026-01-18,SE-O,3,2026-02-08,0.5,706.3143439575788,846.0313279280558,76.92500000000001,197.8,340.75,598.0,936.0,1377.3000000000002,1904.099999999999
2026-01-18,SE-O,0,2026-01-18,0.0,315.20341606212315,356.92051541779267,67.95,177.0,255.75,320.0,381.0,447.0,521.0
2026-01-18,SE-O,1,2026-01-25,0.0,501.8081101241978,607.0933708523353,78.95,201.0,333.75,475.0,639.25,836.1,1038.05
2026-01-18,SE-O,2,2026-02-01,0.0,679.5284837770157,837.1660702972001,78.95,219.0,379.75,612.0,887.75,1250.1,1632.0749999999998
2026-01-18,SE-O,3,2026-02-08,0.0,701.7934107105408,846.0313279280558,80.975,197.0,344.75,591.5,935.5,1331.5,1877.025
2026-01-25,SE,0,2026-01-25,1.0,699.7061161431011,966.272842172983,195.975,394.9,562.0,731.0,851.25,955.0,1061.0749999999998
2026-01-25,SE,1,2026-02-01,1.0,578.6627791789452,829.9026071800888,120.85000000000001,270.9,412.0,572.0,731.0,887.1,1110.025
2026-01-25,SE,2,2026-02-08,1.0,489.96825342106996,703.2501500606332,80.95,182.8,292.0,443.5,628.25,851.1,1167.1
2026-01-25,SE,3,2026-02-15,1.0,416.92104780348586,578.7233763351699,49.0,124.80000000000001,203.0,332.5,535.5,807.1,1255.2499999999998
2026-01-25,SE,0,2026-01-25,0.5,699.6988050204252,966.272842172983,190.975,377.0,568.0,738.0,850.0,955.0,1070.1499999999999
2026-01-25,SE,1,2026-02-01,0.5,578.1084202948646,829.9026071800888,123.975,269.8,411.0,572.0,728.25,892.4000000000001,1095.7749999999992
2026-01-25,SE,2,2026-02-08,0.5,486.4844518112722,703.2501500606332,80.975,182.9,294.0,443.0,629.25,835.1,1183.225
2026-01-25,SE,3,2026-02-15,0.5,407.86666133445465,578.7233763351699,51.95,126.9,201.0,341.0,540.0,780.4000000000001,1184.125
2026-01-25,SE,0,2026-01-25,0.0,699.6924855922606,966.272842172983,194.9,385.9,567.5,729.5,854.25,953.1,1073.025
2026-01-25,SE,1,2026-02-01,0.0,577.7187746117173,829.9026071800888,120.0,265.70000000000005,405.0,570.5,726.25,887.0,1103.1999999999998
2026-01-25,SE,2,2026-02-08,0.0,484.5599039248524,703.2501500606332,79.95,186.0,291.75,444.5,621.5,824.0,1150.05
2026-01-25,SE,3,2026-02-15,0.0,403.9497408176496,578.7233763351699,54.95,126.9,208.0,338.5,530.25,767.0,1150.6749999999993
2026-01-25,SE-M,0,2026-01-25,1.0,122.53047756314757,156.11923734333817,26.950000000000003,62.0,94.0,122.0,151.0,178.0,213.0
2026-01-25,SE-M,1,2026-02-01,1.0,137.50572396412423,179.68637068440336,20.0,53.0,88.0,129.0,176.0,233.0,296.025
2026-01-25,SE-M,2,2026-02-08,1.0,149.12755396721556,190.97403434708974,14.0,42.0,77.0,126.0,190.25,279.1,404.07499999999993
2026-01-25,SE-M,3,2026-02-15,1.0,150.1827144256569,183.5157855874496,11.975000000000001,31.900000000000006,64.75,116.5,196.0,303.4000000000001,489.2999999999997
2026-01-25,SE-M,0,2026-01-25,0.5,122.52824650323065,156.11923734333817,25.0,61.900000000000006,95.0,124.0,152.0,183.10000000000002,215.02499999999998
2026-01-25,SE-M,1,2026-02-01,0.5,137.31716835665873,179.68637068440336,19.975,55.0,89.0,129.5,177.25,233.0,298.04999999999995
2026-01-25,SE-M,2,2026-02-08,0.5,147.87079510717268,190.97403434708974,18.0,44.0,79.75,128.0,193.0,282.20000000000005,392.07499999999993
2026-01-25,SE-M,3,2026-02-15,0.5,147.0840864032576,183.5157855874496,11.0,33.0,63.75,115.0,195.25,301.30000000000007,468.025
2026-01-25,SE-M,0,2026-01-25,0.0,122.52629751045724,156.11923734333817,25.0,60.900000000000006,93.0,124.0,152.25,180.10000000000002,212.0
2026-01-25,SE-M,1,2026-02-01,0.0,137.18180619668223,179.68637068440336,23.0,51.900000000000006,88.0,127.0,177.0,239.10000000000002,302.025
2026-01-25,SE-M,2,2026-02-08,0.0,147.149040194945,190.97403434708974,16.0,43.0,79.0,127.0,194.0,283.0,397.025
2026-01-25,SE-M,3,2026-02-15,0.0,145.69578126972735,183.5157855874496,10.0,34.0,66.0,113.0,186.5,302.1,436.025
2026-01-25,SE-O,0,2026-01-25,1.0,148.0686216092488,207.53541595327573,26.0,68.0,107.75,149.0,187.0,230.10000000000002,292.025
2026-01-25,SE-O,1,2026-02-01,1.0,144.48346313099555,207.5292131607735,16.975,54.0,87.75,133.0,189.25,247.10000000000002,325.17499999999984
2026-01-25,SE-O,2,2026-02-08,1.0,138.93932525683445,194.748054988218,14.0,39.900000000000006,69.75,116.0,178.0,270.0,382.04999999999995
2026-01-25,SE-O,3,2026-02-15,1.0,126.68574643781757,167.79764249947812,8.975000000000001,29.0,51.0,95.5,170.25,254.0,422.2249999999998
2026-01-25,SE-O,0,2026-01-25,0.5,148.06644178732728,207.53541595327573,25.0,69.0,109.0,147.0,186.0,232.10000000000002,286.025
2026-01-25,SE-O,1,2026-02-01,0.5,144.31535719524442,207.5292131607735,21.0,54.0,88.0,132.0,187.0,248.0,318.1249999999999
2026-01-25,SE-O,2,2026-02-08,0.5,137.92170035546138,194.748054988218,15.975000000000001,40.900000000000006,67.0,117.5,179.0,267.20000000000005,384.025
2026-01-25,SE-O,3,2026-02-15,0.5,124.34488982063189,167.79764249947812,11.975000000000001,28.0,52.75,94.0,162.25,250.20000000000005,410.0999999999999
2026-01-25,SE-O,0,2026-01-25,0.0,148.06453749540842,207.53541595327573,29.0,68.0,107.0,148.0,187.0,232.0,286.04999999999995
2026-01-25,SE-O,1,2026-02-01,0.0,144.19549062183532,207.5292131607735,21.0,54.0,86.0,135.5,189.0,247.0,332.0
2026-01-25,SE-O,2,2026-02-08,0.0,137.36088869730494,194.748054988218,15.975000000000001,40.0,69.0,115.5,175.0,276.0,385.1249999999999
2026-01-25,SE-O,3,2026-02-15,0.0,123.40932058528016,167.79764249947812,11.975000000000001,30.0,52.0,93.0,164.25,243.10000000000002,416.025
2026-02-01,SE,0,2026-02-01,1.0,576.6718714897754,840.7559411164109,129.875,300.9,449.75,595.0,726.0,813.3000000000001,928.025
2026-02-01,SE,1,2026-02-08,1.0,485.58415933052953,728.0100068147672,88.92500000000001,211.8,345.0,481.0,627.0,744.0,941.0999999999999
2026-02-01,SE,2,2026-02-15,1.0,403.54146870303816,603.8441538497423,55.95,152.0,249.0,366.5,523.25,693.0,978.2749999999997
2026-02-01,SE,3,2026-02-22,1.0,324.43404365877535,469.7019436546375,38.0,96.0,171.0,270.0,411.0,626.2,970.124999999999
2026-02-01,SE,0,2026-02-01,0.5,576.6765142194687,840.7559411164109,129.9,300.0,452.0,597.0,724.0,818.0,923.0749999999999
2026-02-01,SE,1,2026-02-08,0.5,485.68367109869666,728.0100068147672,89.975,217.9,343.0,480.0,622.0,761.1,938.025
2026-02-01,SE,2,2026-02-15,0.5,402.8638278000043,603.8441538497423,56.925000000000004,152.8,246.0,369.0,516.25,685.1,956.3749999999997
2026-02-01,SE,3,2026-02-22,0.5,320.4746296571145,469.7019436546375,36.0,98.9,171.0,273.0,406.25,607.0,947.2999999999997
2026-02-01,SE,0,2026-02-01,0.0,576.6820492958411,840.7559411164109,121.975,300.9,454.0,596.5,723.25,820.1,916.025
2026-02-01,SE,1,2026-02-08,0.0,485.92627864448366,728.0100068147672,91.95,212.70000000000002,341.0,480.0,620.25,761.0,925.1249999999999
2026-02-01,SE,2,2026-02-15,0.0,403.4891408824879,603.8441538497423,55.975,151.8,241.75,373.0,515.25,706.0,948.1999999999998
2026-02-01,SE,3,2026-02-22,0.0,320.429915521144,469.7019436546375,34.975,97.9,170.75,271.5,412.5,606.4000000000001,913.1749999999998
2026-02-01,SE-M,0,2026-02-01,1.0,108.64915036449516,150.91290332646042,19.950000000000003,53.0,80.0,107.0,136.0,163.0,198.04999999999995
2026-02-01,SE-M,1,2026-02-08,1.0,109.96131581391786,154.49786248740017,15.0,42.0,71.0,103.0,142.0,184.0,249.02499999999998
2026-02-01,SE-M,2,2026-02-15,1.0,103.37959552514747,141.89404034786455,11.975000000000001,32.0,57.0,87.0,134.0,190.0,275.0999999999999
2026-02-01,SE-M,3,2026-02-22,1.0,90.09242407972158,117.46726011941536,6.975000000000001,22.0,41.0,71.0,121.0,179.0,285.0
2026-02-01,SE-M,0,2026-02-01,0.5,108.6503881241071,150.91290332646042,20.925000000000004,52.900000000000006,79.0,110.0,137.0,165.0,193.04999999999995
2026-02-01,SE-M,1,2026-02-08,0.5,109.99157005514697,154.49786248740017,15.975000000000001,43.900000000000006,70.0,102.0,141.0,181.0,247.17499999999984
2026-02-01,SE-M,2,2026-02-15,0.5,103.22789981674639,141.89404034786455,10.975000000000001,32.0,57.0,89.0,134.0,186.0,276.0
2026-02-01,SE-M,3,2026-02-22,0.5,89.1119296781192,117.46726011941536,7.0,22.0,42.0,71.5,118.25,175.10000000000002,272.1249999999999
2026-02-01,SE-M,0,2026-02-01,0.0,108.65185005635331,150.91290332646042,20.0,54.0,80.0,110.0,138.0,164.0,198.02499999999998
2026-02-01,SE-M,1,2026-02-08,0.0,110.05896755435384,154.49786248740017,17.0,45.900000000000006,70.0,102.0,142.0,185.10000000000002,256.025
2026-02-01,SE-M,2,2026-02-15,0.0,103.41217789632847,141.89404034786455,9.975000000000001,32.0,56.75,89.0,135.0,195.0,284.025
2026-02-01,SE-M,3,2026-02-22,0.0,89.11640666667418,117.46726011941536,8.0,22.0,43.0,73.0,119.25,176.0,273.025
2026-02-01,SE-O,0,2026-02-01,1.0,83.65648309667745,126.4159377139551,16.950000000000003,42.0,59.0,82.0,107.0,131.0,165.0
2026-02-01,SE-O,1,2026-02-08,1.0,67.51359558706073,101.22548328213935,7.975000000000001,28.0,42.0,62.0,87.0,113.10000000000002,151.02499999999998
2026-02-01,SE-O,2,2026-02-15,1.0,52.007095672957924,74.8929838268289,6.975000000000001,18.0,28.0,45.0,68.0,98.0,142.0
2026-02-01,SE-O,3,2026-02-22,1.0,35.85616220784985,48.271666263296915,3.0,10.0,17.0,29.0,48.0,75.0,114.0
2026-02-01,SE-O,0,2026-02-01,0.5,83.65727515353748,126.4159377139551,14.0,42.900000000000006,60.0,82.0,107.0,131.10000000000002,164.0
2026-02-01,SE-O,1,2026-02-08,0.5,67.53576159875584,101.22548328213935,9.0,29.900000000000006,42.75,61.0,87.0,113.0,154.04999999999995
2026-02-01,SE-O,2,2026-02-15,0.5,51.978362911974756,74.8929838268289,5.0,17.0,29.0,45.0,69.0,98.10000000000002,135.02499999999998
2026-02-01,SE-O,3,2026-02-22,0.5,35.567701019406634,48.271666263296915,4.0,9.0,16.0,29.0,46.0,71.10000000000002,110.02499999999998
2026-02-01,SE-O,0,2026-02-01,0.0,83.65818578659481,126.4159377139551,14.0,39.900000000000006,59.0,83.0,108.0,131.0,163.04999999999995
2026-02-01,SE-O,1,2026-02-08,0.0,67.57552742727435,101.22548328213935,9.975000000000001,29.0,42.0,62.0,86.0,113.10000000000002,155.02499999999998
2026-02-01,SE-O,2,2026-02-15,0.0,52.09261108954391,74.8929838268289,6.975000000000001,17.900000000000006,27.75,46.0,71.0,98.0,140.02499999999998
2026-02-01,SE-O,3,2026-02-22,0.0,35.628196310226805,48.271666263296915,3.0,10.0,17.0,30.0,46.25,71.0,111.02499999999998
2026-02-08,SE,0,2026-02-08,1.0,829.4771552179138,1236.6584551472886,125.92500000000001,346.0,652.0,860.5,1056.25,1194.1,1351.1
2026-02-08,SE,1,2026-02-15,1.0,898.1203574094366,1372.5233218405174,108.975,327.6,637.5,889.5,1151.0,1420.2,1740.0749999999998
2026-02-08,SE,2,2026-02-22,1.0,888.6181343957273,1345.9312255479465,85.875,282.5,550.0,824.0,1178.5,1574.2,2068.05
2026-02-08,SE,3,2026-03-01,1.0,790.1626024651932,1152.2347874693778,61.95,197.0,430.75,672.0,1059.25,1519.0,2142.0
2026-02-08,SE,0,2026-02-08,0.5,829.4663995337424,1236.6584551472886,129.975,356.30000000000007,654.75,852.5,1060.75,1201.2,1355.0749999999998
2026-02-08,SE,1,2026-02-15,0.5,897.1891184063919,1372.5233218405174,107.9,332.0,642.0,887.0,1153.75,1431.1,1735.05
2026-02-08,SE,2,2026-02-22,0.5,882.1683599134075,1345.9312255479465,82.975,278.9,562.0,819.5,1150.0,1544.6000000000001,2007.1499999999999
2026-02-08,SE,3,2026-03-01,0.5,773.2805419466082,1152.2347874693778,60.0,210.70000000000002,431.75,680.5,1039.5,1450.4,2021.05
2026-02-08,SE,0,2026-02-08,0.0,829.4575401304155,1236.6584551472886,131.975,360.70000000000005,657.75,859.5,1052.25,1201.1,1338.125
2026-02-08,SE,1,2026-02-15,0.0,896.5910994549116,1372.5233218405174,107.875,331.9,640.0,884.5,1157.25,1427.4,1737.05
2026-02-08,SE,2,2026-02-22,0.0,878.9031728684981,1345.9312255479465,89.0,279.9,555.5,829.0,1145.0,1522.3000000000002,2032.225
2026-02-08,SE,3,2026-03-01,0.0,766.349860005098,1152.2347874693778,60.975,201.9,428.75,681.0,1014.25,1429.4,1995.1499999999999
2026-02-08,SE-M,0,2026-02-08,1.0,150.70461329801458,211.767308614028,19.0,70.9,114.0,154.0,190.0,227.0,276.025
2026-02-08,SE-M,1,2026-02-15,1.0,159.37965776143352,224.45005554170643,19.975,62.0,106.0,153.5,205.0,258.1,343.04999999999995
2026-02-08,SE-M,2,2026-02-22,1.0,148.38213733421208,202.00647715736585,16.975,47.900000000000006,86.0,134.0,194.25,263.1,365.0999999999999
2026-02-08,SE-M,3,2026-03-01,1.0,113.38411445429581,145.32321779976502,9.975000000000001,30.0,58.0,97.5,149.0,215.10000000000002,303.0
2026-02-08,SE-M,0,2026-02-08,0.5,150.70269988636775,211.767308614028,19.0,70.0,113.0,152.5,188.0,226.0,273.04999999999995
2026-02-08,SE-M,1,2026-02-15,0.5,159.22751202605198,224.45005554170643,18.0,62.0,107.0,151.0,200.0,261.0,342.025
2026-02-08,SE-M,2,2026-02-22,0.5,147.44242618131418,202.00647715736585,15.975000000000001,47.900000000000006,86.75,134.5,194.0,257.1,364.04999999999995
2026-02-08,SE-M,3,2026-03-01,0.5,111.4760561422982,145.32321779976502,7.0,32.0,58.0,97.0,145.0,206.10000000000002,300.17499999999984
2026-02-08,SE-M,0,2026-02-08,0.0,150.70110865866192,211.767308614028,21.900000000000006,70.0,113.0,154.0,189.0,230.0,274.0999999999999
2026-02-08,SE-M,1,2026-02-15,0.0,159.12782204639612,224.45005554170643,18.975,60.80000000000001,106.0,152.0,202.0,256.0,335.025
2026-02-08,SE-M,2,2026-02-22,0.0,146.95027969751106,202.00647715736585,13.975000000000001,50.900000000000006,87.0,133.5,189.0,264.1,360.0
2026-02-08,SE-M,3,2026-03-01,0.0,110.6563171672351,145.32321779976502,9.975000000000001,32.900000000000006,60.0,95.0,143.0,203.10000000000002,296.17499999999984
2026-02-08,SE-O,0,2026-02-08,1.0,120.98726022780916,188.3644933475676,17.975,48.900000000000006,82.0,116.0,155.0,190.10000000000002,238.04999999999995
2026-02-08,SE-O,1,2026-02-15,1.0,114.94708541461024,179.45568917753718,13.0,41.900000000000006,71.0,107.0,150.0,198.10000000000002,263.0
2026-02-08,SE-O,2,2026-02-22,1.0,92.24320557100856,139.4539744692934,8.0,30.0,52.0,80.0,122.25,169.0,237.02499999999998
2026-02-08,SE-O,3,2026-03-01,1.0,67.1647385229585,95.05802973369622,4.0,17.0,32.0,54.0,88.0,139.0,194.04999999999995
2026-02-08,SE-O,0,2026-02-08,0.5,120.98590751402499,188.3644933475676,18.0,50.0,83.0,117.5,157.0,194.10000000000002,237.1249999999999
2026-02-08,SE-O,1,2026-02-15,0.5,114.84989011027658,179.45568917753718,13.975000000000001,44.0,70.0,106.0,152.0,199.0,264.07499999999993
2026-02-08,SE-O,2,2026-02-22,0.5,91.72838288777116,139.4539744692934,9.0,29.0,50.0,81.0,121.0,170.10000000000002,234.07499999999993
2026-02-08,SE-O,3,2026-03-01,0.5,65.96005925100252,95.05802973369622,4.975000000000001,17.0,32.0,53.0,87.0,134.0,189.0
2026-02-08,SE-O,0,2026-02-08,0.0,120.98477556592617,188.3644933475676,15.975000000000001,50.900000000000006,82.0,117.0,155.0,193.10000000000002,234.0
2026-02-08,SE-O,1,2026-02-15,0.0,114.7853167183275,179.45568917753718,14.0,41.0,71.0,106.0,151.0,199.0,267.025
2026-02-08,SE-O,2,2026-02-22,0.0,91.4601594161944,139.4539744692934,9.0,29.0,51.0,78.5,120.0,171.10000000000002,232.04999999999995
2026-02-08,SE-O,3,2026-03-01,0.0,65.47355436720623,95.05802973369622,5.0,17.900000000000006,33.0,54.0,86.0,131.0,185.02499999999998
2026-02-15,SE,0,2026-02-15,1.0,1151.9478060419153,1775.3270297853094,136.0,477.6,922.5,1213.5,1483.25,1685.0,1852.025
2026-02-15,SE,1,2026-02-22,1.0,1287.7817203942313,2008.3304194150567,124.95,449.30000000000007,935.75,1303.0,1667.25,2019.3000000000002,2398.025
2026-02-15,SE,2,2026-03-01,1.0,1242.4527280109055,1894.761472029377,91.0,354.8,806.75,1172.0,1606.25,2127.2,2715.8249999999994
2026-02-15,SE,3,2026-03-08,1.0,1082.617858014277,1560.4091778730474,68.975,286.40000000000003,620.75,969.5,1431.5,1999.2,2850.1499999999996
2026-02-15,SE,0,2026-02-15,0.5,1151.9544974952144,1775.3270297853094,138.82500000000002,454.9,908.0,1216.0,1475.5,1688.3000000000002,1844.225
2026-02-15,SE,1,2026-02-22,0.5,1287.6880367279505,2008.3304194150567,132.8,453.8,945.0,1308.0,1655.0,2015.4000000000003,2370.075
2026-02-15,SE,2,2026-03-01,0.5,1238.8518005454391,1894.761472029377,87.0,357.70000000000005,811.75,1172.5,1619.25,2115.8,2664.05
2026-02-15,SE,3,2026-03-08,0.5,1067.3750569627123,1560.4091778730474,62.975,288.6,636.75,960.0,1412.0,1934.7000000000003,2635.45
2026-02-15,SE,0,2026-02-15,0.0,1151.9637071560467,1775.3270297853094,134.85000000000002,463.6,908.75,1214.5,1475.0,1683.2,1855.0
2026-02-15,SE,1,2026-02-22,0.0,1288.0172561129496,2008.3304194150567,126.975,446.30000000000007,941.0,1300.0,1652.5,2012.1,2379.1
2026-02-15,SE,2,2026-03-01,0.0,1239.088780024252,1894.761472029377,97.775,364.0,827.0,1175.0,1618.5,2112.8,2629.6249999999986
2026-02-15,SE,3,2026-03-08,0.0,1064.2069301574265,1560.4091778730474,69.92500000000001,294.70000000000005,644.0,962.0,1408.5,1949.4,2571.2999999999997
2026-02-15,SE-M,0,2026-02-15,1.0,161.63635823892977,233.43033278254748,21.975,75.0,123.0,165.0,203.0,240.0,283.07499999999993
2026-02-15,SE-M,1,2026-02-22,1.0,151.95798335713965,216.70405346872656,14.975000000000001,61.0,105.75,148.0,194.25,244.0,302.04999999999995
2026-02-15,SE-M,2,2026-03-01,1.0,115.73065934168906,157.83945949178454,8.975000000000001,42.900000000000006,72.0,108.0,149.25,203.0,254.02499999999998
2026-02-15,SE-M,3,2026-03-08,1.0,79.29328301105731,99.55270450699128,6.975000000000001,23.900000000000006,42.0,68.0,104.0,146.0,212.14999999999986
2026-02-15,SE-M,0,2026-02-15,0.5,161.63694220191366,233.43033278254748,21.975,74.0,123.0,164.0,205.0,240.0,277.025
2026-02-15,SE-M,1,2026-02-22,0.5,151.9469266239743,216.70405346872656,17.975,61.900000000000006,107.0,148.0,194.0,243.10000000000002,294.025
2026-02-15,SE-M,2,2026-03-01,0.5,115.4785121044463,157.83945949178454,10.0,41.900000000000006,72.0,107.0,148.25,200.0,243.02499999999998
2026-02-15,SE-M,3,2026-03-08,0.5,78.3371891921589,99.55270450699128,7.0,24.0,41.75,69.0,103.0,143.0,197.0
2026-02-15,SE-M,0,2026-02-15,0.0,161.63779070246022,233.43033278254748,22.0,72.0,125.0,165.0,203.0,237.10000000000002,279.025
2026-02-15,SE-M,1,2026-02-22,0.0,151.97257688941107,216.70405346872656,19.0,62.0,108.0,149.0,196.0,248.0,294.07499999999993
2026-02-15,SE-M,2,2026-03-01,0.0,115.48212986233429,157.83945949178454,11.975000000000001,42.0,71.0,108.5,150.0,204.10000000000002,254.02499999999998
2026-02-15,SE-M,3,2026-03-08,0.0,78.1093391696933,99.55270450699128,7.0,24.900000000000006,43.0,67.0,104.0,138.0,208.0
2026-02-15,SE-O,0,2026-02-15,1.0,146.99623295670324,234.04340734388757,14.975000000000001,58.80000000000001,103.0,145.5,191.25,236.0,280.04999999999995
2026-02-15,SE-O,1,2026-02-22,1.0,129.2486838779668,204.0549077057633,12.0,46.900000000000006,81.0,122.0,172.25,217.0,280.0
2026-02-15,SE-O,2,2026-03-01,1.0,100.18263683766324,151.31380285015607,7.950000000000003,32.0,55.0,86.5,135.25,186.10000000000002,249.04999999999995
2026-02-15,SE-O,3,2026-03-08,1.0,79.7535662470393,111.43353417091451,6.0,21.900000000000006,38.0,67.0,104.0,155.10000000000002,226.0
2026-02-15,SE-O,0,2026-02-15,0.5,146.99677647653024,234.04340734388757,16.950000000000003,57.900000000000006,102.0,147.0,191.0,233.0,283.025
2026-02-15,SE-O,1,2026-02-22,0.5,129.2440780982617,204.0549077057633,12.975000000000001,46.0,81.0,123.0,171.0,217.10000000000002,278.07499999999993
2026-02-15,SE-O,2,2026-03-01,0.5,99.94643233847886,151.31380285015607,7.0,33.900000000000006,55.75,88.0,132.0,184.0,244.07499999999993
2026-02-15,SE-O,3,2026-03-08,0.5,78.72008433659157,111.43353417091451,5.975000000000001,20.0,39.0,65.0,104.25,155.30000000000007,218.04999999999995
2026-02-15,SE-O,0,2026-02-15,0.0,146.99751653201662,234.04340734388757,15.0,55.0,101.75,147.0,190.25,231.0,291.0
2026-02-15,SE-O,1,2026-02-22,0.0,129.26863806069218,204.0549077057633,11.0,45.900000000000006,81.0,122.5,172.25,220.10000000000002,276.07499999999993
2026-02-15,SE-O,2,2026-03-01,0.0,99.97788185223331,151.31380285015607,7.0,32.0,57.0,89.0,133.0,184.0,241.04999999999995
2026-02-15,SE-O,3,2026-03-08,0.0,78.5454355084033,111.43353417091451,4.975000000000001,22.0,39.0,67.0,102.0,156.0,222.04999999999995
2026-02-22,SE,0,2026-02-22,1.0,1085.6127396224194,1721.844473681724,121.975,422.8,828.5,1151.0,1413.0,1599.2,1761.0749999999998
2026-02-22,SE,1,2026-03-01,1.0,994.9455387985124,1565.4322853244764,85.875,351.9,715.75,1010.5,1290.75,1526.8000000000002,1840.225
2026-02-22,SE,2,2026-03-08,1.0,812.3230950123877,1229.4888455106213,64.9,281.0,526.0,788.0,1065.25,1363.2,1756.4749999999995
2026-02-22,SE,3,2026-03-15,1.0,640.4759130543955,899.4347519877325,44.975,185.60000000000002,363.75,574.0,870.5,1142.4,1549.05
2026-02-22,SE,0,2026-02-22,0.5,1085.608580963642,1721.844473681724,100.0,422.5,823.75,1152.5,1409.25,1595.1,1777.05
2026-02-22,SE,1,2026-03-01,0.5,994.445314935082,1565.4322853244764,82.0,345.9,723.75,1011.5,1277.5,1541.1,1865.025
2026-02-22,SE,2,2026-03-08,0.5,808.0886818548394,1229.4888455106213,59.900000000000006,266.6,529.75,780.0,1065.5,1329.4,1675.3249999999998
2026-02-22,SE,3,2026-03-15,0.5,627.4089679418457,899.4347519877325,48.0,186.8,370.0,574.0,844.0,1108.5,1482.1749999999997
2026-02-22,SE,0,2026-02-22,0.0,1085.6063567495999,1721.844473681724,108.85000000000001,404.0,835.0,1147.5,1398.25,1599.0,1758.3499999999997
2026-02-22,SE,1,2026-03-01,0.0,994.2425562649794,1565.4322853244764,90.82500000000002,353.5,735.0,1007.0,1287.25,1522.2,1835.2999999999997
2026-02-22,SE,2,2026-03-08,0.0,806.4536768841828,1229.4888455106213,61.0,275.9,523.0,779.0,1061.25,1323.1,1728.6249999999995
2026-02-22,SE,3,2026-03-15,0.0,622.4405269546313,899.4347519877325,44.95,193.0,374.5,560.0,818.0,1108.2,1489.3249999999998
2026-02-22,SE-M,0,2026-02-22,1.0,144.35057332981899,207.71401121663553,15.975000000000001,66.9,111.75,148.0,184.0,214.0,245.02499999999998
2026-02-22,SE-M,1,2026-03-01,1.0,110.39446615338734,154.3693901083956,9.0,48.0,79.0,109.5,141.25,173.10000000000002,208.0
2026-02-22,SE-M,2,2026-03-08,1.0,74.41680933231426,97.6777792436842,5.975000000000001,27.0,46.0,70.0,96.0,126.0,165.02499999999998
2026-02-22,SE-M,3,2026-03-15,1.0,52.50482211049312,62.377471822360725,4.0,17.0,29.0,46.0,68.0,99.0,131.0
2026-02-22,SE-M,0,2026-02-22,0.5,144.35016587952316,207.71401121663553,16.975,68.0,113.0,149.0,183.0,210.0,237.02499999999998
2026-02-22,SE-M,1,2026-03-01,0.5,110.35349507824091,154.3693901083956,11.925000000000004,46.900000000000006,80.0,108.5,140.0,172.0,207.02499999999998
2026-02-22,SE-M,2,2026-03-08,0.5,74.08107398696701,97.6777792436842,6.0,29.0,47.0,70.0,96.0,124.10000000000002,161.04999999999995
2026-02-22,SE-M,3,2026-03-15,0.5,51.54285088475574,62.377471822360725,5.0,17.0,28.0,45.0,68.0,93.0,125.02499999999998
2026-02-22,SE-M,0,2026-02-22,0.0,144.34992786751724,207.71401121663553,16.0,65.0,114.0,147.5,182.0,213.0,245.02499999999998
2026-02-22,SE-M,1,2026-03-01,0.0,110.33602865436663,154.3693901083956,11.0,47.0,80.0,109.0,140.0,174.0,207.04999999999995
2026-02-22,SE-M,2,2026-03-08,0.0,73.95270431707867,97.6777792436842,6.0,29.0,47.0,69.0,96.0,124.0,162.0
2026-02-22,SE-M,3,2026-03-15,0.0,51.19581095394059,62.377471822360725,4.975000000000001,16.0,28.0,45.0,67.0,91.0,125.02499999999998
2026-02-22,SE-O,0,2026-02-22,1.0,161.60041427335892,259.33554371527185,15.0,59.0,114.75,162.0,211.0,254.10000000000002,305.025
2026-02-22,SE-O,1,2026-03-01,1.0,139.97706803946596,219.47318901478081,11.0,48.900000000000006,91.0,134.5,186.0,244.0,301.025
2026-02-22,SE-O,2,2026-03-08,1.0,119.89069288623635,177.47802859338972,8.0,38.0,66.75,106.5,158.25,218.0,292.0
2026-02-22,SE-O,3,2026-03-15,1.0,98.65350499195978,133.1778561829743,6.0,27.0,49.0,82.0,128.0,186.10000000000002,284.0999999999999
2026-02-22,SE-O,0,2026-02-22,0.5,161.60002408547695,259.33554371527185,16.0,56.80000000000001,115.75,161.0,212.0,258.0,305.0
2026-02-22,SE-O,1,2026-03-01,0.5,139.91472476443275,219.47318901478081,11.0,51.0,91.0,134.0,183.0,239.0,298.0
2026-02-22,SE-O,2,2026-03-08,0.5,119.29692512780422,177.47802859338972,8.975000000000001,39.0,67.0,107.0,158.0,217.10000000000002,287.07499999999993
2026-02-22,SE-O,3,2026-03-15,0.5,96.77399721034595,133.1778561829743,6.975000000000001,26.0,49.0,83.0,128.0,179.10000000000002,262.04999999999995
2026-02-22,SE-O,0,2026-02-22,0.0,161.59991306603882,259.33554371527185,14.975000000000001,59.0,116.0,162.0,211.0,255.0,304.04999999999995
2026-02-22,SE-O,1,2026-03-01,0.0,139.8971030462477,219.47318901478081,11.975000000000001,50.0,89.75,133.0,185.0,237.0,301.025
2026-02-22,SE-O,2,2026-03-08,0.0,119.10822948931737,177.47802859338972,9.0,37.900000000000006,68.0,107.0,158.0,221.10000000000002,279.025
2026-02-22,SE-O,3,2026-03-15,0.0,96.13137356512807,133.1778561829743,6.0,27.0,49.0,81.0,127.25,180.0,261.0
2026-03-01,SE,0,2026-03-01,1.0,831.1123207525527,1267.060808791685,95.975,312.9,642.75,895.5,1060.0,1169.0,1323.025
2026-03-01,SE,1,2026-03-08,1.0,612.6537443416007,904.0589968597952,66.95,238.8,468.75,649.5,780.0,919.1,1057.0
2026-03-01,SE,2,2026-03-15,1.0,433.62555558073075,600.568636066807,44.95,163.8,298.0,430.5,561.25,699.1,871.1249999999999
2026-03-01,SE,3,2026-03-22,1.0,309.1340244745723,388.10337360806597,22.950000000000003,98.70000000000002,180.75,282.5,406.0,538.0,757.2249999999998
2026-03-01,SE,0,2026-03-01,0.5,831.1066334915402,1267.060808791685,92.92500000000001,312.9,656.75,897.0,1060.25,1163.1,1312.2999999999997
2026-03-01,SE,1,2026-03-08,0.5,612.241419050007,904.0589968597952,73.9,227.9,471.75,643.0,786.25,907.3000000000001,1063.0749999999998
2026-03-01,SE,2,2026-03-15,0.5,430.9380207810999,600.568636066807,41.0,159.8,296.0,424.5,554.25,687.3000000000001,857.0999999999999
2026-03-01,SE,3,2026-03-22,0.5,302.2505066661384,388.10337360806597,27.975,103.9,178.75,285.5,400.0,521.0,689.0999999999999
2026-03-01,SE,0,2026-03-01,0.0,831.1019465507718,1267.060808791685,97.95,319.0,647.5,901.5,1056.25,1165.1,1308.0749999999998
2026-03-01,SE,1,2026-03-08,0.0,611.973399155715,904.0589968597952,70.92500000000001,236.8,464.75,640.5,779.25,916.1,1054.025
2026-03-01,SE,2,2026-03-15,0.0,429.4624496104509,600.568636066807,44.95,159.0,296.0,426.5,569.0,683.0,840.2999999999997
2026-03-01,SE,3,2026-03-22,0.0,298.90007893569754,388.10337360806597,27.975,103.0,182.75,280.5,394.25,507.1,669.0
2026-03-01,SE-M,0,2026-03-01,1.0,101.3174703042749,139.1398915800743,11.0,48.900000000000006,80.0,105.0,127.0,145.0,172.02499999999998
2026-03-01,SE-M,1,2026-03-08,1.0,66.84287702444524,87.22287410160145,6.0,32.0,49.0,67.0,85.0,102.0,122.0
2026-03-01,SE-M,2,2026-03-15,1.0,45.21109317427078,54.315417659704096,4.975000000000001,18.900000000000006,30.0,42.0,58.0,74.0,96.0
2026-03-01,SE-M,3,2026-03-22,1.0,30.156989903473963,32.312967989083695,3.0,9.0,16.0,26.0,41.0,56.10000000000002,81.02499999999998
2026-03-01,SE-M,0,2026-03-01,0.5,101.31688652635889,139.1398915800743,9.975000000000001,50.0,83.0,104.0,125.25,146.0,169.0
2026-03-01,SE-M,1,2026-03-08,0.5,66.80077582997451,87.22287410160145,5.975000000000001,31.900000000000006,49.0,67.0,84.0,103.0,122.0
2026-03-01,SE-M,2,2026-03-15,0.5,44.950583741989604,54.315417659704096,4.0,19.0,29.0,42.0,58.0,74.0,95.02499999999998
2026-03-01,SE-M,3,2026-03-22,0.5,29.539833233161588,32.312967989083695,3.0,10.0,16.0,27.0,38.0,55.0,78.0
2026-03-01,SE-M,0,2026-03-01,0.0,101.31641196337294,139.1398915800743,10.975000000000001,49.900000000000006,81.75,105.0,126.0,146.0,167.0
2026-03-01,SE-M,1,2026-03-08,0.0,66.77406630341082,87.22287410160145,4.0,31.0,48.0,68.0,84.0,103.0,122.02499999999998
2026-03-01,SE-M,2,2026-03-15,0.0,44.81246268504119,54.315417659704096,5.0,19.0,29.0,42.0,58.0,74.0,93.04999999999995
2026-03-01,SE-M,3,2026-03-22,0.0,29.25292677219552,32.312967989083695,3.0,10.0,17.0,27.0,40.0,52.0,75.0
2026-03-01,SE-O,0,2026-03-01,1.0,138.77736098424344,220.82096002071282,12.0,53.0,98.0,140.0,179.0,218.0,263.04999999999995
2026-03-01,SE-O,1,2026-03-08,1.0,120.35576945148877,183.81790968632146,9.0,44.0,80.0,118.0,156.25,199.10000000000002,254.0
2026-03-01,SE-O,2,2026-03-15,1.0,99.05417437657988,140.20745411035054,5.975000000000001,32.0,57.0,89.0,129.0,170.0,237.0
2026-03-01,SE-O,3,2026-03-22,1.0,76.81472795951105,97.40901434383487,4.0,21.0,39.0,65.0,101.25,143.10000000000002,214.0999999999999
2026-03-01,SE-O,0,2026-03-01,0.5,138.77621571527342,220.82096002071282,11.0,54.0,99.0,141.0,180.0,225.0,259.025
2026-03-01,SE-O,1,2026-03-08,0.5,120.26295357147575,183.81790968632146,7.975000000000001,43.0,78.75,116.0,155.25,199.0,251.02499999999998
2026-03-01,SE-O,2,2026-03-15,0.5,98.41043054357917,140.20745411035054,5.975000000000001,34.0,57.0,90.0,130.0,172.0,231.1249999999999
2026-03-01,SE-O,3,2026-03-22,0.5,75.13825053854261,97.40901434383487,4.0,20.0,38.75,64.0,99.0,138.0,211.02499999999998
2026-03-01,SE-O,0,2026-03-01,0.0,138.7752975915936,220.82096002071282,11.975000000000001,50.0,98.0,140.0,179.0,220.0,264.0
2026-03-01,SE-O,1,2026-03-08,0.0,120.20550964668534,183.81790968632146,9.0,44.900000000000006,80.0,115.5,158.25,203.0,252.0
2026-03-01,SE-O,2,2026-03-15,0.0,98.07223728672699,140.20745411035054,6.0,32.900000000000006,57.0,90.0,132.0,172.10000000000002,228.0999999999999
2026-03-01,SE-O,3,2026-03-22,0.0,74.35080721876236,97.40901434383487,4.0,21.0,39.0,64.0,98.25,135.0,196.1249999999999
2026-03-08,SE,0,2026-03-08,1.0,591.542592200527,857.6348878163576,66.975,235.0,482.25,649.5,743.0,816.1,897.2249999999998
2026-03-08,SE,1,2026-03-15,1.0,381.093777777241,525.1358662429978,39.95,151.70000000000002,294.0,397.0,486.0,557.1,649.05
2026-03-08,SE,2,2026-03-22,1.0,257.2010110605801,326.41930543428117,22.0,99.0,170.0,253.0,330.0,416.20000000000005,527.025
2026-03-08,SE,3,2026-03-29,1.0,179.73794612856017,203.46144053034013,13.0,58.900000000000006,100.75,160.0,230.25,328.1,468.07499999999993
2026-03-08,SE,0,2026-03-08,0.5,591.5407671685002,857.6348878163576,66.975,224.9,484.75,653.0,750.0,824.1,895.025
2026-03-08,SE,1,2026-03-15,0.5,380.91815703715116,525.1358662429978,34.95,151.9,295.75,402.0,486.0,556.0,640.1999999999998
2026-03-08,SE,2,2026-03-22,0.5,255.92988442687346,326.41930543428117,23.950000000000003,93.9,175.0,255.0,326.5,414.1,515.1499999999999
2026-03-08,SE,3,2026-03-29,0.5,176.2928547121852,203.46144053034013,13.0,59.900000000000006,103.0,158.0,228.0,313.0,436.0999999999999
2026-03-08,SE,0,2026-03-08,0.0,591.5395193333223,857.6348878163576,64.0,239.8,482.25,645.0,749.25,824.0,908.025
2026-03-08,SE,1,2026-03-15,0.0,380.82621622271245,525.1358662429978,41.975,151.60000000000002,293.0,398.0,485.0,556.0,647.0
2026-03-08,SE,2,2026-03-22,0.0,255.37908038370261,326.41930543428117,23.950000000000003,96.0,171.75,252.5,329.25,414.20000000000005,522.05
2026-03-08,SE,3,2026-03-29,0.0,174.9940533805187,203.46144053034013,15.0,60.0,105.75,162.5,228.25,309.0,429.1999999999998
2026-03-08,SE-M,0,2026-03-08,1.0,70.83322870483477,95.29234830546386,6.0,34.0,56.0,73.0,88.0,104.0,118.02499999999998
2026-03-08,SE-M,1,2026-03-15,1.0,44.4082753800583,56.44130358187688,3.9750000000000014,19.0,32.0,45.0,57.0,69.0,82.0
2026-03-08,SE-M,2,2026-03-22,1.0,29.110204694852875,33.833769652459026,2.0,10.0,18.0,28.0,38.0,51.10000000000002,66.0
2026-03-08,SE-M,3,2026-03-29,1.0,19.591834643413755,20.161029225641503,1.0,5.0,10.0,17.0,26.0,37.0,55.02499999999998
2026-03-08,SE-M,0,2026-03-08,0.5,70.83307420523604,95.29234830546386,5.0,34.0,56.0,73.0,88.0,102.0,115.02499999999998
2026-03-08,SE-M,1,2026-03-15,0.5,44.39080031160843,56.44130358187688,5.0,19.0,32.0,43.5,57.0,69.0,84.02499999999998
2026-03-08,SE-M,2,2026-03-22,0.5,28.9815140430529,33.833769652459026,2.0,11.0,18.0,27.0,37.25,49.0,66.0
2026-03-08,SE-M,3,2026-03-29,0.5,19.250323297367416,20.161029225641503,1.0,5.0,10.0,16.0,26.0,37.0,55.0
2026-03-08,SE-M,0,2026-03-08,0.0,70.83298663989903,95.29234830546386,7.0,34.0,55.0,72.0,88.0,103.10000000000002,115.0
2026-03-08,SE-M,1,2026-03-15,0.0,44.382860239093965,56.44130358187688,3.9750000000000014,20.0,31.75,44.0,55.25,69.0,83.0
2026-03-08,SE-M,2,2026-03-22,0.0,28.9321068367822,33.833769652459026,2.0,11.0,18.0,27.0,38.0,49.0,67.02499999999998
2026-03-08,SE-M,3,2026-03-29,0.0,19.13501169909065,20.161029225641503,1.0,5.0,10.0,17.0,24.25,36.0,52.0
2026-03-08,SE-O,0,2026-03-08,1.0,95.59495836791912,142.55102415746944,8.0,39.0,70.0,97.0,122.25,145.0,178.0
2026-03-08,SE-O,1,2026-03-15,1.0,66.05214573751512,92.18235154254468,6.0,24.900000000000006,44.0,64.0,85.0,111.0,133.0
2026-03-08,SE-O,2,2026-03-22,1.0,46.108205545965404,58.08952789667632,2.0,15.0,27.0,42.0,60.0,80.0,115.02499999999998
2026-03-08,SE-O,3,2026-03-29,1.0,32.504724730871615,35.74918741543539,1.9750000000000014,9.0,16.0,27.0,41.0,62.0,94.04999999999995
2026-03-08,SE-O,0,2026-03-08,0.5,95.59460801612677,142.55102415746944,7.0,38.0,70.0,97.0,122.0,145.10000000000002,175.04999999999995
2026-03-08,SE-O,1,2026-03-15,0.5,66.01904255012445,92.18235154254468,4.975000000000001,25.900000000000006,45.0,63.0,85.0,108.10000000000002,136.0
2026-03-08,SE-O,2,2026-03-22,0.5,45.87553420217615,58.08952789667632,3.0,14.900000000000006,27.0,42.0,60.0,79.0,113.0
2026-03-08,SE-O,3,2026-03-29,0.5,31.894754379811136,35.74918741543539,1.0,8.0,16.0,27.0,42.0,60.0,93.02499999999998
2026-03-08,SE-O,0,2026-03-08,0.0,95.59436218831713,142.55102415746944,7.0,39.0,70.0,98.5,123.0,146.0,173.04999999999995
2026-03-08,SE-O,1,2026-03-15,0.0,66.00128635162545,92.18235154254468,4.0,24.900000000000006,45.0,63.0,84.0,107.0,135.0
2026-03-08,SE-O,2,2026-03-22,0.0,45.77328590300596,58.08952789667632,2.0,17.0,27.0,42.0,60.0,79.0,112.0
2026-03-08,SE-O,3,2026-03-29,0.0,31.664755958468,35.74918741543539,1.0,9.0,16.0,27.0,41.0,59.0,90.02499999999998
2026-03-15,SE,0,2026-03-15,1.0,332.2789378161854,430.83346231636415,47.975,149.0,281.75,361.0,409.0,450.0,493.025
2026-03-15,SE,1,2026-03-22,1.0,189.6678804746688,227.58527181085307,21.975,85.0,145.0,197.0,235.0,277.20000000000005,336.0
2026-03-15,SE,2,2026-03-29,1.0,116.22694174822946,125.09336739848774,10.975000000000001,44.900000000000006,77.0,110.0,145.0,188.10000000000002,258.07499999999993
2026-03-15,SE,3,2026-04-05,1.0,70.99503011376233,66.41186297089672,5.975000000000001,22.0,39.0,60.0,89.0,128.0,199.04999999999995
2026-03-15,SE,0,2026-03-15,0.5,332.2788749451548,430.83346231636415,41.975,145.0,277.75,359.0,411.0,449.0,494.025
2026-03-15,SE,1,2026-03-22,0.5,189.62436514603138,227.58527181085307,20.950000000000003,86.60000000000002,149.0,194.5,232.25,278.0,333.04999999999995
2026-03-15,SE,2,2026-03-29,0.5,115.81288295472768,125.09336739848774,10.0,47.900000000000006,76.0,110.0,145.0,191.0,253.24999999999977
2026-03-15,SE,3,2026-04-05,0.5,69.87253451023011,66.41186297089672,5.0,23.0,39.0,61.0,89.0,126.0,193.07499999999993
2026-03-15,SE,0,2026-03-15,0.0,332.27910113082,430.83346231636415,36.975,144.9,281.0,362.0,410.25,447.0,489.04999999999995
2026-03-15,SE,1,2026-03-22,0.0,189.62066460739769,227.58527181085307,22.975,83.0,147.75,194.0,235.0,280.0,330.1249999999999
2026-03-15,SE,2,2026-03-29,0.0,115.71180889678614,125.09336739848774,11.975000000000001,46.0,75.75,110.0,143.25,193.0,260.025
2026-03-15,SE,3,2026-04-05,0.0,69.53888807774962,66.41186297089672,5.975000000000001,24.0,39.0,60.0,86.0,125.10000000000002,189.07499999999993
2026-03-15,SE-M,0,2026-03-15,1.0,34.131801036731886,40.69241412343771,5.0,17.0,27.0,34.0,43.0,50.0,60.0
2026-03-15,SE-M,1,2026-03-22,1.0,18.857453093921794,20.583841711676392,2.0,8.0,13.0,18.0,25.0,30.0,40.0
2026-03-15,SE-M,2,2026-03-29,1.0,11.033155004102946,10.65722165880749,1.0,3.0,6.0,9.5,15.0,20.0,27.0
2026-03-15,SE-M,3,2026-04-05,1.0,6.461314900579368,5.345647060342119,0.0,1.0,3.0,5.0,8.25,13.0,20.024999999999977
2026-03-15,SE-M,0,2026-03-15,0.5,34.131825706676004,40.69241412343771,4.0,18.0,26.0,35.0,42.0,50.0,58.0
2026-03-15,SE-M,1,2026-03-22,0.5,18.85480466098359,20.583841711676392,2.0,8.0,13.0,18.0,24.0,31.0,41.0
2026-03-15,SE-M,2,2026-03-29,0.5,11.002125691989182,10.65722165880749,1.0,3.0,6.0,10.0,14.0,19.0,28.0
2026-03-15,SE-M,3,2026-04-05,0.5,6.3756948318086,5.345647060342119,0.0,1.0,3.0,5.0,9.0,12.0,21.0
2026-03-15,SE-M,0,2026-03-15,0.0,34.13187793163447,40.69241412343771,4.0,18.0,26.0,34.0,43.0,51.0,62.0
2026-03-15,SE-M,1,2026-03-22,0.0,18.855815637253187,20.583841711676392,2.0,8.0,13.0,18.0,25.0,31.0,39.0
2026-03-15,SE-M,2,2026-03-29,0.0,10.998766502902667,10.65722165880749,1.0,4.0,6.0,10.0,14.0,20.0,29.0
2026-03-15,SE-M,3,2026-04-05,0.0,6.356433510691787,5.345647060342119,0.0,1.0,3.0,5.0,8.0,12.0,20.0
2026-03-15,SE-O,0,2026-03-15,1.0,63.841977718192446,89.62839192322295,4.0,25.0,47.0,64.5,82.0,98.0,121.0
2026-03-15,SE-O,1,2026-03-22,1.0,41.06718692970024,52.99097949837733,2.0,16.0,28.0,40.0,52.0,67.0,88.0
2026-03-15,SE-O,2,2026-03-29,1.0,27.53669116564143,31.55419340655124,1.9750000000000014,8.0,15.0,24.0,36.0,49.10000000000002,71.02499999999998
2026-03-15,SE-O,3,2026-04-05,1.0,18.022726711543342,17.77182157845641,0.0,4.0,8.0,14.0,23.0,35.0,56.02499999999998
2026-03-15,SE-O,0,2026-03-15,0.5,63.84199931730219,89.62839192322295,5.0,26.0,46.75,65.0,80.0,96.10000000000002,118.0
2026-03-15,SE-O,1,2026-03-22,0.5,41.058111403904576,52.99097949837733,2.0,15.0,28.0,40.0,52.0,66.0,88.0
2026-03-15,SE-O,2,2026-03-29,0.5,27.438528046683974,31.55419340655124,1.0,8.0,15.0,25.0,36.0,48.10000000000002,73.04999999999995
2026-03-15,SE-O,3,2026-04-05,0.5,17.737992934913287,17.77182157845641,1.0,4.0,9.0,14.0,22.0,34.0,56.02499999999998
2026-03-15,SE-O,0,2026-03-15,0.0,63.84208879414849,89.62839192322295,4.975000000000001,23.0,47.0,66.0,81.0,98.0,118.02499999999998
2026-03-15,SE-O,1,2026-03-22,0.0,41.0588762744921,52.99097949837733,3.0,15.0,28.0,40.0,52.0,65.0,85.02499999999998
2026-03-15,SE-O,2,2026-03-29,0.0,27.421478946209252,31.55419340655124,1.0,9.0,15.0,24.0,36.0,48.0,71.02499999999998
2026-03-15,SE-O,3,2026-04-05,0.0,17.666766080674066,17.77182157845641,0.9750000000000014,4.0,8.0,14.0,23.0,34.10000000000002,58.02499999999998
2026-03-22,SE,0,2026-03-22,1.0,203.0319060518953,256.54645199680283,21.975,82.9,165.75,221.0,253.0,281.0,319.025
2026-03-22,SE,1,2026-03-29,1.0,122.95931100678345,142.7496291019962,10.975000000000001,47.0,92.75,123.0,154.0,186.0,231.0
2026-03-22,SE,2,2026-04-05,1.0,76.17504706606404,78.83160551139179,5.975000000000001,27.900000000000006,48.0,71.0,97.0,126.0,177.0
2026-03-22,SE,3,2026-04-12,1.0,56.95911213507408,51.085814590992186,4.0,15.900000000000006,30.0,47.0,70.0,103.0,171.0
2026-03-22,SE,0,2026-03-22,0.5,203.03160034312407,256.54645199680283,18.975,87.9,165.0,219.0,252.0,284.0,321.0
2026-03-22,SE,1,2026-03-29,0.5,122.92119400703342,142.7496291019962,10.0,46.900000000000006,90.75,124.0,154.0,186.0,228.02499999999998
2026-03-22,SE,2,2026-04-05,0.5,75.87743052440976,78.83160551139179,6.0,25.0,47.0,70.0,95.25,127.0,177.0
2026-03-22,SE,3,2026-04-12,0.5,56.05166807743773,51.085814590992186,3.0,16.900000000000006,30.0,47.0,70.0,99.10000000000002,152.02499999999998
2026-03-22,SE,0,2026-03-22,0.0,203.03148021380062,256.54645199680283,20.975,84.9,164.5,220.0,253.0,285.0,319.04999999999995
2026-03-22,SE,1,2026-03-29,0.0,122.90964174028291,142.7496291019962,9.975000000000001,48.900000000000006,90.75,122.0,154.0,187.0,240.04999999999995
2026-03-22,SE,2,2026-04-05,0.0,75.78897611519837,78.83160551139179,5.0,28.0,47.0,71.0,95.0,127.10000000000002,176.0
2026-03-22,SE,3,2026-04-12,0.0,55.78786042876208,51.085814590992186,3.0,17.0,30.0,48.0,69.0,98.0,154.02499999999998
2026-03-22,SE-M,0,2026-03-22,1.0,15.281767738859363,15.95269359849767,3.0,7.0,11.0,15.0,19.0,24.0,33.0
2026-03-22,SE-M,1,2026-03-29,1.0,7.776905303275073,7.219790675935779,0.9750000000000014,2.0,4.0,7.0,10.0,14.0,21.0
2026-03-22,SE-M,2,2026-04-05,1.0,4.095745397846246,3.2674242375631635,0.0,1.0,2.0,3.0,5.0,8.0,13.0
2026-03-22,SE-M,3,2026-04-12,1.0,2.549448607605528,1.7113972700075246,0.0,0.0,1.0,2.0,3.0,5.0,9.0
2026-03-22,SE-M,0,2026-03-22,0.5,15.281768022411429,15.95269359849767,2.0,6.900000000000006,10.75,15.0,19.0,24.0,33.0
2026-03-22,SE-M,1,2026-03-29,0.5,7.77586815181129,7.219790675935779,1.0,2.0,4.0,7.0,10.0,14.0,19.0
2026-03-22,SE-M,2,2026-04-05,0.5,4.085982381636815,3.2674242375631635,0.0,1.0,2.0,3.0,6.0,8.0,12.0
2026-03-22,SE-M,3,2026-04-12,0.5,2.5228373740163224,1.7113972700075246,0.0,0.0,1.0,2.0,3.0,5.0,9.0
2026-03-22,SE-M,0,2026-03-22,0.0,15.281777923491969,15.95269359849767,2.0,7.0,10.0,15.0,20.0,24.0,30.024999999999977
2026-03-22,SE-M,1,2026-03-29,0.0,7.77604481727206,7.219790675935779,1.0,3.0,4.0,7.0,10.0,14.0,19.0
2026-03-22,SE-M,2,2026-04-05,0.0,4.08455310182416,3.2674242375631635,0.0,1.0,2.0,3.0,5.0,8.0,12.024999999999977
2026-03-22,SE-M,3,2026-04-12,0.0,2.516591642420337,1.7113972700075246,0.0,0.0,1.0,2.0,3.0,5.0,8.0
2026-03-22,SE-O,0,2026-03-22,1.0,36.55554693865102,46.08963609487272,2.0,14.0,26.0,37.0,47.0,56.10000000000002,69.02499999999998
2026-03-22,SE-O,1,2026-03-29,1.0,21.91992062767018,24.824213802593334,1.0,7.0,14.0,20.5,28.0,37.0,51.02499999999998
2026-03-22,SE-O,2,2026-04-05,1.0,13.235521558185777,13.022912127046762,0.0,3.0,7.0,11.0,17.0,24.0,41.0
2026-03-22,SE-O,3,2026-04-12,1.0,9.650703564951124,7.99662654901327,0.0,2.0,4.0,7.0,12.0,19.0,31.049999999999955
2026-03-22,SE-O,0,2026-03-22,0.5,36.555547196694896,46.08963609487272,2.9750000000000014,14.0,25.0,36.0,45.0,56.0,68.0
2026-03-22,SE-O,1,2026-03-29,0.5,21.916148114397444,24.824213802593334,1.0,7.0,14.0,20.0,28.0,36.0,49.02499999999998
2026-03-22,SE-O,2,2026-04-05,0.5,13.196155523607402,13.022912127046762,0.0,3.0,6.0,11.0,16.25,24.0,37.0
2026-03-22,SE-O,3,2026-04-12,0.5,9.519692407601099,7.99662654901327,0.0,2.0,4.0,7.0,12.0,18.0,32.0
2026-03-22,SE-O,0,2026-03-22,0.0,36.555580063335206,46.08963609487272,2.9750000000000014,14.0,26.0,36.0,46.0,56.0,68.0
2026-03-22,SE-O,1,2026-03-29,0.0,21.916928526069817,24.824213802593334,1.0,7.0,13.75,20.0,28.0,37.0,49.0
2026-03-22,SE-O,2,2026-04-05,0.0,13.191289380988318,13.022912127046762,0.0,3.0,7.0,11.0,17.0,24.0,41.02499999999998
2026-03-22,SE-O,3,2026-04-12,0.0,9.490194644579098,7.99662654901327,0.0,2.0,4.0,7.0,12.0,18.0,32.02499999999998
2026-03-29,SE,0,2026-03-29,1.0,156.26761885830794,194.9293041665902,9.975000000000001,61.0,123.0,168.0,197.0,223.0,264.17499999999984
2026-03-29,SE,1,2026-04-05,1.0,103.58701024386671,118.69650789928097,7.0,34.900000000000006,74.0,102.0,131.0,163.10000000000002,210.0
2026-03-29,SE,2,2026-04-12,1.0,83.61284893813098,85.5595370528771,5.0,24.0,50.75,76.0,105.0,142.10000000000002,204.02499999999998
2026-03-29,SE,3,2026-04-19,1.0,54.589229673595696,48.03482295115679,2.0,13.0,27.0,45.5,68.0,102.10000000000002,164.0
2026-03-29,SE,0,2026-03-29,0.5,156.26692889957388,194.9293041665902,12.975000000000001,59.900000000000006,122.0,166.0,196.25,222.0,266.025
2026-03-29,SE,1,2026-04-05,0.5,103.52734562477089,118.69650789928097,7.0,36.900000000000006,74.0,102.5,130.0,163.10000000000002,204.02499999999998
2026-03-29,SE,2,2026-04-12,0.5,83.16641568426094,85.5595370528771,5.0,26.0,50.0,77.0,105.0,137.0,197.0
2026-03-29,SE,3,2026-04-19,0.5,53.471271097798194,48.03482295115679,3.0,14.0,27.0,45.0,67.0,96.10000000000002,157.07499999999993
2026-03-29,SE,0,2026-03-29,0.0,156.26643458274572,194.9293041665902,10.975000000000001,59.900000000000006,123.0,166.0,196.0,224.0,263.0
2026-03-29,SE,1,2026-04-05,0.0,103.49581257292829,118.69650789928097,6.0,37.0,74.0,103.0,132.0,159.10000000000002,202.04999999999995
2026-03-29,SE,2,2026-04-12,0.0,82.97783824877287,85.5595370528771,5.0,26.0,50.0,76.0,106.0,141.0,193.02499999999998
2026-03-29,SE,3,2026-04-19,0.0,53.06669294864081,48.03482295115679,3.9750000000000014,13.900000000000006,27.0,45.0,68.0,96.10000000000002,144.04999999999995
2026-03-29,SE-M,0,2026-03-29,1.0,10.010146656840327,10.097170241145744,1.0,4.0,6.0,9.0,13.0,17.0,23.0
2026-03-29,SE-M,1,2026-04-05,1.0,5.664785313527113,5.038732681823429,0.0,1.0,3.0,5.0,7.0,11.0,15.0
2026-03-29,SE-M,2,2026-04-12,1.0,3.6928333058686795,2.8218498175985203,0.0,0.0,1.0,3.0,5.0,8.0,12.0
2026-03-29,SE-M,3,2026-04-19,1.0,2.0504424406001442,1.3003376970646334,0.0,0.0,1.0,1.0,3.0,4.0,8.0
2026-03-29,SE-M,0,2026-03-29,0.5,10.010108039393753,10.097170241145744,1.0,4.0,6.0,10.0,13.0,16.100000000000023,23.0
2026-03-29,SE-M,1,2026-04-05,0.5,5.662156218279624,5.038732681823429,0.0,2.0,3.0,5.0,7.0,10.0,17.0
2026-03-29,SE-M,2,2026-04-12,0.5,3.6781094417563547,2.8218498175985203,0.0,0.0,1.0,3.0,5.0,7.0,12.0
2026-03-29,SE-M,3,2026-04-19,0.5,2.017668118792637,1.3003376970646334,0.0,0.0,0.0,1.0,3.0,5.0,7.0
2026-03-29,SE-M,0,2026-03-29,0.0,10.010078379111674,10.097170241145744,1.0,4.0,6.0,9.0,13.0,17.0,23.024999999999977
2026-03-29,SE-M,1,2026-04-05,0.0,5.660608602190169,5.038732681823429,0.0,1.0,3.0,5.0,8.0,10.0,15.024999999999977
2026-03-29,SE-M,2,2026-04-12,0.0,3.6711896100726547,2.8218498175985203,0.0,1.0,1.0,3.0,5.0,7.0,12.0
2026-03-29,SE-M,3,2026-04-19,0.0,2.0046831789634183,1.3003376970646334,0.0,0.0,1.0,1.0,3.0,4.0,8.0
2026-03-29,SE-O,0,2026-03-29,1.0,22.52558127726902,26.416828602395196,1.0,8.0,16.0,22.0,29.0,36.0,46.0
2026-03-29,SE-O,1,2026-04-05,1.0,13.239059952539343,13.771714872265143,0.0,4.0,7.0,12.0,17.0,23.0,34.0
2026-03-29,SE-O,2,2026-04-12,1.0,9.49842469696344,8.481973589074302,0.0,2.0,4.0,7.0,12.0,18.0,31.0
2026-03-29,SE-O,3,2026-04-19,1.0,5.441995301675117,3.9938087671725335,0.0,1.0,2.0,4.0,7.0,11.0,19.024999999999977
2026-03-29,SE-O,0,2026-03-29,0.5,22.52546253654841,26.416828602395196,1.0,8.0,15.0,22.0,28.0,37.0,50.0
2026-03-29,SE-O,1,2026-04-05,0.5,13.23110330990356,13.771714872265143,0.0,4.0,7.75,12.0,17.0,24.0,35.0
2026-03-29,SE-O,2,2026-04-12,0.5,9.448653615616971,8.481973589074302,0.0,2.0,4.0,8.0,12.0,19.0,29.024999999999977
2026-03-29,SE-O,3,2026-04-19,0.5,5.341550964786722,3.9938087671725335,0.0,1.0,2.0,4.0,7.0,11.0,19.0
2026-03-29,SE-O,0,2026-03-29,0.0,22.525365998156285,26.416828602395196,1.0,8.0,15.0,21.0,29.0,36.0,49.0
2026-03-29,SE-O,1,2026-04-05,0.0,13.226045370011374,13.771714872265143,1.0,4.0,7.0,12.0,17.0,23.0,36.02499999999998
2026-03-29,SE-O,2,2026-04-12,0.0,9.423107660154072,8.481973589074302,0.0,2.0,4.0,8.0,12.0,18.0,29.0
2026-03-29,SE-O,3,2026-04-19,0.0,5.2993576796223305,3.9938087671725335,0.0,1.0,2.0,4.0,7.0,11.0,20.0
2026-04-05,SE,0,2026-04-05,1.0,118.17748733625933,140.9593717012093,8.0,39.0,90.75,124.0,149.0,170.10000000000002,215.0
2026-04-05,SE,1,2026-04-12,1.0,98.12609722178674,107.01420827449046,5.0,33.0,66.0,96.0,123.0,155.0,196.07499999999993
2026-04-05,SE,2,2026-04-19,1.0,66.04732390494281,63.73798679900819,3.0,19.0,39.0,58.0,82.0,115.0,167.0
2026-04-05,SE,3,2026-04-26,1.0,47.97231490901757,39.57939291281777,3.0,10.0,22.0,38.0,57.0,90.10000000000002,154.19999999999982
2026-04-05,SE,0,2026-04-05,0.5,118.17763069211556,140.9593717012093,6.975000000000001,40.0,89.75,124.0,148.25,171.10000000000002,211.04999999999995
2026-04-05,SE,1,2026-04-12,0.5,98.10796243872045,107.01420827449046,6.0,30.900000000000006,68.0,97.0,123.0,155.0,204.02499999999998
2026-04-05,SE,2,2026-04-19,0.5,65.8296321488535,63.73798679900819,3.9750000000000014,20.0,38.0,58.0,82.0,116.0,164.0
2026-04-05,SE,3,2026-04-26,0.5,47.18209343951548,39.57939291281777,3.0,11.0,23.0,38.0,57.0,89.0,141.1249999999999
2026-04-05,SE,0,2026-04-05,0.0,118.17792795475829,140.9593717012093,7.975000000000001,40.900000000000006,89.0,124.0,146.0,170.10000000000002,209.02499999999998
2026-04-05,SE,1,2026-04-12,0.0,98.11303151971696,107.01420827449046,5.975000000000001,31.900000000000006,66.0,96.0,124.0,156.0,203.02499999999998
2026-04-05,SE,2,2026-04-19,0.0,65.80386078499849,63.73798679900819,4.0,18.900000000000006,38.0,58.5,81.0,117.10000000000002,163.0999999999999
2026-04-05,SE,3,2026-04-26,0.0,47.01110314555065,39.57939291281777,2.0,11.0,23.0,38.0,58.0,90.0,139.07499999999993
2026-04-05,SE-M,0,2026-04-05,1.0,7.427651571359162,7.136961663955575,0.0,2.0,4.0,7.0,10.0,13.0,19.0
2026-04-05,SE-M,1,2026-04-12,1.0,5.126000924254569,4.323195750133907,0.0,1.0,2.0,4.0,7.0,10.0,15.0
2026-04-05,SE-M,2,2026-04-19,1.0,2.9915535347449245,2.1281897806367387,0.0,0.0,1.0,2.0,4.0,6.0,11.0
2026-04-05,SE-M,3,2026-04-26,1.0,2.0567600771548307,1.2137217715860786,0.0,0.0,0.0,1.0,3.0,5.0,8.024999999999977
2026-04-05,SE-M,0,2026-04-05,0.5,7.427651821881405,7.136961663955575,0.0,2.0,4.0,7.0,9.25,12.100000000000023,19.0
2026-04-05,SE-M,1,2026-04-12,0.5,5.125092740528608,4.323195750133907,0.0,1.0,2.0,4.0,7.0,10.0,15.024999999999977
2026-04-05,SE-M,2,2026-04-19,0.5,2.982066728566476,2.1281897806367387,0.0,0.0,1.0,2.0,4.0,7.0,10.024999999999977
2026-04-05,SE-M,3,2026-04-26,0.5,2.026486216151049,1.2137217715860786,0.0,0.0,0.0,1.0,3.0,5.0,8.0
2026-04-05,SE-M,0,2026-04-05,0.0,7.427658393982782,7.136961663955575,0.0,2.0,4.0,7.0,10.0,13.0,18.0
2026-04-05,SE-M,1,2026-04-12,0.0,5.125059587290993,4.323195750133907,0.0,1.0,2.0,4.0,7.0,10.0,16.0
2026-04-05,SE-M,2,2026-04-19,0.0,2.980221580692261,2.1281897806367387,0.0,0.0,1.0,2.0,4.0,6.0,11.0
2026-04-05,SE-M,3,2026-04-26,0.0,2.019824487757355,1.2137217715860786,0.0,0.0,0.0,1.0,3.0,5.0,8.0
2026-04-05,SE-O,0,2026-04-05,1.0,16.795085628019685,19.121020873658477,1.0,5.0,10.0,16.0,21.0,27.0,39.0
2026-04-05,SE-O,1,2026-04-12,1.0,12.718969174336063,12.789586943978902,0.0,3.0,7.0,11.0,16.0,23.0,37.02499999999998
2026-04-05,SE-O,2,2026-04-19,1.0,7.677384904225029,6.551663697467499,0.0,1.0,3.0,6.0,10.0,15.0,27.0
2026-04-05,SE-O,3,2026-04-26,1.0,4.9639816327761785,3.4853195427832286,0.0,0.0,1.0,3.0,6.0,10.0,21.024999999999977
2026-04-05,SE-O,0,2026-04-05,0.5,16.795099039682757,19.121020873658477,0.0,5.0,10.0,16.0,22.0,28.0,40.0
2026-04-05,SE-O,1,2026-04-12,0.5,12.716777172970335,12.789586943978902,0.0,3.0,7.0,11.0,16.0,23.0,34.0
2026-04-05,SE-O,2,2026-04-19,0.5,7.657771834499001,6.551663697467499,0.0,1.0,3.0,6.0,10.0,15.0,25.0
2026-04-05,SE-O,3,2026-04-26,0.5,4.909692551574495,3.4853195427832286,0.0,0.0,2.0,3.0,6.0,10.0,17.0
2026-04-05,SE-O,0,2026-04-05,0.0,16.79513096921615,19.121020873658477,1.0,5.0,10.0,16.0,21.25,28.0,40.02499999999998
2026-04-05,SE-O,1,2026-04-12,0.0,12.717175539411386,12.789586943978902,0.0,3.0,7.0,11.0,16.0,23.0,37.0
2026-04-05,SE-O,2,2026-04-19,0.0,7.657426706243458,6.551663697467499,0.0,1.0,3.0,6.0,10.0,15.0,27.0
2026-04-05,SE-O,3,2026-04-26,0.0,4.909815008258675,3.4853195427832286,0.0,0.0,2.0,3.0,6.0,10.0,19.0
2026-04-12,SE,0,2026-04-12,1.0,134.86107400624053,154.82884554617985,6.975000000000001,40.900000000000006,97.0,140.0,168.0,197.0,252.07499999999993
2026-04-12,SE,1,2026-04-19,1.0,103.59266906023048,108.19161437737857,6.0,30.0,67.0,99.0,128.0,168.10000000000002,232.02499999999998
2026-04-12,SE,2,2026-04-26,1.0,84.19642200209346,77.67654329320958,4.0,23.0,46.0,71.0,104.0,152.10000000000002,245.0999999999999
2026-04-12,SE,3,2026-05-03,1.0,69.01028742930568,54.450092915254984,3.0,15.0,29.0,50.0,83.25,134.20000000000005,245.0999999999999
2026-04-12,SE,0,2026-04-12,0.5,134.86151602694582,154.82884554617985,6.0,46.0,98.0,139.0,169.0,198.0,250.0
2026-04-12,SE,1,2026-04-19,0.5,103.58388250905294,108.19161437737857,6.0,28.900000000000006,67.0,98.0,129.0,165.10000000000002,236.07499999999993
2026-04-12,SE,2,2026-04-26,0.5,83.91754468826524,77.67654329320958,4.0,20.0,46.0,71.0,102.25,148.0,238.04999999999995
2026-04-12,SE,3,2026-05-03,0.5,67.85606820147378,54.450092915254984,2.0,15.0,30.0,51.0,81.25,132.10000000000002,239.4499999999996
2026-04-12,SE,0,2026-04-12,0.0,134.86213177324973,154.82884554617985,8.0,45.0,101.0,137.5,167.25,199.0,252.2249999999998
2026-04-12,SE,1,2026-04-19,0.0,103.60367564898876,108.19161437737857,5.975000000000001,30.0,67.0,99.0,129.0,170.10000000000002,237.04999999999995
2026-04-12,SE,2,2026-04-26,0.0,83.93318224116878,77.67654329320958,4.0,21.900000000000006,46.0,71.0,102.0,150.0,241.0
2026-04-12,SE,3,2026-05-03,0.0,67.67213361539675,54.450092915254984,3.0,14.0,31.0,52.0,81.0,131.10000000000002,235.07499999999993
2026-04-12,SE-M,0,2026-04-12,1.0,6.267827834170923,5.589415720245276,0.0,1.0,3.0,5.0,8.0,11.100000000000023,17.0
2026-04-12,SE-M,1,2026-04-19,1.0,3.771384158313872,2.8938827762895767,0.0,0.0,2.0,3.0,5.0,7.0,12.024999999999977
2026-04-12,SE-M,2,2026-04-26,1.0,2.6483870914619736,1.704721067611239,0.0,0.0,1.0,2.0,3.0,5.0,10.0
2026-04-12,SE-M,3,2026-05-03,1.0,1.8985635498162774,1.0246632499589223,0.0,0.0,0.0,1.0,2.0,4.0,8.0
2026-04-12,SE-M,0,2026-04-12,0.5,6.267837959018682,5.589415720245276,0.0,2.0,3.0,5.0,8.0,11.0,17.0
2026-04-12,SE-M,1,2026-04-19,0.5,3.7709416074771718,2.8938827762895767,0.0,0.0,2.0,3.0,5.0,7.100000000000023,13.0
2026-04-12,SE-M,2,2026-04-26,0.5,2.6402712256222567,1.704721067611239,0.0,0.0,1.0,2.0,3.0,6.0,10.0
2026-04-12,SE-M,3,2026-05-03,0.5,1.8718543801068046,1.0246632499589223,0.0,0.0,0.0,1.0,2.0,4.0,8.0
2026-04-12,SE-M,0,2026-04-12,0.0,6.267854210017979,5.589415720245276,0.0,2.0,3.0,5.0,8.0,11.0,17.0
2026-04-12,SE-M,1,2026-04-19,0.0,3.7714141596382538,2.8938827762895767,0.0,0.0,2.0,3.0,5.0,8.0,12.024999999999977
2026-04-12,SE-M,2,2026-04-26,0.0,2.640181213220105,1.704721067611239,0.0,0.0,1.0,2.0,4.0,6.0,10.024999999999977
2026-04-12,SE-M,3,2026-05-03,0.0,1.8676901363184444,1.0246632499589223,0.0,0.0,0.0,1.0,2.0,4.0,8.0
2026-04-12,SE-O,0,2026-04-12,1.0,14.337695466143083,15.16852842198575,0.0,4.0,8.0,13.0,19.0,25.0,34.0
2026-04-12,SE-O,1,2026-04-19,1.0,8.900069566269227,8.181049492923005,0.0,2.0,4.0,7.0,12.0,17.0,25.0
2026-04-12,SE-O,2,2026-04-26,1.0,5.854591639514193,4.53573082044295,0.0,1.0,2.0,4.0,7.0,11.0,23.024999999999977
2026-04-12,SE-O,3,2026-05-03,1.0,3.9339882864892566,2.5078870271284153,0.0,0.0,1.0,2.0,5.0,9.0,17.0
2026-04-12,SE-O,0,2026-04-12,0.5,14.337793818794129,15.16852842198575,0.0,4.0,8.0,13.0,18.0,24.0,35.0
2026-04-12,SE-O,1,2026-04-19,0.5,8.903004017963491,8.181049492923005,0.0,2.0,4.0,7.0,11.0,17.0,26.0
2026-04-12,SE-O,2,2026-04-26,0.5,5.8575125001481085,4.53573082044295,0.0,1.0,2.0,4.0,7.0,11.0,20.024999999999977
2026-04-12,SE-O,3,2026-05-03,0.5,3.9149861203233653,2.5078870271284153,0.0,0.0,1.0,2.0,5.0,8.0,17.049999999999955
2026-04-12,SE-O,0,2026-04-12,0.0,14.337905240724155,15.16852842198575,0.0,4.0,8.0,13.0,19.0,24.0,34.02499999999998
2026-04-12,SE-O,1,2026-04-19,0.0,8.907816563935192,8.181049492923005,0.0,2.0,4.0,7.0,11.0,17.0,26.0
2026-04-12,SE-O,2,2026-04-26,0.0,5.87706550494426,4.53573082044295,0.0,1.0,2.0,4.0,7.0,12.0,21.024999999999977
2026-04-12,SE-O,3,2026-05-03,0.0,3.9426845175460095,2.5078870271284153,0.0,0.0,1.0,3.0,5.0,8.0,17.0
2026-04-19,SE,0,2026-04-19,1.0,118.65953718270711,128.8151287285881,7.0,38.0,84.0,120.0,147.0,176.0,248.0
2026-04-19,SE,1,2026-04-26,1.0,102.7006405690484,101.38066547775342,5.0,28.0,63.0,94.0,125.0,166.10000000000002,252.02499999999998
2026-04-19,SE,2,2026-05-03,1.0,87.04341175631792,76.38517380886724,4.0,21.0,44.0,70.0,106.25,158.10000000000002,280.025
2026-04-19,SE,3,2026-05-10,1.0,84.23184302016735,64.27934172958712,3.0,17.0,34.0,60.0,100.0,168.0,326.1249999999999
2026-04-19,SE,0,2026-04-19,0.5,118.65972417163172,128.8151287285881,7.0,34.0,83.75,118.0,145.0,177.0,251.0
2026-04-19,SE,1,2026-04-26,0.5,102.6758608468858,101.38066547775342,4.0,28.0,64.75,95.0,123.25,168.0,251.2249999999998
2026-04-19,SE,2,2026-05-03,0.5,86.72008830794314,76.38517380886724,3.0,19.0,44.0,71.0,105.0,157.0,275.04999999999995
2026-04-19,SE,3,2026-05-10,0.5,82.9175969763753,64.27934172958712,4.0,17.0,35.0,59.0,99.0,161.0,308.1249999999999
2026-04-19,SE,0,2026-04-19,0.0,118.66011953471872,128.8151287285881,6.0,35.900000000000006,83.0,120.0,146.0,174.0,251.04999999999995
2026-04-19,SE,1,2026-04-26,0.0,102.68623221860244,101.38066547775342,4.0,29.0,64.75,94.0,124.0,169.0,254.0
2026-04-19,SE,2,2026-05-03,0.0,86.71352363394014,76.38517380886724,4.0,21.0,44.0,71.0,105.25,156.10000000000002,257.07499999999993
2026-04-19,SE,3,2026-05-10,0.0,82.73538364660172,64.27934172958712,3.0,17.0,34.0,59.0,102.0,164.0,303.025
2026-04-19,SE-M,0,2026-04-19,1.0,4.773697846396263,3.860896131646466,0.0,1.0,2.0,4.0,6.0,9.0,15.024999999999977
2026-04-19,SE-M,1,2026-04-26,1.0,3.6214188551982396,2.490527712328073,0.0,0.0,1.0,3.0,5.0,8.0,13.0
2026-04-19,SE-M,2,2026-05-03,1.0,2.6942773711144437,1.5610212188171568,0.0,0.0,1.0,2.0,3.0,6.0,11.0
2026-04-19,SE-M,3,2026-05-10,1.0,2.307802314985221,1.1261989144860358,0.0,0.0,0.0,1.0,3.0,5.0,11.024999999999977
2026-04-19,SE-M,0,2026-04-19,0.5,4.7736830565342165,3.860896131646466,0.0,1.0,2.0,4.0,6.0,9.0,14.0
2026-04-19,SE-M,1,2026-04-26,0.5,3.6198984100512726,2.490527712328073,0.0,0.0,1.0,3.0,4.0,7.0,13.0
2026-04-19,SE-M,2,2026-05-03,0.5,2.6839567086418565,1.5610212188171568,0.0,0.0,1.0,2.0,3.0,6.0,11.0
2026-04-19,SE-M,3,2026-05-10,0.5,2.277316113051099,1.1261989144860358,0.0,0.0,0.0,1.0,3.0,5.0,10.0
2026-04-19,SE-M,0,2026-04-19,0.0,4.773674530030135,3.860896131646466,0.0,1.0,2.0,4.0,6.0,9.0,13.0
2026-04-19,SE-M,1,2026-04-26,0.0,3.619309965000668,2.490527712328073,0.0,0.0,1.0,3.0,5.0,7.0,14.0
2026-04-19,SE-M,2,2026-05-03,0.0,2.6810421301681466,1.5610212188171568,0.0,0.0,1.0,2.0,3.0,6.0,11.0
2026-04-19,SE-M,3,2026-05-10,0.0,2.269832670146715,1.1261989144860358,0.0,0.0,0.0,1.0,3.0,5.0,10.0
2026-04-19,SE-O,0,2026-04-19,1.0,13.155770120034202,13.21732899780191,0.0,3.0,7.0,12.0,16.0,23.0,35.02499999999998
2026-04-19,SE-O,1,2026-04-26,1.0,9.609571579547188,8.415630151022492,0.0,2.0,4.0,8.0,12.0,18.0,33.0
2026-04-19,SE-O,2,2026-05-03,1.0,7.020646674019823,5.231439322132594,0.0,1.0,2.0,5.0,8.25,14.100000000000023,30.0
2026-04-19,SE-O,3,2026-05-10,1.0,6.110216204917849,3.7773184518002187,0.0,0.0,2.0,4.0,7.0,13.0,28.024999999999977
2026-04-19,SE-O,0,2026-04-19,0.5,13.155832372762484,13.21732899780191,0.0,3.0,7.0,11.0,16.0,23.0,34.0
2026-04-19,SE-O,1,2026-04-26,0.5,9.61024564213051,8.415630151022492,0.0,2.0,4.0,8.0,12.0,18.0,32.02499999999998
2026-04-19,SE-O,2,2026-05-03,0.5,7.007163940765049,5.231439322132594,0.0,1.0,2.0,5.0,8.0,14.0,30.024999999999977
2026-04-19,SE-O,3,2026-05-10,0.5,6.035321895783994,3.7773184518002187,0.0,0.0,2.0,4.0,7.0,13.0,28.0
2026-04-19,SE-O,0,2026-04-19,0.0,13.155911771544933,13.21732899780191,0.0,3.0,7.0,11.0,16.25,23.0,34.0
2026-04-19,SE-O,1,2026-04-26,0.0,9.613543442910974,8.415630151022492,0.0,2.0,4.0,8.0,12.0,18.0,33.0
2026-04-19,SE-O,2,2026-05-03,0.0,7.015374980420108,5.231439322132594,0.0,1.0,2.0,5.0,8.0,14.0,29.024999999999977
2026-04-19,SE-O,3,2026-05-10,0.0,6.031822552459364,3.7773184518002187,0.0,0.0,2.0,4.0,7.0,13.0,27.0
2026-04-26,SE,0,2026-04-26,1.0,77.50446666087386,77.38005009808046,5.0,22.0,52.0,72.0,92.25,116.0,180.04999999999995
2026-04-26,SE,1,2026-05-03,1.0,55.32976602910315,50.170586832442254,3.0,15.0,32.75,47.0,65.0,91.10000000000002,159.14999999999986
2026-04-26,SE,2,2026-05-10,1.0,47.33793255529966,38.19479840526081,2.0,11.0,24.0,38.0,56.0,86.0,146.02499999999998
2026-04-26,SE,3,2026-05-17,1.0,34.11830230346696,23.785160098264868,2.0,7.0,14.0,23.0,40.0,66.0,125.09999999999991
2026-04-26,SE,0,2026-04-26,0.5,77.50458349465492,77.38005009808046,4.975000000000001,22.900000000000006,52.0,74.0,93.0,116.0,179.07499999999993
2026-04-26,SE,1,2026-05-03,0.5,55.32071478156966,50.170586832442254,3.0,17.0,32.0,48.0,67.0,88.10000000000002,148.0
2026-04-26,SE,2,2026-05-10,0.5,47.19468746325111,38.19479840526081,2.0,12.0,24.0,37.5,55.0,84.0,153.04999999999995
2026-04-26,SE,3,2026-05-17,0.5,33.621286497246416,23.785160098264868,2.0,6.0,14.0,24.0,40.0,64.0,112.0
2026-04-26,SE,0,2026-04-26,0.0,77.50479201725977,77.38005009808046,4.0,22.0,53.0,74.0,94.0,115.0,180.04999999999995
2026-04-26,SE,1,2026-05-03,0.0,55.3249823166709,50.170586832442254,3.0,15.0,33.0,48.0,66.0,90.10000000000002,155.0
2026-04-26,SE,2,2026-05-10,0.0,47.176449700640546,38.19479840526081,2.9750000000000014,12.0,24.0,37.0,55.0,85.0,150.02499999999998
2026-04-26,SE,3,2026-05-17,0.0,33.49969371227962,23.785160098264868,2.0,8.0,14.0,24.0,38.0,63.10000000000002,115.12499999999989
2026-04-26,SE-M,0,2026-04-26,1.0,5.161959750872071,3.7841497652034626,0.0,1.0,2.0,4.0,6.0,10.0,16.0
2026-04-26,SE-M,1,2026-05-03,1.0,4.044951645859413,2.5395550447761255,0.0,0.0,1.0,3.0,5.0,8.0,17.0
2026-04-26,SE-M,2,2026-05-10,1.0,3.608988978856266,1.9108712323290291,0.0,0.0,1.0,2.0,4.0,8.0,18.0
2026-04-26,SE-M,3,2026-05-17,1.0,2.778692431084159,1.235802392061428,0.0,0.0,0.0,1.0,3.0,6.0,14.024999999999977
2026-04-26,SE-M,0,2026-04-26,0.5,5.161950133985567,3.7841497652034626,0.0,1.0,2.0,4.0,6.0,10.0,17.0
2026-04-26,SE-M,1,2026-05-03,0.5,4.043221336733351,2.5395550447761255,0.0,0.0,1.0,3.0,5.0,8.0,15.0
2026-04-26,SE-M,2,2026-05-10,0.5,3.593371417387838,1.9108712323290291,0.0,0.0,1.0,2.0,4.0,8.0,16.0
2026-04-26,SE-M,3,2026-05-17,0.5,2.73320423756582,1.235802392061428,0.0,0.0,0.0,2.0,3.0,5.0,14.0
2026-04-26,SE-M,0,2026-04-26,0.0,5.1619472971237395,3.7841497652034626,0.0,1.0,2.0,4.0,6.0,9.0,17.0
2026-04-26,SE-M,1,2026-05-03,0.0,4.042498147379005,2.5395550447761255,0.0,0.0,1.0,3.0,5.0,8.0,16.024999999999977
2026-04-26,SE-M,2,2026-05-10,0.0,3.5873621210995847,1.9108712323290291,0.0,0.0,1.0,2.0,4.0,8.0,17.024999999999977
2026-04-26,SE-M,3,2026-05-17,0.0,2.717121771229663,1.235802392061428,0.0,0.0,0.0,1.0,3.0,6.0,13.0
2026-04-26,SE-O,0,2026-04-26,1.0,8.9217814151631,8.13410547862016,0.0,2.0,4.0,7.0,11.0,16.0,27.0
2026-04-26,SE-O,1,2026-05-03,1.0,6.108060722711132,4.849977252847698,0.0,1.0,2.0,5.0,8.0,12.0,22.0
2026-04-26,SE-O,2,2026-05-10,1.0,5.105412408633696,3.4380857319275253,0.0,0.0,2.0,3.0,6.0,11.0,21.024999999999977
2026-04-26,SE-O,3,2026-05-17,1.0,3.6371943616827473,2.003604605469955,0.0,0.0,1.0,2.0,4.0,8.0,17.0
2026-04-26,SE-O,0,2026-04-26,0.5,8.921751180220339,8.13410547862016,0.0,2.0,4.0,8.0,11.0,16.0,31.0
2026-04-26,SE-O,1,2026-05-03,0.5,6.104977251995564,4.849977252847698,0.0,1.0,2.0,5.0,8.0,12.0,21.024999999999977
2026-04-26,SE-O,2,2026-05-10,0.5,5.081164960401909,3.4380857319275253,0.0,0.0,2.0,3.0,6.0,10.0,23.0
2026-04-26,SE-O,3,2026-05-17,0.5,3.5725202404439504,2.003604605469955,0.0,0.0,1.0,2.0,4.0,8.0,18.0
2026-04-26,SE-O,0,2026-04-26,0.0,8.921730484264602,8.13410547862016,0.0,2.0,4.0,7.0,11.0,16.0,30.024999999999977
2026-04-26,SE-O,1,2026-05-03,0.0,6.1032513512927995,4.849977252847698,0.0,1.0,2.0,5.0,8.0,13.0,22.0
2026-04-26,SE-O,2,2026-05-10,0.0,5.069812808884758,3.4380857319275253,0.0,0.0,2.0,4.0,6.0,11.0,23.0
2026-04-26,SE-O,3,2026-05-17,0.0,3.5465373983945025,2.003604605469955,0.0,0.0,1.0,2.0,4.0,8.0,17.0
2026-05-03,SE,0,2026-05-03,1.0,61.9571034568855,58.05326749388752,3.0,18.0,39.0,57.0,73.0,94.0,148.14999999999986
2026-05-03,SE,1,2026-05-10,1.0,54.34030295731588,46.28343851824573,3.0,15.0,32.0,46.0,62.0,91.0,163.02499999999998
2026-05-03,SE,2,2026-05-17,1.0,40.041621004293525,30.239345153866484,2.0,10.0,19.0,30.0,47.0,71.0,136.04999999999995
2026-05-03,SE,3,2026-05-24,1.0,31.161993846793962,20.51753118982957,2.0,6.0,13.0,21.0,35.0,62.0,118.09999999999991
2026-05-03,SE,0,2026-05-03,0.5,61.95720029940942,58.05326749388752,3.0,17.0,40.0,57.0,73.0,95.0,161.07499999999993
2026-05-03,SE,1,2026-05-10,0.5,54.33417052939529,46.28343851824573,3.9750000000000014,14.900000000000006,30.0,46.0,64.0,91.0,156.14999999999986
2026-05-03,SE,2,2026-05-17,0.5,39.944144480761246,30.239345153866484,2.0,10.0,19.0,30.0,44.0,76.0,132.0999999999999
2026-05-03,SE,3,2026-05-24,0.5,30.76912252997477,20.51753118982957,2.0,6.0,12.0,21.0,34.0,58.0,111.07499999999993
2026-05-03,SE,0,2026-05-03,0.0,61.9573812332018,58.05326749388752,3.0,18.0,39.0,56.5,72.0,96.0,161.02499999999998
2026-05-03,SE,1,2026-05-10,0.0,54.34131058508429,46.28343851824573,3.0,14.900000000000006,31.0,45.0,63.0,92.0,164.0
2026-05-03,SE,2,2026-05-17,0.0,39.96902210567414,30.239345153866484,3.0,9.0,19.0,30.0,46.0,73.0,132.07499999999993
2026-05-03,SE,3,2026-05-24,0.0,30.78610542494665,20.51753118982957,2.0,6.0,12.0,21.0,35.0,57.200000000000045,114.12499999999989
2026-05-03,SE-M,0,2026-05-03,1.0,4.8871531526768575,3.262775442985492,0.0,1.0,2.0,3.0,6.0,9.0,18.024999999999977
2026-05-03,SE-M,1,2026-05-10,1.0,4.41705737135548,2.538584848740467,0.0,0.0,1.0,3.0,5.0,8.0,18.0
2026-05-03,SE-M,2,2026-05-17,1.0,3.445695405291212,1.686253628308788,0.0,0.0,1.0,2.0,4.0,7.0,18.0
2026-05-03,SE-M,3,2026-05-24,1.0,2.834345647750449,1.1895268998269146,0.0,0.0,0.0,1.0,3.0,6.0,14.0
2026-05-03,SE-M,0,2026-05-03,0.5,4.887175435407308,3.262775442985492,0.0,1.0,2.0,3.0,6.0,9.0,18.0
2026-05-03,SE-M,1,2026-05-10,0.5,4.417363065582586,2.538584848740467,0.0,0.0,1.0,3.0,5.0,9.0,18.0
2026-05-03,SE-M,2,2026-05-17,0.5,3.4402545184540485,1.686253628308788,0.0,0.0,1.0,2.0,4.0,7.0,17.0
2026-05-03,SE-M,3,2026-05-24,0.5,2.802661404173441,1.1895268998269146,0.0,0.0,0.0,1.0,3.0,6.0,16.0
2026-05-03,SE-M,0,2026-05-03,0.0,4.887204416982286,3.262775442985492,0.0,1.0,2.0,3.0,6.0,9.0,17.024999999999977
2026-05-03,SE-M,1,2026-05-10,0.0,4.418738862244666,2.538584848740467,0.0,0.0,1.0,3.0,5.0,9.0,17.0
2026-05-03,SE-M,2,2026-05-17,0.0,3.4451073410552966,1.686253628308788,0.0,0.0,1.0,2.0,4.0,7.0,16.0
2026-05-03,SE-M,3,2026-05-24,0.0,2.8079755424245367,1.1895268998269146,0.0,0.0,0.0,1.0,3.0,6.0,17.0
2026-05-03,SE-O,0,2026-05-03,1.0,5.493619141487304,4.480437523248481,0.0,1.0,2.0,4.0,7.0,10.0,19.0
2026-05-03,SE-O,1,2026-05-10,1.0,4.449804794975757,3.125805245687417,0.0,0.0,2.0,3.0,5.0,9.0,18.0
2026-05-03,SE-O,2,2026-05-17,1.0,3.0694668631051325,1.798991449283632,0.0,0.0,1.0,2.0,4.0,6.0,13.0
2026-05-03,SE-O,3,2026-05-24,1.0,2.3233505840972994,1.1351961918129325,0.0,0.0,0.0,1.0,3.0,5.0,12.0
2026-05-03,SE-O,0,2026-05-03,0.5,5.49363807123564,4.480437523248481,0.0,1.0,2.0,4.0,7.0,11.0,19.0
2026-05-03,SE-O,1,2026-05-10,0.5,4.449880387674055,3.125805245687417,0.0,0.0,1.0,3.0,5.0,9.0,17.0
2026-05-03,SE-O,2,2026-05-17,0.5,3.0641156919209784,1.798991449283632,0.0,0.0,1.0,2.0,4.0,7.0,13.0
2026-05-03,SE-O,3,2026-05-24,0.5,2.2969961864031947,1.1351961918129325,0.0,0.0,0.0,1.0,3.0,5.0,11.0
2026-05-03,SE-O,0,2026-05-03,0.0,5.4936632356600015,4.480437523248481,0.0,1.0,2.0,4.0,7.0,11.0,20.024999999999977
2026-05-03,SE-O,1,2026-05-10,0.0,4.450893465445457,3.125805245687417,0.0,0.0,1.0,3.0,6.0,9.0,17.0
2026-05-03,SE-O,2,2026-05-17,0.0,3.0671285448917516,1.798991449283632,0.0,0.0,1.0,2.0,4.0,6.0,13.0
2026-05-03,SE-O,3,2026-05-24,0.0,2.2986636118038524,1.1351961918129325,0.0,0.0,0.0,1.0,3.0,5.0,10.0
2026-05-10,SE,0,2026-05-10,1.0,67.88677533124779,60.32312923573222,4.0,20.0,42.0,61.0,78.25,106.0,196.0
2026-05-10,SE,1,2026-05-17,1.0,51.08078083962611,41.30872493965428,3.0,14.0,28.0,41.0,58.25,85.10000000000002,153.02499999999998
2026-05-10,SE,2,2026-05-24,1.0,41.09134979560298,29.617666418958585,3.0,10.0,19.0,30.0,46.0,76.0,142.19999999999982
2026-05-10,SE,3,2026-05-31,1.0,33.82317082877612,21.088428471984862,2.0,7.0,12.0,22.0,38.0,65.10000000000002,144.07499999999993
2026-05-10,SE,0,2026-05-10,0.5,67.88682608209393,60.32312923573222,4.975000000000001,20.900000000000006,41.0,60.5,78.0,107.10000000000002,185.0
2026-05-10,SE,1,2026-05-17,0.5,51.06766881716783,41.30872493965428,3.0,13.0,27.0,42.0,58.0,85.10000000000002,161.02499999999998
2026-05-10,SE,2,2026-05-24,0.5,40.89477703968954,29.617666418958585,3.0,10.0,19.0,30.0,47.0,72.0,139.0
2026-05-10,SE,3,2026-05-31,0.5,33.04702939545373,21.088428471984862,2.0,7.0,13.0,22.0,37.0,62.10000000000002,135.0999999999999
2026-05-10,SE,0,2026-05-10,0.0,67.88696896930638,60.32312923573222,5.0,20.0,42.75,61.0,79.0,107.0,184.34999999999968
2026-05-10,SE,1,2026-05-17,0.0,51.06942559557628,41.30872493965428,3.0,13.900000000000006,27.0,41.0,57.0,84.10000000000002,163.07499999999993
2026-05-10,SE,2,2026-05-24,0.0,40.841968539488924,29.617666418958585,2.0,10.0,19.0,30.0,46.0,74.10000000000002,152.02499999999998
2026-05-10,SE,3,2026-05-31,0.0,32.77168423882898,21.088428471984862,2.0,7.0,12.0,22.0,37.0,65.0,128.04999999999995
2026-05-10,SE-M,0,2026-05-10,1.0,3.597676945043316,2.1419136765842994,0.0,0.0,1.0,2.0,4.0,7.0,15.0
2026-05-10,SE-M,1,2026-05-17,1.0,2.537144054698072,1.3225776079376115,0.0,0.0,0.0,1.0,3.0,5.0,13.0
2026-05-10,SE-M,2,2026-05-24,1.0,1.9672579116016413,0.908320965116545,0.0,0.0,0.0,1.0,2.0,4.0,10.0
2026-05-10,SE-M,3,2026-05-31,1.0,1.6058645363256223,0.6715362215391939,0.0,0.0,0.0,1.0,2.0,4.0,8.0
2026-05-10,SE-M,0,2026-05-10,0.5,3.597657220150002,2.1419136765842994,0.0,0.0,1.0,2.0,4.0,7.0,14.0
2026-05-10,SE-M,1,2026-05-17,0.5,2.5355884469033088,1.3225776079376115,0.0,0.0,0.75,1.0,3.0,5.0,11.0
2026-05-10,SE-M,2,2026-05-24,0.5,1.9555853710601037,0.908320965116545,0.0,0.0,0.0,1.0,2.0,4.0,12.0
2026-05-10,SE-M,3,2026-05-31,0.5,1.5696520974916364,0.6715362215391939,0.0,0.0,0.0,1.0,2.0,3.1000000000000227,8.0
2026-05-10,SE-M,0,2026-05-10,0.0,3.597641980489965,2.1419136765842994,0.0,0.0,1.0,2.0,4.0,7.0,15.0
2026-05-10,SE-M,1,2026-05-17,0.0,2.5347324611330233,1.3225776079376115,0.0,0.0,1.0,2.0,3.0,5.0,11.0
2026-05-10,SE-M,2,2026-05-24,0.0,1.9504719818933245,0.908320965116545,0.0,0.0,0.0,1.0,2.0,4.0,10.024999999999977
2026-05-10,SE-M,3,2026-05-31,0.0,1.5558480207042464,0.6715362215391939,0.0,0.0,0.0,1.0,2.0,4.0,8.024999999999977
2026-05-10,SE-O,0,2026-05-10,1.0,5.38375866537496,3.9685063417539546,0.0,1.0,2.0,4.0,7.0,10.0,21.024999999999977
2026-05-10,SE-O,1,2026-05-17,1.0,3.7216407748445945,2.3260716905219985,0.0,0.0,1.0,2.0,4.25,8.0,16.0
2026-05-10,SE-O,2,2026-05-24,1.0,2.837200188652775,1.483205754659118,0.0,0.0,0.0,2.0,3.0,6.0,13.024999999999977
2026-05-10,SE-O,3,2026-05-31,1.0,2.2774853609798975,0.9919096800544459,0.0,0.0,0.0,1.0,3.0,5.0,11.0
2026-05-10,SE-O,0,2026-05-10,0.5,5.383753004310625,3.9685063417539546,0.0,1.0,2.0,4.0,7.0,10.0,20.0
2026-05-10,SE-O,1,2026-05-17,0.5,3.720531389336057,2.3260716905219985,0.0,0.0,1.0,2.0,4.0,8.0,15.0
2026-05-10,SE-O,2,2026-05-24,0.5,2.823866255225311,1.483205754659118,0.0,0.0,1.0,2.0,3.0,6.0,13.0
2026-05-10,SE-O,3,2026-05-31,0.5,2.2269159300116503,0.9919096800544459,0.0,0.0,0.0,1.0,3.0,5.0,9.0
2026-05-10,SE-O,0,2026-05-10,0.0,5.383753759949486,3.9685063417539546,0.0,1.0,2.0,4.0,7.0,10.0,19.0
2026-05-10,SE-O,1,2026-05-17,0.0,3.7204076067291414,2.3260716905219985,0.0,0.0,1.0,2.0,4.25,8.0,15.024999999999977
2026-05-10,SE-O,2,2026-05-24,0.0,2.8197490745420346,1.483205754659118,0.0,0.0,1.0,2.0,3.0,6.0,12.0
2026-05-10,SE-O,3,2026-05-31,0.0,2.2081728730607173,0.9919096800544459,0.0,0.0,0.0,1.0,3.0,5.0,11.0
2026-05-17,SE,0,2026-05-17,1.0,55.67636591188433,46.37000666646025,3.0,16.0,32.0,47.0,63.0,87.0,163.04999999999995
2026-05-17,SE,1,2026-05-24,1.0,47.193578447543786,35.92100858995327,2.9750000000000014,13.0,25.0,37.0,54.0,81.0,152.07499999999993
2026-05-17,SE,2,2026-05-31,1.0,39.198403166510936,26.523591654769444,2.0,9.0,18.0,28.0,43.0,72.0,143.07499999999993
2026-05-17,SE,3,2026-06-07,1.0,32.502657279273954,18.922047895562663,2.0,7.0,12.0,21.0,34.0,59.0,125.04999999999995
2026-05-17,SE,0,2026-05-17,0.5,55.67567906786625,46.37000666646025,3.0,15.0,32.0,48.0,63.0,87.0,178.04999999999995
2026-05-17,SE,1,2026-05-24,0.5,47.140820251499285,35.92100858995327,3.0,12.0,25.0,37.5,53.0,77.0,159.07499999999993
2026-05-17,SE,2,2026-05-31,0.5,38.83778510095374,26.523591654769444,2.9750000000000014,9.0,18.0,28.0,43.0,72.0,142.02499999999998
2026-05-17,SE,3,2026-06-07,0.5,31.498304696246997,18.922047895562663,2.0,7.0,12.0,21.0,33.0,58.0,127.02499999999998
2026-05-17,SE,0,2026-05-17,0.0,55.675082475719194,46.37000666646025,4.0,16.0,33.0,47.0,62.0,89.10000000000002,164.02499999999998
2026-05-17,SE,1,2026-05-24,0.0,47.10319992377855,35.92100858995327,3.9750000000000014,13.0,26.0,37.0,54.0,80.0,154.0
2026-05-17,SE,2,2026-05-31,0.0,38.621097506232985,26.523591654769444,3.0,9.0,17.0,28.0,42.25,68.10000000000002,143.1249999999999
2026-05-17,SE,3,2026-06-07,0.0,30.98343559106183,18.922047895562663,2.0,6.0,12.0,21.0,35.0,59.10000000000002,132.07499999999993
2026-05-17,SE-M,0,2026-05-17,1.0,4.92162814190778,2.7265437134723185,0.0,0.0,1.0,3.0,5.0,9.0,21.0
2026-05-17,SE-M,1,2026-05-24,1.0,4.408120080905712,2.134961991075415,0.0,0.0,1.0,2.0,5.0,8.0,23.0
2026-05-17,SE-M,2,2026-05-31,1.0,3.9055387892685927,1.6314897162873083,0.0,0.0,1.0,2.0,4.0,8.0,24.0
2026-05-17,SE-M,3,2026-06-07,1.0,3.463965924429426,1.2366822725617566,0.0,0.0,1.0,2.0,3.0,7.0,19.0
2026-05-17,SE-M,0,2026-05-17,0.5,4.921569242607438,2.7265437134723185,0.0,0.0,1.0,3.0,5.0,9.0,24.0
2026-05-17,SE-M,1,2026-05-24,0.5,4.4035069006869305,2.134961991075415,0.0,0.0,1.0,2.0,5.0,9.0,26.0
2026-05-17,SE-M,2,2026-05-31,0.5,3.871578969141503,1.6314897162873083,0.0,0.0,1.0,2.0,4.0,8.0,23.024999999999977
2026-05-17,SE-M,3,2026-06-07,0.5,3.363252152174432,1.2366822725617566,0.0,0.0,1.0,2.0,3.0,7.0,18.0
2026-05-17,SE-M,0,2026-05-17,0.0,4.921519199999198,2.7265437134723185,0.0,1.0,1.0,3.0,5.0,9.0,22.0
2026-05-17,SE-M,1,2026-05-24,0.0,4.40041937433099,2.134961991075415,0.0,0.0,1.0,3.0,5.0,8.0,23.0
2026-05-17,SE-M,2,2026-05-31,0.0,3.8524917063248587,1.6314897162873083,0.0,0.0,1.0,2.0,4.0,7.0,21.0
2026-05-17,SE-M,3,2026-06-07,0.0,3.3142794148612253,1.2366822725617566,0.0,0.0,0.75,1.5,3.0,7.0,19.0
2026-05-17,SE-O,0,2026-05-17,1.0,4.985338636262845,3.2964194402889784,0.0,0.0,1.0,3.0,6.0,10.0,21.024999999999977
2026-05-17,SE-O,1,2026-05-24,1.0,4.113066658895817,2.302444232297786,0.0,0.0,1.0,3.0,5.0,8.0,18.0
2026-05-17,SE-O,2,2026-05-31,1.0,3.4274120132865544,1.5915771769325058,0.0,0.0,1.0,2.0,4.0,7.0,17.0
2026-05-17,SE-O,3,2026-06-07,1.0,2.927101519306369,1.1170745549003742,0.0,0.0,0.0,1.0,3.0,6.0,13.024999999999977
2026-05-17,SE-O,0,2026-05-17,0.5,4.985249261883655,3.2964194402889784,0.0,1.0,2.0,3.0,6.0,9.100000000000023,19.0
2026-05-17,SE-O,1,2026-05-24,0.5,4.106636621626174,2.302444232297786,0.0,0.0,1.0,2.0,5.0,8.0,18.0
2026-05-17,SE-O,2,2026-05-31,0.5,3.3871791325037366,1.5915771769325058,0.0,0.0,1.0,2.0,4.0,7.0,16.024999999999977
2026-05-17,SE-O,3,2026-06-07,0.5,2.821693654107357,1.1170745549003742,0.0,0.0,0.0,1.0,3.0,6.0,14.0
2026-05-17,SE-O,0,2026-05-17,0.0,4.985167675861886,3.2964194402889784,0.0,0.0,2.0,3.0,6.0,10.0,20.0
2026-05-17,SE-O,1,2026-05-24,0.0,4.1015381663569075,2.302444232297786,0.0,0.0,1.0,2.0,5.0,8.0,18.024999999999977
2026-05-17,SE-O,2,2026-05-31,0.0,3.3597743383935743,1.5915771769325058,0.0,0.0,1.0,2.0,4.0,6.100000000000023,17.024999999999977
2026-05-17,SE-O,3,2026-06-07,0.0,2.760811986027604,1.1170745549003742,0.0,0.0,0.0,1.0,3.0,6.0,14.0
