reference_date,location,horizon,target_end_date,future_rw_scale,mean,map_mean,q0.025,q0.1,q0.25,q0.5,q0.75,q0.9,q0.975,model,observed,wis,cov50,cov80,cov95
2025-10-05,SE,0,2025-10-05,1.0,45.906895344791664,14.968636678430263,8.0,11.0,14.0,19.0,29.0,52.10000000000002,355.17499999999984,main@rw1,29,6.154107142857143,1.0,1.0,1.0
2025-10-05,SE,1,2025-10-12,1.0,54.353169515002186,16.769677520266193,8.0,11.0,15.0,22.0,32.0,66.10000000000002,361.4249999999996,main@rw1,33,7.170178571428569,0.0,1.0,1.0
2025-10-05,SE,2,2025-10-19,1.0,66.44988534220244,18.94694880224401,8.0,12.0,17.0,25.0,40.0,81.10000000000002,494.1499999999999,main@rw1,59,17.375357142857144,0.0,1.0,1.0
2025-10-05,SE,3,2025-10-26,1.0,85.75637671982552,21.627764970426444,8.0,12.900000000000006,19.0,29.0,49.25,109.10000000000002,627.7749999999984,main@rw1,55,14.693392857142848,0.0,1.0,1.0
2025-10-05,SE-M,0,2025-10-05,1.0,7.371641125299933,1.4173475727822171,0.0,0.0,1.0,2.0,4.0,7.0,57.04999999999996,main@rw1,1,0.9646428571428569,1.0,1.0,1.0
2025-10-05,SE-M,1,2025-10-12,1.0,9.166063878754532,1.5592783337000562,0.0,0.0,1.0,2.0,4.0,9.0,66.04999999999995,main@rw1,4,1.2289285714285711,1.0,1.0,1.0
2025-10-05,SE-M,2,2025-10-19,1.0,11.7984409360226,1.7072181435545162,0.0,0.0,1.0,2.0,5.0,11.0,94.07499999999992,main@rw1,4,1.5576785714285708,1.0,1.0,1.0
2025-10-05,SE-M,3,2025-10-26,1.0,15.311506801930316,1.870917978532849,0.0,0.0,1.0,3.0,6.0,16.0,119.02499999999998,main@rw1,4,1.8073214285714285,1.0,1.0,1.0
2025-10-05,SE-O,0,2025-10-05,1.0,27.948583741538247,2.2108489050339024,0.0,1.0,2.0,3.0,6.0,28.100000000000023,283.1999999999998,main@rw1,3,3.0828571428571427,1.0,1.0,1.0
2025-10-05,SE-O,1,2025-10-12,1.0,35.07088772782465,2.5499987008430844,0.0,1.0,2.0,4.0,8.0,39.30000000000007,373.07499999999993,main@rw1,6,4.473392857142859,1.0,1.0,1.0
2025-10-05,SE-O,2,2025-10-19,1.0,43.6254144370755,2.916535286784633,0.0,1.0,2.0,5.0,10.0,61.10000000000002,469.0999999999999,main@rw1,11,6.7821428571428575,0.0,1.0,1.0
2025-10-05,SE-O,3,2025-10-26,1.0,51.92062155274458,3.3412890441743155,0.0,1.0,2.0,5.0,12.25,86.10000000000002,534.5999999999995,main@rw1,13,8.339285714285712,0.0,1.0,1.0
2025-10-12,SE,0,2025-10-12,1.0,107.8281271402569,31.531384742138595,19.0,25.0,30.0,41.0,60.0,139.20000000000005,848.2749999999997,main@rw1,33,12.471964285714288,1.0,1.0,1.0
2025-10-12,SE,1,2025-10-19,1.0,159.43476730377296,43.58115147752103,22.0,30.0,40.0,57.0,89.0,237.30000000000007,1269.8499999999992,main@rw1,59,18.62178571428571,1.0,1.0,1.0
2025-10-12,SE,2,2025-10-26,1.0,246.9563068518883,60.972058887714,24.0,35.900000000000006,52.0,78.0,147.0,403.5000000000001,2091.524999999998,main@rw1,55,35.342321428571424,1.0,1.0,1.0
2025-10-12,SE,3,2025-11-02,1.0,400.0065212275546,87.04263508716596,23.975,41.0,65.0,109.5,254.0,720.2000000000003,3104.074999999996,main@rw1,65,61.26357142857141,1.0,1.0,1.0
2025-10-12,SE-M,0,2025-10-12,1.0,7.846211045562954,1.4819658689907484,0.0,0.0,1.0,2.0,4.0,8.0,56.04999999999996,main@rw1,4,1.128928571428571,1.0,1.0,1.0
2025-10-12,SE-M,1,2025-10-19,1.0,10.15735003601584,1.6420190226248372,0.0,0.0,1.0,2.0,4.0,10.0,79.07499999999993,main@rw1,4,1.3505357142857137,1.0,1.0,1.0
2025-10-12,SE-M,2,2025-10-26,1.0,13.217667028030617,1.7913185181276423,0.0,0.0,1.0,3.0,5.0,13.0,92.04999999999995,main@rw1,4,1.4574999999999996,1.0,1.0,1.0
2025-10-12,SE-M,3,2025-11-02,1.0,16.5962706552912,1.952075765454064,0.0,0.0,1.0,3.0,6.0,17.0,112.04999999999995,main@rw1,9,3.3574999999999995,0.0,1.0,1.0
2025-10-12,SE-O,0,2025-10-12,1.0,29.513327980115363,3.022938755173394,0.0,1.0,3.0,5.0,9.0,37.10000000000002,263.025,main@rw1,6,3.4816071428571433,1.0,1.0,1.0
2025-10-12,SE-O,1,2025-10-19,1.0,38.75223436396326,3.643254021197612,0.0,1.9000000000000057,3.0,5.0,12.0,54.10000000000002,337.14999999999986,main@rw1,11,5.399642857142857,1.0,1.0,1.0
2025-10-12,SE-O,2,2025-10-26,1.0,49.959729495150285,4.361907089414959,1.0,2.0,3.0,6.0,16.0,76.10000000000002,520.0749999999999,main@rw1,13,7.753392857142858,1.0,1.0,1.0
2025-10-12,SE-O,3,2025-11-02,1.0,61.17851509123793,5.258289092729759,0.0,2.0,4.0,8.0,22.0,120.10000000000002,658.4499999999996,main@rw1,12,9.934642857142856,1.0,1.0,1.0
2025-10-19,SE,0,2025-10-19,1.0,117.44962967030432,43.82509371720931,28.975,35.0,44.0,57.0,79.0,155.20000000000005,831.8749999999983,main@rw1,59,11.954999999999988,1.0,1.0,1.0
2025-10-19,SE,1,2025-10-26,1.0,163.27566795738102,59.35103153578514,32.0,44.0,57.0,76.0,112.25,253.1,1147.2999999999988,main@rw1,55,21.458571428571418,0.0,1.0,1.0
2025-10-19,SE,2,2025-11-02,1.0,248.706965892641,85.33163851732982,35.0,52.0,72.0,108.0,193.25,433.0,1669.15,main@rw1,65,39.361785714285716,0.0,1.0,1.0
2025-10-19,SE,3,2025-11-09,1.0,388.8825116829438,122.39765701235793,36.95,61.0,93.0,156.5,329.25,807.7000000000002,2524.125,main@rw1,59,80.18910714285714,0.0,0.0,1.0
2025-10-19,SE-M,0,2025-10-19,1.0,17.468504559739095,2.5406548350780813,0.0,1.0,2.0,3.0,7.0,17.100000000000023,142.2249999999998,main@rw1,4,1.9758928571428562,1.0,1.0,1.0
2025-10-19,SE-M,1,2025-10-26,1.0,22.845874751647607,2.865540032092544,0.0,1.0,2.0,4.0,8.0,27.0,175.2249999999998,main@rw1,4,2.423035714285713,1.0,1.0,1.0
2025-10-19,SE-M,2,2025-11-02,1.0,29.442659248195618,3.364533015342964,0.0,1.0,2.0,5.0,10.0,41.10000000000002,279.62499999999943,main@rw1,9,4.285892857142854,1.0,1.0,1.0
2025-10-19,SE-M,3,2025-11-09,1.0,36.26987450187246,3.907985441317867,0.0,1.0,3.0,5.0,14.0,67.50000000000011,341.5499999999995,main@rw1,8,5.553928571428571,1.0,1.0,1.0
2025-10-19,SE-O,0,2025-10-19,1.0,24.959262788226024,6.142336011535406,2.0,3.0,6.0,9.0,16.0,46.10000000000002,150.52499999999952,main@rw1,11,3.2923214285714257,1.0,1.0,1.0
2025-10-19,SE-O,1,2025-10-26,1.0,33.58938082538677,8.044032253855963,2.0,4.0,7.0,11.0,22.0,65.0,233.0999999999999,main@rw1,13,4.7507142857142854,1.0,1.0,1.0
2025-10-19,SE-O,2,2025-11-02,1.0,49.966507564509904,11.2515959440764,2.0,5.0,8.0,15.0,37.0,106.10000000000002,308.0999999999999,main@rw1,12,7.575000000000001,1.0,1.0,1.0
2025-10-19,SE-O,3,2025-11-09,1.0,74.8694008568912,15.744278049802114,3.0,6.0,11.0,21.0,57.25,170.10000000000002,510.0,main@rw1,8,14.327857142857145,0.0,1.0,1.0
2025-10-26,SE,0,2025-10-26,1.0,189.90626126126904,91.38654663116894,63.975,77.0,93.0,117.0,157.0,282.20000000000005,956.125,main@rw1,55,45.37107142857143,0.0,0.0,0.0
2025-10-26,SE,1,2025-11-02,1.0,343.1550020860631,164.0382126351442,88.0,120.9,154.0,209.0,317.0,567.0,1694.7999999999993,main@rw1,65,104.40857142857142,0.0,0.0,0.0
2025-10-26,SE,2,2025-11-09,1.0,597.8021230182466,279.0035843377617,105.0,168.0,238.0,363.5,622.0,1132.6,2717.4999999999995,main@rw1,59,212.57785714285714,0.0,0.0,0.0
2025-10-26,SE,3,2025-11-16,1.0,1082.158368601182,490.4097052504407,120.95,217.0,357.5,636.5,1235.0,2488.3,4961.124999999999,main@rw1,80,371.7741071428572,0.0,0.0,0.0
2025-10-26,SE-M,0,2025-10-26,1.0,14.9772477329902,4.059566099604368,1.0,2.0,3.0,5.0,9.0,22.0,135.04999999999995,main@rw1,4,2.1003571428571424,1.0,1.0,1.0
2025-10-26,SE-M,1,2025-11-02,1.0,23.493367676374326,5.473718988069495,1.0,2.0,4.0,7.0,14.0,37.10000000000002,178.2249999999998,main@rw1,9,3.2687499999999994,1.0,1.0,1.0
2025-10-26,SE-M,2,2025-11-09,1.0,34.33297684119002,6.982175278929299,1.0,3.0,5.0,9.0,21.0,62.0,236.27499999999972,main@rw1,8,4.651964285714284,1.0,1.0,1.0
2025-10-26,SE-M,3,2025-11-16,1.0,49.20552413112391,9.0229937326137,1.0,3.0,5.0,12.0,33.0,104.20000000000005,373.9999999999991,main@rw1,9,7.9842857142857095,1.0,1.0,1.0
2025-10-26,SE-O,0,2025-10-26,1.0,37.64013619263935,14.939191920552831,6.0,10.0,14.0,21.0,33.0,69.10000000000002,197.24999999999977,main@rw1,13,5.840357142857142,0.0,1.0,1.0
2025-10-26,SE-O,1,2025-11-02,1.0,66.0529876077209,26.343570237674825,9.0,15.0,24.0,37.0,64.0,133.10000000000002,322.4749999999996,main@rw1,12,16.32767857142857,0.0,0.0,1.0
2025-10-26,SE-O,2,2025-11-09,1.0,111.1828502395033,44.107811948774895,12.0,20.0,35.0,59.5,123.25,243.0,552.05,main@rw1,8,36.175357142857145,0.0,0.0,0.0
2025-10-26,SE-O,3,2025-11-16,1.0,188.1289293963984,75.96187723793622,13.0,27.0,52.0,100.0,224.25,432.0,879.6499999999994,main@rw1,5,65.63678571428571,0.0,0.0,0.0
2025-11-02,SE,0,2025-11-02,1.0,155.0554197932078,81.9874559281103,58.0,70.0,83.0,101.0,132.0,226.30000000000007,773.2499999999989,main@rw1,65,24.788928571428567,0.0,0.0,1.0
2025-11-02,SE,1,2025-11-09,1.0,189.05293577187888,101.16196400573097,57.0,76.0,95.0,127.0,180.0,305.0,861.2499999999998,main@rw1,59,43.216071428571425,0.0,0.0,1.0
2025-11-02,SE,2,2025-11-16,1.0,258.2127179757715,134.96067591777677,58.975,84.0,116.0,173.0,280.0,482.40000000000055,1083.1999999999998,main@rw1,80,55.12732142857145,0.0,0.0,1.0
2025-11-02,SE,3,2025-11-23,1.0,402.846397887232,197.5656072240682,59.0,98.0,146.0,251.0,462.5,874.7000000000004,1628.2749999999996,main@rw1,182,65.86482142857145,1.0,1.0,1.0
2025-11-02,SE-M,0,2025-11-02,1.0,14.628177820455752,5.167996998306458,1.0,2.0,4.0,7.0,11.0,22.0,105.04999999999995,main@rw1,9,2.1003571428571424,1.0,1.0,1.0
2025-11-02,SE-M,1,2025-11-09,1.0,19.437809238521396,6.289951196272867,1.0,3.0,5.0,8.0,15.0,33.0,141.34999999999968,main@rw1,8,2.5739285714285693,1.0,1.0,1.0
2025-11-02,SE-M,2,2025-11-16,1.0,28.055244761299,8.014828449895553,2.0,3.0,6.0,10.0,21.0,53.0,192.5499999999995,main@rw1,9,4.003928571428568,1.0,1.0,1.0
2025-11-02,SE-M,3,2025-11-23,1.0,44.16634401642102,10.99162480132441,1.0,4.0,7.0,14.0,35.0,94.0,274.0999999999999,main@rw1,11,6.950714285714285,1.0,1.0,1.0
2025-11-02,SE-O,0,2025-11-02,1.0,47.28309082604631,21.65121932882012,10.0,15.0,22.0,30.0,45.0,91.10000000000002,206.1249999999999,main@rw1,12,11.503749999999998,0.0,0.0,1.0
2025-11-02,SE-O,1,2025-11-09,1.0,69.68502077602659,32.63156658679988,14.0,21.0,30.0,45.0,75.0,136.10000000000002,299.2999999999997,main@rw1,8,25.540714285714284,0.0,0.0,0.0
2025-11-02,SE-O,2,2025-11-16,1.0,112.99439230439128,53.0880401142408,15.0,27.90000000000001,44.0,73.0,133.0,235.0,453.9999999999991,main@rw1,5,45.66714285714285,0.0,0.0,0.0
2025-11-02,SE-O,3,2025-11-23,1.0,195.8783338278999,93.23026416559256,17.975,32.0,65.0,118.0,242.0,437.0,797.7499999999993,main@rw1,13,66.49125,0.0,0.0,0.0
2025-11-09,SE,0,2025-11-09,1.0,135.14044004203976,77.25187798293315,55.0,66.9,78.0,93.0,123.0,198.0,585.3249999999997,main@rw1,59,23.290892857142858,0.0,0.0,1.0
2025-11-09,SE,1,2025-11-16,1.0,156.00511697231812,90.11032560067952,52.0,67.0,85.0,113.0,158.25,256.20000000000005,581.3749999999997,main@rw1,80,20.561964285714282,0.0,1.0,1.0
2025-11-09,SE,2,2025-11-23,1.0,206.7652918333423,116.76840254485884,49.0,73.0,100.0,148.5,239.0,403.2000000000001,733.1249999999999,main@rw1,182,29.035178571428577,1.0,1.0,1.0
2025-11-09,SE,3,2025-11-30,1.0,303.0749374003379,158.87440349922375,50.975,78.0,121.0,198.0,355.25,634.1,1198.025,main@rw1,376,72.17107142857144,0.0,1.0,1.0
2025-11-09,SE-M,0,2025-11-09,1.0,20.377925694155817,10.224564718301975,4.0,6.0,9.0,13.0,21.0,34.0,100.0,main@rw1,8,3.342857142857143,0.0,1.0,1.0
2025-11-09,SE-M,1,2025-11-16,1.0,30.106699205574195,14.483243053881782,5.0,7.0,11.0,19.0,32.0,56.0,154.02499999999998,main@rw1,9,5.9644642857142856,0.0,1.0,1.0
2025-11-09,SE-M,2,2025-11-23,1.0,50.44466546328564,22.607456836716025,5.0,9.0,16.0,29.0,54.25,105.20000000000005,259.0,main@rw1,11,11.295000000000002,0.0,1.0,1.0
2025-11-09,SE-M,3,2025-11-30,1.0,89.09509834492542,36.70011253159984,6.0,12.0,22.0,43.0,102.0,207.1,484.2249999999998,main@rw1,21,18.133035714285715,0.0,1.0,1.0
2025-11-09,SE-O,0,2025-11-09,1.0,38.81655574917806,19.442920693162677,9.0,13.0,19.0,26.0,39.0,73.0,156.0999999999999,main@rw1,8,11.622142857142856,0.0,0.0,0.0
2025-11-09,SE-O,1,2025-11-16,1.0,51.81338913881937,26.55828613511929,10.975,17.0,24.0,36.0,59.0,100.10000000000002,187.0,main@rw1,5,21.124464285714286,0.0,0.0,0.0
2025-11-09,SE-O,2,2025-11-23,1.0,78.23803575261267,39.69227714310293,12.0,20.0,30.0,52.0,94.25,158.20000000000005,300.025,main@rw1,13,23.023750000000003,0.0,0.0,1.0
2025-11-09,SE-O,3,2025-11-30,1.0,126.03506175745888,61.414631964990505,12.975,23.0,42.0,77.0,152.25,275.0,518.0749999999999,main@rw1,38,25.397142857142857,0.0,1.0,1.0
2025-11-16,SE,0,2025-11-16,1.0,104.26098098488316,62.03284928487717,43.0,51.900000000000006,62.0,76.0,98.0,156.0,415.0999999999999,main@rw1,80,8.775,1.0,1.0,1.0
2025-11-16,SE,1,2025-11-23,1.0,108.934639867708,65.84392361494133,38.0,50.0,61.75,82.0,116.0,178.0,368.1499999999999,main@rw1,182,44.17607142857143,0.0,0.0,1.0
2025-11-16,SE,2,2025-11-30,1.0,132.18609165881296,77.81376844733563,35.0,48.0,66.0,98.0,153.0,243.0,439.1249999999999,main@rw1,376,156.10089285714284,0.0,0.0,1.0
2025-11-16,SE,3,2025-12-07,1.0,180.6880189409036,97.33450975269596,33.0,48.0,73.0,118.0,212.25,365.0,715.2249999999998,main@rw1,717,354.74089285714297,0.0,0.0,0.0
2025-11-16,SE-M,0,2025-11-16,1.0,20.401522780992757,11.217953128711985,4.0,7.0,9.0,14.0,22.0,35.0,84.02499999999998,main@rw1,9,3.014464285714286,1.0,1.0,1.0
2025-11-16,SE-M,1,2025-11-23,1.0,29.05918619719481,15.622315735208524,5.0,9.0,12.0,19.0,33.0,53.0,129.0999999999999,main@rw1,11,5.072142857142857,0.0,1.0,1.0
2025-11-16,SE-M,2,2025-11-30,1.0,46.82839199105125,23.522228804745723,6.0,10.0,17.0,29.0,55.0,97.10000000000002,212.1249999999999,main@rw1,21,7.818035714285713,1.0,1.0,1.0
2025-11-16,SE-M,3,2025-12-07,1.0,81.0500796035233,36.7954495454072,5.0,12.0,23.0,42.0,99.0,179.0,380.17499999999984,main@rw1,38,13.45125,1.0,1.0,1.0
2025-11-16,SE-O,0,2025-11-16,1.0,23.433761415811663,12.667475718221096,5.0,9.0,12.0,17.0,26.0,44.0,88.02499999999998,main@rw1,5,7.450178571428571,0.0,0.0,1.0
2025-11-16,SE-O,1,2025-11-23,1.0,25.863876227665568,14.165916168569543,5.0,8.0,12.0,20.0,31.25,48.0,93.0,main@rw1,13,4.146428571428571,1.0,1.0,1.0
2025-11-16,SE-O,2,2025-11-30,1.0,33.39673778110121,17.562867709283598,4.975000000000001,8.0,13.0,23.0,41.0,69.10000000000002,124.04999999999995,main@rw1,38,6.739107142857144,1.0,1.0,1.0
2025-11-16,SE-O,3,2025-12-07,1.0,48.583687672921485,23.00364587517722,3.0,9.0,16.0,29.0,60.0,111.10000000000002,213.14999999999984,main@rw1,57,11.561071428571427,1.0,1.0,1.0
2025-11-23,SE,0,2025-11-23,1.0,144.4741583481439,90.72801424314504,64.0,75.0,87.0,109.0,145.0,221.0,501.025,main@rw1,182,32.43589285714285,0.0,1.0,1.0
2025-11-23,SE,1,2025-11-30,1.0,198.283607809808,125.03160782635096,67.975,87.0,112.0,154.5,222.0,336.30000000000007,641.1249999999999,main@rw1,376,106.05964285714285,0.0,0.0,1.0
2025-11-23,SE,2,2025-12-07,1.0,295.02593572402617,177.29224498449682,70.975,99.0,144.0,219.5,346.0,560.2,956.3499999999996,main@rw1,717,255.80124999999998,0.0,0.0,1.0
2025-11-23,SE,3,2025-12-14,1.0,475.14140108901074,256.438646559865,70.95,111.9,182.0,312.5,579.0,1019.4,1823.5999999999997,main@rw1,1325,511.90464285714285,0.0,0.0,1.0
2025-11-23,SE-M,0,2025-11-23,1.0,22.247973702957317,13.160792364624765,5.0,8.0,12.0,16.0,25.0,38.0,82.02499999999998,main@rw1,11,3.335892857142857,0.0,1.0,1.0
2025-11-23,SE-M,1,2025-11-30,1.0,33.76758040984096,19.57734750886904,7.0,11.0,16.0,24.0,39.0,64.10000000000002,123.09999999999992,main@rw1,21,4.417857142857143,1.0,1.0,1.0
2025-11-23,SE-M,2,2025-12-07,1.0,54.4066696202507,29.40048230017487,7.0,13.0,21.0,34.0,65.0,114.10000000000002,213.0,main@rw1,38,8.074285714285717,1.0,1.0,1.0
2025-11-23,SE-M,3,2025-12-14,1.0,90.76455961468122,44.475717872120086,8.0,15.0,27.75,50.5,109.0,212.20000000000005,429.0,main@rw1,76,18.087857142857143,1.0,1.0,1.0
2025-11-23,SE-O,0,2025-11-23,1.0,14.777738893795089,8.30036245618981,3.0,5.0,8.0,11.0,17.0,27.0,47.0,main@rw1,13,1.8714285714285717,1.0,1.0,1.0
2025-11-23,SE-O,1,2025-11-30,1.0,16.351871955971287,9.123527213085502,3.0,5.0,8.0,12.0,20.0,32.10000000000002,53.04999999999996,main@rw1,38,12.531785714285707,0.0,0.0,1.0
2025-11-23,SE-O,2,2025-12-07,1.0,19.8339302754288,10.357857703191204,2.0,5.0,8.0,14.0,25.0,41.0,73.02499999999998,main@rw1,57,22.607321428571428,0.0,0.0,1.0
2025-11-23,SE-O,3,2025-12-14,1.0,26.32736612208012,12.006098612699304,2.0,4.0,8.0,15.0,33.0,59.0,122.0,main@rw1,120,61.5,0.0,0.0,1.0
2025-11-30,SE,0,2025-11-30,1.0,679.0427095406507,442.4604992730708,326.0,378.0,448.0,530.0,688.0,1083.3000000000002,2035.1,main@rw1,376,92.64500000000001,0.0,0.0,1.0
2025-11-30,SE,1,2025-12-07,1.0,1682.8446384890517,1147.617436300212,637.875,811.9,1051.0,1389.0,1946.0,2721.9,4527.299999999999,main@rw1,717,364.8244642857143,0.0,0.0,1.0
2025-11-30,SE,2,2025-12-14,1.0,3622.221099979216,2610.069742880805,1064.95,1442.8,2066.25,3009.0,4520.75,6472.4000000000015,9610.5,main@rw1,1325,866.0782142857144,0.0,0.0,1.0
2025-11-30,SE,3,2025-12-21,1.0,6292.169799339428,5083.596093668189,1405.975,2242.2,3425.5,5239.5,8094.0,11655.700000000004,17094.574999999997,main@rw1,1638,1912.3257142857144,0.0,0.0,1.0
2025-11-30,SE-M,0,2025-11-30,1.0,29.504686453564545,18.68358856873096,8.0,12.0,16.0,23.0,34.0,50.10000000000002,97.02499999999998,main@rw1,21,3.2958928571428574,1.0,1.0,1.0
2025-11-30,SE-M,1,2025-12-07,1.0,48.95474798741399,30.37706210081712,11.0,17.0,24.75,37.0,59.0,91.10000000000002,155.02499999999998,main@rw1,38,5.735178571428572,1.0,1.0,1.0
2025-11-30,SE-M,2,2025-12-14,1.0,77.944976691294,45.60890409814099,11.0,19.0,32.0,54.0,96.0,169.10000000000002,297.14999999999986,main@rw1,76,14.046785714285715,1.0,1.0,1.0
2025-11-30,SE-M,3,2025-12-21,1.0,120.8025128985133,66.18576460186634,11.975,21.0,40.0,75.0,152.5,268.20000000000005,501.07499999999993,main@rw1,107,23.163571428571426,1.0,1.0,1.0
2025-11-30,SE-O,0,2025-11-30,1.0,24.639242098097537,14.871310014860644,6.0,9.0,14.0,20.0,29.0,43.0,76.04999999999995,main@rw1,38,7.686071428571428,0.0,1.0,1.0
2025-11-30,SE-O,1,2025-12-07,1.0,35.57500963093887,20.988504650178967,7.0,11.0,16.0,27.0,43.0,68.10000000000002,115.0,main@rw1,57,12.617142857142857,0.0,1.0,1.0
2025-11-30,SE-O,2,2025-12-14,1.0,51.33631480253898,28.02763537744068,6.0,12.0,21.0,34.0,63.0,108.0,198.04999999999995,main@rw1,120,39.11464285714286,0.0,0.0,1.0
2025-11-30,SE-O,3,2025-12-21,1.0,76.12379152239524,36.74612330160916,5.975000000000001,12.0,23.0,43.5,89.5,163.0,348.1999999999998,main@rw1,158,47.43732142857142,0.0,1.0,1.0
2025-12-07,SE,0,2025-12-07,1.0,1183.6156211974003,848.912840319737,666.95,758.0,861.0,979.0,1223.0,1765.2,3017.325,main@rw1,717,161.70839285714285,0.0,0.0,1.0
2025-12-07,SE,1,2025-12-14,1.0,2167.143298101116,1647.218160967615,1008.0,1249.7,1531.75,1915.0,2493.25,3243.6000000000004,4832.674999999998,main@rw1,1325,296.3233928571429,0.0,1.0,1.0
2025-12-07,SE,2,2025-12-21,1.0,3807.994343919168,3064.817868188083,1353.7,1796.8,2469.0,3344.0,4585.25,6164.500000000001,8943.3,main@rw1,1638,856.6778571428573,0.0,0.0,1.0
2025-12-07,SE,3,2025-12-28,1.0,4748.391882962609,4151.7746874727145,1285.45,1824.5,2764.0,4142.0,5960.25,8275.300000000001,12569.65,main@rw1,1682,1194.4992857142856,0.0,0.0,1.0
2025-12-07,SE-M,0,2025-12-07,1.0,48.57694214299653,33.50284599536384,17.0,23.0,30.0,40.0,56.0,77.0,133.02499999999998,main@rw1,38,4.514464285714285,1.0,1.0,1.0
2025-12-07,SE-M,1,2025-12-14,1.0,72.22026676817771,49.74419259000788,20.0,28.90000000000001,43.0,60.0,88.0,129.10000000000002,208.0999999999999,main@rw1,76,9.706428571428573,1.0,1.0,1.0
2025-12-07,SE-M,2,2025-12-21,1.0,110.4549096297614,73.85374849155197,22.0,34.0,54.75,82.0,138.0,216.1,369.05,main@rw1,107,17.19964285714286,1.0,1.0,1.0
2025-12-07,SE-M,3,2025-12-28,1.0,135.67763374704896,89.44072048863022,17.975,32.0,55.0,95.0,168.25,292.1,477.17499999999984,main@rw1,138,24.94357142857143,1.0,1.0,1.0
2025-12-07,SE-O,0,2025-12-07,1.0,94.08445827177408,62.71738827128051,32.0,47.0,59.0,78.0,109.0,154.10000000000002,251.025,main@rw1,57,11.76732142857143,0.0,1.0,1.0
2025-12-07,SE-O,1,2025-12-14,1.0,160.91671720505158,110.20895832193406,44.0,69.0,94.0,132.0,198.0,283.20000000000005,444.025,main@rw1,120,18.12017857142857,1.0,1.0,1.0
2025-12-07,SE-O,2,2025-12-21,1.0,276.56100065156227,193.5759894806908,51.975,91.0,141.0,219.0,343.25,534.2,804.2749999999997,main@rw1,158,41.19714285714286,1.0,1.0,1.0
2025-12-07,SE-O,3,2025-12-28,1.0,352.5993296200777,264.72282383394094,47.975,89.9,154.0,269.0,450.25,708.1,1070.0749999999998,main@rw1,118,77.98142857142857,0.0,1.0,1.0
2025-12-14,SE,0,2025-12-14,1.0,1482.606785496767,1154.0896185231263,915.975,1027.0,1144.5,1299.5,1566.5,2095.7000000000007,3233.749999999998,main@rw1,1325,80.87553571428573,1.0,1.0,1.0
2025-12-14,SE,1,2025-12-21,1.0,2136.000116073967,1762.4187659869624,1045.975,1298.0,1598.0,1957.0,2462.5,3118.7000000000003,4100.5,main@rw1,1638,181.15946428571428,1.0,1.0,1.0
2025-12-14,SE,2,2025-12-28,1.0,2571.688690957666,2230.386697369945,904.875,1302.8,1719.75,2281.5,3140.0,4101.0,5671.624999999999,main@rw1,1682,311.8717857142857,0.0,1.0,1.0
2025-12-14,SE,3,2026-01-04,1.0,3338.8267277451973,2953.2670889308347,898.95,1364.1,1981.0,2881.0,4159.0,5762.3,8523.299999999997,main@rw1,2227,429.1225,1.0,1.0,1.0
2025-12-14,SE-M,0,2025-12-14,1.0,73.87849776890687,55.050252752150335,30.0,41.0,50.0,65.0,86.0,115.0,175.04999999999995,main@rw1,76,7.293214285714285,1.0,1.0,1.0
2025-12-14,SE-M,1,2025-12-21,1.0,107.37763668837135,81.12994969350393,35.975,49.0,68.0,91.0,132.0,180.0,277.025,main@rw1,107,12.321785714285713,1.0,1.0,1.0
2025-12-14,SE-M,2,2025-12-28,1.0,131.99168584256668,100.24777292449676,32.975,46.900000000000006,71.0,109.0,164.25,241.1,388.2249999999998,main@rw1,138,18.889642857142857,1.0,1.0,1.0
2025-12-14,SE-M,3,2026-01-04,1.0,177.6948942918692,133.75066325187143,32.975,52.0,84.0,135.0,222.25,348.30000000000007,563.0,main@rw1,190,29.983750000000004,1.0,1.0,1.0
2025-12-14,SE-O,0,2025-12-14,1.0,127.51186208905644,92.98001982737856,54.95,71.0,88.0,110.0,148.0,200.1,302.07499999999993,main@rw1,120,11.168035714285713,1.0,1.0,1.0
2025-12-14,SE-O,1,2025-12-21,1.0,195.83766367489903,148.60104032869796,53.975,90.0,127.75,171.0,234.0,330.1,465.2999999999997,main@rw1,158,19.244464285714287,1.0,1.0,1.0
2025-12-14,SE-O,2,2025-12-28,1.0,250.0761298056312,197.28294640394847,51.95,89.9,139.75,209.0,312.0,460.1,656.0,main@rw1,118,46.409642857142856,0.0,1.0,1.0
2025-12-14,SE-O,3,2026-01-04,1.0,337.87367921623377,273.68380579352885,48.0,100.0,164.0,268.0,442.25,647.2,998.4249999999996,main@rw1,281,44.155178571428564,1.0,1.0,1.0
2025-12-21,SE,0,2025-12-21,1.0,2485.947742038438,2092.2834348563624,1518.975,1810.9,2022.75,2288.5,2691.0,3353.3,4885.15,main@rw1,1638,368.10196428571436,0.0,0.0,1.0
2025-12-21,SE,1,2025-12-28,1.0,2951.245160501252,2684.3008041349594,1360.975,1870.0,2302.0,2776.5,3418.25,4232.3,5268.125,main@rw1,1682,562.3489285714286,0.0,0.0,1.0
2025-12-21,SE,2,2026-01-04,1.0,3970.750323836699,3735.132886391295,1412.3,2081.4,2861.25,3674.0,4817.75,6300.3,8315.699999999999,main@rw1,2227,697.5285714285714,0.0,1.0,1.0
2025-12-21,SE,3,2026-01-11,1.0,3039.6490784871103,2969.361745010337,662.575,1131.8000000000002,1814.0,2662.0,3764.75,5384.2,7678.224999999999,main@rw1,1532,552.9482142857142,0.0,1.0,1.0
2025-12-21,SE-M,0,2025-12-21,1.0,132.4797053786252,106.62527147187464,63.0,78.0,98.0,121.0,153.25,196.0,269.0,main@rw1,107,10.789285714285713,1.0,1.0,1.0
2025-12-21,SE-M,1,2025-12-28,1.0,155.88853915607916,131.09853859740653,57.0,79.9,104.0,140.0,190.0,245.0,347.025,main@rw1,138,13.217321428571429,1.0,1.0,1.0
2025-12-21,SE-M,2,2026-01-04,1.0,214.36274035837377,182.3432172684508,60.0,89.9,129.0,185.0,271.0,363.1,534.1249999999999,main@rw1,190,22.049464285714286,1.0,1.0,1.0
2025-12-21,SE-M,3,2026-01-11,1.0,172.56477205717388,150.5120812359241,31.0,56.0,87.75,138.5,225.0,327.1,486.1249999999999,main@rw1,126,22.585892857142856,1.0,1.0,1.0
2025-12-21,SE-O,0,2025-12-21,1.0,230.68654006863684,183.9685725442972,98.0,138.9,174.0,212.0,262.25,343.0,485.0,main@rw1,158,27.185,0.0,1.0,1.0
2025-12-21,SE-O,1,2025-12-28,1.0,275.40431340108626,235.75294876368764,85.92500000000001,139.0,191.0,252.5,337.25,429.0,586.1249999999999,main@rw1,118,68.37642857142858,0.0,0.0,1.0
2025-12-21,SE-O,2,2026-01-04,1.0,379.7472797217871,337.3069519787013,88.82500000000002,155.8,236.75,334.0,478.25,653.5000000000001,942.125,main@rw1,281,45.136428571428574,1.0,1.0,1.0
2025-12-21,SE-O,3,2026-01-11,1.0,301.9085772769036,284.03096041202554,47.0,98.0,162.75,252.0,383.0,562.2,861.2499999999998,main@rw1,260,35.95392857142857,1.0,1.0,1.0
2025-12-28,SE,0,2025-12-28,1.0,1666.894366513665,1634.8450748680025,808.925,1246.9,1461.5,1639.0,1859.5,2122.9,2677.0,main@rw1,1682,72.94339285714287,1.0,1.0,1.0
2025-12-28,SE,1,2026-01-04,1.0,1760.5664363391063,1806.8456797406177,676.65,1166.8000000000002,1453.5,1742.5,2028.0,2404.3,2877.075,main@rw1,2227,218.18160714285713,0.0,1.0,1.0
2025-12-28,SE,2,2026-01-11,1.0,1081.749763252811,1167.2822304966214,301.27500000000003,536.9,778.0,1027.5,1322.25,1643.1,2243.774999999999,main@rw1,1532,216.3557142857143,0.0,1.0,1.0
2025-12-28,SE,3,2026-01-18,1.0,880.0209289349234,944.6740416414848,143.95,287.9,492.5,746.0,1137.25,1528.3000000000002,2510.15,main@rw1,1082,146.395,1.0,1.0,1.0
2025-12-28,SE-M,0,2025-12-28,1.0,145.16309047139012,127.87562074036384,68.975,92.0,112.0,137.0,167.25,205.1,263.0,main@rw1,138,8.706607142857143,1.0,1.0,1.0
2025-12-28,SE-M,1,2026-01-04,1.0,187.22439778441765,169.65252038441653,73.975,108.9,135.0,176.0,223.0,287.0,380.05,main@rw1,190,15.560535714285717,1.0,1.0,1.0
2025-12-28,SE-M,2,2026-01-11,1.0,145.67152878559526,136.49762465458838,37.975,63.0,90.75,129.0,181.0,242.20000000000005,354.025,main@rw1,126,14.2525,1.0,1.0,1.0
2025-12-28,SE-M,3,2026-01-18,1.0,141.4968051478819,132.2324013353116,23.0,45.0,71.75,113.0,179.0,273.0,418.0999999999999,main@rw1,130,19.425714285714285,1.0,1.0,1.0
2025-12-28,SE-O,0,2025-12-28,1.0,205.31031396289603,184.16496207532387,67.975,130.9,164.0,197.0,240.0,293.0,393.0999999999999,main@rw1,118,40.49660714285715,0.0,0.0,1.0
2025-12-28,SE-O,1,2026-01-04,1.0,249.77742569873976,234.0479073128394,62.900000000000006,139.0,188.0,242.5,303.0,377.0,482.025,main@rw1,281,23.508035714285715,1.0,1.0,1.0
2025-12-28,SE-O,2,2026-01-11,1.0,184.5302005476665,181.9681189329453,37.925,73.0,118.0,168.0,234.0,320.0,435.05,main@rw1,260,38.75089285714286,0.0,1.0,1.0
2025-12-28,SE-O,3,2026-01-18,1.0,176.1676680384026,175.34106805087006,21.975,51.900000000000006,88.0,144.5,223.0,341.4000000000001,521.0749999999999,main@rw1,151,22.407857142857146,1.0,1.0,1.0
2026-01-04,SE,0,2026-01-04,1.0,1883.783396728128,1933.845890377345,893.525,1344.9,1645.75,1899.0,2130.0,2399.5,2767.175,main@rw1,2227,152.67535714285714,0.0,1.0,1.0
2026-01-04,SE,1,2026-01-11,1.0,1182.675026291646,1305.3663558806663,409.725,684.9,962.75,1186.0,1418.25,1639.1,1982.05,main@rw1,1532,152.9580357142857,0.0,1.0,1.0
2026-01-04,SE,2,2026-01-18,1.0,947.148706348088,1075.3518234336614,218.775,393.7000000000001,633.75,886.5,1196.5,1559.1,2029.35,main@rw1,1082,114.35482142857141,1.0,1.0,1.0
2026-01-04,SE,3,2026-01-25,1.0,1048.0473145474566,1166.0611630989556,140.925,295.0,526.75,859.0,1380.0,1966.2,2937.8499999999995,main@rw1,968,144.2444642857143,1.0,1.0,1.0
2026-01-04,SE-M,0,2026-01-04,1.0,204.34682549680397,191.4687195368764,100.0,135.9,166.0,198.5,237.0,279.0,349.0,main@rw1,190,12.152857142857144,1.0,1.0,1.0
2026-01-04,SE-M,1,2026-01-11,1.0,166.36904545240537,165.37766071561958,58.975,92.0,124.0,159.0,198.25,248.0,331.025,main@rw1,126,16.41821428571429,1.0,1.0,1.0
2026-01-04,SE-M,2,2026-01-18,1.0,162.0875845055114,164.1842892816157,37.975,66.9,98.0,145.0,203.25,276.20000000000005,399.0,main@rw1,130,18.219464285714288,1.0,1.0,1.0
2026-01-04,SE-M,3,2026-01-25,1.0,209.25744967388647,209.51563968188475,26.950000000000003,58.900000000000006,98.0,164.5,268.25,419.4000000000001,643.0749999999999,main@rw1,133,31.361607142857146,1.0,1.0,1.0
2026-01-04,SE-O,0,2026-01-04,1.0,151.89291653170244,154.1528958410388,34.0,92.0,123.0,151.0,182.25,216.0,274.0,main@rw1,281,76.84642857142856,0.0,0.0,0.0
2026-01-04,SE-O,1,2026-01-11,1.0,93.48166806740302,101.34793204633588,15.975,46.0,67.75,91.0,115.0,145.0,189.07499999999996,main@rw1,260,126.13285714285715,0.0,0.0,0.0
2026-01-04,SE-O,2,2026-01-18,1.0,74.73143823855996,82.35727146366135,8.0,25.0,44.0,67.0,95.0,131.0,191.04999999999995,main@rw1,151,41.693214285714284,0.0,0.0,1.0
2026-01-04,SE-O,3,2026-01-25,1.0,83.53837281070882,88.92461895434704,5.975000000000001,19.0,36.0,63.0,108.0,165.30000000000007,289.0,main@rw1,135,29.344464285714288,0.0,1.0,1.0
2026-01-11,SE,0,2026-01-11,1.0,1581.8183197530354,1705.6086010870647,673.7,1097.8000000000002,1409.5,1623.5,1821.0,1985.1,2218.4999999999995,main@rw1,1532,78.85,1.0,1.0,1.0
2026-01-11,SE,1,2026-01-18,1.0,1499.5914860287066,1705.4300250296567,436.975,802.0,1159.25,1496.0,1829.75,2187.2,2648.275,main@rw1,1082,184.4792857142857,0.0,1.0,1.0
2026-01-11,SE,2,2026-01-25,1.0,1840.583220688826,2122.410066673314,331.875,688.0,1114.5,1664.0,2369.0,3186.5000000000005,4254.45,main@rw1,968,330.2969642857143,0.0,1.0,1.0
2026-01-11,SE,3,2026-02-01,1.0,2358.3755954418752,2658.7336617566225,254.95,601.8,1098.25,1912.0,3093.25,4795.3,6929.025,main@rw1,1107,424.98625,1.0,1.0,1.0
2026-01-11,SE-M,0,2026-01-11,1.0,163.5102859710509,167.6252987257712,70.0,104.0,134.0,162.0,191.0,223.0,266.0999999999999,main@rw1,126,16.300714285714285,0.0,1.0,1.0
2026-01-11,SE-M,1,2026-01-18,1.0,162.42107190109965,173.6287954281491,45.0,82.0,114.0,156.0,199.0,256.1,327.0999999999999,main@rw1,130,16.775000000000002,1.0,1.0,1.0
2026-01-11,SE-M,2,2026-01-25,1.0,207.83738891699755,223.31688377315425,30.975,70.9,116.0,181.5,270.0,375.1,544.0999999999999,main@rw1,133,30.28517857142857,1.0,1.0,1.0
2026-01-11,SE-M,3,2026-02-01,1.0,273.2070880081613,287.7822992478406,24.975,65.0,119.0,217.0,358.25,555.1,844.2499999999998,main@rw1,189,40.94410714285714,1.0,1.0,1.0
2026-01-11,SE-O,0,2026-01-11,1.0,222.5728701100238,228.9372827808524,54.925,134.9,178.75,223.0,268.0,314.20000000000005,376.0,main@rw1,260,19.07696428571429,1.0,1.0,1.0
2026-01-11,SE-O,1,2026-01-18,1.0,253.28636782029145,274.6689690217317,38.975,111.0,172.0,236.0,317.0,408.1,542.05,main@rw1,151,40.581964285714285,0.0,1.0,1.0
2026-01-11,SE-O,2,2026-01-25,1.0,358.35186561950803,396.00822288661766,39.975,113.0,192.0,309.0,464.5,665.1,951.1999999999998,main@rw1,135,82.89017857142858,0.0,1.0,1.0
2026-01-11,SE-O,3,2026-02-01,1.0,481.6504167297841,533.6728773899913,33.975,107.9,206.0,377.0,629.0,982.2,1517.225,main@rw1,203,91.5032142857143,0.0,1.0,1.0
2026-01-18,SE,0,2026-01-18,1.0,1247.1477579890322,1488.1514736155336,433.92500000000007,806.8,1085.0,1298.5,1460.0,1611.1,1754.15,main@rw1,1082,90.98160714285714,0.0,1.0,1.0
2026-01-18,SE,1,2026-01-25,1.0,1502.7555558973545,1880.7128632153629,370.525,761.4000000000001,1112.0,1479.0,1869.5,2339.0,2683.3499999999995,main@rw1,968,229.84446428571428,0.0,1.0,1.0
2026-01-18,SE,2,2026-02-01,1.0,1771.3230849071958,2220.8148221626548,298.825,673.4000000000001,1047.5,1601.0,2284.25,3170.0,4195.424999999998,main@rw1,1107,258.075,1.0,1.0,1.0
2026-01-18,SE,3,2026-02-08,1.0,1889.8228962827584,2291.1213171680192,228.975,530.9,907.75,1499.5,2518.25,3704.3000000000006,5474.5,main@rw1,1404,256.8151785714286,1.0,1.0,1.0
2026-01-18,SE-M,0,2026-01-18,1.0,115.40086910466778,132.18283397497382,35.975,66.9,90.75,115.0,140.0,164.0,196.0,main@rw1,130,9.578035714285715,1.0,1.0,1.0
2026-01-18,SE-M,1,2026-01-25,1.0,142.35878392687803,168.05998065152116,30.875000000000007,62.0,93.0,133.0,181.25,233.0,304.04999999999995,main@rw1,133,13.140535714285715,1.0,1.0,1.0
2026-01-18,SE-M,2,2026-02-01,1.0,173.2251226431965,201.5811983098864,24.0,53.0,90.75,150.5,222.0,333.1,458.27499999999975,main@rw1,189,25.979821428571427,1.0,1.0,1.0
2026-01-18,SE-M,3,2026-02-08,1.0,188.9245573032156,210.49156378379857,14.0,43.900000000000006,79.0,144.5,254.25,393.0,620.0749999999999,main@rw1,215,36.89267857142857,1.0,1.0,1.0
2026-01-18,SE-O,0,2026-01-18,1.0,327.9197663604168,367.870195934118,65.0,188.9,266.0,332.0,395.0,454.0,544.025,main@rw1,151,89.75303571428572,0.0,0.0,1.0
2026-01-18,SE-O,1,2026-01-25,1.0,557.4778691115223,656.6988904567575,82.975,230.0,363.75,528.5,713.0,900.1,1201.125,main@rw1,135,200.7932142857143,0.0,0.0,1.0
2026-01-18,SE-O,2,2026-02-01,1.0,740.1886638259967,874.7760495141573,101.975,239.8,404.5,666.0,972.25,1373.8000000000002,1830.175,main@rw1,203,219.5264285714286,0.0,0.0,1.0
2026-01-18,SE-O,3,2026-02-08,1.0,732.6433087284374,838.008315704906,91.775,202.0,362.75,602.0,981.0,1377.4,2000.5999999999997,main@rw1,230,182.4494642857143,0.0,1.0,1.0
2026-01-25,SE,0,2026-01-25,1.0,734.465650452677,990.617523872221,212.9,403.9,597.0,762.5,898.0,1002.1,1123.05,main@rw1,968,94.44964285714286,0.0,1.0,1.0
2026-01-25,SE,1,2026-02-01,1.0,586.7186658846389,816.6479882571317,132.0,279.9,418.0,581.5,743.25,884.1,1101.5749999999994,main@rw1,1107,291.65625000000017,0.0,0.0,0.0
2026-01-25,SE,2,2026-02-08,1.0,471.63183430001504,655.4363042929004,83.0,186.0,288.0,423.5,616.25,811.2,1086.9999999999982,main@rw1,1404,673.5664285714291,0.0,0.0,0.0
2026-01-25,SE,3,2026-02-15,1.0,381.8616734332331,513.0387045366913,56.0,117.9,189.0,306.0,494.0,722.1,1148.025,main@rw1,1616,943.6701785714286,0.0,0.0,0.0
2026-01-25,SE-M,0,2026-01-25,1.0,128.72167273273902,158.112774146425,36.975,69.0,100.0,129.0,158.0,188.1,217.025,main@rw1,133,9.403214285714286,1.0,1.0,1.0
2026-01-25,SE-M,1,2026-02-01,1.0,143.413207949008,179.30354078927743,27.950000000000003,62.0,95.0,135.5,180.25,237.0,311.0,main@rw1,189,23.25392857142857,0.0,1.0,1.0
2026-01-25,SE-M,2,2026-02-08,1.0,152.67006249468082,186.47578721478504,23.950000000000003,49.0,82.75,130.0,203.25,280.0,400.2249999999998,main@rw1,215,33.394821428571426,0.0,1.0,1.0
2026-01-25,SE-M,3,2026-02-15,1.0,151.31660960414493,176.23719219033163,17.0,36.900000000000006,68.0,118.0,197.0,295.20000000000005,493.0999999999999,main@rw1,224,42.85214285714286,0.0,1.0,1.0
2026-01-25,SE-O,0,2026-01-25,1.0,161.7214196980299,217.6658279530492,33.95,79.9,114.0,159.5,207.0,247.1,298.025,main@rw1,135,16.80625,1.0,1.0,1.0
2026-01-25,SE-O,1,2026-02-01,1.0,155.2801467932531,212.3956493949416,25.0,61.900000000000006,95.0,143.0,200.25,263.20000000000005,362.0999999999999,main@rw1,203,25.034285714285716,0.0,1.0,1.0
2026-01-25,SE-O,2,2026-02-08,1.0,143.13353924155493,190.40327757438425,18.975,44.0,73.0,122.5,186.25,266.1,405.3999999999997,main@rw1,230,45.052321428571425,0.0,1.0,1.0
2026-01-25,SE-O,3,2026-02-15,1.0,125.45313998053584,157.38789822197248,14.975,30.0,52.0,91.5,163.0,265.1,412.05,main@rw1,281,82.8105357142857,0.0,0.0,1.0
2026-02-01,SE,0,2026-02-01,1.0,563.71573856323,795.6678354409688,132.925,302.6,440.5,584.0,699.0,787.1,887.05,main@rw1,1107,383.22232142857143,0.0,0.0,0.0
2026-02-01,SE,1,2026-02-08,1.0,446.9554965214577,645.5361588745635,92.975,207.8,313.0,446.5,567.0,680.0,846.025,main@rw1,1404,779.2203571428572,0.0,0.0,0.0
2026-02-01,SE,2,2026-02-15,1.0,348.1805778459079,501.078609737036,61.0,139.0,215.0,321.5,445.0,590.1,843.0999999999999,main@rw1,1616,1068.3464285714288,0.0,0.0,0.0
2026-02-01,SE,3,2026-02-22,1.0,262.47012522471147,365.27125817301095,35.0,83.9,139.0,220.0,338.0,479.1,798.05,main@rw1,1529,1067.0560714285714,0.0,0.0,0.0
2026-02-01,SE-M,0,2026-02-01,1.0,112.95914326446764,149.28503831250478,27.975,59.900000000000006,85.0,113.0,141.25,167.0,201.025,main@rw1,189,39.099642857142854,0.0,0.0,1.0
2026-02-01,SE-M,1,2026-02-08,1.0,112.51301174740352,149.6659065510503,22.0,47.0,72.0,106.0,144.25,187.0,241.04999999999995,main@rw1,215,54.51107142857143,0.0,0.0,1.0
2026-02-01,SE-M,2,2026-02-15,1.0,103.90790170509726,134.84966806853564,14.0,37.0,59.0,89.0,132.0,185.0,269.1999999999998,main@rw1,224,67.98,0.0,0.0,1.0
2026-02-01,SE-M,3,2026-02-22,1.0,89.20442537050174,110.10747126630216,9.0,23.90000000000001,42.0,71.0,116.0,174.0,287.025,main@rw1,188,52.84589285714286,0.0,0.0,1.0
2026-02-01,SE-O,0,2026-02-01,1.0,88.22604214230913,125.8868136032484,17.0,43.0,62.0,87.0,113.0,138.0,171.0,main@rw1,203,77.45714285714287,0.0,0.0,0.0
2026-02-01,SE-O,1,2026-02-08,1.0,68.66299586476536,96.9028371202838,14.0,30.0,44.0,63.0,85.25,117.0,149.02499999999998,main@rw1,230,127.03232142857144,0.0,0.0,0.0
2026-02-01,SE-O,2,2026-02-15,1.0,50.70270953197865,68.70936435584156,9.0,18.0,28.0,44.0,66.0,98.20000000000005,136.02499999999998,main@rw1,281,194.84874999999997,0.0,0.0,0.0
2026-02-01,SE-O,3,2026-02-22,1.0,33.56170318127287,42.53801660252597,4.0,10.0,16.0,26.0,44.0,68.0,107.0,main@rw1,257,195.10714285714286,0.0,0.0,0.0
2026-02-08,SE,0,2026-02-08,1.0,869.4386495499048,1243.4046242714282,141.95,402.0,675.75,912.0,1098.0,1245.2,1402.05,main@rw1,1404,266.8957142857143,0.0,0.0,0.0
2026-02-08,SE,1,2026-02-15,1.0,966.1216060806348,1408.4196508699886,134.95,388.30000000000007,673.75,960.5,1243.75,1511.1,1911.175,main@rw1,1616,315.45303571428576,0.0,0.0,1.0
2026-02-08,SE,2,2026-02-22,1.0,944.7848837104988,1361.369645568276,108.82500000000002,326.0,575.5,866.0,1226.0,1660.2,2250.25,main@rw1,1529,281.16589285714286,0.0,1.0,1.0
2026-02-08,SE,3,2026-03-01,1.0,813.1100230605181,1129.2270153097468,74.975,220.8,436.0,681.0,1078.75,1577.1,2257.3499999999995,main@rw1,1252,231.32196428571427,0.0,1.0,1.0
2026-02-08,SE-M,0,2026-02-08,1.0,157.10682654314184,208.9585704544033,32.0,80.0,118.0,159.0,194.0,235.1,276.0,main@rw1,215,25.602857142857143,0.0,1.0,1.0
2026-02-08,SE-M,1,2026-02-15,1.0,166.2768058242538,220.92927425233532,28.950000000000003,72.0,113.75,157.0,208.0,269.1,345.07499999999993,main@rw1,224,28.76446428571429,0.0,1.0,1.0
2026-02-08,SE-M,2,2026-02-22,1.0,153.11638931796367,197.07266942979103,23.0,55.900000000000006,92.0,135.0,199.0,273.1,367.0,main@rw1,188,23.877142857142854,1.0,1.0,1.0
2026-02-08,SE-M,3,2026-03-01,1.0,115.07770973938852,140.25375231679217,15.0,35.0,61.0,95.5,149.0,224.0,302.07499999999993,main@rw1,156,24.379107142857144,0.0,1.0,1.0
2026-02-08,SE-O,0,2026-02-08,1.0,124.06712644541489,181.4451231031917,19.975,57.0,85.0,119.0,156.0,194.1,243.04999999999995,main@rw1,230,57.839107142857145,0.0,0.0,1.0
2026-02-08,SE-O,1,2026-02-15,1.0,115.69598805490676,168.44744313113353,15.0,45.900000000000006,70.75,106.0,150.0,193.0,259.025,main@rw1,281,105.45660714285714,0.0,0.0,0.0
2026-02-08,SE-O,2,2026-02-22,1.0,89.61537361119136,126.00087641362413,11.0,29.0,49.0,75.0,118.0,168.10000000000002,225.07499999999996,main@rw1,257,110.66767857142858,0.0,0.0,0.0
2026-02-08,SE-O,3,2026-03-01,1.0,62.329166267070455,82.14777673347182,6.0,16.0,28.0,50.0,83.0,128.0,194.025,main@rw1,185,73.18589285714286,0.0,0.0,1.0
2026-02-15,SE,0,2026-02-15,1.0,1266.4393241846806,1866.1238661245293,157.875,539.5,992.5,1340.5,1610.5,1819.0,2009.075,main@rw1,1616,134.85142857142858,0.0,1.0,1.0
2026-02-15,SE,1,2026-02-22,1.0,1442.91100537145,2141.100768877523,150.65000000000003,561.5,1039.75,1460.5,1849.25,2291.1,2693.075,main@rw1,1529,135.1844642857143,1.0,1.0,1.0
2026-02-15,SE,2,2026-03-01,1.0,1342.0403545105453,1945.8271624578504,120.0,456.1,854.0,1265.5,1727.75,2271.1,2921.5999999999995,main@rw1,1252,136.20785714285714,1.0,1.0,1.0
2026-02-15,SE,3,2026-03-08,1.0,1097.8506467034756,1509.702619661137,84.975,326.0,624.5,981.0,1429.0,2057.1,2832.125,main@rw1,775,155.97535714285715,1.0,1.0,1.0
2026-02-15,SE-M,0,2026-02-15,1.0,173.673081337583,236.1460961144734,28.0,86.0,133.75,176.0,214.0,252.1,295.025,main@rw1,224,22.099464285714284,0.0,1.0,1.0
2026-02-15,SE-M,1,2026-02-22,1.0,163.51286210500257,219.80982163155568,28.975,74.0,114.0,157.0,206.25,265.0,315.07499999999993,main@rw1,188,18.518571428571427,1.0,1.0,1.0
2026-02-15,SE-M,2,2026-03-01,1.0,122.89931978627769,158.8045112986802,19.0,49.0,77.0,112.5,156.25,215.1,264.07499999999993,main@rw1,156,18.37125,1.0,1.0,1.0
2026-02-15,SE-M,3,2026-03-08,1.0,82.60818890405405,99.10051355012035,11.0,26.0,44.75,71.0,106.0,153.0,217.0,main@rw1,70,9.617857142857144,1.0,1.0,1.0
2026-02-15,SE-O,0,2026-02-15,1.0,157.5775865976242,233.7956207191666,20.975,68.9,109.0,154.0,203.0,247.0,309.0,main@rw1,281,64.00303571428572,0.0,0.0,1.0
2026-02-15,SE-O,1,2026-02-22,1.0,138.67963283449689,203.13313431921063,15.975,53.0,87.0,130.0,180.0,237.0,292.1249999999999,main@rw1,257,59.729642857142856,0.0,0.0,1.0
2026-02-15,SE-O,2,2026-03-01,1.0,104.28488128836536,146.23328704904415,10.0,33.0,58.0,89.0,137.0,193.1,259.04999999999995,main@rw1,185,39.42464285714285,0.0,1.0,1.0
2026-02-15,SE-O,3,2026-03-08,1.0,79.55133943154823,103.80334011995171,9.0,21.0,38.0,63.0,107.0,159.10000000000002,227.025,main@rw1,143,32.14589285714286,0.0,1.0,1.0
2026-02-22,SE,0,2026-02-22,1.0,1155.6647479992905,1745.5463583571589,158.0,461.7000000000001,869.0,1228.0,1488.0,1664.4,1864.2,main@rw1,1529,145.47857142857143,0.0,1.0,1.0
2026-02-22,SE,1,2026-03-01,1.0,1053.1980436034771,1572.857870938636,120.0,403.1,756.0,1068.0,1360.5,1617.3000000000002,1932.0,main@rw1,1252,117.09857142857143,1.0,1.0,1.0
2026-02-22,SE,2,2026-03-08,1.0,796.3835910622976,1144.4586002478666,88.975,302.9,519.75,769.5,1030.25,1302.2,1731.1749999999995,main@rw1,775,77.53142857142858,1.0,1.0,1.0
2026-02-22,SE,3,2026-03-15,1.0,560.9827084073825,750.993480306806,55.95,189.9,320.75,515.0,735.75,983.2,1388.3249999999998,main@rw1,475,67.53982142857143,1.0,1.0,1.0
2026-02-22,SE-M,0,2026-02-22,1.0,153.7936809389529,208.97097259164423,27.975,83.9,122.0,155.5,188.0,225.0,256.0,main@rw1,188,15.01732142857143,1.0,1.0,1.0
2026-02-22,SE-M,1,2026-03-01,1.0,117.72588872108123,156.1224980777664,19.0,56.0,85.0,113.5,148.0,183.1,226.0,main@rw1,156,17.967142857142857,0.0,1.0,1.0
2026-02-22,SE-M,2,2026-03-08,1.0,77.97279034487674,97.81515032598811,11.0,33.0,49.0,71.0,100.0,128.10000000000002,176.0,main@rw1,70,7.681428571428573,1.0,1.0,1.0
2026-02-22,SE-M,3,2026-03-15,1.0,53.73698138771051,61.67313996490282,7.975000000000001,18.0,29.0,47.0,70.0,99.0,143.02499999999998,main@rw1,30,8.636071428571428,1.0,1.0,1.0
2026-02-22,SE-O,0,2026-02-22,1.0,177.56200181456447,264.53340651158106,19.0,71.0,126.0,177.0,230.25,279.1,340.025,main@rw1,257,34.75660714285714,0.0,1.0,1.0
2026-02-22,SE-O,1,2026-03-01,1.0,157.17111754544143,228.2502406060173,16.975,58.900000000000006,103.0,148.0,207.0,264.20000000000005,333.0999999999999,main@rw1,185,20.838035714285716,1.0,1.0,1.0
2026-02-22,SE-O,2,2026-03-08,1.0,130.23608726287748,179.38936557333307,14.0,43.0,74.0,115.0,171.0,240.0,319.1249999999999,main@rw1,143,18.736607142857142,1.0,1.0,1.0
2026-02-22,SE-O,3,2026-03-15,1.0,101.17721417214211,128.37989478103748,10.975,29.0,49.75,84.0,134.0,188.0,288.07499999999993,main@rw1,80,13.111428571428572,1.0,1.0,1.0
2026-03-01,SE,0,2026-03-01,1.0,889.5983069238652,1264.698116143636,134.925,426.1,714.75,962.5,1105.25,1226.2,1350.1,main@rw1,1252,150.0898214285714,0.0,0.0,1.0
2026-03-01,SE,1,2026-03-08,1.0,618.7319938091579,849.6946636615369,89.92500000000001,284.9,488.75,641.5,777.25,894.2,1031.0749999999998,main@rw1,775,63.80964285714286,1.0,1.0,1.0
2026-03-01,SE,2,2026-03-15,1.0,391.13184764526966,505.0881048279708,46.975,166.0,272.0,385.0,498.25,605.0,783.05,main@rw1,475,46.818392857142854,1.0,1.0,1.0
2026-03-01,SE,3,2026-03-22,1.0,244.5986920723745,287.42423729212805,23.925000000000004,91.0,148.0,229.0,315.0,415.0,557.1499999999999,main@rw1,321,39.85160714285714,0.0,1.0,1.0
2026-03-01,SE-M,0,2026-03-01,1.0,108.3004310558561,141.73397694080478,18.975,61.0,87.0,110.0,132.0,154.10000000000002,179.0,main@rw1,156,20.988749999999992,0.0,0.0,1.0
2026-03-01,SE-M,1,2026-03-08,1.0,71.27985916359196,89.39247532758452,11.0,36.0,53.0,71.0,89.0,107.0,131.02499999999998,main@rw1,70,5.600178571428572,1.0,1.0,1.0
2026-03-01,SE-M,2,2026-03-15,1.0,47.0249627916424,54.93562312971027,8.975000000000001,21.0,30.0,44.0,60.0,77.10000000000002,100.04999999999995,main@rw1,30,6.396250000000001,1.0,1.0,1.0
2026-03-01,SE-M,3,2026-03-22,1.0,30.4559811590991,32.1610099136132,4.0,10.0,17.0,26.0,39.25,56.0,80.04999999999995,main@rw1,25,3.589642857142857,1.0,1.0,1.0
2026-03-01,SE-O,0,2026-03-01,1.0,155.91624106606434,229.89597579113016,15.950000000000005,65.9,112.0,157.0,201.25,243.0,293.025,main@rw1,185,17.414107142857144,1.0,1.0,1.0
2026-03-01,SE-O,1,2026-03-08,1.0,133.5801817022237,189.72630445559832,13.975,52.900000000000006,87.0,129.0,171.0,220.0,280.025,main@rw1,143,14.674642857142857,1.0,1.0,1.0
2026-03-01,SE-O,2,2026-03-15,1.0,103.4786156055129,137.43182942019277,9.975,35.900000000000006,61.0,93.0,135.0,180.10000000000002,244.0,main@rw1,80,12.934464285714286,1.0,1.0,1.0
2026-03-01,SE-O,3,2026-03-22,1.0,74.78151452027518,89.90415099867252,7.0,22.0,39.0,65.0,100.0,139.0,210.0,main@rw1,50,11.292857142857144,1.0,1.0,1.0
2026-03-08,SE,0,2026-03-08,1.0,599.3845483551439,808.0621826767858,87.92500000000001,289.8,505.0,649.0,740.0,807.0,885.025,main@rw1,775,65.25642857142857,0.0,1.0,1.0
2026-03-08,SE,1,2026-03-15,1.0,345.6098292388704,443.9807937100536,45.975,167.9,280.0,358.5,430.25,487.0,563.0,main@rw1,475,52.97089285714286,0.0,1.0,1.0
2026-03-08,SE,2,2026-03-22,1.0,204.4873286635417,242.95806576719517,24.975,93.9,143.0,202.0,255.0,313.0,411.025,main@rw1,321,55.160357142857144,0.0,0.0,1.0
2026-03-08,SE,3,2026-03-29,1.0,125.93958236023911,133.98055616560805,11.975,47.0,76.75,115.0,160.25,217.0,317.025,main@rw1,223,48.07178571428572,0.0,0.0,1.0
2026-03-08,SE-M,0,2026-03-08,1.0,74.70981852260168,95.8970554425039,11.0,40.0,59.0,76.0,92.0,105.0,123.0,main@rw1,70,5.871428571428572,1.0,1.0,1.0
2026-03-08,SE-M,1,2026-03-15,1.0,46.10541781480488,56.48086809939991,7.0,22.0,33.0,46.0,58.0,70.0,86.0,main@rw1,30,6.864285714285715,0.0,1.0,1.0
2026-03-08,SE-M,2,2026-03-22,1.0,29.337690288249597,33.27713252473043,4.0,12.0,18.0,27.0,38.0,51.0,69.0,main@rw1,25,3.292857142857143,1.0,1.0,1.0
2026-03-08,SE-M,3,2026-03-29,1.0,19.117475650010565,19.451431324864625,2.0,5.0,10.0,16.0,24.0,35.0,53.02499999999998,main@rw1,17,2.3644642857142855,1.0,1.0,1.0
2026-03-08,SE-O,0,2026-03-08,1.0,101.9305339141648,141.43959982499615,12.975,46.0,76.0,104.0,128.0,153.0,182.0,main@rw1,143,17.83589285714286,0.0,1.0,1.0
2026-03-08,SE-O,1,2026-03-15,1.0,66.12253246395633,86.67291916365423,6.975000000000001,28.0,45.0,63.0,85.0,105.0,131.02499999999998,main@rw1,80,8.371785714285714,1.0,1.0,1.0
2026-03-08,SE-O,2,2026-03-22,1.0,42.68374023516557,51.02601269660839,5.0,15.0,25.0,40.0,57.0,73.0,101.0,main@rw1,50,6.057142857142858,1.0,1.0,1.0
2026-03-08,SE-O,3,2026-03-29,1.0,27.9335779987686,29.406187212020964,2.0,8.0,14.0,23.0,37.0,52.0,82.02499999999998,main@rw1,39,6.328749999999999,0.0,1.0,1.0
2026-03-15,SE,0,2026-03-15,1.0,324.51181103249047,405.7716578186842,48.925,162.9,279.75,349.0,392.0,428.0,471.025,main@rw1,475,74.88571428571429,0.0,0.0,0.0
2026-03-15,SE,1,2026-03-22,1.0,172.87018042255835,202.04169836834768,29.0,90.9,136.0,174.0,209.0,248.1,296.0999999999999,main@rw1,321,92.5564285714286,0.0,0.0,0.0
2026-03-15,SE,2,2026-03-29,1.0,98.205182355431,104.03525385952211,10.0,44.900000000000006,67.0,92.5,120.25,156.10000000000002,213.07499999999996,main@rw1,223,78.38125000000001,0.0,0.0,0.0
2026-03-15,SE,3,2026-04-05,1.0,55.85762740091522,51.84672668256368,5.0,21.0,31.0,47.0,69.0,98.0,154.0,main@rw1,187,94.55,0.0,0.0,0.0
2026-03-15,SE-M,0,2026-03-15,1.0,35.13078291378566,40.81085561748981,7.975000000000001,20.0,27.0,35.0,43.0,51.0,59.0,main@rw1,30,3.1073214285714283,1.0,1.0,1.0
2026-03-15,SE-M,1,2026-03-22,1.0,19.043300713681493,20.561738674711503,2.0,9.0,13.0,18.0,24.0,30.0,40.02499999999998,main@rw1,25,2.9430357142857138,0.0,1.0,1.0
2026-03-15,SE-M,2,2026-03-29,1.0,10.812891761544426,10.509708039236232,1.0,4.0,6.0,10.0,14.0,19.0,28.0,main@rw1,17,3.0500000000000003,0.0,1.0,1.0
2026-03-15,SE-M,3,2026-04-05,1.0,6.132331190635033,5.18981620134437,0.0,1.0,3.0,5.0,8.0,12.0,19.0,main@rw1,11,2.5214285714285714,0.0,1.0,1.0
2026-03-15,SE-O,0,2026-03-15,1.0,64.84916935138882,85.6823223611097,7.975000000000001,29.0,49.0,64.0,82.0,97.0,117.02499999999998,main@rw1,80,7.364642857142857,1.0,1.0,1.0
2026-03-15,SE-O,1,2026-03-22,1.0,39.28889872582712,48.23004270751229,4.975000000000001,16.0,27.0,37.0,50.0,62.0,80.0,main@rw1,50,5.350178571428572,1.0,1.0,1.0
2026-03-15,SE-O,2,2026-03-29,1.0,24.64096830344433,27.1410634024881,2.0,8.0,14.0,22.0,32.0,43.0,63.0,main@rw1,39,7.1499999999999995,0.0,1.0,1.0
2026-03-15,SE-O,3,2026-04-05,1.0,15.171674931198856,14.482235152468531,1.0,4.0,7.0,12.0,20.0,30.0,50.0,main@rw1,24,4.878571428571428,0.0,1.0,1.0
2026-03-22,SE,0,2026-03-22,1.0,200.45461310831143,251.37484794016515,21.0,93.9,167.0,213.5,247.0,275.0,310.025,main@rw1,321,65.73160714285716,0.0,0.0,0.0
2026-03-22,SE,1,2026-03-29,1.0,119.4617402497394,139.500204240991,10.0,52.0,90.0,119.0,148.0,180.0,221.025,main@rw1,223,58.44303571428571,0.0,0.0,0.0
2026-03-22,SE,2,2026-04-05,1.0,72.06781874904037,76.0222906586276,4.0,29.0,46.0,67.0,92.0,121.0,179.0,main@rw1,187,72.59285714285714,0.0,0.0,0.0
2026-03-22,SE,3,2026-04-12,1.0,52.73095149391317,48.694321015485954,3.0,16.900000000000006,28.0,45.0,66.25,97.10000000000002,152.02499999999998,main@rw1,175,84.55232142857142,0.0,0.0,0.0
2026-03-22,SE-M,0,2026-03-22,1.0,15.387735683802736,16.02207891435211,3.0,8.0,11.0,15.0,19.0,23.0,31.0,main@rw1,25,4.914285714285714,0.0,0.0,1.0
2026-03-22,SE-M,1,2026-03-29,1.0,7.704401601537844,7.268745509223601,1.0,3.0,5.0,7.0,10.0,14.0,21.0,main@rw1,17,5.1000000000000005,0.0,0.0,1.0
2026-03-22,SE-M,2,2026-04-05,1.0,3.948432619938636,3.2615355626309164,0.0,1.0,2.0,3.0,5.0,8.0,13.0,main@rw1,11,4.221428571428571,0.0,0.0,1.0
2026-03-22,SE-M,3,2026-04-12,1.0,2.4054286682159467,1.694131458488719,0.0,0.0,1.0,2.0,3.0,5.0,9.0,main@rw1,9,4.207142857142857,0.0,0.0,1.0
2026-03-22,SE-O,0,2026-03-22,1.0,36.34822688163533,44.286950174972425,4.0,16.0,27.0,36.0,45.25,54.0,67.02499999999998,main@rw1,50,6.196607142857142,0.0,1.0,1.0
2026-03-22,SE-O,1,2026-03-29,1.0,21.04565443622432,23.338206860152734,2.0,8.0,14.0,19.0,27.0,35.0,52.0,main@rw1,39,9.485714285714286,0.0,0.0,1.0
2026-03-22,SE-O,2,2026-04-05,1.0,12.203235185654169,11.884595072656616,1.0,3.0,6.75,10.0,15.0,22.100000000000023,35.02499999999998,main@rw1,24,6.492321428571423,0.0,0.0,1.0
2026-03-22,SE-O,3,2026-04-12,1.0,8.662437355192049,7.1318431204143575,0.0,1.0,4.0,7.0,11.0,17.0,28.024999999999977,main@rw1,27,11.443035714285715,0.0,0.0,1.0
2026-03-29,SE,0,2026-03-29,1.0,157.7658337268699,197.44559088329035,11.0,66.0,127.0,167.0,197.0,222.0,255.0,main@rw1,223,26.91428571428571,0.0,0.0,1.0
2026-03-29,SE,1,2026-04-05,1.0,104.99313731095933,122.33093915139004,6.0,40.900000000000006,77.0,104.0,131.0,162.0,211.0,main@rw1,187,43.78142857142858,0.0,0.0,1.0
2026-03-29,SE,2,2026-04-12,1.0,84.55283250459975,89.04966158052368,4.0,28.0,54.0,78.0,109.0,143.0,208.07499999999996,main@rw1,175,50.52910714285714,0.0,0.0,1.0
2026-03-29,SE,3,2026-04-19,1.0,55.06542717525696,50.31410365894536,2.9750000000000014,15.0,27.75,46.0,68.25,101.10000000000002,166.14999999999986,main@rw1,106,27.275535714285706,0.0,0.0,1.0
2026-03-29,SE-M,0,2026-03-29,1.0,9.966635401838554,10.122161532922007,1.0,4.0,6.0,9.0,13.0,16.0,23.024999999999977,main@rw1,17,3.5716071428571428,0.0,0.0,1.0
2026-03-29,SE-M,1,2026-04-05,1.0,5.500489907974183,5.014337531177995,0.0,1.0,3.0,5.0,7.0,10.0,15.0,main@rw1,11,2.935714285714286,0.0,0.0,1.0
2026-03-29,SE-M,2,2026-04-12,1.0,3.516796559676985,2.7951936982001278,0.0,0.0,1.0,3.0,5.0,7.0,12.0,main@rw1,9,3.142857142857143,0.0,0.0,1.0
2026-03-29,SE-M,3,2026-04-19,1.0,1.9210693966822503,1.2781323558689928,0.0,0.0,0.0,1.0,2.0,4.0,8.0,main@rw1,8,4.171428571428572,0.0,0.0,1.0
2026-03-29,SE-O,0,2026-03-29,1.0,22.313689426120465,25.81314882015805,2.9750000000000014,9.0,15.0,22.0,29.0,35.10000000000002,47.0,main@rw1,39,8.460178571428566,0.0,0.0,1.0
2026-03-29,SE-O,1,2026-04-05,1.0,12.840321168632208,13.351652347488796,1.0,4.0,7.0,11.0,16.0,23.0,33.0,main@rw1,24,5.8428571428571425,0.0,0.0,1.0
2026-03-29,SE-O,2,2026-04-12,1.0,9.07384317682278,8.16747198340536,0.0,2.0,4.0,7.0,11.0,16.0,28.024999999999977,main@rw1,27,11.671607142857143,0.0,0.0,1.0
2026-03-29,SE-O,3,2026-04-19,1.0,5.155488268387897,3.8245663724119394,0.0,1.0,2.0,4.0,6.0,10.0,18.0,main@rw1,13,4.814285714285714,0.0,0.0,1.0
2026-04-05,SE,0,2026-04-05,1.0,118.5970545403544,143.34074208566028,7.0,46.0,94.75,123.0,146.0,168.0,209.0,main@rw1,187,34.875,0.0,0.0,1.0
2026-04-05,SE,1,2026-04-12,1.0,98.340822342247,109.97191852691194,5.0,37.0,70.0,97.0,124.0,153.0,207.04999999999995,main@rw1,175,40.61464285714286,0.0,0.0,1.0
2026-04-05,SE,2,2026-04-19,1.0,65.91341342813391,65.86338207856679,3.0,20.0,40.0,60.0,83.0,113.0,168.0,main@rw1,106,20.05,0.0,1.0,1.0
2026-04-05,SE,3,2026-04-26,1.0,48.32468741988868,41.453852246231385,2.0,12.0,23.0,38.0,59.0,91.10000000000002,158.1249999999999,main@rw1,89,21.80375,0.0,1.0,1.0
2026-04-05,SE-M,0,2026-04-05,1.0,7.274496482019082,7.11848595100823,1.0,2.0,4.0,7.0,9.0,12.0,19.0,main@rw1,11,1.9142857142857144,0.0,1.0,1.0
2026-04-05,SE-M,1,2026-04-12,1.0,4.945786163752377,4.312685628455232,0.0,1.0,2.0,4.0,6.0,10.0,16.0,main@rw1,9,2.2285714285714286,0.0,1.0,1.0
2026-04-05,SE-M,2,2026-04-19,1.0,2.8479501308190054,2.1198084090614966,0.0,0.0,1.0,2.0,4.0,6.0,10.0,main@rw1,8,3.0285714285714285,0.0,0.0,1.0
2026-04-05,SE-M,3,2026-04-26,1.0,1.9690573677126453,1.2169895475849126,0.0,0.0,0.0,1.0,3.0,5.0,8.0,main@rw1,6,2.2714285714285714,0.0,0.0,1.0
2026-04-05,SE-O,0,2026-04-05,1.0,16.715391723098364,18.9620615393782,1.0,6.0,11.0,16.0,21.0,28.0,37.02499999999998,main@rw1,24,3.6001785714285712,0.0,1.0,1.0
2026-04-05,SE-O,1,2026-04-12,1.0,12.590611473534516,12.757806066169962,0.0,3.0,7.0,11.0,16.0,22.0,36.0,main@rw1,27,8.299999999999999,0.0,0.0,1.0
2026-04-05,SE-O,2,2026-04-19,1.0,7.582155616874177,6.578393814681758,0.0,1.0,3.0,6.0,10.0,14.0,24.0,main@rw1,13,2.9,0.0,1.0,1.0
2026-04-05,SE-O,3,2026-04-26,1.0,4.99450511820484,3.560784869765324,0.0,0.0,2.0,3.0,6.0,10.0,20.024999999999977,main@rw1,7,1.5716071428571428,0.0,1.0,1.0
2026-04-12,SE,0,2026-04-12,1.0,133.00323467082984,155.78300227663257,6.0,48.0,103.0,139.0,163.0,193.0,240.0,main@rw1,175,18.67142857142857,0.0,1.0,1.0
2026-04-12,SE,1,2026-04-19,1.0,101.15760149965718,108.82273565432016,5.0,33.0,66.0,96.5,124.0,161.0,226.04999999999995,main@rw1,106,10.736071428571426,1.0,1.0,1.0
2026-04-12,SE,2,2026-04-26,1.0,82.62036484375061,78.94405483637024,3.0,25.0,45.75,70.0,102.0,145.0,237.27499999999972,main@rw1,89,11.83410714285714,1.0,1.0,1.0
2026-04-12,SE,3,2026-05-03,1.0,69.50602401820727,56.87155754094075,2.9750000000000014,15.0,29.0,50.0,83.0,137.0,253.17499999999984,main@rw1,74,12.558571428571428,1.0,1.0,1.0
2026-04-12,SE-M,0,2026-04-12,1.0,6.080362309994312,5.595246679370627,0.0,2.0,3.0,5.0,8.0,11.0,15.0,main@rw1,9,1.5785714285714287,0.0,1.0,1.0
2026-04-12,SE-M,1,2026-04-19,1.0,3.634580515337879,2.915618273963343,0.0,1.0,1.0,3.0,5.0,8.0,12.0,main@rw1,8,2.142857142857143,0.0,1.0,1.0
2026-04-12,SE-M,2,2026-04-26,1.0,2.579410600239207,1.743784380543659,0.0,0.0,1.0,2.0,3.0,6.0,10.024999999999975,main@rw1,6,1.8144642857142854,0.0,1.0,1.0
2026-04-12,SE-M,3,2026-05-03,1.0,1.9011919730932116,1.0657880849119872,0.0,0.0,0.0,1.0,2.0,4.0,9.0,main@rw1,2,0.4642857142857143,1.0,1.0,1.0
2026-04-12,SE-O,0,2026-04-12,1.0,14.319509650770138,15.247066281459809,0.0,4.0,8.0,13.0,18.0,24.0,33.02499999999998,main@rw1,27,6.950178571428571,0.0,0.0,1.0
2026-04-12,SE-O,1,2026-04-19,1.0,8.886014354971536,8.310469431209528,0.0,2.0,4.0,7.0,11.0,17.0,25.0,main@rw1,13,2.5357142857142856,0.0,1.0,1.0
2026-04-12,SE-O,2,2026-04-26,1.0,5.959384663107123,4.711709484355323,0.0,1.0,2.0,4.0,7.0,11.0,23.0,main@rw1,7,1.2357142857142858,1.0,1.0,1.0
2026-04-12,SE-O,3,2026-05-03,1.0,4.197831931265943,2.7002411405274347,0.0,0.0,1.0,3.0,5.0,8.100000000000023,18.0,main@rw1,7,1.7885714285714294,0.0,1.0,1.0
2026-04-19,SE,0,2026-04-19,1.0,114.88446085656662,128.1501956386159,4.975000000000001,39.0,84.0,116.0,142.0,170.0,227.0,main@rw1,106,10.900178571428572,1.0,1.0,1.0
2026-04-19,SE,1,2026-04-26,1.0,98.925667133719,100.96938931849596,4.0,31.0,64.0,92.0,120.0,159.0,239.0999999999999,main@rw1,89,9.764999999999999,1.0,1.0,1.0
2026-04-19,SE,2,2026-05-03,1.0,85.61118261183366,77.90263571704705,4.0,23.0,43.0,71.0,104.25,154.0,268.1249999999999,main@rw1,74,10.433035714285714,1.0,1.0,1.0
2026-04-19,SE,3,2026-05-10,1.0,86.79984182364869,68.78520192935859,4.0,19.0,35.0,61.0,101.0,170.10000000000002,346.0999999999999,main@rw1,65,12.046428571428569,1.0,1.0,1.0
2026-04-19,SE-M,0,2026-04-19,1.0,4.598668992804298,3.890563422205679,0.0,1.0,2.0,4.0,6.0,9.0,14.0,main@rw1,8,1.757142857142857,0.0,1.0,1.0
2026-04-19,SE-M,1,2026-04-26,1.0,3.493515196428285,2.533230520501533,0.0,0.0,1.0,3.0,5.0,8.0,12.024999999999975,main@rw1,6,1.3144642857142854,0.0,1.0,1.0
2026-04-19,SE-M,2,2026-05-03,1.0,2.6712459430497124,1.6227148120118182,0.0,0.0,1.0,2.0,3.0,5.0,12.0,main@rw1,2,0.37142857142857144,1.0,1.0,1.0
2026-04-19,SE-M,3,2026-05-10,1.0,2.4126554818262407,1.2077923124585028,0.0,0.0,0.0,1.0,3.0,5.0,12.0,main@rw1,7,3.0142857142857147,0.0,0.0,1.0
2026-04-19,SE-O,0,2026-04-19,1.0,13.21067127537879,13.415705698629449,0.0,3.0,7.75,12.0,17.0,23.0,35.02499999999998,main@rw1,13,1.6251785714285714,1.0,1.0,1.0
2026-04-19,SE-O,1,2026-04-26,1.0,9.821168819925914,8.75707624951081,0.0,2.0,4.0,8.0,12.0,18.0,34.0,main@rw1,7,1.4142857142857141,1.0,1.0,1.0
2026-04-19,SE-O,2,2026-05-03,1.0,7.504841366747045,5.684712910283483,0.0,1.0,3.0,5.0,9.0,15.0,29.024999999999977,main@rw1,7,1.3216071428571428,1.0,1.0,1.0
2026-04-19,SE-O,3,2026-05-10,1.0,7.0221377233929525,4.350206115575931,0.0,1.0,2.0,4.0,8.0,14.0,29.0,main@rw1,7,1.4357142857142857,1.0,1.0,1.0
2026-04-26,SE,0,2026-04-26,1.0,75.97880835540357,78.46915185785667,3.0,25.0,53.0,72.0,91.0,112.10000000000002,168.02499999999998,main@rw1,89,8.81017857142857,1.0,1.0,1.0
2026-04-26,SE,1,2026-05-03,1.0,56.4203349969571,53.20567919792743,3.0,16.0,34.0,50.0,67.0,92.10000000000002,147.04999999999995,main@rw1,74,10.988928571428572,0.0,1.0,1.0
2026-04-26,SE,2,2026-05-10,1.0,50.68870253720472,42.73588964624977,3.0,14.900000000000006,26.0,40.0,59.0,89.0,154.02499999999998,main@rw1,65,10.83875,0.0,1.0,1.0
2026-04-26,SE,3,2026-05-17,1.0,38.77781468609777,28.318257459832964,2.0,9.0,16.0,26.0,44.25,76.0,145.02499999999998,main@rw1,53,11.310892857142859,0.0,1.0,1.0
2026-04-26,SE-M,0,2026-04-26,1.0,5.014853573044761,3.877660365386153,0.0,1.0,2.0,4.0,6.0,9.0,18.0,main@rw1,6,0.9285714285714286,1.0,1.0,1.0
2026-04-26,SE-M,1,2026-05-03,1.0,4.068828340458307,2.6912750249551163,0.0,0.0,1.0,3.0,5.0,8.0,16.0,main@rw1,2,0.7714285714285714,1.0,1.0,1.0
2026-04-26,SE-M,2,2026-05-10,1.0,3.842212468133074,2.1191951671723177,0.0,0.0,1.0,2.0,4.0,8.0,18.0,main@rw1,7,2.142857142857143,0.0,1.0,1.0
2026-04-26,SE-M,3,2026-05-17,1.0,3.173447740240269,1.4327030585299554,0.0,0.0,0.0,2.0,3.0,7.0,18.024999999999977,main@rw1,0,0.82875,1.0,1.0,1.0
2026-04-26,SE-O,0,2026-04-26,1.0,9.089669341102802,8.444463626926563,0.0,2.0,4.0,8.0,11.0,16.100000000000023,27.024999999999977,main@rw1,7,1.2387500000000007,1.0,1.0,1.0
2026-04-26,SE-O,1,2026-05-03,1.0,6.556170176964117,5.312586141712351,0.0,1.0,3.0,5.0,8.0,13.0,22.0,main@rw1,7,1.1428571428571428,1.0,1.0,1.0
2026-04-26,SE-O,2,2026-05-10,1.0,5.886824152722649,4.002391173042904,0.0,1.0,2.0,4.0,7.0,12.0,23.0,main@rw1,7,1.2642857142857142,1.0,1.0,1.0
2026-04-26,SE-O,3,2026-05-17,1.0,4.586913765512865,2.484819241266586,0.0,0.0,1.0,2.0,5.0,10.0,22.0,main@rw1,2,0.7285714285714285,1.0,1.0,1.0
2026-05-03,SE,0,2026-05-03,1.0,62.62891830779438,60.99208040067192,3.0,20.0,41.0,57.0,73.0,93.0,159.04999999999995,main@rw1,74,8.200357142857143,0.0,1.0,1.0
2026-05-03,SE,1,2026-05-10,1.0,57.44801057405088,51.33086829089917,3.9750000000000014,17.900000000000006,32.0,48.0,68.0,94.0,167.02499999999998,main@rw1,65,8.338928571428571,1.0,1.0,1.0
2026-05-03,SE,2,2026-05-17,1.0,44.69655170650927,35.735992638536445,3.0,11.0,21.0,33.0,52.0,80.0,147.19999999999982,main@rw1,53,8.358571428571427,0.0,1.0,1.0
2026-05-03,SE,3,2026-05-24,1.0,36.94275944926794,25.93730952356108,2.0,8.0,14.0,25.0,43.0,75.0,149.14999999999986,main@rw1,53,11.893928571428571,0.0,1.0,1.0
2026-05-03,SE-M,0,2026-05-03,1.0,4.869715802037634,3.4413646031843137,0.0,1.0,2.0,3.0,6.0,9.0,21.024999999999977,main@rw1,2,0.8073214285714283,1.0,1.0,1.0
2026-05-03,SE-M,1,2026-05-10,1.0,4.647414157495822,2.820558964117988,0.0,0.0,1.0,3.0,5.0,9.0,20.024999999999977,main@rw1,7,1.8287499999999999,0.0,1.0,1.0
2026-05-03,SE-M,2,2026-05-17,1.0,3.869609192410657,1.9775295141650693,0.0,0.0,1.0,2.0,4.0,7.0,21.0,main@rw1,0,1.1357142857142857,0.0,1.0,1.0
2026-05-03,SE-M,3,2026-05-24,1.0,3.3974182060014013,1.4595917929629485,0.0,0.0,0.0,1.5,4.0,7.0,20.024999999999977,main@rw1,5,1.4144642857142855,0.0,1.0,1.0
2026-05-03,SE-O,0,2026-05-03,1.0,5.745017237194763,4.796110491060186,0.0,1.0,2.0,4.0,7.0,11.0,18.024999999999977,main@rw1,7,1.2001785714285713,1.0,1.0,1.0
2026-05-03,SE-O,1,2026-05-10,1.0,4.944460873002899,3.528273560634326,0.0,0.0,2.0,3.0,6.0,9.0,20.049999999999955,main@rw1,7,1.5432142857142854,0.0,1.0,1.0
2026-05-03,SE-O,2,2026-05-17,1.0,3.691561163287102,2.1452180246700707,0.0,0.0,1.0,2.0,4.0,8.0,16.024999999999977,main@rw1,2,0.5573214285714284,1.0,1.0,1.0
2026-05-03,SE-O,3,2026-05-24,1.0,3.0395517921938184,1.411806247099501,0.0,0.0,0.0,2.0,3.25,6.0,13.0,main@rw1,6,1.8535714285714284,0.0,1.0,1.0
2026-05-10,SE,0,2026-05-10,1.0,68.0679955688897,63.39792109785149,4.0,21.0,43.0,61.0,77.0,102.10000000000002,188.025,main@rw1,65,6.631607142857144,1.0,1.0,1.0
2026-05-10,SE,1,2026-05-17,1.0,53.68315442912957,46.111108331817256,3.0,15.900000000000006,29.0,43.0,62.0,90.0,172.0,main@rw1,53,7.11,1.0,1.0,1.0
2026-05-10,SE,2,2026-05-24,1.0,45.55930149346855,35.351064592189566,2.0,11.0,21.75,33.0,52.0,85.0,170.17499999999984,main@rw1,53,8.61910714285714,0.0,1.0,1.0
2026-05-10,SE,3,2026-05-31,1.0,39.34897801201598,26.853896032389382,2.0,8.0,15.0,26.0,46.0,78.0,182.04999999999995,main@rw1,30,6.071785714285714,1.0,1.0,1.0
2026-05-10,SE-M,0,2026-05-10,1.0,3.638167086244092,2.3064882057317107,0.0,0.0,1.0,2.0,4.0,7.0,16.024999999999977,main@rw1,7,2.1001785714285712,0.0,1.0,1.0
2026-05-10,SE-M,1,2026-05-17,1.0,2.7200821917986526,1.4962559107692082,0.0,0.0,1.0,2.0,3.0,6.0,13.0,main@rw1,0,0.9785714285714286,0.0,1.0,1.0
2026-05-10,SE-M,2,2026-05-24,1.0,2.23423871581374,1.0651591711134958,0.0,0.0,0.0,1.0,3.0,5.0,14.0,main@rw1,5,1.5999999999999999,0.0,1.0,1.0
2026-05-10,SE-M,3,2026-05-31,1.0,1.908576970963581,0.7958581164404223,0.0,0.0,0.0,1.0,2.0,4.0,10.024999999999975,main@rw1,1,0.3287499999999998,1.0,1.0,1.0
2026-05-10,SE-O,0,2026-05-10,1.0,5.761455531191743,4.340375267791035,0.0,1.0,2.0,4.0,7.0,11.0,21.0,main@rw1,7,1.2214285714285715,1.0,1.0,1.0
2026-05-10,SE-O,1,2026-05-17,1.0,4.250811179521042,2.6959406666681174,0.0,0.0,1.0,3.0,5.0,9.0,18.024999999999977,main@rw1,2,0.8144642857142855,1.0,1.0,1.0
2026-05-10,SE-O,2,2026-05-24,1.0,3.49115404424938,1.8103275025846144,0.0,0.0,1.0,2.0,4.0,7.0,16.0,main@rw1,6,1.6714285714285715,0.0,1.0,1.0
2026-05-10,SE-O,3,2026-05-31,1.0,2.9905575604635,1.2466065031409184,0.0,0.0,0.0,1.0,3.0,6.0,13.024999999999975,main@rw1,2,0.6216071428571427,1.0,1.0,1.0
2026-05-17,SE,0,2026-05-17,1.0,54.87066149178149,48.4754793556922,3.9750000000000014,16.900000000000006,34.0,46.0,63.0,84.0,162.02499999999998,main@rw1,53,6.117500000000001,1.0,1.0,1.0
2026-05-17,SE,1,2026-05-24,1.0,47.46160932095732,38.774024565986096,3.0,14.0,25.0,38.0,55.0,81.0,161.24999999999977,main@rw1,53,7.330357142857141,1.0,1.0,1.0
2026-05-17,SE,2,2026-05-31,1.0,40.72437097637899,30.016875019408463,2.0,10.0,18.0,29.0,46.0,76.0,147.62499999999943,main@rw1,30,5.068749999999996,1.0,1.0,1.0
2026-05-17,SE,3,2026-06-07,1.0,34.966677475798704,22.5752374131466,2.0,7.0,14.0,22.0,39.0,69.0,155.0,main@rw1,19,5.078571428571428,1.0,1.0,1.0
2026-05-17,SE-M,0,2026-05-17,1.0,5.0515757127988925,3.039473202556366,0.0,1.0,1.0,3.0,5.0,9.0,25.0,main@rw1,0,1.6928571428571428,0.0,0.0,1.0
2026-05-17,SE-M,1,2026-05-24,1.0,4.747471465017683,2.493465066471233,0.0,0.0,1.0,3.0,5.0,9.0,26.0,main@rw1,5,1.0142857142857142,1.0,1.0,1.0
2026-05-17,SE-M,2,2026-05-31,1.0,4.429499386423778,1.998449301489614,0.0,0.0,1.0,2.0,4.0,9.0,29.0,main@rw1,1,0.8214285714285714,1.0,1.0,1.0
2026-05-17,SE-M,3,2026-06-07,1.0,4.1331039199131645,1.5729835983153224,0.0,0.0,1.0,2.0,4.0,9.0,25.024999999999977,main@rw1,1,0.7930357142857141,1.0,1.0,1.0
2026-05-17,SE-O,0,2026-05-17,1.0,5.366441669666053,3.646275980438279,0.0,0.0,2.0,3.0,6.0,10.0,21.024999999999977,main@rw1,2,0.8644642857142856,1.0,1.0,1.0
2026-05-17,SE-O,1,2026-05-24,1.0,4.618107359296174,2.6604486121179023,0.0,0.0,1.0,3.0,5.0,8.0,21.0,main@rw1,6,1.3785714285714286,0.0,1.0,1.0
2026-05-17,SE-O,2,2026-05-31,1.0,4.037483607692415,1.9166508801031892,0.0,0.0,1.0,2.0,4.0,8.0,19.07499999999993,main@rw1,2,0.5791071428571424,1.0,1.0,1.0
2026-05-17,SE-O,3,2026-06-07,1.0,3.5834539039233237,1.3798985226837248,0.0,0.0,0.0,2.0,4.0,7.0,20.0,main@rw1,2,0.6285714285714287,1.0,1.0,1.0
2025-10-05,SE,0,2025-10-05,1.0,51.12701503751548,15.0777028949361,8.975000000000001,11.0,15.0,20.0,29.0,56.0,336.2999999999997,sigmoid-temperature@rw1,29,5.909464285714284,1.0,1.0,1.0
2025-10-05,SE,1,2025-10-12,1.0,61.12130415049907,17.233925301764856,9.0,12.900000000000006,17.0,23.0,35.0,68.0,443.1249999999999,sigmoid-temperature@rw1,33,7.3894642857142845,1.0,1.0,1.0
2025-10-05,SE,2,2025-10-19,1.0,77.03485501348568,20.0081328159052,9.0,14.0,19.0,28.0,44.0,93.0,527.8499999999992,sigmoid-temperature@rw1,59,16.46321428571428,0.0,1.0,1.0
2025-10-05,SE,3,2025-10-26,1.0,106.71472608664008,23.802238311327933,9.975,14.0,21.0,33.0,56.0,140.4000000000001,707.8749999999992,sigmoid-temperature@rw1,55,14.239285714285712,1.0,1.0,1.0
2025-10-05,SE,0,2025-10-05,0.5,51.12777726162235,15.0777028949361,9.0,12.0,15.0,21.0,29.0,55.10000000000002,339.2999999999997,sigmoid-temperature@rw0.5,29,5.733571428571428,1.0,1.0,1.0
2025-10-05,SE,1,2025-10-12,0.5,61.13139650450132,17.233925301764856,8.0,12.0,17.0,24.0,35.0,68.0,415.8999999999992,sigmoid-temperature@rw0.5,33,7.084999999999995,1.0,1.0,1.0
2025-10-05,SE,2,2025-10-19,0.5,76.60266661363003,20.0081328159052,9.0,14.0,19.0,27.0,44.0,90.10000000000002,537.1749999999998,sigmoid-temperature@rw0.5,59,16.58982142857143,0.0,1.0,1.0
2025-10-05,SE,3,2025-10-26,0.5,103.13213876630604,23.802238311327933,10.0,15.0,21.0,34.0,56.0,135.20000000000005,674.3249999999997,sigmoid-temperature@rw0.5,55,13.679464285714285,1.0,1.0,1.0
2025-10-05,SE,0,2025-10-05,0.0,51.12867096608026,15.0777028949361,8.0,12.0,15.0,21.0,30.0,54.10000000000002,343.3249999999997,sigmoid-temperature@rw0,29,5.812321428571427,1.0,1.0,1.0
2025-10-05,SE,1,2025-10-12,0.0,61.16871567885688,17.233925301764856,9.0,12.0,17.0,24.0,35.0,66.20000000000005,466.07499999999993,sigmoid-temperature@rw0,33,7.3848214285714295,1.0,1.0,1.0
2025-10-05,SE,2,2025-10-19,0.0,76.5318628469856,20.0081328159052,9.0,14.0,19.0,28.0,43.0,91.0,523.025,sigmoid-temperature@rw0,59,16.58589285714286,0.0,1.0,1.0
2025-10-05,SE,3,2025-10-26,0.0,101.61559063628644,23.802238311327933,10.0,15.0,21.0,33.0,56.0,124.00000000000024,724.1249999999999,sigmoid-temperature@rw0,55,13.858035714285721,1.0,1.0,1.0
2025-10-05,SE-M,0,2025-10-05,1.0,9.392782263912082,1.3924099502745129,0.0,0.0,1.0,2.0,4.0,8.0,80.0,sigmoid-temperature@rw1,1,1.157142857142857,1.0,1.0,1.0
2025-10-05,SE-M,1,2025-10-12,1.0,10.7671601685731,1.5195671404942084,0.0,0.0,1.0,2.0,4.0,10.0,96.09999999999992,sigmoid-temperature@rw1,4,1.4721428571428565,1.0,1.0,1.0
2025-10-05,SE-M,2,2025-10-19,1.0,12.82679191459038,1.6535398750342778,0.0,0.0,1.0,3.0,5.0,11.100000000000025,107.04999999999995,sigmoid-temperature@rw1,4,1.5103571428571434,1.0,1.0,1.0
2025-10-05,SE-M,3,2025-10-26,1.0,15.352021145166084,1.816620621629618,0.0,0.0,1.0,3.0,6.0,17.0,124.12499999999989,sigmoid-temperature@rw1,4,1.872321428571428,1.0,1.0,1.0
2025-10-05,SE-M,0,2025-10-05,0.5,9.392309279697152,1.3924099502745129,0.0,0.0,1.0,2.0,4.0,9.0,78.0,sigmoid-temperature@rw0.5,1,1.1714285714285713,1.0,1.0,1.0
2025-10-05,SE-M,1,2025-10-12,0.5,10.733188441073978,1.5195671404942084,0.0,0.0,1.0,2.0,4.0,9.0,95.0,sigmoid-temperature@rw0.5,4,1.4357142857142857,1.0,1.0,1.0
2025-10-05,SE-M,2,2025-10-19,0.5,12.633844197671678,1.6535398750342778,0.0,0.0,1.0,2.0,5.0,12.0,111.0,sigmoid-temperature@rw0.5,4,1.7071428571428573,1.0,1.0,1.0
2025-10-05,SE-M,3,2025-10-26,0.5,14.879900715509196,1.816620621629618,0.0,0.0,1.0,3.0,6.0,15.0,114.47499999999955,sigmoid-temperature@rw0.5,4,1.7462499999999967,1.0,1.0,1.0
2025-10-05,SE-M,0,2025-10-05,0.0,9.391861786308574,1.3924099502745129,0.0,0.0,1.0,2.0,4.0,9.0,77.04999999999995,sigmoid-temperature@rw0,1,1.1646428571428569,1.0,1.0,1.0
2025-10-05,SE-M,1,2025-10-12,0.0,10.70408235101055,1.5195671404942084,0.0,0.0,1.0,2.0,4.0,10.0,95.0,sigmoid-temperature@rw0,4,1.4642857142857142,1.0,1.0,1.0
2025-10-05,SE-M,2,2025-10-19,0.0,12.49206658558649,1.6535398750342778,0.0,0.0,1.0,2.0,5.0,12.0,107.17499999999984,sigmoid-temperature@rw0,4,1.6798214285714275,1.0,1.0,1.0
2025-10-05,SE-M,3,2025-10-26,0.0,14.627770186458276,1.816620621629618,0.0,0.0,1.0,3.0,5.25,17.0,114.0,sigmoid-temperature@rw0,4,1.7464285714285717,1.0,1.0,1.0
2025-10-05,SE-O,0,2025-10-05,1.0,34.50031189884538,2.0747548598326184,0.0,1.0,2.0,3.0,7.0,36.10000000000002,408.7999999999993,sigmoid-temperature@rw1,3,4.279999999999996,1.0,1.0,1.0
2025-10-05,SE-O,1,2025-10-12,1.0,41.369109892976994,2.3567725675391578,0.0,1.0,2.0,4.0,7.0,55.10000000000002,431.4999999999996,sigmoid-temperature@rw1,6,5.270714285714284,1.0,1.0,1.0
2025-10-05,SE-O,2,2025-10-19,1.0,48.80035341933507,2.650965731724221,0.0,1.0,2.0,4.0,9.0,78.30000000000007,511.025,sigmoid-temperature@rw1,11,7.930178571428574,0.0,1.0,1.0
2025-10-05,SE-O,3,2025-10-26,1.0,56.98646036669597,3.0086341948078075,0.0,1.0,2.0,5.0,12.0,113.10000000000002,610.025,sigmoid-temperature@rw1,13,9.703035714285715,0.0,1.0,1.0
2025-10-05,SE-O,0,2025-10-05,0.5,34.50042613641746,2.0747548598326184,0.0,1.0,2.0,3.0,6.0,37.0,398.5499999999995,sigmoid-temperature@rw0.5,3,4.161071428571425,1.0,1.0,1.0
2025-10-05,SE-O,1,2025-10-12,0.5,41.36487625268249,2.3567725675391578,0.0,1.0,2.0,4.0,8.0,56.40000000000009,439.2499999999998,sigmoid-temperature@rw0.5,6,5.434642857142859,1.0,1.0,1.0
2025-10-05,SE-O,2,2025-10-19,0.5,48.6316666340866,2.650965731724221,0.0,1.0,2.0,4.0,9.0,74.0,499.5749999999995,sigmoid-temperature@rw0.5,11,7.725535714285711,0.0,1.0,1.0
2025-10-05,SE-O,3,2025-10-26,0.5,55.94511794109687,3.0086341948078075,0.0,1.0,2.0,4.0,11.25,116.10000000000002,622.05,sigmoid-temperature@rw0.5,13,10.178214285714287,0.0,1.0,1.0
2025-10-05,SE-O,0,2025-10-05,0.0,34.50062341226652,2.0747548598326184,0.0,1.0,2.0,3.0,7.0,40.10000000000002,393.27499999999975,sigmoid-temperature@rw0,3,4.283392857142856,1.0,1.0,1.0
2025-10-05,SE-O,1,2025-10-12,0.0,41.37720362692011,2.3567725675391578,0.0,1.0,2.0,4.0,7.0,52.200000000000045,441.5249999999995,sigmoid-temperature@rw0,6,5.259464285714283,1.0,1.0,1.0
2025-10-05,SE-O,2,2025-10-19,0.0,48.647733631952086,2.650965731724221,0.0,1.0,2.0,4.0,9.0,75.0,518.0999999999999,sigmoid-temperature@rw0,11,7.886428571428572,0.0,1.0,1.0
2025-10-05,SE-O,3,2025-10-26,0.0,55.63432353511777,3.0086341948078075,0.0,1.0,2.0,4.0,11.0,100.30000000000008,587.1249999999999,sigmoid-temperature@rw0,13,9.530892857142858,0.0,1.0,1.0
2025-10-12,SE,0,2025-10-12,1.0,126.81127152596083,32.664813772331875,21.0,26.90000000000001,34.0,45.0,64.0,162.60000000000014,944.2249999999998,sigmoid-temperature@rw1,33,14.61446428571429,0.0,1.0,1.0
2025-10-12,SE,1,2025-10-19,1.0,198.09882020065535,47.17253157293304,23.0,34.0,46.0,66.0,105.0,293.4000000000003,1457.8749999999973,sigmoid-temperature@rw1,59,22.874821428571416,1.0,1.0,1.0
2025-10-12,SE,2,2025-10-26,1.0,328.78755145215104,70.24800003191427,29.975,41.0,60.0,96.0,183.0,570.6000000000001,2514.899999999999,sigmoid-temperature@rw1,55,48.95232142857143,0.0,1.0,1.0
2025-10-12,SE,3,2025-11-02,1.0,562.0209349203606,109.48049449964644,29.0,49.900000000000006,81.0,147.0,355.75,1182.1,3796.749999999999,sigmoid-temperature@rw1,65,95.17178571428569,0.0,1.0,1.0
2025-10-12,SE,0,2025-10-12,0.5,126.80504284022452,32.664813772331875,20.0,26.0,34.0,45.0,67.0,160.0,946.4249999999988,sigmoid-temperature@rw0.5,33,14.803035714285707,0.0,1.0,1.0
2025-10-12,SE,1,2025-10-19,0.5,197.4606661391701,47.17253157293304,25.975,33.0,46.0,65.0,103.0,300.1,1471.4999999999975,sigmoid-temperature@rw0.5,59,22.885178571428558,1.0,1.0,1.0
2025-10-12,SE,2,2025-10-26,0.5,322.8038245865612,70.24800003191427,29.0,42.0,59.0,95.5,185.25,576.8000000000004,2426.2249999999963,sigmoid-temperature@rw0.5,55,48.34946428571427,0.0,1.0,1.0
2025-10-12,SE,3,2025-11-02,0.5,540.6289387879925,109.48049449964644,31.975,51.900000000000006,82.0,141.0,352.25,1121.8000000000002,3701.5,sigmoid-temperature@rw0.5,65,91.79732142857144,0.0,1.0,1.0
2025-10-12,SE,0,2025-10-12,0.0,126.79943854681048,32.664813772331875,21.0,27.0,34.0,46.0,67.0,165.0,922.2249999999998,sigmoid-temperature@rw0,33,14.880178571428571,0.0,1.0,1.0
2025-10-12,SE,1,2025-10-19,0.0,196.98283829965015,47.17253157293304,24.975,33.0,45.0,65.0,106.0,305.20000000000005,1444.5749999999966,sigmoid-temperature@rw0,59,23.13142857142855,1.0,1.0,1.0
2025-10-12,SE,2,2025-10-26,0.0,319.14010524320673,70.24800003191427,29.0,42.0,60.0,95.0,182.0,595.5000000000001,2238.899999999994,sigmoid-temperature@rw0,55,47.45642857142854,0.0,1.0,1.0
2025-10-12,SE,3,2025-11-02,0.0,530.4494960727559,109.48049449964644,34.0,51.900000000000006,83.0,143.0,347.0,1165.0,3670.075,sigmoid-temperature@rw0,65,92.91767857142858,0.0,1.0,1.0
2025-10-12,SE-M,0,2025-10-12,1.0,9.585197297067516,1.4644521703577031,0.0,0.0,1.0,2.0,4.0,8.0,76.04999999999995,sigmoid-temperature@rw1,4,1.271785714285714,1.0,1.0,1.0
2025-10-12,SE-M,1,2025-10-19,1.0,11.810939719830618,1.625350872335573,0.0,0.0,1.0,2.0,5.0,11.0,100.04999999999995,sigmoid-temperature@rw1,4,1.6003571428571424,1.0,1.0,1.0
2025-10-12,SE-M,2,2025-10-26,1.0,14.327226910657131,1.7789109535111152,0.0,0.0,1.0,3.0,5.0,14.0,121.0,sigmoid-temperature@rw1,4,1.692857142857143,1.0,1.0,1.0
2025-10-12,SE-M,3,2025-11-02,1.0,17.210157821159342,1.963124881067145,0.0,0.0,1.0,3.0,6.0,20.100000000000023,136.02499999999998,sigmoid-temperature@rw1,9,3.617321428571429,0.0,1.0,1.0
2025-10-12,SE-M,0,2025-10-12,0.5,9.585304231647632,1.4644521703577031,0.0,0.0,1.0,2.0,4.0,9.0,73.07499999999993,sigmoid-temperature@rw0.5,4,1.2791071428571423,1.0,1.0,1.0
2025-10-12,SE-M,1,2025-10-19,0.5,11.807984989223709,1.625350872335573,0.0,0.0,1.0,2.0,4.0,12.0,92.4499999999996,sigmoid-temperature@rw0.5,4,1.5032142857142827,1.0,1.0,1.0
2025-10-12,SE-M,2,2025-10-26,0.5,14.26240724979181,1.7789109535111152,0.0,0.0,1.0,2.0,5.0,14.0,115.07499999999992,sigmoid-temperature@rw0.5,4,1.7933928571428568,1.0,1.0,1.0
2025-10-12,SE-M,3,2025-11-02,0.5,16.92976745335505,1.963124881067145,0.0,0.0,1.0,3.0,6.0,19.0,142.17499999999984,sigmoid-temperature@rw0.5,9,3.629821428571428,0.0,1.0,1.0
2025-10-12,SE-M,0,2025-10-12,0.0,9.585437549502537,1.4644521703577031,0.0,0.0,1.0,2.0,4.0,8.0,80.09999999999991,sigmoid-temperature@rw0,4,1.300714285714285,1.0,1.0,1.0
2025-10-12,SE-M,1,2025-10-19,0.0,11.810039055877972,1.625350872335573,0.0,0.0,1.0,2.0,4.0,10.0,98.0,sigmoid-temperature@rw0,4,1.4857142857142858,1.0,1.0,1.0
2025-10-12,SE-M,2,2025-10-26,0.0,14.254912441279131,1.7789109535111152,0.0,0.0,1.0,3.0,5.0,14.0,109.04999999999995,sigmoid-temperature@rw0,4,1.6074999999999997,1.0,1.0,1.0
2025-10-12,SE-M,3,2025-11-02,0.0,16.912864191765877,1.963124881067145,0.0,0.0,1.0,3.0,6.0,20.100000000000023,143.17499999999984,sigmoid-temperature@rw0,9,3.668392857142856,0.0,1.0,1.0
2025-10-12,SE-O,0,2025-10-12,1.0,41.23248889468768,2.871465001119697,0.0,1.0,3.0,5.0,9.0,52.40000000000009,424.5249999999995,sigmoid-temperature@rw1,6,5.072321428571428,1.0,1.0,1.0
2025-10-12,SE-O,1,2025-10-19,1.0,50.54355119230959,3.4447996557209724,0.0,1.0,3.0,5.0,12.0,74.20000000000005,471.4249999999996,sigmoid-temperature@rw1,11,6.958749999999999,1.0,1.0,1.0
2025-10-12,SE-O,2,2025-10-26,1.0,59.66685186935073,4.12003853058801,0.0,2.0,3.0,6.0,16.0,114.0,610.2249999999998,sigmoid-temperature@rw1,13,9.487321428571429,1.0,1.0,1.0
2025-10-12,SE-O,3,2025-11-02,1.0,71.60446572452973,5.025255419654396,0.0,2.0,4.0,7.0,22.0,185.1,713.2999999999997,sigmoid-temperature@rw1,12,12.326428571428568,1.0,1.0,1.0
2025-10-12,SE-O,0,2025-10-12,0.5,41.231624703754896,2.871465001119697,0.0,1.0,2.75,4.5,9.0,59.10000000000002,442.025,sigmoid-temperature@rw0.5,6,5.478035714285715,1.0,1.0,1.0
2025-10-12,SE-O,1,2025-10-19,0.5,50.47955557428458,3.4447996557209724,0.0,1.0,3.0,5.0,12.0,80.40000000000009,491.0999999999999,sigmoid-temperature@rw0.5,11,7.276428571428574,1.0,1.0,1.0
2025-10-12,SE-O,2,2025-10-26,0.5,59.27073041298834,4.12003853058801,0.0,2.0,3.0,6.0,16.0,109.10000000000002,624.2499999999998,sigmoid-temperature@rw0.5,13,9.4475,1.0,1.0,1.0
2025-10-12,SE-O,3,2025-11-02,0.5,70.48001295986579,5.025255419654396,1.0,2.0,4.0,8.0,24.0,173.10000000000002,699.2249999999998,sigmoid-temperature@rw0.5,12,11.875892857142857,1.0,1.0,1.0
2025-10-12,SE-O,0,2025-10-12,0.0,41.230870154815214,2.871465001119697,0.0,1.0,3.0,5.0,10.0,56.200000000000045,438.4999999999996,sigmoid-temperature@rw0,6,5.352142857142856,1.0,1.0,1.0
2025-10-12,SE-O,1,2025-10-19,0.0,50.43587562626709,3.4447996557209724,0.0,1.0,3.0,5.0,12.0,83.10000000000002,471.8249999999993,sigmoid-temperature@rw0,11,7.215892857142854,1.0,1.0,1.0
2025-10-12,SE-O,2,2025-10-26,0.0,59.09002541407828,4.12003853058801,0.0,1.0,3.0,6.0,16.0,115.0,622.05,sigmoid-temperature@rw0,13,9.628928571428572,1.0,1.0,1.0
2025-10-12,SE-O,3,2025-11-02,0.0,70.19430695474139,5.025255419654396,0.0,2.0,4.0,7.0,22.0,174.30000000000007,674.8749999999992,sigmoid-temperature@rw0,12,11.743392857142855,1.0,1.0,1.0
2025-10-19,SE,0,2025-10-19,1.0,132.86549799402064,44.552701725256576,31.0,37.0,46.0,59.0,84.25,191.30000000000007,880.1999999999998,sigmoid-temperature@rw1,59,13.206428571428573,1.0,1.0,1.0
2025-10-19,SE,1,2025-10-26,1.0,189.70976890734977,61.58788681012093,35.0,46.0,59.0,83.0,127.25,310.20000000000005,1333.225,sigmoid-temperature@rw1,55,26.839464285714286,0.0,1.0,1.0
2025-10-19,SE,2,2025-11-02,1.0,309.39289413235,94.38731425817096,41.0,58.0,85.0,131.5,230.0,561.0,1988.074999999999,sigmoid-temperature@rw1,65,53.850535714285705,0.0,1.0,1.0
2025-10-19,SE,3,2025-11-09,1.0,526.1275994498438,149.7541125926205,44.975,75.0,116.0,206.0,437.5,1074.7000000000005,3147.3499999999976,sigmoid-temperature@rw1,59,115.54410714285713,0.0,0.0,1.0
2025-10-19,SE,0,2025-10-19,0.5,132.8672936347507,44.552701725256576,30.975,37.0,47.0,60.0,86.0,188.1,872.1999999999998,sigmoid-temperature@rw0.5,59,13.254464285714286,1.0,1.0,1.0
2025-10-19,SE,1,2025-10-26,0.5,189.72668246067263,61.58788681012093,35.975,45.0,59.0,83.0,126.0,305.70000000000016,1319.199999999998,sigmoid-temperature@rw0.5,55,26.543035714285708,0.0,1.0,1.0
2025-10-19,SE,2,2025-11-02,0.5,308.3632715992512,94.38731425817096,41.0,58.0,82.0,131.0,222.0,571.2,2053.075,sigmoid-temperature@rw0.5,65,53.32053571428571,0.0,1.0,1.0
2025-10-19,SE,3,2025-11-09,0.5,516.6252233215467,149.7541125926205,46.975,75.0,114.0,195.5,419.25,1061.2,3141.4749999999967,sigmoid-temperature@rw0.5,59,111.86999999999999,0.0,0.0,1.0
2025-10-19,SE,0,2025-10-19,0.0,132.86953554152888,44.552701725256576,31.0,38.0,46.0,60.0,86.0,194.20000000000005,850.025,sigmoid-temperature@rw0,59,13.313035714285716,1.0,1.0,1.0
2025-10-19,SE,1,2025-10-26,0.0,189.86255081525425,61.58788681012093,33.0,46.0,60.0,83.5,126.0,302.0,1329.6749999999984,sigmoid-temperature@rw0,55,26.790535714285706,0.0,1.0,1.0
2025-10-19,SE,2,2025-11-02,0.0,309.3231916516357,94.38731425817096,43.975,60.0,83.0,130.0,225.0,542.4000000000001,2030.35,sigmoid-temperature@rw0,65,52.542678571428574,0.0,1.0,1.0
2025-10-19,SE,3,2025-11-09,0.0,519.1820223660119,149.7541125926205,46.975,74.0,117.75,201.5,409.25,1073.5000000000005,2981.3499999999976,sigmoid-temperature@rw0,59,111.76696428571428,0.0,0.0,1.0
2025-10-19,SE-M,0,2025-10-19,1.0,21.311543702525448,2.4441383236791325,0.0,1.0,2.0,4.0,7.0,24.100000000000023,183.17499999999984,sigmoid-temperature@rw1,4,2.3255357142857136,1.0,1.0,1.0
2025-10-19,SE-M,1,2025-10-26,1.0,25.719763676222342,2.718760174378637,0.0,1.0,2.0,4.0,8.0,36.0,226.04999999999995,sigmoid-temperature@rw1,4,3.0432142857142854,1.0,1.0,1.0
2025-10-19,SE-M,2,2025-11-02,1.0,32.92280800040002,3.2256587203720337,0.0,1.0,2.0,5.0,11.0,54.10000000000002,280.07499999999993,sigmoid-temperature@rw1,9,4.731964285714286,1.0,1.0,1.0
2025-10-19,SE-M,3,2025-11-09,1.0,43.15559749033088,3.88896807179226,0.0,1.0,3.0,6.0,15.0,99.20000000000005,386.1999999999998,sigmoid-temperature@rw1,8,6.707142857142857,1.0,1.0,1.0
2025-10-19,SE-M,0,2025-10-19,0.5,21.31252475997943,2.4441383236791325,0.0,1.0,2.0,4.0,7.0,25.100000000000023,181.5499999999995,sigmoid-temperature@rw0.5,4,2.342499999999997,1.0,1.0,1.0
2025-10-19,SE-M,1,2025-10-26,0.5,25.75402797277544,2.718760174378637,0.0,1.0,2.0,4.0,8.0,34.10000000000002,231.57499999999948,sigmoid-temperature@rw0.5,4,3.028392857142854,1.0,1.0,1.0
2025-10-19,SE-M,2,2025-11-02,0.5,32.924033992054675,3.2256587203720337,0.0,1.0,2.0,5.0,11.0,53.10000000000002,302.14999999999986,sigmoid-temperature@rw0.5,9,4.861071428571429,1.0,1.0,1.0
2025-10-19,SE-M,3,2025-11-09,0.5,42.63023603329538,3.88896807179226,0.0,1.0,3.0,6.0,15.0,92.30000000000008,380.025,sigmoid-temperature@rw0.5,8,6.46589285714286,1.0,1.0,1.0
2025-10-19,SE-M,0,2025-10-19,0.0,21.313583509896365,2.4441383236791325,0.0,1.0,2.0,4.0,7.0,25.100000000000023,191.4749999999996,sigmoid-temperature@rw0,4,2.4133928571428553,1.0,1.0,1.0
2025-10-19,SE-M,1,2025-10-26,0.0,25.80422424004976,2.718760174378637,0.0,1.0,2.0,4.0,8.0,35.10000000000002,232.0,sigmoid-temperature@rw0,4,3.060000000000001,1.0,1.0,1.0
2025-10-19,SE-M,2,2025-11-02,0.0,33.114630171286294,3.2256587203720337,0.0,1.0,2.0,5.0,11.0,53.0,312.4499999999996,sigmoid-temperature@rw0,9,4.931785714285711,1.0,1.0,1.0
2025-10-19,SE-M,3,2025-11-09,0.0,42.91975799526399,3.88896807179226,0.0,1.0,3.0,6.0,14.0,91.30000000000008,391.025,sigmoid-temperature@rw0,8,6.444464285714288,1.0,1.0,1.0
2025-10-19,SE-O,0,2025-10-19,1.0,27.8496870226264,6.043680108395108,2.0,4.0,6.0,10.0,17.0,48.10000000000002,221.04999999999995,sigmoid-temperature@rw1,11,3.7532142857142863,1.0,1.0,1.0
2025-10-19,SE-O,1,2025-10-26,1.0,37.33236271894226,7.888203317594484,2.0,4.0,7.0,12.0,25.0,69.40000000000009,238.19999999999985,sigmoid-temperature@rw1,13,4.984285714285717,1.0,1.0,1.0
2025-10-19,SE-O,2,2025-11-02,1.0,56.68644693941475,11.412932182292485,2.0,5.0,9.0,18.0,41.25,121.10000000000002,372.0999999999999,sigmoid-temperature@rw1,12,9.121428571428572,1.0,1.0,1.0
2025-10-19,SE-O,3,2025-11-09,1.0,88.28466560180334,17.175544072501964,3.0,6.0,12.0,26.0,69.0,204.0,585.2499999999998,sigmoid-temperature@rw1,8,17.60178571428571,0.0,1.0,1.0
2025-10-19,SE-O,0,2025-10-19,0.5,27.85006643270013,6.043680108395108,2.0,3.9000000000000057,6.0,9.0,17.0,49.0,213.0999999999999,sigmoid-temperature@rw0.5,11,3.8678571428571424,1.0,1.0,1.0
2025-10-19,SE-O,1,2025-10-26,0.5,37.34158961939696,7.888203317594484,2.0,4.0,7.0,12.0,24.0,72.10000000000002,250.14999999999984,sigmoid-temperature@rw0.5,13,5.0753571428571425,1.0,1.0,1.0
2025-10-19,SE-O,2,2025-11-02,0.5,56.55712058894397,11.412932182292485,3.0,6.0,9.0,18.0,40.0,123.0,354.17499999999984,sigmoid-temperature@rw0.5,12,8.922678571428571,1.0,1.0,1.0
2025-10-19,SE-O,3,2025-11-09,0.5,86.64438794476294,17.175544072501964,3.0,6.0,12.0,26.0,69.0,191.30000000000007,620.1249999999999,sigmoid-temperature@rw0.5,8,17.48803571428572,0.0,1.0,1.0
2025-10-19,SE-O,0,2025-10-19,0.0,27.850534566181487,6.043680108395108,2.0,4.0,6.0,9.0,17.0,47.10000000000002,227.1249999999999,sigmoid-temperature@rw0,11,3.910892857142857,1.0,1.0,1.0
2025-10-19,SE-O,1,2025-10-26,0.0,37.37268400507375,7.888203317594484,2.0,4.0,7.0,12.0,25.0,74.20000000000005,251.27499999999972,sigmoid-temperature@rw0,13,5.214821428571428,1.0,1.0,1.0
2025-10-19,SE-O,2,2025-11-02,0.0,56.74933632445234,11.412932182292485,3.0,5.0,9.0,18.0,39.0,123.10000000000002,362.2249999999998,sigmoid-temperature@rw0,12,8.940178571428572,1.0,1.0,1.0
2025-10-19,SE-O,3,2025-11-09,0.0,86.72565818677982,17.175544072501964,3.0,6.0,12.0,26.0,68.25,192.1,575.1499999999999,sigmoid-temperature@rw0,8,17.136071428571427,0.0,1.0,1.0
2025-10-26,SE,0,2025-10-26,1.0,233.3097298968252,96.02540565768489,71.0,84.0,102.75,132.0,186.0,378.0,1181.6749999999993,sigmoid-temperature@rw1,55,59.77982142857143,0.0,0.0,0.0
2025-10-26,SE,1,2025-11-02,1.0,457.3334777366746,190.2147867282009,107.0,142.0,188.75,272.0,401.25,838.4000000000001,2248.199999999997,sigmoid-temperature@rw1,65,149.29857142857142,0.0,0.0,0.0
2025-10-26,SE,2,2025-11-09,1.0,863.5687797861802,360.4138046943848,141.975,218.9,317.75,513.0,893.75,1713.8000000000002,4021.5499999999984,sigmoid-temperature@rw1,59,319.74410714285716,0.0,0.0,0.0
2025-10-26,SE,3,2025-11-16,1.0,1669.9495931504662,716.673591977575,173.95,316.0,543.5,1003.5,1937.0,3643.500000000001,7124.724999999995,sigmoid-temperature@rw1,80,602.884107142857,0.0,0.0,0.0
2025-10-26,SE,0,2025-10-26,0.5,233.3118445004991,96.02540565768489,69.0,86.0,104.0,133.0,186.25,388.2000000000001,1159.0,sigmoid-temperature@rw0.5,55,60.295,0.0,0.0,0.0
2025-10-26,SE,1,2025-11-02,0.5,457.1567483370335,190.2147867282009,113.0,140.9,187.0,263.5,399.0,851.3000000000001,2265.2,sigmoid-temperature@rw0.5,65,149.42714285714288,0.0,0.0,0.0
2025-10-26,SE,2,2025-11-09,0.5,858.3466226048948,360.4138046943848,144.0,213.9,318.0,514.5,872.25,1701.2000000000005,3839.6,sigmoid-temperature@rw0.5,59,316.0950000000001,0.0,0.0,0.0
2025-10-26,SE,3,2025-11-16,0.5,1626.76919377995,716.673591977575,198.925,314.9,547.75,996.5,1913.0,3376.2000000000003,6912.349999999996,sigmoid-temperature@rw0.5,80,598.6008928571429,0.0,0.0,0.0
2025-10-26,SE,0,2025-10-26,0.0,233.31540272645032,96.02540565768489,71.0,87.0,103.0,132.0,185.25,386.1,1169.6999999999985,sigmoid-temperature@rw0,55,60.69714285714285,0.0,0.0,0.0
2025-10-26,SE,1,2025-11-02,0.0,457.3830103236062,190.2147867282009,112.0,144.9,187.0,266.0,402.0,853.1,2279.025,sigmoid-temperature@rw0,65,150.89875,0.0,0.0,0.0
2025-10-26,SE,2,2025-11-09,0.0,859.8632178892909,360.4138046943848,147.95,215.0,315.75,512.0,882.5,1716.0,3958.1,sigmoid-temperature@rw0,59,318.64035714285717,0.0,0.0,0.0
2025-10-26,SE,3,2025-11-16,0.0,1625.5730696249668,716.673591977575,205.95,336.9,542.75,988.0,1876.5,3438.2,6862.549999999999,sigmoid-temperature@rw0,80,602.7378571428571,0.0,0.0,0.0
2025-10-26,SE-M,0,2025-10-26,1.0,18.80344203103973,4.043188124362152,1.0,2.0,3.0,6.0,11.0,29.100000000000023,138.24999999999977,sigmoid-temperature@rw1,4,2.6117857142857135,1.0,1.0,1.0
2025-10-26,SE-M,1,2025-11-02,1.0,30.27458563580128,5.762873734266656,1.0,3.0,4.0,8.0,17.0,54.0,167.19999999999982,sigmoid-temperature@rw1,9,3.715714285714285,1.0,1.0,1.0
2025-10-26,SE-M,2,2025-11-09,1.0,43.844924156099005,7.809647920189462,1.0,3.0,6.0,11.0,27.0,83.10000000000002,280.04999999999995,sigmoid-temperature@rw1,8,6.210357142857143,1.0,1.0,1.0
2025-10-26,SE-M,3,2025-11-16,1.0,63.56540635617223,10.876003095774829,1.0,3.0,6.0,14.0,44.0,163.30000000000007,484.1249999999999,sigmoid-temperature@rw1,9,11.459464285714288,1.0,1.0,1.0
2025-10-26,SE-M,0,2025-10-26,0.5,18.80374974076247,4.043188124362152,1.0,2.0,3.0,6.0,10.0,31.100000000000023,138.04999999999995,sigmoid-temperature@rw0.5,4,2.596071428571429,1.0,1.0,1.0
2025-10-26,SE-M,1,2025-11-02,0.5,30.26553200990791,5.762873734266656,1.0,2.0,4.0,8.0,17.0,53.10000000000002,194.14999999999984,sigmoid-temperature@rw0.5,9,3.9110714285714283,1.0,1.0,1.0
2025-10-26,SE-M,2,2025-11-09,0.5,43.61589563268374,7.809647920189462,1.0,3.0,5.0,11.0,26.25,81.10000000000002,286.04999999999995,sigmoid-temperature@rw0.5,8,6.213928571428572,1.0,1.0,1.0
2025-10-26,SE-M,3,2025-11-16,0.5,62.3579295424943,10.876003095774829,1.0,3.0,7.0,14.0,43.0,159.10000000000002,515.0749999999999,sigmoid-temperature@rw0.5,9,11.417678571428572,1.0,1.0,1.0
2025-10-26,SE-M,0,2025-10-26,0.0,18.804163066672466,4.043188124362152,1.0,2.0,3.0,6.0,10.0,28.0,133.0,sigmoid-temperature@rw0,4,2.4714285714285715,1.0,1.0,1.0
2025-10-26,SE-M,1,2025-11-02,0.0,30.27987592582288,5.762873734266656,1.0,3.0,4.0,8.0,17.0,54.0,181.2249999999998,sigmoid-temperature@rw0,9,3.815892857142856,1.0,1.0,1.0
2025-10-26,SE-M,2,2025-11-09,0.0,43.673324718752426,7.809647920189462,1.0,3.0,6.0,11.0,27.0,78.0,316.1999999999998,sigmoid-temperature@rw0,8,6.322857142857141,1.0,1.0,1.0
2025-10-26,SE-M,3,2025-11-16,0.0,62.42762967650942,10.876003095774829,1.0,3.0,7.0,14.0,43.0,139.4000000000001,526.05,sigmoid-temperature@rw0,9,10.933214285714287,1.0,1.0,1.0
2025-10-26,SE-O,0,2025-10-26,1.0,47.262478436253815,15.383584997083824,7.0,11.0,16.0,24.0,39.0,99.10000000000002,256.04999999999995,sigmoid-temperature@rw1,13,8.367500000000001,0.0,1.0,1.0
2025-10-26,SE-O,1,2025-11-02,1.0,86.78735793586112,29.469709590124225,12.0,18.0,28.0,46.0,82.0,171.10000000000002,454.025,sigmoid-temperature@rw1,12,22.531607142857144,0.0,0.0,1.0
2025-10-26,SE-O,2,2025-11-09,1.0,152.38708967520012,54.274883254034464,16.975,27.0,45.0,85.0,170.0,335.20000000000005,723.3249999999997,sigmoid-temperature@rw1,8,52.34392857142857,0.0,0.0,0.0
2025-10-26,SE-O,3,2025-11-16,1.0,265.75811200996094,104.47743452015018,20.975,36.900000000000006,72.0,156.0,330.0,608.6000000000001,1167.0749999999998,sigmoid-temperature@rw1,5,97.34214285714287,0.0,0.0,0.0
2025-10-26,SE-O,0,2025-10-26,0.5,47.26282721742269,15.383584997083824,7.0,11.0,16.0,24.0,41.0,94.20000000000005,250.19999999999985,sigmoid-temperature@rw0.5,13,8.328571428571431,0.0,1.0,1.0
2025-10-26,SE-O,1,2025-11-02,0.5,86.73996060807546,29.469709590124225,11.975,18.90000000000001,28.0,46.0,85.0,173.0,436.1499999999999,sigmoid-temperature@rw0.5,12,22.904107142857146,0.0,0.0,1.0
2025-10-26,SE-O,2,2025-11-09,0.5,151.36457400426758,54.274883254034464,16.0,26.0,45.0,83.5,167.25,321.1,695.1499999999999,sigmoid-temperature@rw0.5,8,50.80035714285714,0.0,0.0,0.0
2025-10-26,SE-O,3,2025-11-16,0.5,259.506057942632,104.47743452015018,19.0,39.0,74.0,152.0,335.0,561.8000000000002,1151.025,sigmoid-temperature@rw0.5,5,96.0944642857143,0.0,0.0,0.0
2025-10-26,SE-O,0,2025-10-26,0.0,47.26344008297048,15.383584997083824,8.0,11.0,16.0,24.0,40.0,95.0,246.0999999999999,sigmoid-temperature@rw0,13,8.243571428571427,0.0,1.0,1.0
2025-10-26,SE-O,1,2025-11-02,0.0,86.76224171055092,29.469709590124225,12.0,18.0,28.0,46.0,83.25,166.20000000000005,427.6249999999994,sigmoid-temperature@rw0,12,22.292321428571427,0.0,0.0,1.0
2025-10-26,SE-O,2,2025-11-09,0.0,151.40832758860222,54.274883254034464,15.0,26.0,44.0,85.0,168.25,314.4000000000001,686.025,sigmoid-temperature@rw0,8,50.33660714285714,0.0,0.0,0.0
2025-10-26,SE-O,3,2025-11-16,0.0,258.63102976880816,104.47743452015018,18.0,39.0,73.0,154.0,316.25,553.2000000000003,1143.1749999999995,sigmoid-temperature@rw0,5,94.24625,0.0,0.0,0.0
2025-11-02,SE,0,2025-11-02,1.0,170.71450277763842,85.13104436882884,63.975,75.0,89.0,109.0,144.0,266.1,851.7999999999993,sigmoid-temperature@rw1,65,31.015892857142852,0.0,0.0,1.0
2025-11-02,SE,1,2025-11-09,1.0,214.80027922189217,108.51877614533784,66.0,82.0,108.0,144.5,205.0,365.60000000000014,937.05,sigmoid-temperature@rw1,59,56.03892857142858,0.0,0.0,0.0
2025-11-02,SE,2,2025-11-16,1.0,316.0334195781108,156.5170557862754,71.0,99.9,138.0,211.0,346.0,579.0,1236.3999999999978,sigmoid-temperature@rw1,80,77.84142857142855,0.0,0.0,1.0
2025-11-02,SE,3,2025-11-23,1.0,542.8463297165597,253.6597948549068,78.975,119.0,194.0,341.0,622.0,1172.3000000000002,2291.6249999999995,sigmoid-temperature@rw1,182,102.61321428571429,0.0,1.0,1.0
2025-11-02,SE,0,2025-11-02,0.5,170.71706131359187,85.13104436882884,67.0,76.0,90.0,109.0,146.0,265.1,840.5249999999995,sigmoid-temperature@rw0.5,65,32.07089285714285,0.0,0.0,0.0
2025-11-02,SE,1,2025-11-09,0.5,214.8383083603274,108.51877614533784,66.975,84.0,105.0,144.0,208.0,350.9000000000002,947.4249999999996,sigmoid-temperature@rw0.5,59,55.978928571428575,0.0,0.0,0.0
2025-11-02,SE,2,2025-11-16,0.5,314.6024383834517,156.5170557862754,70.0,98.0,138.75,209.0,343.25,575.2,1287.1,sigmoid-temperature@rw0.5,80,77.29214285714286,0.0,0.0,1.0
2025-11-02,SE,3,2025-11-23,0.5,528.6121867557747,253.6597948549068,84.0,124.0,200.75,337.0,599.0,1119.7000000000005,2074.974999999999,sigmoid-temperature@rw0.5,182,98.61625000000001,0.0,1.0,1.0
2025-11-02,SE,0,2025-11-02,0.0,170.72015588459692,85.13104436882884,64.0,75.0,89.0,109.0,146.0,265.30000000000007,860.4749999999996,sigmoid-temperature@rw0,65,31.197678571428572,0.0,0.0,1.0
2025-11-02,SE,1,2025-11-09,0.0,215.01010946108127,108.51877614533784,66.0,84.0,107.0,145.0,208.25,348.30000000000007,942.1,sigmoid-temperature@rw0,59,56.184285714285714,0.0,0.0,0.0
2025-11-02,SE,2,2025-11-16,0.0,315.3966551550209,156.5170557862754,71.975,99.0,139.0,209.0,344.25,576.1,1310.2749999999996,sigmoid-temperature@rw0,80,77.85142857142857,0.0,0.0,1.0
2025-11-02,SE,3,2025-11-23,0.0,528.6412339756196,253.6597948549068,87.95,132.0,203.0,338.5,604.0,1076.2,2052.7249999999995,sigmoid-temperature@rw0,182,98.01125,0.0,1.0,1.0
2025-11-02,SE-M,0,2025-11-02,1.0,18.209852656213467,5.326930245035672,1.0,3.0,4.0,8.0,13.0,31.0,105.02499999999998,sigmoid-temperature@rw1,9,2.32875,1.0,1.0,1.0
2025-11-02,SE-M,1,2025-11-09,1.0,24.760477115999933,6.7365975360033605,2.0,3.0,6.0,10.0,18.0,45.10000000000002,135.19999999999982,sigmoid-temperature@rw1,8,3.2971428571428567,1.0,1.0,1.0
2025-11-02,SE-M,2,2025-11-16,1.0,36.452825428140336,9.196342724336166,2.0,4.0,6.0,12.0,29.0,69.10000000000002,222.0999999999999,sigmoid-temperature@rw1,9,5.503571428571428,1.0,1.0,1.0
2025-11-02,SE-M,3,2025-11-23,1.0,59.1137904369852,13.808378784926145,2.0,4.0,8.75,19.0,50.25,143.0,377.1999999999998,sigmoid-temperature@rw1,11,10.758571428571427,1.0,1.0,1.0
2025-11-02,SE-M,0,2025-11-02,0.5,18.210401828493755,5.326930245035672,1.0,3.0,5.0,7.0,12.0,29.100000000000023,111.04999999999995,sigmoid-temperature@rw0.5,9,2.3175000000000003,1.0,1.0,1.0
2025-11-02,SE-M,1,2025-11-09,0.5,24.77019030892368,6.7365975360033605,1.9750000000000012,3.0,6.0,9.0,18.0,46.0,145.0,sigmoid-temperature@rw0.5,8,3.250178571428571,1.0,1.0,1.0
2025-11-02,SE-M,2,2025-11-16,0.5,36.3043396239548,9.196342724336166,2.0,4.0,7.0,13.0,29.0,73.10000000000002,212.24999999999977,sigmoid-temperature@rw0.5,9,5.618928571428571,1.0,1.0,1.0
2025-11-02,SE-M,3,2025-11-23,0.5,57.82602705401166,13.808378784926145,2.0,5.0,8.0,18.0,47.0,136.10000000000002,383.17499999999984,sigmoid-temperature@rw0.5,11,10.254107142857142,1.0,1.0,1.0
2025-11-02,SE-M,0,2025-11-02,0.0,18.211019130297064,5.326930245035672,1.0,3.0,5.0,8.0,13.0,29.100000000000023,105.04999999999995,sigmoid-temperature@rw0,9,2.203214285714286,1.0,1.0,1.0
2025-11-02,SE-M,1,2025-11-09,0.0,24.79557492685881,6.7365975360033605,1.0,3.0,5.0,10.0,17.0,45.10000000000002,144.1249999999999,sigmoid-temperature@rw0,8,3.3680357142857145,1.0,1.0,1.0
2025-11-02,SE-M,2,2025-11-16,0.0,36.37354387690875,9.196342724336166,1.0,4.0,7.0,13.0,29.0,74.10000000000002,209.07499999999996,sigmoid-temperature@rw0,9,5.631964285714285,1.0,1.0,1.0
2025-11-02,SE-M,3,2025-11-23,0.0,57.67490060791739,13.808378784926145,2.0,5.0,9.0,19.0,47.25,131.0,371.07499999999993,sigmoid-temperature@rw0,11,10.11125,1.0,1.0,1.0
2025-11-02,SE-O,0,2025-11-02,1.0,57.96424710108734,22.723851859190496,13.0,18.0,24.0,34.0,54.0,114.20000000000005,275.07499999999993,sigmoid-temperature@rw1,12,15.334821428571429,0.0,0.0,0.0
2025-11-02,SE-O,1,2025-11-09,1.0,87.23490335476082,36.00928180117546,16.0,24.0,35.0,54.0,91.0,176.0,357.07499999999993,sigmoid-temperature@rw1,8,31.92196428571429,0.0,0.0,0.0
2025-11-02,SE-O,2,2025-11-16,1.0,148.90705647070854,64.37384351112097,20.0,34.0,55.0,97.0,174.0,318.30000000000007,620.0999999999999,sigmoid-temperature@rw1,5,60.909285714285716,0.0,0.0,0.0
2025-11-02,SE-O,3,2025-11-23,1.0,271.3487600422506,126.6078081687384,27.0,48.0,88.75,175.0,351.25,592.5000000000001,1072.3749999999995,sigmoid-temperature@rw1,13,100.55982142857144,0.0,0.0,0.0
2025-11-02,SE-O,0,2025-11-02,0.5,57.9656017259624,22.723851859190496,13.0,18.0,23.0,34.0,54.0,114.10000000000002,281.1249999999999,sigmoid-temperature@rw0.5,12,15.160892857142857,0.0,0.0,0.0
2025-11-02,SE-O,1,2025-11-09,0.5,87.25480085890348,36.00928180117546,16.0,24.0,34.0,56.0,92.0,174.4000000000001,360.17499999999984,sigmoid-temperature@rw0.5,8,32.04125,0.0,0.0,0.0
2025-11-02,SE-O,2,2025-11-16,0.5,148.17651621559548,64.37384351112097,20.0,33.0,56.75,96.0,178.0,309.4000000000001,619.0749999999999,sigmoid-temperature@rw0.5,5,60.908392857142864,0.0,0.0,0.0
2025-11-02,SE-O,3,2025-11-23,0.5,265.5265921773502,126.6078081687384,28.950000000000003,50.0,92.75,175.5,336.0,570.1,1048.2999999999988,sigmoid-temperature@rw0.5,13,100.64464285714284,0.0,0.0,0.0
2025-11-02,SE-O,0,2025-11-02,0.0,57.96719043531218,22.723851859190496,13.0,18.0,24.75,35.0,52.25,113.10000000000002,271.2749999999997,sigmoid-temperature@rw0,12,15.45482142857143,0.0,0.0,0.0
2025-11-02,SE-O,1,2025-11-09,0.0,87.33724921476428,36.00928180117546,15.975,24.0,35.0,53.5,90.25,175.10000000000002,375.1499999999999,sigmoid-temperature@rw0,8,31.893392857142857,0.0,0.0,0.0
2025-11-02,SE-O,2,2025-11-16,0.0,148.4722502366982,64.37384351112097,20.0,33.0,57.0,97.0,175.25,311.0,624.05,sigmoid-temperature@rw0,5,60.98964285714286,0.0,0.0,0.0
2025-11-02,SE-O,3,2025-11-23,0.0,265.1340850063454,126.6078081687384,28.925000000000004,52.0,93.0,179.0,334.25,566.2,1038.1,sigmoid-temperature@rw0,13,101.39625000000001,0.0,0.0,0.0
2025-11-09,SE,0,2025-11-09,1.0,144.2297208997253,79.23108379057555,57.975,69.0,82.0,100.0,133.0,222.0,639.0,sigmoid-temperature@rw1,59,27.450178571428573,0.0,0.0,1.0
2025-11-09,SE,1,2025-11-16,1.0,173.43489692636476,96.45842546567488,58.0,74.0,93.0,124.5,183.0,284.1,641.0749999999999,sigmoid-temperature@rw1,80,26.667678571428574,0.0,1.0,1.0
2025-11-09,SE,2,2025-11-23,1.0,247.236219750284,134.5049798046901,59.975,83.0,117.0,177.0,282.25,464.1,882.6249999999994,sigmoid-temperature@rw1,182,29.2825,1.0,1.0,1.0
2025-11-09,SE,3,2025-11-30,1.0,396.5145974647564,200.2217878829392,60.0,97.0,153.0,262.0,476.0,820.3000000000001,1547.3249999999998,sigmoid-temperature@rw1,376,70.64660714285715,1.0,1.0,1.0
2025-11-09,SE,0,2025-11-09,0.5,144.22969327975105,79.23108379057555,59.0,70.0,82.0,102.0,133.0,228.20000000000005,610.2749999999997,sigmoid-temperature@rw0.5,59,27.957678571428573,0.0,0.0,1.0
2025-11-09,SE,1,2025-11-16,0.5,173.33299871951382,96.45842546567488,57.0,72.0,95.0,125.0,181.0,287.4000000000001,626.2249999999998,sigmoid-temperature@rw0.5,80,27.077321428571427,0.0,1.0,1.0
2025-11-09,SE,2,2025-11-23,0.5,245.3982701810214,134.5049798046901,61.0,86.0,118.0,175.5,283.25,447.1,825.4999999999995,sigmoid-temperature@rw0.5,182,28.509999999999998,1.0,1.0,1.0
2025-11-09,SE,3,2025-11-30,0.5,384.1568433201711,200.2217878829392,67.95,100.0,161.0,254.5,450.25,775.4000000000003,1465.3999999999996,sigmoid-temperature@rw0.5,376,67.29678571428572,1.0,1.0,1.0
2025-11-09,SE,0,2025-11-09,0.0,144.2300837607719,79.23108379057555,59.0,70.0,83.0,102.0,134.0,223.20000000000005,621.1749999999998,sigmoid-temperature@rw0,59,28.178392857142857,0.0,0.0,1.0
2025-11-09,SE,1,2025-11-16,0.0,173.3310028096944,96.45842546567488,58.0,74.0,93.0,125.0,180.25,286.1,642.2999999999997,sigmoid-temperature@rw0,80,26.608571428571427,0.0,1.0,1.0
2025-11-09,SE,2,2025-11-23,0.0,245.04230286161848,134.5049798046901,60.975,85.9,119.0,176.0,282.25,441.5000000000001,831.099999999999,sigmoid-temperature@rw0,182,28.178749999999997,1.0,1.0,1.0
2025-11-09,SE,3,2025-11-30,0.0,380.8647754760622,200.2217878829392,70.0,106.8,160.0,258.5,443.25,770.4000000000001,1507.049999999999,sigmoid-temperature@rw0,376,66.24249999999999,1.0,1.0,1.0
2025-11-09,SE-M,0,2025-11-09,1.0,24.506049895750287,10.699977734623449,4.0,7.0,10.0,15.0,23.0,43.0,120.12499999999989,sigmoid-temperature@rw1,8,4.358035714285713,0.0,1.0,1.0
2025-11-09,SE-M,1,2025-11-16,1.0,37.46950670096338,15.98848061951423,5.0,9.0,13.0,23.0,39.0,74.0,171.07499999999993,sigmoid-temperature@rw1,9,8.043392857142857,0.0,1.0,1.0
2025-11-09,SE-M,2,2025-11-23,1.0,66.68481590947943,27.26183385115152,6.0,11.0,20.0,37.0,72.0,147.10000000000002,280.025,sigmoid-temperature@rw1,11,15.845892857142857,0.0,1.0,1.0
2025-11-09,SE-M,3,2025-11-30,1.0,124.89003322136077,49.464182885763805,8.0,17.0,31.0,67.0,141.0,287.20000000000005,602.0,sigmoid-temperature@rw1,21,29.24857142857143,0.0,1.0,1.0
2025-11-09,SE-M,0,2025-11-09,0.5,24.50604287430992,10.699977734623449,4.0,7.0,10.0,15.0,24.0,42.0,123.12499999999989,sigmoid-temperature@rw0.5,8,4.422321428571427,0.0,1.0,1.0
2025-11-09,SE-M,1,2025-11-16,0.5,37.44466707378592,15.98848061951423,5.0,8.0,13.0,22.0,41.0,71.0,179.04999999999995,sigmoid-temperature@rw0.5,9,8.043214285714287,0.0,1.0,1.0
2025-11-09,SE-M,2,2025-11-23,0.5,66.18933453753448,27.26183385115152,7.0,11.0,19.0,38.0,71.0,145.0,283.0999999999999,sigmoid-temperature@rw0.5,11,15.657857142857141,0.0,1.0,1.0
2025-11-09,SE-M,3,2025-11-30,0.5,121.56903196440736,49.464182885763805,8.0,16.0,31.0,65.0,138.25,285.1,548.5499999999995,sigmoid-temperature@rw0.5,21,28.35321428571428,0.0,1.0,1.0
2025-11-09,SE-M,0,2025-11-09,0.0,24.506135522968197,10.699977734623449,4.0,6.0,10.0,15.0,24.0,42.0,115.02499999999998,sigmoid-temperature@rw0,8,4.393035714285714,0.0,1.0,1.0
2025-11-09,SE-M,1,2025-11-16,0.0,37.44708062320657,15.98848061951423,5.0,8.0,13.0,22.0,40.0,75.0,187.1249999999999,sigmoid-temperature@rw0,9,8.143749999999999,0.0,1.0,1.0
2025-11-09,SE-M,2,2025-11-23,0.0,66.14017401023962,27.26183385115152,6.0,12.0,20.0,39.0,72.0,144.10000000000002,288.025,sigmoid-temperature@rw0,11,16.360178571428573,0.0,0.0,1.0
2025-11-09,SE-M,3,2025-11-30,0.0,120.80420335015889,49.464182885763805,8.0,16.0,32.0,65.0,137.0,279.1,552.1749999999998,sigmoid-temperature@rw0,21,28.332678571428573,0.0,1.0,1.0
2025-11-09,SE-O,0,2025-11-09,1.0,45.4168097988613,20.520560706578877,11.0,15.900000000000006,21.0,30.0,45.0,83.10000000000002,184.025,sigmoid-temperature@rw1,8,14.841607142857145,0.0,0.0,0.0
2025-11-09,SE-O,1,2025-11-16,1.0,63.66959250152004,30.01593058288701,13.0,19.0,29.0,45.0,73.0,121.10000000000002,248.025,sigmoid-temperature@rw1,5,26.59589285714286,0.0,0.0,0.0
2025-11-09,SE-O,2,2025-11-23,1.0,103.45577609966668,49.31490564402655,15.0,25.0,41.0,72.0,126.0,218.0,377.2499999999998,sigmoid-temperature@rw1,13,34.60178571428571,0.0,0.0,0.0
2025-11-09,SE-O,3,2025-11-30,1.0,179.3934718359147,85.22125925997881,17.975,33.0,58.0,112.0,225.25,391.4000000000001,688.1499999999999,sigmoid-temperature@rw1,38,43.25910714285715,0.0,1.0,1.0
2025-11-09,SE-O,0,2025-11-09,0.5,45.41670210273017,20.520560706578877,10.975,15.0,21.0,31.0,44.0,89.10000000000002,184.025,sigmoid-temperature@rw0.5,8,14.846071428571431,0.0,0.0,0.0
2025-11-09,SE-O,1,2025-11-16,0.5,63.62271642132622,30.01593058288701,13.0,20.0,29.0,45.0,70.0,125.0,238.0,sigmoid-temperature@rw0.5,5,26.678571428571427,0.0,0.0,0.0
2025-11-09,SE-O,2,2025-11-23,0.5,102.63353539853918,49.31490564402655,16.975,26.90000000000001,41.0,70.5,124.25,216.20000000000005,383.17499999999984,sigmoid-temperature@rw0.5,13,35.292142857142856,0.0,0.0,0.0
2025-11-09,SE-O,3,2025-11-30,0.5,174.3887839875532,85.22125925997881,18.975,34.0,60.0,115.0,220.25,376.0,632.6499999999994,sigmoid-temperature@rw0.5,38,42.88696428571428,0.0,1.0,1.0
2025-11-09,SE-O,0,2025-11-09,0.0,45.41675544164947,20.520560706578877,10.975,15.0,22.0,30.0,45.0,86.0,177.0999999999999,sigmoid-temperature@rw0,8,14.850892857142856,0.0,0.0,0.0
2025-11-09,SE-O,1,2025-11-16,0.0,63.61750428492629,30.01593058288701,13.975,20.0,29.0,45.0,72.25,122.10000000000002,234.07499999999996,sigmoid-temperature@rw0,5,27.0,0.0,0.0,0.0
2025-11-09,SE-O,2,2025-11-23,0.0,102.45897385029814,49.31490564402655,16.0,25.0,42.0,70.5,122.0,219.0,395.07499999999993,sigmoid-temperature@rw0,13,34.75053571428572,0.0,0.0,0.0
2025-11-09,SE-O,3,2025-11-30,0.0,173.0169745124901,85.22125925997881,17.975,36.900000000000006,59.0,115.0,214.25,366.2000000000001,640.025,sigmoid-temperature@rw0,38,41.94107142857143,0.0,1.0,1.0
2025-11-16,SE,0,2025-11-16,1.0,108.53898357699948,62.32353466071568,46.0,54.0,64.0,80.0,105.0,166.20000000000005,371.3999999999997,sigmoid-temperature@rw1,80,8.458571428571428,1.0,1.0,1.0
2025-11-16,SE,1,2025-11-23,1.0,115.43489635404649,67.45931634876987,40.0,50.900000000000006,65.0,88.0,127.25,185.0,370.1249999999999,sigmoid-temperature@rw1,182,39.707321428571426,0.0,1.0,1.0
2025-11-16,SE,2,2025-11-30,1.0,149.3491478221906,85.05983833652903,40.0,55.0,75.0,111.5,174.0,267.30000000000007,494.17499999999984,sigmoid-temperature@rw1,376,142.93839285714284,0.0,0.0,1.0
2025-11-16,SE,3,2025-12-07,1.0,222.3746262364363,115.6296993514662,37.0,60.0,90.0,149.0,261.0,453.1,839.05,sigmoid-temperature@rw1,717,316.0032142857143,0.0,0.0,1.0
2025-11-16,SE,0,2025-11-16,0.5,108.53901505779034,62.32353466071568,46.0,55.0,64.0,80.0,107.0,170.10000000000002,384.2499999999998,sigmoid-temperature@rw0.5,80,8.776071428571429,1.0,1.0,1.0
2025-11-16,SE,1,2025-11-23,0.5,115.38257732979967,67.45931634876987,40.0,51.0,65.0,87.0,126.0,181.0,374.07499999999993,sigmoid-temperature@rw0.5,182,40.31482142857143,0.0,0.0,1.0
2025-11-16,SE,2,2025-11-30,0.5,148.25915223643258,85.05983833652903,38.0,56.0,74.0,108.0,176.25,272.1,482.1499999999999,sigmoid-temperature@rw0.5,376,141.69321428571428,0.0,0.0,1.0
2025-11-16,SE,3,2025-12-07,0.5,214.80577774849212,115.6296993514662,39.0,61.0,88.0,152.0,255.5,420.0,786.0749999999999,sigmoid-temperature@rw0.5,717,324.98625000000004,0.0,0.0,1.0
2025-11-16,SE,0,2025-11-16,0.0,108.53928012045508,62.32353466071568,45.0,54.0,64.0,79.0,105.0,170.10000000000002,384.05,sigmoid-temperature@rw0,80,8.810357142857145,1.0,1.0,1.0
2025-11-16,SE,1,2025-11-23,0.0,115.38408810317598,67.45931634876987,40.975,51.0,65.0,86.0,125.0,184.1,354.025,sigmoid-temperature@rw0,182,40.324642857142855,0.0,1.0,1.0
2025-11-16,SE,2,2025-11-30,0.0,147.99403151400435,85.05983833652903,41.0,55.0,74.0,109.0,177.0,267.20000000000005,478.1499999999999,sigmoid-temperature@rw0,376,142.62821428571428,0.0,0.0,1.0
2025-11-16,SE,3,2025-12-07,0.0,212.36740124721564,115.6296993514662,38.0,61.900000000000006,88.75,145.0,257.0,430.2000000000001,770.1749999999998,sigmoid-temperature@rw0,717,322.85624999999993,0.0,0.0,1.0
2025-11-16,SE-M,0,2025-11-16,1.0,23.77397782684771,11.562286872253908,4.0,7.0,11.0,16.0,24.0,42.0,101.04999999999995,sigmoid-temperature@rw1,9,4.193214285714285,0.0,1.0,1.0
2025-11-16,SE-M,1,2025-11-23,1.0,34.74445321827165,16.814297097953002,5.0,9.0,14.0,23.0,39.0,67.0,147.07499999999993,sigmoid-temperature@rw1,11,7.029107142857143,0.0,1.0,1.0
2025-11-16,SE-M,2,2025-11-30,1.0,59.938327714827054,27.66281267544861,8.0,12.0,20.0,37.0,69.0,129.0,232.0,sigmoid-temperature@rw1,21,10.72857142857143,1.0,1.0,1.0
2025-11-16,SE-M,3,2025-12-07,1.0,111.56852992349516,48.43326414238464,8.0,17.0,31.0,59.0,129.75,247.20000000000005,502.07499999999993,sigmoid-temperature@rw1,38,20.159821428571433,1.0,1.0,1.0
2025-11-16,SE-M,0,2025-11-16,0.5,23.773983953063464,11.562286872253908,5.0,7.0,11.0,16.0,25.0,41.0,103.12499999999989,sigmoid-temperature@rw0.5,9,4.2437499999999995,0.0,1.0,1.0
2025-11-16,SE-M,1,2025-11-23,0.5,34.71898833824211,16.814297097953002,6.0,10.0,14.0,24.0,39.25,65.0,144.0,sigmoid-temperature@rw0.5,11,7.075,0.0,1.0,1.0
2025-11-16,SE-M,2,2025-11-30,0.5,59.35389663559267,27.66281267544861,8.0,13.0,21.0,37.0,68.0,127.0,230.1249999999999,sigmoid-temperature@rw0.5,21,10.486607142857142,1.0,1.0,1.0
2025-11-16,SE-M,3,2025-12-07,0.5,107.7569793166246,48.43326414238464,9.0,18.0,30.0,60.0,128.25,245.0,475.05,sigmoid-temperature@rw0.5,38,19.975357142857145,1.0,1.0,1.0
2025-11-16,SE-M,0,2025-11-16,0.0,23.774075555439804,11.562286872253908,5.0,7.0,11.0,16.0,25.0,43.0,100.07499999999992,sigmoid-temperature@rw0,9,4.279107142857142,0.0,1.0,1.0
2025-11-16,SE-M,1,2025-11-23,0.0,34.71686276965985,16.814297097953002,6.0,9.0,14.0,23.0,38.0,69.0,145.04999999999995,sigmoid-temperature@rw0,11,6.993214285714286,0.0,1.0,1.0
2025-11-16,SE-M,2,2025-11-30,0.0,59.174900393533655,27.66281267544861,8.0,12.0,21.0,36.0,69.0,131.0,232.04999999999995,sigmoid-temperature@rw0,21,10.571785714285713,1.0,1.0,1.0
2025-11-16,SE-M,3,2025-12-07,0.0,106.437577749609,48.43326414238464,9.0,17.0,30.0,61.5,132.0,248.1,481.025,sigmoid-temperature@rw0,38,20.617321428571426,1.0,1.0,1.0
2025-11-16,SE-O,0,2025-11-16,1.0,26.64054422062483,13.104938483238604,6.0,9.0,13.0,19.0,29.0,49.0,98.09999999999992,sigmoid-temperature@rw1,5,8.657857142857143,0.0,0.0,0.0
2025-11-16,SE-O,1,2025-11-23,1.0,29.856812815081227,15.06652613763648,6.0,10.0,14.0,22.0,35.0,59.10000000000002,111.02499999999998,sigmoid-temperature@rw1,13,5.224464285714286,0.0,1.0,1.0
2025-11-16,SE-O,2,2025-11-30,1.0,41.287876647270366,20.200105374391207,6.0,10.0,17.0,28.0,50.0,87.10000000000002,144.0,sigmoid-temperature@rw1,38,6.974285714285714,1.0,1.0,1.0
2025-11-16,SE-O,3,2025-12-07,1.0,66.06168989790794,29.385518945642445,6.0,12.0,21.0,39.0,82.0,149.10000000000002,274.07499999999993,sigmoid-temperature@rw1,57,12.760535714285714,1.0,1.0,1.0
2025-11-16,SE-O,0,2025-11-16,0.5,26.64046849923673,13.104938483238604,6.0,9.0,14.0,19.0,28.0,47.0,103.14999999999986,sigmoid-temperature@rw0.5,5,8.779642857142857,0.0,0.0,0.0
2025-11-16,SE-O,1,2025-11-23,0.5,29.83489483598857,15.06652613763648,6.0,9.0,14.0,22.0,35.0,57.10000000000002,104.04999999999995,sigmoid-temperature@rw0.5,13,5.146071428571429,0.0,1.0,1.0
2025-11-16,SE-O,2,2025-11-30,0.5,40.897001308486736,20.200105374391207,6.0,11.0,17.0,28.0,51.0,85.10000000000002,140.14999999999986,sigmoid-temperature@rw0.5,38,6.9325,1.0,1.0,1.0
2025-11-16,SE-O,3,2025-12-07,0.5,63.56341942926465,29.385518945642445,6.0,12.0,21.0,38.5,79.25,140.20000000000005,252.17499999999984,sigmoid-temperature@rw0.5,57,12.22482142857143,1.0,1.0,1.0
2025-11-16,SE-O,0,2025-11-16,0.0,26.640455467778818,13.104938483238604,6.0,9.0,13.0,20.0,28.0,48.0,102.0,sigmoid-temperature@rw0,5,8.728571428571428,0.0,0.0,0.0
2025-11-16,SE-O,1,2025-11-23,0.0,29.828089637027524,15.06652613763648,6.0,9.0,14.0,22.0,34.0,56.0,102.02499999999998,sigmoid-temperature@rw0,13,5.0287500000000005,0.0,1.0,1.0
2025-11-16,SE-O,2,2025-11-30,0.0,40.74770294812039,20.200105374391207,6.0,10.0,16.0,28.5,50.0,85.0,138.0,sigmoid-temperature@rw0,38,6.871428571428572,1.0,1.0,1.0
2025-11-16,SE-O,3,2025-12-07,0.0,62.583891381654986,29.385518945642445,7.0,12.0,20.0,39.0,80.0,146.10000000000002,244.025,sigmoid-temperature@rw0,57,12.381607142857145,1.0,1.0,1.0
2025-11-23,SE,0,2025-11-23,1.0,152.9381178853807,92.50433859385146,67.0,78.9,94.0,115.5,155.0,236.1,531.1749999999998,sigmoid-temperature@rw1,182,29.37839285714286,0.0,1.0,1.0
2025-11-23,SE,1,2025-11-30,1.0,225.08918347271225,136.7349698622469,72.975,100.0,128.0,172.0,249.25,367.5000000000001,714.7499999999993,sigmoid-temperature@rw1,376,88.67339285714283,0.0,0.0,1.0
2025-11-23,SE,2,2025-12-07,1.0,365.0526923872097,211.29335516318156,87.95,122.0,172.75,273.0,432.25,689.3000000000001,1158.3999999999996,sigmoid-temperature@rw1,717,195.09035714285713,0.0,0.0,1.0
2025-11-23,SE,3,2025-12-14,1.0,639.2446039836384,334.2292694973527,92.0,145.9,241.5,416.5,785.0,1313.7000000000005,2525.649999999998,sigmoid-temperature@rw1,1325,376.87035714285696,0.0,0.0,1.0
2025-11-23,SE,0,2025-11-23,0.5,152.9359682460766,92.50433859385146,65.0,80.0,94.0,116.0,156.0,234.0,516.3249999999997,sigmoid-temperature@rw0.5,182,28.909464285714286,0.0,1.0,1.0
2025-11-23,SE,1,2025-11-30,0.5,224.73531498890875,136.7349698622469,77.975,103.0,128.0,173.0,254.25,378.0,743.1499999999999,sigmoid-temperature@rw0.5,376,85.41196428571428,0.0,1.0,1.0
2025-11-23,SE,2,2025-12-07,0.5,359.96823990391573,211.29335516318156,83.95,124.9,177.0,265.5,422.0,678.3000000000001,1124.7749999999985,sigmoid-temperature@rw0.5,717,200.58874999999998,0.0,0.0,1.0
2025-11-23,SE,3,2025-12-14,0.5,608.9223661032457,334.2292694973527,94.975,152.9,243.75,404.0,754.5,1258.2,2227.7249999999976,sigmoid-temperature@rw0.5,1325,396.95321428571424,0.0,0.0,1.0
2025-11-23,SE,0,2025-11-23,0.0,152.93439573652245,92.50433859385146,67.0,79.0,93.0,115.0,153.25,228.0,526.025,sigmoid-temperature@rw0,182,29.625178571428574,0.0,1.0,1.0
2025-11-23,SE,1,2025-11-30,0.0,224.5322827967181,136.7349698622469,75.95,100.0,127.0,170.0,252.0,373.2000000000001,747.0749999999999,sigmoid-temperature@rw0,376,87.18517857142854,0.0,0.0,1.0
2025-11-23,SE,2,2025-12-07,0.0,357.42483234213654,211.29335516318156,85.0,131.9,177.0,265.0,424.25,650.7000000000002,1167.2749999999996,sigmoid-temperature@rw0,717,207.37124999999995,0.0,0.0,1.0
2025-11-23,SE,3,2025-12-14,0.0,595.6796634581614,334.2292694973527,98.0,156.9,245.0,407.5,745.0,1220.4,2196.224999999999,sigmoid-temperature@rw0,1325,407.75874999999996,0.0,0.0,1.0
2025-11-23,SE-M,0,2025-11-23,1.0,25.906458202484885,13.78960192863216,5.0,9.0,13.0,18.0,28.0,46.0,100.17499999999984,sigmoid-temperature@rw1,11,4.379821428571427,0.0,1.0,1.0
2025-11-23,SE-M,1,2025-11-30,1.0,42.206986025541845,22.409904539433487,7.975000000000001,13.0,19.0,30.0,49.0,82.10000000000002,154.02499999999998,sigmoid-temperature@rw1,21,6.44607142857143,1.0,1.0,1.0
2025-11-23,SE-M,2,2025-12-07,1.0,74.00984673144764,37.40629118346671,9.975,16.0,28.0,48.0,88.0,153.10000000000002,284.1999999999998,sigmoid-temperature@rw1,38,11.59017857142857,1.0,1.0,1.0
2025-11-23,SE-M,3,2025-12-14,1.0,132.16567579730258,63.34636615514521,10.975,22.0,41.0,78.0,160.25,307.20000000000005,599.025,sigmoid-temperature@rw1,76,21.152500000000003,1.0,1.0,1.0
2025-11-23,SE-M,0,2025-11-23,0.5,25.905751251607736,13.78960192863216,6.0,9.0,13.0,19.0,28.0,43.0,94.04999999999995,sigmoid-temperature@rw0.5,11,4.386071428571428,0.0,1.0,1.0
2025-11-23,SE-M,1,2025-11-30,0.5,42.113968683681975,22.409904539433487,8.0,13.0,19.0,29.0,49.0,80.10000000000002,153.0999999999999,sigmoid-temperature@rw0.5,21,6.239285714285714,1.0,1.0,1.0
2025-11-23,SE-M,2,2025-12-07,0.5,72.88093181431854,37.40629118346671,10.0,17.0,28.0,47.0,92.0,150.20000000000005,272.07499999999993,sigmoid-temperature@rw0.5,38,11.53482142857143,1.0,1.0,1.0
2025-11-23,SE-M,3,2025-12-14,0.5,126.593796862292,63.34636615514521,11.0,21.90000000000001,41.0,74.5,159.25,282.0,539.2749999999997,sigmoid-temperature@rw0.5,76,19.86553571428571,1.0,1.0,1.0
2025-11-23,SE-M,0,2025-11-23,0.0,25.905159135609157,13.78960192863216,6.0,9.0,13.0,19.0,28.25,44.10000000000002,102.02499999999998,sigmoid-temperature@rw0,11,4.492321428571429,0.0,1.0,1.0
2025-11-23,SE-M,1,2025-11-30,0.0,42.05199287672952,22.409904539433487,9.0,12.0,19.0,30.0,49.25,81.0,155.07499999999993,sigmoid-temperature@rw0,21,6.461249999999999,1.0,1.0,1.0
2025-11-23,SE-M,2,2025-12-07,0.0,72.26327639887785,37.40629118346671,10.0,17.0,28.0,47.0,86.25,150.10000000000002,262.04999999999995,sigmoid-temperature@rw0,38,11.049642857142857,1.0,1.0,1.0
2025-11-23,SE-M,3,2025-12-14,0.0,124.00866975194388,63.34636615514521,11.0,22.0,40.0,77.0,159.0,273.4000000000001,525.025,sigmoid-temperature@rw0,76,19.497321428571436,1.0,1.0,1.0
2025-11-23,SE-O,0,2025-11-23,1.0,16.883329389753854,8.658893690327432,3.0,6.0,8.0,12.5,19.0,32.0,62.02499999999998,sigmoid-temperature@rw1,13,2.0216071428571425,1.0,1.0,1.0
2025-11-23,SE-O,1,2025-11-30,1.0,19.90596660994142,10.262739260431724,3.0,6.0,9.0,15.0,24.0,38.0,66.0,sigmoid-temperature@rw1,38,9.721428571428573,0.0,1.0,1.0
2025-11-23,SE-O,2,2025-12-07,1.0,26.40592290159916,12.7990627298274,3.0,6.0,11.0,18.0,33.0,56.0,98.02499999999998,sigmoid-temperature@rw1,57,16.393035714285713,0.0,0.0,1.0
2025-11-23,SE-O,3,2025-12-14,1.0,38.66182323072657,16.42347405220495,3.0,6.0,12.0,22.0,46.25,87.10000000000002,184.04999999999995,sigmoid-temperature@rw1,120,50.528214285714284,0.0,0.0,1.0
2025-11-23,SE-O,0,2025-11-23,0.5,16.88300548233746,8.658893690327432,3.0,6.0,8.0,13.0,19.0,32.0,57.07499999999993,sigmoid-temperature@rw0.5,13,1.9148214285714278,1.0,1.0,1.0
2025-11-23,SE-O,1,2025-11-30,0.5,19.870998103782505,10.262739260431724,3.0,5.0,9.0,15.0,24.0,39.0,63.0,sigmoid-temperature@rw0.5,38,9.757142857142856,0.0,1.0,1.0
2025-11-23,SE-O,2,2025-12-07,0.5,26.034051594813256,12.7990627298274,3.0,6.0,11.0,18.5,33.0,56.0,94.0,sigmoid-temperature@rw0.5,57,16.29285714285714,0.0,0.0,1.0
2025-11-23,SE-O,3,2025-12-14,0.5,36.8237582005423,16.42347405220495,2.0,7.0,12.0,22.0,44.0,80.0,160.04999999999995,sigmoid-temperature@rw0.5,120,52.643214285714286,0.0,0.0,1.0
2025-11-23,SE-O,0,2025-11-23,0.0,16.882725997735616,8.658893690327432,3.0,6.0,8.0,13.0,20.0,32.0,58.04999999999996,sigmoid-temperature@rw0,13,1.9932142857142854,1.0,1.0,1.0
2025-11-23,SE-O,1,2025-11-30,0.0,19.8462752254202,10.262739260431724,3.0,6.0,9.0,15.0,24.0,39.0,67.0,sigmoid-temperature@rw0,38,9.757142857142856,0.0,1.0,1.0
2025-11-23,SE-O,2,2025-12-07,0.0,25.815515853715084,12.7990627298274,3.0,6.0,10.0,18.0,33.0,55.0,91.02499999999998,sigmoid-temperature@rw0,57,16.671607142857145,0.0,0.0,1.0
2025-11-23,SE-O,3,2025-12-14,0.0,35.91856186613368,16.42347405220495,2.0,6.0,11.0,22.0,43.0,81.0,149.04999999999995,sigmoid-temperature@rw0,120,52.621785714285714,0.0,0.0,1.0
2025-11-30,SE,0,2025-11-30,1.0,772.775177525427,473.4307437239739,352.975,421.0,492.0,599.0,797.25,1263.3000000000002,2401.7749999999983,sigmoid-temperature@rw1,376,138.3607142857143,0.0,0.0,1.0
2025-11-30,SE,1,2025-12-07,1.0,2024.4514195633635,1325.1593247941682,716.85,974.9,1235.0,1677.0,2361.75,3367.5,5357.899999999998,sigmoid-temperature@rw1,717,540.8210714285714,0.0,0.0,1.0
2025-11-30,SE,2,2025-12-14,1.0,4496.824377979153,3226.432643012825,1256.825,1867.7,2636.5,3758.5,5524.5,8180.200000000001,12166.35,sigmoid-temperature@rw1,1325,1341.9823214285714,0.0,0.0,1.0
2025-11-30,SE,3,2025-12-21,1.0,7653.136133906984,6428.881271006186,1764.4,2825.2,4279.0,6539.5,9710.75,14104.4,19878.875,sigmoid-temperature@rw1,1638,2669.734107142857,0.0,0.0,0.0
2025-11-30,SE,0,2025-11-30,0.5,772.7590940741874,473.4307437239739,349.975,425.0,491.0,595.0,798.0,1287.3000000000002,2447.4749999999995,sigmoid-temperature@rw0.5,376,139.69071428571428,0.0,0.0,1.0
2025-11-30,SE,1,2025-12-07,0.5,2020.936718877022,1325.1593247941682,725.925,974.9,1230.75,1680.0,2345.75,3315.2000000000003,5437.799999999999,sigmoid-temperature@rw0.5,717,540.7576785714285,0.0,0.0,0.0
2025-11-30,SE,2,2025-12-14,0.5,4449.914681603916,3226.432643012825,1314.15,1857.9,2630.5,3771.5,5414.75,7874.7,12215.25,sigmoid-temperature@rw0.5,1325,1323.4057142857143,0.0,0.0,1.0
2025-11-30,SE,3,2025-12-21,0.5,7518.861100661127,6428.881271006186,1969.675,3003.7,4345.5,6558.0,9356.0,13285.1,19170.625,sigmoid-temperature@rw0.5,1638,2735.9039285714284,0.0,0.0,0.0
2025-11-30,SE,0,2025-11-30,0.0,772.7500768906984,473.4307437239739,356.95,423.9,494.0,594.5,793.5,1261.5,2464.15,sigmoid-temperature@rw0,376,138.98999999999998,0.0,0.0,1.0
2025-11-30,SE,1,2025-12-07,0.0,2019.4607709369925,1325.1593247941682,725.8,964.8,1222.75,1679.5,2330.0,3322.3000000000006,5436.25,sigmoid-temperature@rw0,717,535.4067857142857,0.0,0.0,0.0
2025-11-30,SE,2,2025-12-14,0.0,4430.898164876365,3226.432643012825,1306.375,1874.7,2637.5,3742.5,5343.25,7770.700000000001,12180.3,sigmoid-temperature@rw0,1325,1316.8101785714284,0.0,0.0,1.0
2025-11-30,SE,3,2025-12-21,0.0,7465.378471381715,6428.881271006186,1965.35,2992.4,4466.0,6490.0,9214.75,13141.9,19281.675,sigmoid-temperature@rw0,1638,2734.5130357142857,0.0,0.0,0.0
2025-11-30,SE-M,0,2025-11-30,1.0,36.18160100725769,21.052447368904232,9.975,14.0,19.75,27.0,41.0,61.10000000000002,113.07499999999992,sigmoid-temperature@rw1,21,4.457142857142857,1.0,1.0,1.0
2025-11-30,SE-M,1,2025-12-07,1.0,66.21794063140445,38.49988134020401,13.0,22.0,33.0,49.0,80.0,124.0,205.14999999999984,sigmoid-temperature@rw1,38,9.215357142857142,1.0,1.0,1.0
2025-11-30,SE-M,2,2025-12-14,1.0,113.85945412493324,64.3027088881421,16.0,27.0,47.0,79.5,141.0,237.0,427.2249999999998,sigmoid-temperature@rw1,76,16.15160714285714,1.0,1.0,1.0
2025-11-30,SE-M,3,2025-12-21,1.0,183.30133685882143,102.72712813602666,17.0,35.0,60.75,117.0,228.0,416.1,729.2749999999997,sigmoid-temperature@rw1,107,29.35125,1.0,1.0,1.0
2025-11-30,SE-M,0,2025-11-30,0.5,36.181273542294925,21.052447368904232,10.0,14.0,20.0,27.0,40.0,62.0,125.07499999999992,sigmoid-temperature@rw0.5,21,4.479107142857143,1.0,1.0,1.0
2025-11-30,SE-M,1,2025-12-07,0.5,66.13557919519343,38.49988134020401,14.975,22.0,31.0,49.0,78.0,125.10000000000002,207.17499999999984,sigmoid-temperature@rw0.5,38,9.247142857142856,1.0,1.0,1.0
2025-11-30,SE-M,2,2025-12-14,0.5,112.58746344318575,64.3027088881421,15.0,27.0,49.75,78.5,139.0,229.1,419.07499999999993,sigmoid-temperature@rw0.5,76,15.392678571428572,1.0,1.0,1.0
2025-11-30,SE-M,3,2025-12-21,0.5,177.34408015371451,102.72712813602666,18.0,34.0,63.0,117.0,228.0,384.2000000000001,671.1999999999998,sigmoid-temperature@rw0.5,107,27.88571428571429,1.0,1.0,1.0
2025-11-30,SE-M,0,2025-11-30,0.0,36.181145509365045,21.052447368904232,9.0,14.0,20.0,28.0,40.0,60.0,119.07499999999992,sigmoid-temperature@rw0,21,4.529107142857143,1.0,1.0,1.0
2025-11-30,SE-M,1,2025-12-07,0.0,66.10366175908867,38.49988134020401,14.0,22.0,32.0,48.5,79.0,122.10000000000002,212.04999999999995,sigmoid-temperature@rw0,38,9.131785714285716,1.0,1.0,1.0
2025-11-30,SE-M,2,2025-12-14,0.0,112.0780826824448,64.3027088881421,16.0,28.0,48.0,79.0,140.0,232.0,419.0999999999999,sigmoid-temperature@rw0,76,15.707857142857145,1.0,1.0,1.0
2025-11-30,SE-M,3,2025-12-21,0.0,175.03265556532355,102.72712813602666,18.0,35.0,64.0,118.0,219.0,384.0,644.2749999999997,sigmoid-temperature@rw0,107,27.087678571428572,1.0,1.0,1.0
2025-11-30,SE-O,0,2025-11-30,1.0,29.466385767048877,16.468058908374946,7.0,11.0,16.0,23.0,34.25,53.0,95.04999999999995,sigmoid-temperature@rw1,38,6.346785714285714,0.0,1.0,1.0
2025-11-30,SE-O,1,2025-12-07,1.0,46.602088894923725,25.67499753450185,8.0,15.0,22.0,35.0,58.0,87.10000000000002,151.0,sigmoid-temperature@rw1,57,8.795714285714286,1.0,1.0,1.0
2025-11-30,SE-O,2,2025-12-14,1.0,73.54134917478689,37.96844149036774,9.0,17.0,29.0,51.0,88.0,157.0,290.14999999999986,sigmoid-temperature@rw1,120,29.2225,0.0,1.0,1.0
2025-11-30,SE-O,3,2025-12-21,1.0,116.60899954293308,54.99998974747787,9.0,20.0,35.0,70.5,140.0,254.0,520.0749999999999,sigmoid-temperature@rw1,158,35.479107142857146,0.0,1.0,1.0
2025-11-30,SE-O,0,2025-11-30,0.5,29.46625574375558,16.468058908374946,7.0,11.0,16.0,23.0,34.0,52.0,93.0,sigmoid-temperature@rw0.5,38,6.357142857142857,0.0,1.0,1.0
2025-11-30,SE-O,1,2025-12-07,0.5,46.55608534016644,25.67499753450185,8.0,15.0,22.75,35.0,56.0,89.0,155.0,sigmoid-temperature@rw0.5,57,8.967857142857143,0.0,1.0,1.0
2025-11-30,SE-O,2,2025-12-14,0.5,72.75437614453546,37.96844149036774,9.0,17.0,28.0,48.0,90.0,151.10000000000002,276.0999999999999,sigmoid-temperature@rw0.5,120,29.025,0.0,1.0,1.0
2025-11-30,SE-O,3,2025-12-21,0.5,112.3306683099914,54.99998974747787,8.0,19.0,35.0,67.0,137.0,244.1,489.59999999999945,sigmoid-temperature@rw0.5,158,36.15714285714286,0.0,1.0,1.0
2025-11-30,SE-O,0,2025-11-30,0.0,29.46625589486352,16.468058908374946,7.0,11.0,16.0,23.0,35.0,52.0,95.09999999999992,sigmoid-temperature@rw0,38,6.157857142857142,0.0,1.0,1.0
2025-11-30,SE-O,1,2025-12-07,0.0,46.54195318427429,25.67499753450185,9.0,14.0,23.0,35.0,56.0,88.0,153.0999999999999,sigmoid-temperature@rw0,57,8.929285714285713,0.0,1.0,1.0
2025-11-30,SE-O,2,2025-12-14,0.0,72.4634670468238,37.96844149036774,8.0,17.0,28.0,49.0,91.0,154.0,286.14999999999986,sigmoid-temperature@rw0,120,28.829642857142858,0.0,1.0,1.0
2025-11-30,SE-O,3,2025-12-21,0.0,110.7493507692661,54.99998974747787,8.0,20.0,36.0,67.0,135.25,238.1,483.0999999999999,sigmoid-temperature@rw0,158,36.214285714285715,0.0,1.0,1.0
2025-12-07,SE,0,2025-12-07,1.0,1240.8214384777589,860.9075661304405,669.775,791.0,901.75,1034.0,1271.0,1912.4,3054.324999999998,sigmoid-temperature@rw1,717,194.6617857142857,0.0,0.0,1.0
2025-12-07,SE,1,2025-12-14,1.0,2287.1042785006657,1699.8781603856755,1034.85,1334.7,1616.0,2019.5,2594.0,3458.8000000000006,4922.149999999996,sigmoid-temperature@rw1,1325,343.4407142857143,0.0,0.0,1.0
2025-12-07,SE,2,2025-12-21,1.0,4072.2782535969,3252.303782827133,1387.8,1958.8,2629.75,3602.5,4906.25,6700.0,9400.049999999992,sigmoid-temperature@rw1,1638,1010.9574999999999,0.0,0.0,1.0
2025-12-07,SE,3,2025-12-28,1.0,5097.095553749894,4487.090340705801,1353.65,1969.8,3031.25,4426.0,6416.75,9070.8,12839.47499999999,sigmoid-temperature@rw1,1682,1386.4773214285713,0.0,0.0,1.0
2025-12-07,SE,0,2025-12-07,0.5,1240.8110860193033,860.9075661304405,678.0,797.9,892.75,1035.5,1276.0,1913.1000000000004,3108.325,sigmoid-temperature@rw0.5,717,195.42589285714286,0.0,0.0,1.0
2025-12-07,SE,1,2025-12-14,0.5,2284.0879349539896,1699.8781603856755,1034.95,1324.0,1620.75,2008.0,2596.5,3460.2,5038.074999999998,sigmoid-temperature@rw0.5,1325,341.3958928571428,0.0,1.0,1.0
2025-12-07,SE,2,2025-12-21,0.5,4038.388056925357,3252.303782827133,1435.625,1938.0,2657.25,3572.5,4866.25,6603.0,9078.875,sigmoid-temperature@rw0.5,1638,998.9517857142857,0.0,0.0,1.0
2025-12-07,SE,3,2025-12-28,0.5,5021.050171197597,4487.090340705801,1446.0,2095.4,3101.5,4441.0,6230.5,8695.5,11805.099999999997,sigmoid-temperature@rw0.5,1682,1403.8964285714285,0.0,0.0,1.0
2025-12-07,SE,0,2025-12-07,0.0,1240.8073140927331,860.9075661304405,673.975,792.9,890.0,1028.5,1282.25,1899.3,3108.2,sigmoid-temperature@rw0,717,192.63089285714287,0.0,0.0,1.0
2025-12-07,SE,1,2025-12-14,0.0,2282.790258848777,1699.8781603856755,1040.95,1329.8,1630.75,2009.0,2598.0,3514.0,5036.274999999996,sigmoid-temperature@rw0,1325,346.4758928571428,0.0,0.0,1.0
2025-12-07,SE,2,2025-12-21,0.0,4025.9650928839824,3252.303782827133,1421.975,1994.4,2709.0,3569.0,4784.0,6433.400000000001,8947.149999999998,sigmoid-temperature@rw0,1638,1012.4798214285714,0.0,0.0,1.0
2025-12-07,SE,3,2025-12-28,0.0,5000.7295712541,4487.090340705801,1452.85,2112.0,3159.75,4459.0,6187.0,8346.300000000001,11867.9,sigmoid-temperature@rw0,1682,1410.5339285714288,0.0,0.0,1.0
2025-12-07,SE-M,0,2025-12-07,1.0,57.39694231590485,37.02964378209988,18.0,26.0,35.0,47.0,64.0,93.0,165.04999999999995,sigmoid-temperature@rw1,38,6.321785714285714,1.0,1.0,1.0
2025-12-07,SE-M,1,2025-12-14,1.0,88.05598631635813,57.90137886720092,22.975,35.900000000000006,51.0,72.0,107.0,150.0,244.04999999999995,sigmoid-temperature@rw1,76,9.410535714285714,1.0,1.0,1.0
2025-12-07,SE-M,2,2025-12-21,1.0,139.77049174721003,91.58375924991594,27.975,44.900000000000006,67.0,107.0,174.25,276.0,416.4749999999996,sigmoid-temperature@rw1,107,17.038571428571426,1.0,1.0,1.0
2025-12-07,SE-M,3,2025-12-28,1.0,176.09818094049064,117.93333215514284,21.975,41.0,73.0,127.5,224.0,363.1,591.4499999999996,sigmoid-temperature@rw1,138,25.556250000000002,1.0,1.0,1.0
2025-12-07,SE-M,0,2025-12-07,0.5,57.39653325443376,37.02964378209988,21.0,27.0,34.0,46.0,66.0,92.0,163.04999999999995,sigmoid-temperature@rw0.5,38,6.300357142857143,1.0,1.0,1.0
2025-12-07,SE-M,1,2025-12-14,0.5,87.94200528853894,57.90137886720092,23.0,35.0,50.0,72.0,107.0,151.0,244.04999999999995,sigmoid-temperature@rw0.5,76,9.536071428571429,1.0,1.0,1.0
2025-12-07,SE-M,2,2025-12-21,0.5,138.37754424110162,91.58375924991594,28.975,45.0,69.75,110.0,172.25,265.20000000000005,432.025,sigmoid-temperature@rw0.5,107,16.920357142857146,1.0,1.0,1.0
2025-12-07,SE-M,3,2025-12-28,0.5,171.98852492077586,117.93333215514284,24.975,44.0,76.0,126.0,219.0,360.30000000000007,572.2499999999998,sigmoid-temperature@rw0.5,138,24.87482142857143,1.0,1.0,1.0
2025-12-07,SE-M,0,2025-12-07,0.0,57.396354877438974,37.02964378209988,20.0,27.0,35.0,47.0,66.0,93.10000000000002,166.07499999999993,sigmoid-temperature@rw0,38,6.431964285714287,1.0,1.0,1.0
2025-12-07,SE-M,1,2025-12-14,0.0,87.88631114761174,57.90137886720092,24.0,35.0,51.0,71.0,105.0,153.0,241.025,sigmoid-temperature@rw0,76,9.493035714285714,1.0,1.0,1.0
2025-12-07,SE-M,2,2025-12-21,0.0,137.79782014933096,91.58375924991594,27.0,43.0,69.0,109.0,176.0,258.1,445.0,sigmoid-temperature@rw0,107,17.060000000000002,1.0,1.0,1.0
2025-12-07,SE-M,3,2025-12-28,0.0,170.6928709158246,117.93333215514284,23.0,44.900000000000006,76.0,131.0,216.25,343.5000000000001,577.025,sigmoid-temperature@rw0,138,23.50660714285715,1.0,1.0,1.0
2025-12-07,SE-O,0,2025-12-07,1.0,107.18548916719614,67.12963181037932,36.0,53.0,68.0,89.0,122.25,177.20000000000005,302.04999999999995,sigmoid-temperature@rw1,57,17.038214285714286,0.0,1.0,1.0
2025-12-07,SE-O,1,2025-12-14,1.0,187.54569656356676,122.85906574937336,51.975,78.0,109.0,153.5,228.5,327.1,526.0749999999999,sigmoid-temperature@rw1,120,23.824999999999996,1.0,1.0,1.0
2025-12-07,SE-O,2,2025-12-21,1.0,332.64304689009106,229.22743679514787,64.975,110.0,173.0,266.0,417.25,638.5000000000001,973.1999999999998,sigmoid-temperature@rw1,158,58.74803571428572,0.0,1.0,1.0
2025-12-07,SE-O,3,2025-12-28,1.0,430.17852103577286,329.71880984059464,62.975,115.9,196.75,336.0,567.5,852.1,1287.1,sigmoid-temperature@rw1,118,109.9030357142857,0.0,1.0,1.0
2025-12-07,SE-O,0,2025-12-07,0.5,107.1841110891191,67.12963181037932,37.0,53.0,68.0,90.0,121.0,178.10000000000002,300.07499999999993,sigmoid-temperature@rw0.5,57,17.09625,0.0,1.0,1.0
2025-12-07,SE-O,1,2025-12-14,0.5,187.25110738369503,122.85906574937336,47.0,79.0,109.0,156.0,229.25,331.1,517.3499999999997,sigmoid-temperature@rw0.5,120,24.294642857142858,1.0,1.0,1.0
2025-12-07,SE-O,2,2025-12-21,0.5,329.4544662478427,229.22743679514787,60.0,114.0,172.75,263.5,414.25,623.7000000000002,919.2249999999998,sigmoid-temperature@rw0.5,158,57.235892857142865,0.0,1.0,1.0
2025-12-07,SE-O,3,2025-12-28,0.5,422.56136206149694,329.71880984059464,65.0,122.0,203.0,337.5,544.0,830.1,1243.4499999999996,sigmoid-temperature@rw0.5,118,109.79178571428572,0.0,0.0,1.0
2025-12-07,SE-O,0,2025-12-07,0.0,107.18326220312596,67.12963181037932,36.975,53.0,68.0,89.0,122.0,178.20000000000005,306.04999999999995,sigmoid-temperature@rw0,57,17.070535714285715,0.0,1.0,1.0
2025-12-07,SE-O,1,2025-12-14,0.0,187.0973949373549,122.85906574937336,48.95,78.0,109.75,155.0,227.0,326.30000000000007,517.025,sigmoid-temperature@rw0,120,23.812678571428574,1.0,1.0,1.0
2025-12-07,SE-O,2,2025-12-21,0.0,328.1202577617796,229.22743679514787,59.975,114.0,174.0,265.0,418.0,622.0,932.15,sigmoid-temperature@rw0,158,58.02982142857143,0.0,1.0,1.0
2025-12-07,SE-O,3,2025-12-28,0.0,420.3725894572348,329.71880984059464,65.9,120.9,210.75,339.0,541.5,831.0,1260.1,sigmoid-temperature@rw0,118,111.34357142857144,0.0,0.0,1.0
2025-12-14,SE,0,2025-12-14,1.0,1502.937495525261,1144.1825312771953,889.9,1036.9,1152.0,1321.0,1596.0,2103.4,3193.05,sigmoid-temperature@rw1,1325,79.20821428571428,1.0,1.0,1.0
2025-12-14,SE,1,2025-12-21,1.0,2161.734222830892,1757.624157264483,1018.975,1327.7,1617.0,1977.5,2511.0,3118.8,4179.349999999999,sigmoid-temperature@rw1,1638,186.1055357142857,1.0,1.0,1.0
2025-12-14,SE,2,2025-12-28,1.0,2635.8981885974445,2271.589830063423,886.475,1312.0,1758.25,2343.5,3226.75,4207.7,5843.25,sigmoid-temperature@rw1,1682,339.31839285714284,0.0,1.0,1.0
2025-12-14,SE,3,2026-01-04,1.0,3415.4245926211443,3022.2011697670205,856.95,1366.5,2010.25,2995.0,4252.75,6078.200000000001,8791.375,sigmoid-temperature@rw1,2227,461.18732142857147,1.0,1.0,1.0
2025-12-14,SE,0,2025-12-14,0.5,1502.9586154216297,1144.1825312771953,901.85,1041.9,1169.75,1326.0,1591.25,2121.0,3201.6749999999997,sigmoid-temperature@rw0.5,1325,77.50874999999999,1.0,1.0,1.0
2025-12-14,SE,1,2025-12-21,0.5,2161.9506558089665,1757.624157264483,1026.9,1311.0,1611.0,1999.0,2500.25,3151.3,4147.65,sigmoid-temperature@rw0.5,1638,189.96035714285713,1.0,1.0,1.0
2025-12-14,SE,2,2025-12-28,0.5,2629.6580974550693,2271.589830063423,885.9,1331.8,1738.75,2353.5,3219.5,4132.900000000001,5901.849999999999,sigmoid-temperature@rw0.5,1682,333.7703571428572,0.0,1.0,1.0
2025-12-14,SE,3,2026-01-04,0.5,3385.8586596901378,3022.2011697670205,930.3,1445.8000000000002,2056.0,2981.0,4233.25,5856.6,8314.249999999996,sigmoid-temperature@rw0.5,2227,441.99749999999995,1.0,1.0,1.0
2025-12-14,SE,0,2025-12-14,0.0,1502.9846432068434,1144.1825312771953,892.875,1040.9,1163.0,1313.5,1584.5,2099.2000000000003,3177.424999999999,sigmoid-temperature@rw0,1325,78.30535714285715,1.0,1.0,1.0
2025-12-14,SE,1,2025-12-21,0.0,2163.3302278784768,1757.624157264483,1034.95,1333.7,1616.75,2001.5,2486.0,3151.0,4172.45,sigmoid-temperature@rw0,1638,188.35142857142858,1.0,1.0,1.0
2025-12-14,SE,2,2025-12-28,0.0,2634.6088750808044,2271.589830063423,898.95,1357.2,1759.0,2368.5,3243.25,4121.5,5861.124999999999,sigmoid-temperature@rw0,1682,340.51339285714283,0.0,1.0,1.0
2025-12-14,SE,3,2026-01-04,0.0,3393.0239119485423,3022.2011697670205,904.775,1458.6,2037.25,3002.5,4188.75,5715.6,8174.799999999997,sigmoid-temperature@rw0,2227,438.02160714285714,1.0,1.0,1.0
2025-12-14,SE-M,0,2025-12-14,1.0,80.16737150160544,56.65619743027316,32.975,44.0,54.75,70.0,90.0,122.10000000000002,199.0,sigmoid-temperature@rw1,76,6.792321428571429,1.0,1.0,1.0
2025-12-14,SE-M,1,2025-12-21,1.0,116.08696922096422,84.63872183635091,35.975,52.900000000000006,73.0,100.0,141.0,195.1,303.0999999999999,sigmoid-temperature@rw1,107,11.828035714285713,1.0,1.0,1.0
2025-12-14,SE-M,2,2025-12-28,1.0,145.2605850189891,108.2439895623351,33.0,53.0,78.0,119.0,182.0,268.1,393.3499999999997,sigmoid-temperature@rw1,138,18.8625,1.0,1.0,1.0
2025-12-14,SE-M,3,2026-01-04,1.0,196.71942706034756,147.3995992001523,33.0,58.0,91.75,154.0,250.25,383.1,614.025,sigmoid-temperature@rw1,190,29.903035714285718,1.0,1.0,1.0
2025-12-14,SE-M,0,2025-12-14,0.5,80.16853412462815,56.65619743027316,32.0,43.0,55.0,69.0,91.0,120.0,200.0999999999999,sigmoid-temperature@rw0.5,76,6.972142857142856,1.0,1.0,1.0
2025-12-14,SE-M,1,2025-12-21,0.5,116.11241421994067,84.63872183635091,37.975,52.900000000000006,73.0,101.0,143.25,198.0,307.025,sigmoid-temperature@rw0.5,107,11.942499999999999,1.0,1.0,1.0
2025-12-14,SE-M,2,2025-12-28,0.5,145.02327332111824,108.2439895623351,31.0,54.0,78.75,121.0,181.25,266.0,401.025,sigmoid-temperature@rw0.5,138,18.450178571428573,1.0,1.0,1.0
2025-12-14,SE-M,3,2026-01-04,0.5,195.18711247800147,147.3995992001523,33.975,59.0,92.0,152.0,249.25,372.0,609.025,sigmoid-temperature@rw0.5,190,29.711071428571426,1.0,1.0,1.0
2025-12-14,SE-M,0,2025-12-14,0.0,80.16996680954261,56.65619743027316,32.975,43.0,53.0,70.0,91.0,121.0,200.025,sigmoid-temperature@rw0,76,6.993214285714286,1.0,1.0,1.0
2025-12-14,SE-M,1,2025-12-21,0.0,116.20383465614388,84.63872183635091,37.0,52.0,71.0,101.0,142.0,195.1,307.07499999999993,sigmoid-temperature@rw0,107,11.946250000000001,1.0,1.0,1.0
2025-12-14,SE-M,2,2025-12-28,0.0,145.46403958635702,108.2439895623351,32.0,55.0,78.0,119.0,182.25,266.0,403.05,sigmoid-temperature@rw0,138,18.839642857142856,1.0,1.0,1.0
2025-12-14,SE-M,3,2026-01-04,0.0,196.08867624607427,147.3995992001523,35.0,63.0,95.0,151.0,251.0,375.0,623.1749999999998,sigmoid-temperature@rw0,190,29.829821428571428,1.0,1.0,1.0
2025-12-14,SE-O,0,2025-12-14,1.0,135.0465352042766,93.5982665903416,52.0,75.0,94.0,117.0,157.0,216.1,334.04999999999995,sigmoid-temperature@rw1,120,10.974642857142856,1.0,1.0,1.0
2025-12-14,SE-O,1,2025-12-21,1.0,208.43616616563892,152.39047117560875,58.900000000000006,97.0,134.0,185.0,252.25,348.1,509.05,sigmoid-temperature@rw1,158,22.693214285714284,1.0,1.0,1.0
2025-12-14,SE-O,2,2025-12-28,1.0,272.760247157774,210.71765701307936,55.975,100.8,153.75,229.5,346.0,497.0,738.025,sigmoid-temperature@rw1,118,56.06678571428572,0.0,1.0,1.0
2025-12-14,SE-O,3,2026-01-04,1.0,371.5420159190772,299.1499118135735,55.0,112.0,183.0,301.5,481.25,703.0,1087.0749999999998,sigmoid-temperature@rw1,281,48.489821428571425,1.0,1.0,1.0
2025-12-14,SE-O,0,2025-12-14,0.5,135.04897263383444,93.5982665903416,53.0,74.0,92.75,117.0,155.0,216.1,345.025,sigmoid-temperature@rw0.5,120,11.020892857142858,1.0,1.0,1.0
2025-12-14,SE-O,1,2025-12-21,0.5,208.4917654090781,152.39047117560875,63.0,94.0,135.0,183.0,254.25,353.0,485.17499999999984,sigmoid-temperature@rw0.5,158,22.50482142857143,1.0,1.0,1.0
2025-12-14,SE-O,2,2025-12-28,0.5,272.296909258414,210.71765701307936,57.975,99.9,153.75,228.0,340.0,487.0,738.0999999999999,sigmoid-temperature@rw0.5,118,55.15017857142857,0.0,1.0,1.0
2025-12-14,SE-O,3,2026-01-04,0.5,368.67695628318586,299.1499118135735,58.0,111.8,187.0,303.0,475.0,708.8000000000002,1078.4749999999997,sigmoid-temperature@rw0.5,281,48.06053571428572,1.0,1.0,1.0
2025-12-14,SE-O,0,2025-12-14,0.0,135.05190865755412,93.5982665903416,53.0,78.0,95.0,117.0,153.25,214.1,334.3249999999997,sigmoid-temperature@rw0,120,10.487321428571425,1.0,1.0,1.0
2025-12-14,SE-O,1,2025-12-21,0.0,208.67127874124836,152.39047117560875,55.95,96.0,135.0,183.0,251.0,352.1,509.1499999999999,sigmoid-temperature@rw0,158,22.41142857142857,1.0,1.0,1.0
2025-12-14,SE-O,2,2025-12-28,0.0,273.0803686142616,210.71765701307936,60.975,99.9,153.75,231.0,341.0,475.2000000000001,740.0,sigmoid-temperature@rw0,118,55.30517857142858,0.0,1.0,1.0
2025-12-14,SE-O,3,2026-01-04,0.0,370.0455776731266,299.1499118135735,57.0,115.9,187.75,303.0,480.0,710.1,1042.2999999999995,sigmoid-temperature@rw0,281,48.03285714285715,1.0,1.0,1.0
2025-12-21,SE,0,2025-12-21,1.0,2503.886377243242,2069.912094449638,1522.75,1827.0,2035.0,2307.0,2681.25,3381.9000000000005,4673.749999999999,sigmoid-temperature@rw1,1638,376.0935714285714,0.0,0.0,1.0
2025-12-21,SE,1,2025-12-28,1.0,2984.330971806006,2686.771575287813,1301.9,1863.2,2337.5,2833.0,3502.25,4285.8,5297.1,sigmoid-temperature@rw1,1682,584.4364285714286,0.0,0.0,1.0
2025-12-21,SE,2,2026-01-04,1.0,4047.4004077626337,3795.341643187459,1283.75,2117.3,2873.0,3767.0,4892.25,6497.6,8472.449999999999,sigmoid-temperature@rw1,2227,725.3028571428573,0.0,1.0,1.0
2025-12-21,SE,3,2026-01-11,1.0,3157.401885582947,3098.9528889616163,651.9250000000001,1203.5,1846.5,2766.0,3939.0,5541.5,8195.174999999997,sigmoid-temperature@rw1,1532,593.4303571428571,0.0,1.0,1.0
2025-12-21,SE,0,2025-12-21,0.5,2503.9066100390264,2069.912094449638,1505.4,1823.9,2035.0,2317.5,2692.75,3364.5,4699.249999999998,sigmoid-temperature@rw0.5,1638,377.42678571428576,0.0,0.0,1.0
2025-12-21,SE,1,2025-12-28,0.5,2983.771679170373,2686.771575287813,1316.5,1855.8,2322.75,2839.5,3500.0,4315.400000000001,5302.5,sigmoid-temperature@rw0.5,1682,580.9207142857143,0.0,0.0,1.0
2025-12-21,SE,2,2026-01-04,0.5,4036.1018594228512,3795.341643187459,1328.0750000000005,2152.0,2887.5,3765.0,4904.0,6400.1,8297.574999999997,sigmoid-temperature@rw0.5,2227,723.6207142857141,0.0,1.0,1.0
2025-12-21,SE,3,2026-01-11,0.5,3117.236835829159,3098.9528889616163,638.875,1214.9,1905.5,2814.5,3922.25,5378.1,7658.074999999992,sigmoid-temperature@rw0.5,1532,603.0678571428572,0.0,1.0,1.0
2025-12-21,SE,0,2025-12-21,0.0,2503.9362694729684,2069.912094449638,1511.975,1806.7,2044.0,2315.5,2693.5,3382.8,4705.0,sigmoid-temperature@rw0,1638,375.2173214285714,0.0,0.0,1.0
2025-12-21,SE,1,2025-12-28,0.0,2984.533442237934,2686.771575287813,1305.15,1852.6,2339.75,2838.5,3514.25,4296.900000000001,5317.05,sigmoid-temperature@rw0,1682,584.2721428571429,0.0,0.0,1.0
2025-12-21,SE,2,2026-01-04,0.0,4037.256999844182,3795.341643187459,1277.6,2148.9,2892.5,3778.5,4855.75,6260.400000000001,8357.1,sigmoid-temperature@rw0,2227,720.0571428571429,0.0,1.0,1.0
2025-12-21,SE,3,2026-01-11,0.0,3111.7195813921307,3098.9528889616163,650.4000000000001,1238.4,1928.25,2798.5,3958.75,5310.5,7876.0999999999985,sigmoid-temperature@rw0,1532,607.1364285714286,0.0,1.0,1.0
2025-12-21,SE-M,0,2025-12-21,1.0,132.78145127327423,102.344195522716,62.0,78.9,97.0,121.0,152.0,196.0,285.07499999999993,sigmoid-temperature@rw1,107,10.867678571428572,1.0,1.0,1.0
2025-12-21,SE-M,1,2025-12-28,1.0,150.80739919022727,122.97753870989447,56.975,76.0,101.0,139.0,184.0,239.1,332.0,sigmoid-temperature@rw1,138,12.695892857142857,1.0,1.0,1.0
2025-12-21,SE-M,2,2026-01-04,1.0,207.86136439451872,172.97551374022123,52.0,89.0,125.75,180.0,262.0,361.30000000000007,522.1749999999998,sigmoid-temperature@rw1,190,22.299107142857142,1.0,1.0,1.0
2025-12-21,SE-M,3,2026-01-11,1.0,173.3203418760737,149.27249486246336,28.975,53.0,86.0,140.0,222.0,336.0,488.1249999999999,sigmoid-temperature@rw1,126,23.079642857142858,1.0,1.0,1.0
2025-12-21,SE-M,0,2025-12-21,0.5,132.78242525507574,102.344195522716,62.975,77.9,97.75,121.0,154.0,198.0,289.04999999999995,sigmoid-temperature@rw0.5,107,11.064107142857141,1.0,1.0,1.0
2025-12-21,SE-M,1,2025-12-28,0.5,150.7802697251484,122.97753870989447,52.95,75.0,102.0,137.5,182.0,240.1,335.1999999999998,sigmoid-temperature@rw0.5,138,12.518928571428573,1.0,1.0,1.0
2025-12-21,SE-M,2,2026-01-04,0.5,207.2354208661379,172.97551374022123,56.0,86.0,126.0,179.0,264.0,354.0,527.4999999999995,sigmoid-temperature@rw0.5,190,22.453571428571426,1.0,1.0,1.0
2025-12-21,SE-M,3,2026-01-11,0.5,170.75647194432216,149.27249486246336,29.950000000000003,55.0,88.0,141.0,222.0,319.0,494.025,sigmoid-temperature@rw0.5,126,22.57196428571429,1.0,1.0,1.0
2025-12-21,SE-M,0,2025-12-21,0.0,132.78387200446946,102.344195522716,61.975,79.9,97.0,121.0,151.0,192.1,276.04999999999995,sigmoid-temperature@rw0,107,10.591964285714285,1.0,1.0,1.0
2025-12-21,SE-M,1,2025-12-28,0.0,150.8234127089668,122.97753870989447,52.975,77.0,102.0,135.0,185.0,238.1,342.0,sigmoid-temperature@rw0,138,13.024464285714286,1.0,1.0,1.0
2025-12-21,SE-M,2,2026-01-04,0.0,207.3375950298336,172.97551374022123,55.975,86.0,128.0,178.0,263.25,354.0,538.1499999999999,sigmoid-temperature@rw0,190,22.476249999999997,1.0,1.0,1.0
2025-12-21,SE-M,3,2026-01-11,0.0,170.50362561179122,149.27249486246336,29.0,57.0,89.0,138.0,218.25,322.0,507.2499999999998,sigmoid-temperature@rw0,126,21.93392857142857,1.0,1.0,1.0
2025-12-21,SE-O,0,2025-12-21,1.0,232.6271425033463,177.4317208284287,90.95,141.9,176.0,214.5,263.25,347.1,514.05,sigmoid-temperature@rw1,158,28.331428571428575,0.0,1.0,1.0
2025-12-21,SE-O,1,2025-12-28,1.0,271.0093545612461,224.4960419793073,72.92500000000001,136.9,186.75,251.0,329.0,432.2000000000001,596.2999999999997,sigmoid-temperature@rw1,118,66.37910714285714,0.0,0.0,1.0
2025-12-21,SE-O,2,2026-01-04,1.0,378.1331561673816,328.7090176154485,75.9,153.9,235.75,333.5,481.0,657.1,926.05,sigmoid-temperature@rw1,281,45.467499999999994,1.0,1.0,1.0
2025-12-21,SE-O,3,2026-01-11,1.0,313.5918268428983,292.75225715693585,42.0,95.0,165.75,257.0,401.0,599.4000000000001,905.1749999999998,sigmoid-temperature@rw1,260,37.80910714285715,1.0,1.0,1.0
2025-12-21,SE-O,0,2025-12-21,0.5,232.62909714622504,177.4317208284287,95.0,140.9,174.0,213.0,261.0,350.0,489.0,sigmoid-temperature@rw0.5,158,27.43142857142857,0.0,1.0,1.0
2025-12-21,SE-O,1,2025-12-28,0.5,270.9635084111647,224.4960419793073,74.95,137.9,187.75,250.0,330.0,432.1,591.025,sigmoid-temperature@rw0.5,118,66.72410714285715,0.0,0.0,1.0
2025-12-21,SE-O,2,2026-01-04,0.5,377.0419002821263,328.7090176154485,71.975,149.8,237.0,332.0,482.25,648.3000000000001,922.0,sigmoid-temperature@rw0.5,281,45.118035714285725,1.0,1.0,1.0
2025-12-21,SE-O,3,2026-01-11,0.5,309.48908112302587,292.75225715693585,42.0,101.9,168.0,257.0,403.0,568.0,848.2749999999997,sigmoid-temperature@rw0.5,260,36.29053571428572,1.0,1.0,1.0
2025-12-21,SE-O,0,2025-12-21,0.0,232.6319183493103,177.4317208284287,92.925,141.0,175.75,214.0,262.25,351.1,488.0999999999999,sigmoid-temperature@rw0,158,28.075535714285714,0.0,1.0,1.0
2025-12-21,SE-O,1,2025-12-28,0.0,271.0452229356243,224.4960419793073,71.0,139.0,186.0,250.5,336.0,421.2000000000001,582.025,sigmoid-temperature@rw0,118,66.7844642857143,0.0,0.0,1.0
2025-12-21,SE-O,2,2026-01-04,0.0,377.2176922846753,328.7090176154485,75.95,157.0,238.25,337.0,486.25,645.2,876.3999999999996,sigmoid-temperature@rw0,281,45.380357142857136,1.0,1.0,1.0
2025-12-21,SE-O,3,2026-01-11,0.0,309.07571241960983,292.75225715693585,43.0,103.0,169.0,256.5,402.0,579.2,856.2749999999997,sigmoid-temperature@rw0,260,36.557678571428575,1.0,1.0,1.0
2025-12-28,SE,0,2025-12-28,1.0,1687.3980164137415,1630.0309785997188,792.85,1248.4,1456.0,1654.0,1882.25,2202.2,2616.2,sigmoid-temperature@rw1,1682,74.72178571428572,1.0,1.0,1.0
2025-12-28,SE,1,2026-01-04,1.0,1777.9956559885068,1807.9342444876816,674.875,1147.9,1465.0,1765.5,2086.25,2423.0,2890.5999999999995,sigmoid-temperature@rw1,2227,202.77589285714285,0.0,1.0,1.0
2025-12-28,SE,2,2026-01-11,1.0,1125.1500137192577,1212.4505786247878,274.9,552.0,801.5,1075.0,1391.25,1727.6000000000004,2378.575,sigmoid-temperature@rw1,1532,196.23982142857145,0.0,1.0,1.0
2025-12-28,SE,3,2026-01-18,1.0,940.2554409738484,1015.7179319841983,140.95,303.8,522.0,784.0,1204.5,1647.4000000000003,2712.7249999999995,sigmoid-temperature@rw1,1082,148.07982142857142,1.0,1.0,1.0
2025-12-28,SE,0,2025-12-28,0.5,1687.406135219179,1630.0309785997188,785.975,1237.5,1464.0,1655.5,1893.75,2211.7000000000003,2631.525,sigmoid-temperature@rw0.5,1682,75.49892857142858,1.0,1.0,1.0
2025-12-28,SE,1,2026-01-04,0.5,1778.0068151674402,1807.9342444876816,664.875,1159.9,1462.75,1775.0,2091.5,2427.1,2859.45,sigmoid-temperature@rw0.5,2227,200.07767857142858,0.0,1.0,1.0
2025-12-28,SE,2,2026-01-11,0.5,1122.2475662523457,1212.4505786247878,280.95,553.2,802.75,1079.5,1389.0,1729.2,2342.025,sigmoid-temperature@rw0.5,1532,195.6969642857143,0.0,1.0,1.0
2025-12-28,SE,3,2026-01-18,0.5,923.7625894940714,1015.7179319841983,145.95,324.0,531.0,814.0,1164.25,1588.1,2542.6999999999985,sigmoid-temperature@rw0.5,1082,136.75464285714284,1.0,1.0,1.0
2025-12-28,SE,0,2025-12-28,0.0,1687.4166277391275,1630.0309785997188,818.5,1230.0,1461.75,1656.0,1891.25,2206.2,2613.974999999999,sigmoid-temperature@rw0,1682,75.10910714285714,1.0,1.0,1.0
2025-12-28,SE,1,2026-01-04,0.0,1778.385912535857,1807.9342444876816,681.9,1150.6,1469.75,1768.0,2082.0,2448.0,2869.125,sigmoid-temperature@rw0,2227,203.42374999999998,0.0,1.0,1.0
2025-12-28,SE,2,2026-01-11,0.0,1122.6187992461869,1212.4505786247878,281.8,549.0,791.75,1093.5,1375.0,1724.4,2314.8499999999995,sigmoid-temperature@rw0,1532,197.2653571428571,0.0,1.0,1.0
2025-12-28,SE,3,2026-01-18,0.0,919.8452607146528,1015.7179319841983,161.0,319.9,530.75,821.0,1160.25,1600.2000000000005,2420.2,sigmoid-temperature@rw0,1082,134.96714285714287,1.0,1.0,1.0
2025-12-28,SE-M,0,2025-12-28,1.0,146.00139173200856,124.24832441808134,66.975,92.0,113.0,139.0,170.0,209.20000000000005,266.0,sigmoid-temperature@rw1,138,8.984464285714287,1.0,1.0,1.0
2025-12-28,SE-M,1,2026-01-04,1.0,187.06617972358973,165.4381396704965,65.0,103.9,136.0,174.0,224.25,284.0,384.025,sigmoid-temperature@rw1,190,16.01375,1.0,1.0,1.0
2025-12-28,SE-M,2,2026-01-11,1.0,151.12222222887794,139.90043785985162,33.0,64.0,95.0,134.0,187.0,262.1,362.05,sigmoid-temperature@rw1,126,15.724642857142857,1.0,1.0,1.0
2025-12-28,SE-M,3,2026-01-18,1.0,154.10681452676278,144.01178186831558,21.0,47.900000000000006,75.0,121.0,197.25,301.20000000000005,473.07499999999993,sigmoid-temperature@rw1,130,20.484107142857145,1.0,1.0,1.0
2025-12-28,SE-M,0,2025-12-28,0.5,146.00221189700432,124.24832441808134,68.975,92.0,113.0,139.0,170.0,210.0,262.0,sigmoid-temperature@rw0.5,138,8.964464285714286,1.0,1.0,1.0
2025-12-28,SE-M,1,2026-01-04,0.5,187.05012171597355,165.4381396704965,64.0,104.0,137.0,177.0,226.0,287.0,371.025,sigmoid-temperature@rw0.5,190,15.635892857142855,1.0,1.0,1.0
2025-12-28,SE-M,2,2026-01-11,0.5,150.56009820103955,139.90043785985162,35.925000000000004,62.0,95.0,134.0,186.25,255.20000000000005,372.07499999999993,sigmoid-temperature@rw0.5,126,15.581785714285717,1.0,1.0,1.0
2025-12-28,SE-M,3,2026-01-18,0.5,151.1521460973005,144.01178186831558,23.0,48.0,76.0,126.0,192.0,288.20000000000005,442.17499999999984,sigmoid-temperature@rw0.5,130,18.71410714285715,1.0,1.0,1.0
2025-12-28,SE-M,0,2025-12-28,0.0,146.00334719237293,124.24832441808134,62.975,91.9,113.0,138.5,169.0,208.0,261.17499999999984,sigmoid-temperature@rw0,138,8.804285714285713,1.0,1.0,1.0
2025-12-28,SE-M,1,2026-01-04,0.0,187.09002678816788,165.4381396704965,69.0,105.9,136.0,177.0,225.25,284.0,378.025,sigmoid-temperature@rw0,190,15.528035714285716,1.0,1.0,1.0
2025-12-28,SE-M,2,2026-01-11,0.0,150.5568583337605,139.90043785985162,38.0,64.0,94.0,136.0,186.25,257.0,375.05,sigmoid-temperature@rw0,126,15.939642857142857,1.0,1.0,1.0
2025-12-28,SE-M,3,2026-01-18,0.0,150.47307007503002,144.01178186831558,23.0,47.0,77.0,125.0,191.25,284.0,444.1999999999998,sigmoid-temperature@rw0,130,18.655,1.0,1.0,1.0
2025-12-28,SE-O,0,2025-12-28,1.0,207.70511032916735,179.12838359753593,64.80000000000001,131.0,163.75,199.0,245.0,295.0,401.0,sigmoid-temperature@rw1,118,41.24785714285714,0.0,0.0,1.0
2025-12-28,SE-O,1,2026-01-04,1.0,251.63494641540268,228.99299750780105,60.0,139.0,188.0,240.0,310.25,385.0,495.05,sigmoid-temperature@rw1,281,24.725357142857142,1.0,1.0,1.0
2025-12-28,SE-O,2,2026-01-11,1.0,194.9285302505556,189.3463941137759,27.975,76.0,122.0,176.5,247.0,336.0,479.05,sigmoid-temperature@rw1,260,35.221964285714286,0.0,1.0,1.0
2025-12-28,SE-O,3,2026-01-18,1.0,197.22240801362796,196.31532923884924,20.975,53.0,94.75,159.5,253.0,376.2000000000001,586.3999999999996,sigmoid-temperature@rw1,151,25.79089285714286,1.0,1.0,1.0
2025-12-28,SE-O,0,2025-12-28,0.5,207.7061301915752,179.12838359753593,65.72500000000002,133.0,163.0,201.0,245.0,296.0,395.1249999999999,sigmoid-temperature@rw0.5,118,41.86714285714286,0.0,0.0,1.0
2025-12-28,SE-O,1,2026-01-04,0.5,251.61485710836052,228.99299750780105,57.0,137.9,186.0,242.0,307.0,377.0,500.0999999999999,sigmoid-temperature@rw0.5,281,24.210714285714285,1.0,1.0,1.0
2025-12-28,SE-O,2,2026-01-11,0.5,194.23828832696327,189.3463941137759,30.975,75.9,121.0,174.0,245.0,334.0,481.07499999999993,sigmoid-temperature@rw0.5,260,36.017857142857146,0.0,1.0,1.0
2025-12-28,SE-O,3,2026-01-18,0.5,193.5006744707171,196.31532923884924,21.975,52.900000000000006,96.0,162.0,248.25,370.0,590.4499999999996,sigmoid-temperature@rw0.5,151,25.566964285714285,1.0,1.0,1.0
2025-12-28,SE-O,0,2025-12-28,0.0,207.70755397920743,179.12838359753593,67.9,131.0,162.0,200.5,245.0,299.20000000000005,376.37499999999966,sigmoid-temperature@rw0,118,41.00910714285714,0.0,0.0,1.0
2025-12-28,SE-O,1,2026-01-04,0.0,251.66538873992977,228.99299750780105,57.975,137.0,187.0,238.0,304.0,379.0,499.07499999999993,sigmoid-temperature@rw0,281,24.565,1.0,1.0,1.0
2025-12-28,SE-O,2,2026-01-11,0.0,194.24313655700595,189.3463941137759,30.975,78.0,120.75,177.0,248.0,334.0,470.0,sigmoid-temperature@rw0,260,34.82517857142857,0.0,1.0,1.0
2025-12-28,SE-O,3,2026-01-18,0.0,192.65089011030844,196.31532923884924,19.975,54.0,98.0,161.5,249.0,363.2000000000001,592.0749999999999,sigmoid-temperature@rw0,151,25.206428571428575,1.0,1.0,1.0
2026-01-04,SE,0,2026-01-04,1.0,1913.8058543766083,1944.8500855250768,878.8,1345.6,1684.75,1938.0,2170.25,2472.3,2796.1,sigmoid-temperature@rw1,2227,138.065,0.0,1.0,1.0
2026-01-04,SE,1,2026-01-11,1.0,1237.893921556599,1364.2676625957934,409.775,697.8,1004.0,1239.5,1483.75,1737.1000000000004,2085.1,sigmoid-temperature@rw1,1532,131.5001785714286,0.0,1.0,1.0
2026-01-04,SE,2,2026-01-18,1.0,1019.7912013360128,1165.8982546465927,216.975,404.9,684.0,960.5,1286.0,1659.1000000000004,2239.974999999999,sigmoid-temperature@rw1,1082,110.64142857142858,1.0,1.0,1.0
2026-01-04,SE,3,2026-01-25,1.0,1152.879834266614,1304.118749994925,133.975,302.0,562.0,941.0,1477.75,2211.2,3356.974999999999,sigmoid-temperature@rw1,968,146.8378571428571,1.0,1.0,1.0
2026-01-04,SE,0,2026-01-04,0.5,1913.7978435993396,1944.8500855250768,879.925,1339.7,1691.75,1922.0,2172.5,2468.1,2798.225,sigmoid-temperature@rw0.5,2227,139.4242857142857,0.0,1.0,1.0
2026-01-04,SE,1,2026-01-11,0.5,1237.1717615561422,1364.2676625957934,410.8,700.9,996.0,1230.0,1473.0,1735.8000000000002,2121.05,sigmoid-temperature@rw0.5,1532,135.85607142857143,0.0,1.0,1.0
2026-01-04,SE,2,2026-01-18,0.5,1012.8145607815426,1165.8982546465927,218.9,428.0,685.0,957.5,1274.25,1637.8000000000002,2164.224999999998,sigmoid-temperature@rw0.5,1082,108.33589285714285,1.0,1.0,1.0
2026-01-04,SE,3,2026-01-25,0.5,1120.947268285522,1304.118749994925,142.0,311.70000000000005,596.75,958.0,1444.0,2085.3,3054.9249999999997,sigmoid-temperature@rw0.5,968,133.42732142857145,1.0,1.0,1.0
2026-01-04,SE,0,2026-01-04,0.0,1913.7917850147464,1944.8500855250768,882.65,1346.9,1679.75,1927.0,2177.25,2466.0,2805.225,sigmoid-temperature@rw0,2227,138.31410714285713,0.0,1.0,1.0
2026-01-04,SE,1,2026-01-11,0.0,1236.7535955581693,1364.2676625957934,417.875,703.9,1004.5,1237.5,1476.0,1736.4,2078.075,sigmoid-temperature@rw0,1532,133.10857142857142,0.0,1.0,1.0
2026-01-04,SE,2,2026-01-18,0.0,1009.559255396458,1165.8982546465927,217.95,434.9,681.75,956.5,1257.25,1620.0,2192.425,sigmoid-temperature@rw0,1082,106.99910714285714,1.0,1.0,1.0
2026-01-04,SE,3,2026-01-25,0.0,1107.6226037070523,1304.118749994925,149.975,324.40000000000003,604.5,958.0,1431.75,2019.0,2841.075,sigmoid-temperature@rw0,968,128.15714285714287,1.0,1.0,1.0
2026-01-04,SE-M,0,2026-01-04,1.0,211.74615926885957,193.412302485484,95.975,139.0,167.75,204.0,248.0,290.20000000000005,351.07499999999993,sigmoid-temperature@rw1,190,13.874285714285715,1.0,1.0,1.0
2026-01-04,SE-M,1,2026-01-11,1.0,180.5292708265149,177.60236662264194,57.0,93.0,132.0,174.0,218.25,269.0,354.025,sigmoid-temperature@rw1,126,21.882321428571426,0.0,1.0,1.0
2026-01-04,SE-M,2,2026-01-18,1.0,185.6538067678092,188.8430500785005,35.95,71.9,111.75,166.0,235.0,321.0,485.05,sigmoid-temperature@rw1,130,24.271428571428572,1.0,1.0,1.0
2026-01-04,SE-M,3,2026-01-25,1.0,250.3756580755355,256.48214460775785,25.0,66.0,111.75,196.0,322.5,501.1,815.05,sigmoid-temperature@rw1,133,42.12821428571429,1.0,1.0,1.0
2026-01-04,SE-M,0,2026-01-04,0.5,211.74464615391932,193.412302485484,95.875,137.9,170.0,206.0,247.0,291.0,362.05,sigmoid-temperature@rw0.5,190,14.061250000000001,1.0,1.0,1.0
2026-01-04,SE-M,1,2026-01-11,0.5,180.3842183698284,177.60236662264194,54.975,94.0,135.0,172.5,218.0,269.1,355.025,sigmoid-temperature@rw0.5,126,22.288928571428574,0.0,1.0,1.0
2026-01-04,SE-M,2,2026-01-18,0.5,184.15052072686157,188.8430500785005,34.95,72.0,113.0,161.0,232.0,315.1,469.0,sigmoid-temperature@rw0.5,130,22.974642857142857,1.0,1.0,1.0
2026-01-04,SE-M,3,2026-01-25,0.5,243.40986743397588,256.48214460775785,27.0,67.0,119.0,194.0,316.25,477.1,757.025,sigmoid-temperature@rw0.5,133,39.73517857142857,1.0,1.0,1.0
2026-01-04,SE-M,0,2026-01-04,0.0,211.7434748804929,193.412302485484,94.0,139.0,169.75,204.0,246.0,288.0,359.0999999999999,sigmoid-temperature@rw0,190,13.597142857142856,1.0,1.0,1.0
2026-01-04,SE-M,1,2026-01-11,0.0,180.29858826486685,177.60236662264194,56.975,93.9,130.75,173.0,218.0,273.1,356.2249999999998,sigmoid-temperature@rw0,126,21.561071428571427,0.0,1.0,1.0
2026-01-04,SE-M,2,2026-01-18,0.0,183.4224796916017,188.8430500785005,40.975,72.9,113.0,165.0,231.25,312.1,453.07499999999993,sigmoid-temperature@rw0,130,23.224285714285713,1.0,1.0,1.0
2026-01-04,SE-M,3,2026-01-25,0.0,240.25897062479515,256.48214460775785,25.975,67.0,119.0,195.5,307.0,451.2000000000001,731.0749999999999,sigmoid-temperature@rw0,133,38.37071428571429,1.0,1.0,1.0
2026-01-04,SE-O,0,2026-01-04,1.0,158.3905624370809,155.39044997845903,38.975,93.0,127.0,156.0,192.0,228.0,275.0,sigmoid-temperature@rw1,281,70.32875,0.0,0.0,0.0
2026-01-04,SE-O,1,2026-01-11,1.0,103.65615203967988,110.1986808508604,16.0,46.0,74.0,101.0,128.0,164.0,208.025,sigmoid-temperature@rw1,260,111.30732142857143,0.0,0.0,0.0
2026-01-04,SE-O,2,2026-01-18,1.0,88.75888381157186,97.1941457175854,10.0,30.0,51.0,79.0,113.25,160.0,245.025,sigmoid-temperature@rw1,151,30.91089285714286,0.0,1.0,1.0
2026-01-04,SE-O,3,2026-01-25,1.0,106.29821192317448,114.12103537572492,6.0,23.0,44.0,80.0,138.0,217.0,358.37499999999966,sigmoid-temperature@rw1,135,22.631249999999998,1.0,1.0,1.0
2026-01-04,SE-O,0,2026-01-04,0.5,158.38980462333458,155.39044997845903,39.975,93.0,127.75,159.5,191.0,228.0,271.0,sigmoid-temperature@rw0.5,281,71.09660714285714,0.0,0.0,0.0
2026-01-04,SE-O,1,2026-01-11,0.5,103.59117634004336,110.1986808508604,16.975,50.0,73.0,102.0,128.0,162.0,208.07499999999996,sigmoid-temperature@rw0.5,260,111.61500000000001,0.0,0.0,0.0
2026-01-04,SE-O,2,2026-01-18,0.5,88.11161970368752,97.1941457175854,10.0,29.0,51.0,78.5,112.0,152.0,241.025,sigmoid-temperature@rw0.5,151,31.021607142857142,0.0,1.0,1.0
2026-01-04,SE-O,3,2026-01-25,0.5,103.139412959045,114.12103537572492,8.0,23.0,44.0,80.0,134.0,202.0,342.07499999999993,sigmoid-temperature@rw0.5,135,22.071964285714284,0.0,1.0,1.0
2026-01-04,SE-O,0,2026-01-04,0.0,158.38921222157904,155.39044997845903,36.0,95.0,129.0,159.0,191.0,229.1,275.0,sigmoid-temperature@rw0,281,69.65285714285714,0.0,0.0,0.0
2026-01-04,SE-O,1,2026-01-11,0.0,103.55256071928147,110.1986808508604,17.975,48.900000000000006,74.0,99.0,128.0,161.10000000000002,213.0,sigmoid-temperature@rw0,260,110.85589285714286,0.0,0.0,0.0
2026-01-04,SE-O,2,2026-01-18,0.0,87.8034223573809,97.1941457175854,8.0,30.0,51.0,77.0,112.25,154.0,237.07499999999996,sigmoid-temperature@rw0,151,31.19696428571429,0.0,1.0,1.0
2026-01-04,SE-O,3,2026-01-25,0.0,101.78950807036634,114.12103537572492,8.0,24.0,45.0,82.0,131.0,193.1,344.025,sigmoid-temperature@rw0,135,22.08875,0.0,1.0,1.0
2026-01-11,SE,0,2026-01-11,1.0,1625.0553182981396,1751.7018526120935,637.6750000000001,1130.8,1435.0,1670.0,1866.0,2061.1,2319.075,sigmoid-temperature@rw1,1532,89.08999999999999,1.0,1.0,1.0
2026-01-11,SE,1,2026-01-18,1.0,1537.92209925642,1766.821850907589,400.2000000000001,790.9000000000001,1186.5,1533.0,1875.25,2245.3,2735.15,sigmoid-temperature@rw1,1082,201.71464285714288,0.0,1.0,1.0
2026-01-11,SE,2,2026-01-25,1.0,1907.198118063593,2244.039034759008,320.975,675.9,1140.0,1722.0,2451.0,3287.1,4426.424999999998,sigmoid-temperature@rw1,968,354.43035714285713,0.0,1.0,1.0
2026-01-11,SE,3,2026-02-01,1.0,2470.8764534953416,2861.8442999932968,257.825,626.8,1156.25,2005.0,3321.75,4955.3,6978.174999999997,sigmoid-temperature@rw1,1107,468.7096428571428,0.0,1.0,1.0
2026-01-11,SE,0,2026-01-11,0.5,1625.0586504579262,1751.7018526120935,645.925,1122.9,1441.5,1679.0,1859.75,2053.1,2311.125,sigmoid-temperature@rw0.5,1532,89.34642857142856,1.0,1.0,1.0
2026-01-11,SE,1,2026-01-18,0.5,1537.3359658394256,1766.821850907589,402.6,808.0,1178.75,1532.0,1879.25,2249.1000000000004,2764.125,sigmoid-temperature@rw0.5,1082,200.00660714285715,0.0,1.0,1.0
2026-01-11,SE,2,2026-01-25,0.5,1895.6129086585368,2244.039034759008,340.5,699.1,1160.25,1716.5,2441.25,3275.3,4413.4,sigmoid-temperature@rw0.5,968,356.055,0.0,1.0,1.0
2026-01-11,SE,3,2026-02-01,0.5,2415.7617122279444,2861.8442999932968,266.825,639.0,1179.5,2022.0,3167.5,4690.900000000001,6635.724999999998,sigmoid-temperature@rw0.5,1107,454.6892857142857,0.0,1.0,1.0
2026-01-11,SE,0,2026-01-11,0.0,1625.065161879317,1751.7018526120935,637.6750000000001,1119.8,1434.0,1672.0,1865.25,2059.1,2300.5499999999997,sigmoid-temperature@rw0,1532,89.51839285714286,1.0,1.0,1.0
2026-01-11,SE,1,2026-01-18,0.0,1537.4950137183575,1766.821850907589,427.37500000000006,813.9,1180.75,1534.0,1886.5,2239.1,2754.1,sigmoid-temperature@rw0,1082,200.53589285714287,0.0,1.0,1.0
2026-01-11,SE,2,2026-01-25,0.0,1893.468809617342,2244.039034759008,329.675,712.4000000000001,1183.0,1730.5,2451.25,3230.5,4307.775,sigmoid-temperature@rw0,968,361.3071428571428,0.0,1.0,1.0
2026-01-11,SE,3,2026-02-01,0.0,2398.3024218335927,2861.8442999932968,275.70000000000005,674.6,1239.75,2035.5,3165.5,4481.7,6722.075,sigmoid-temperature@rw0,1107,462.9448214285714,0.0,1.0,1.0
2026-01-11,SE-M,0,2026-01-11,1.0,174.36517433695514,177.27554019427254,60.975,108.0,141.0,175.5,205.0,243.0,285.04999999999995,sigmoid-temperature@rw1,126,21.38625,0.0,1.0,1.0
2026-01-11,SE-M,1,2026-01-18,1.0,180.72850542101867,194.6661893434305,43.0,86.0,125.0,174.0,224.25,282.0,372.025,sigmoid-temperature@rw1,130,21.32517857142857,1.0,1.0,1.0
2026-01-11,SE-M,2,2026-01-25,1.0,241.14246819366025,265.1828281465723,32.975,79.0,134.0,207.0,318.5,446.2000000000001,645.4499999999996,sigmoid-temperature@rw1,133,38.90196428571429,0.0,1.0,1.0
2026-01-11,SE-M,3,2026-02-01,1.0,322.42290828842647,352.66859930284943,25.950000000000003,76.0,140.0,255.5,440.5,671.3000000000001,986.8499999999992,sigmoid-temperature@rw1,189,54.83642857142856,1.0,1.0,1.0
2026-01-11,SE-M,0,2026-01-11,0.5,174.3652020954677,177.27554019427254,58.975,108.0,142.0,175.0,204.25,240.0,285.0999999999999,sigmoid-temperature@rw0.5,126,21.404464285714287,0.0,1.0,1.0
2026-01-11,SE-M,1,2026-01-18,0.5,180.62449641211916,194.6661893434305,43.0,87.0,124.0,173.0,226.0,282.0,368.07499999999993,sigmoid-temperature@rw0.5,130,21.321964285714284,1.0,1.0,1.0
2026-01-11,SE-M,2,2026-01-25,0.5,239.50020783552716,265.1828281465723,32.0,78.0,131.75,207.0,314.0,429.4000000000001,632.2749999999997,sigmoid-temperature@rw0.5,133,37.91696428571429,1.0,1.0,1.0
2026-01-11,SE-M,3,2026-02-01,0.5,315.59509645250586,352.66859930284943,28.0,77.9,143.0,250.0,425.5,633.1,962.2249999999988,sigmoid-temperature@rw0.5,189,51.428749999999994,1.0,1.0,1.0
2026-01-11,SE-M,0,2026-01-11,0.0,174.3656108549091,177.27554019427254,59.975,108.0,142.0,173.5,207.0,241.0,288.025,sigmoid-temperature@rw0,126,21.42892857142857,0.0,1.0,1.0
2026-01-11,SE-M,1,2026-01-18,0.0,180.61451712674884,194.6661893434305,40.975,88.9,125.75,175.0,227.0,283.0,366.1249999999999,sigmoid-temperature@rw0,130,21.52892857142857,1.0,1.0,1.0
2026-01-11,SE-M,2,2026-01-25,0.0,239.0274469295633,265.1828281465723,30.975,79.0,133.0,207.0,311.0,438.0,615.2749999999997,sigmoid-temperature@rw0,133,37.71642857142857,1.0,1.0,1.0
2026-01-11,SE-M,3,2026-02-01,0.0,312.93650011195336,352.66859930284943,29.0,81.9,146.0,251.5,425.25,605.1000000000005,983.3249999999996,sigmoid-temperature@rw0,189,50.640178571428585,1.0,1.0,1.0
2026-01-11,SE-O,0,2026-01-11,1.0,244.3286352895137,247.67346183492796,59.975,147.0,195.75,242.5,294.0,344.0,419.025,sigmoid-temperature@rw1,260,17.71107142857143,1.0,1.0,1.0
2026-01-11,SE-O,1,2026-01-18,1.0,289.43239886772915,315.24296354998427,46.975,129.9,193.0,268.0,365.5,473.1,619.0999999999999,sigmoid-temperature@rw1,151,54.92803571428571,0.0,1.0,1.0
2026-01-11,SE-O,2,2026-01-25,1.0,427.44743357712287,483.4821866772865,44.975,128.0,223.75,363.5,571.0,800.1,1110.15,sigmoid-temperature@rw1,135,109.61482142857143,0.0,1.0,1.0
2026-01-11,SE-O,3,2026-02-01,1.0,581.2882550046058,669.1600157237375,42.975,137.70000000000002,243.0,456.0,790.0,1202.6,1793.2499999999998,sigmoid-temperature@rw1,203,129.5705357142857,0.0,1.0,1.0
2026-01-11,SE-O,0,2026-01-11,0.5,244.32866104376075,247.67346183492796,57.925,147.9,198.0,243.0,293.25,345.0,418.025,sigmoid-temperature@rw0.5,260,17.435714285714287,1.0,1.0,1.0
2026-01-11,SE-O,1,2026-01-18,0.5,289.24201579307265,315.24296354998427,47.0,128.9,192.0,271.5,370.0,475.1,616.1999999999998,sigmoid-temperature@rw0.5,151,55.6,0.0,1.0,1.0
2026-01-11,SE-O,2,2026-01-25,0.5,424.6240288925191,483.4821866772865,46.95,137.8,224.0,367.5,561.5,788.4000000000001,1108.2999999999995,sigmoid-temperature@rw0.5,135,109.71964285714286,0.0,0.0,1.0
2026-01-11,SE-O,3,2026-02-01,0.5,570.9255068249337,669.1600157237375,45.975,139.0,249.75,465.0,772.25,1150.2,1746.2749999999996,sigmoid-temperature@rw0.5,203,129.14357142857142,0.0,1.0,1.0
2026-01-11,SE-O,0,2026-01-11,0.0,244.32936339832264,247.67346183492796,52.0,145.9,196.0,242.0,295.0,347.0,410.05,sigmoid-temperature@rw0,260,17.94607142857143,1.0,1.0,1.0
2026-01-11,SE-O,1,2026-01-18,0.0,289.2234644821463,315.24296354998427,44.975,129.9,195.0,273.0,367.0,469.1,629.0,sigmoid-temperature@rw0,151,56.14875000000001,0.0,1.0,1.0
2026-01-11,SE-O,2,2026-01-25,0.0,423.8492110155269,483.4821866772865,45.975,136.0,230.75,367.5,562.25,779.0,1137.0749999999998,sigmoid-temperature@rw0,135,110.70071428571428,0.0,0.0,1.0
2026-01-11,SE-O,3,2026-02-01,0.0,567.0468369837682,669.1600157237375,46.975,141.0,261.75,464.0,761.25,1116.6,1753.5249999999996,sigmoid-temperature@rw0,203,129.81392857142856,0.0,1.0,1.0
2026-01-18,SE,0,2026-01-18,1.0,1161.3631825483394,1408.0615548389349,405.1,736.4000000000001,1018.0,1213.5,1374.25,1492.0,1621.025,sigmoid-temperature@rw1,1082,74.50589285714285,1.0,1.0,1.0
2026-01-18,SE,1,2026-01-25,1.0,1291.386563997757,1658.3543831751474,277.95,626.8,960.0,1269.0,1604.25,1956.3,2315.425,sigmoid-temperature@rw1,968,141.5569642857143,1.0,1.0,1.0
2026-01-18,SE,2,2026-02-01,1.0,1502.6260346520953,1945.5295562173053,241.0,555.3000000000001,909.25,1358.0,1958.0,2644.1,3564.974999999998,sigmoid-temperature@rw1,1107,194.1905357142857,1.0,1.0,1.0
2026-01-18,SE,3,2026-02-08,1.0,1639.2567804224857,2053.8748393086985,176.925,438.0,781.0,1324.0,2159.0,3220.6000000000004,4859.724999999999,sigmoid-temperature@rw1,1404,222.8085714285714,1.0,1.0,1.0
2026-01-18,SE,0,2026-01-18,0.5,1161.357340412047,1408.0615548389349,379.05000000000007,725.0,1009.0,1213.5,1363.0,1500.1,1635.0749999999998,sigmoid-temperature@rw0.5,1082,75.18875,1.0,1.0,1.0
2026-01-18,SE,1,2026-01-25,0.5,1290.3492531478148,1658.3543831751474,265.0,628.8,977.0,1283.0,1597.25,1939.1,2292.275,sigmoid-temperature@rw0.5,968,143.79267857142855,0.0,1.0,1.0
2026-01-18,SE,2,2026-02-01,0.5,1490.8938603269512,1945.5295562173053,247.975,547.0,920.5,1358.0,1937.0,2589.7000000000003,3439.825,sigmoid-temperature@rw0.5,1107,189.6260714285714,1.0,1.0,1.0
2026-01-18,SE,3,2026-02-08,0.5,1598.0947679721737,2053.8748393086985,178.975,441.0,802.0,1346.5,2136.5,3150.6000000000004,4320.849999999999,sigmoid-temperature@rw0.5,1404,210.5376785714286,1.0,1.0,1.0
2026-01-18,SE,0,2026-01-18,0.0,1161.3542645215275,1408.0615548389349,377.025,732.0,1011.5,1216.5,1373.25,1497.2,1629.1,sigmoid-temperature@rw0,1082,75.85982142857142,1.0,1.0,1.0
2026-01-18,SE,1,2026-01-25,0.0,1289.8538477243103,1658.3543831751474,265.975,636.9,961.75,1270.5,1610.25,1947.0,2288.225,sigmoid-temperature@rw0,968,141.4117857142857,1.0,1.0,1.0
2026-01-18,SE,2,2026-02-01,0.0,1485.1999078315212,1945.5295562173053,232.975,545.0,937.75,1357.5,1950.75,2598.1,3331.3749999999995,sigmoid-temperature@rw0,1107,188.93428571428572,1.0,1.0,1.0
2026-01-18,SE,3,2026-02-08,0.0,1578.8930340298896,2053.8748393086985,177.75,463.9000000000001,826.0,1355.0,2149.5,3034.5000000000005,4110.375,sigmoid-temperature@rw0,1404,203.07160714285718,1.0,1.0,1.0
2026-01-18,SE-M,0,2026-01-18,1.0,115.28997324971462,134.7421754293498,31.975,62.0,91.0,116.0,141.0,168.0,195.025,sigmoid-temperature@rw1,130,9.764642857142858,1.0,1.0,1.0
2026-01-18,SE-M,1,2026-01-25,1.0,139.82240686798812,170.84742101590604,24.0,55.0,92.0,130.0,182.25,233.1,306.025,sigmoid-temperature@rw1,133,13.978035714285713,1.0,1.0,1.0
2026-01-18,SE-M,2,2026-02-01,1.0,172.76565710414022,209.63313691301147,18.975,50.0,89.0,147.0,223.0,341.4000000000001,463.07499999999993,sigmoid-temperature@rw1,189,27.069285714285716,1.0,1.0,1.0
2026-01-18,SE-M,3,2026-02-08,1.0,192.58007521180423,224.27065114743883,13.0,37.900000000000006,80.0,146.0,252.25,413.0,629.2249999999998,sigmoid-temperature@rw1,215,37.27946428571429,1.0,1.0,1.0
2026-01-18,SE-M,0,2026-01-18,0.5,115.28887235460502,134.7421754293498,29.975,62.0,90.0,115.0,141.0,167.0,198.0,sigmoid-temperature@rw0.5,130,9.985892857142858,1.0,1.0,1.0
2026-01-18,SE-M,1,2026-01-25,0.5,139.6745202273487,170.84742101590604,20.0,55.0,91.75,131.0,180.0,235.1,301.025,sigmoid-temperature@rw0.5,133,13.74232142857143,1.0,1.0,1.0
2026-01-18,SE-M,2,2026-02-01,0.5,171.25859031804475,209.63313691301147,20.0,49.0,89.0,145.0,227.0,338.1,457.0999999999999,sigmoid-temperature@rw0.5,189,27.525,1.0,1.0,1.0
2026-01-18,SE-M,3,2026-02-08,0.5,187.76811689624031,224.27065114743883,13.0,40.0,80.0,145.0,250.25,399.4000000000001,556.0749999999999,sigmoid-temperature@rw0.5,215,36.30839285714286,1.0,1.0,1.0
2026-01-18,SE-M,0,2026-01-18,0.0,115.2880855414032,134.7421754293498,28.975,63.0,92.0,115.0,140.0,166.0,201.0,sigmoid-temperature@rw0,130,9.743035714285714,1.0,1.0,1.0
2026-01-18,SE-M,1,2026-01-25,0.0,139.5893992230423,170.84742101590604,22.975,53.0,93.0,130.5,178.0,236.0,298.025,sigmoid-temperature@rw0,133,13.621785714285712,1.0,1.0,1.0
2026-01-18,SE-M,2,2026-02-01,0.0,170.43919430467085,209.63313691301147,20.0,50.0,90.0,148.0,225.0,335.0,444.05,sigmoid-temperature@rw0,189,26.67178571428571,1.0,1.0,1.0
2026-01-18,SE-M,3,2026-02-08,0.0,185.2908330627064,224.27065114743883,15.0,40.0,81.0,148.0,252.0,386.0,552.0,sigmoid-temperature@rw0,215,35.50714285714285,1.0,1.0,1.0
2026-01-18,SE-O,0,2026-01-18,1.0,315.2087385275081,356.92051541779267,71.95,171.0,255.5,320.0,384.5,452.1,522.05,sigmoid-temperature@rw1,151,80.175,0.0,0.0,1.0
2026-01-18,SE-O,1,2026-01-25,1.0,502.55356410095294,607.0933708523353,77.0,202.8,329.5,478.5,635.25,842.0,1063.05,sigmoid-temperature@rw1,135,171.15964285714287,0.0,0.0,1.0
2026-01-18,SE-O,2,2026-02-01,1.0,686.1161181731447,837.1660702972001,78.95,211.9,382.75,613.0,890.5,1276.4000000000003,1700.0749999999998,sigmoid-temperature@rw1,203,190.73303571428573,0.0,0.0,1.0
2026-01-18,SE-O,3,2026-02-08,1.0,715.5830773519829,846.0313279280558,74.95,193.8,340.5,592.0,961.75,1402.6,2040.45,sigmoid-temperature@rw1,230,176.23714285714286,0.0,1.0,1.0
2026-01-18,SE-O,0,2026-01-18,0.5,315.20546007329744,356.92051541779267,72.95,180.9,254.0,322.0,384.0,452.2000000000001,525.025,sigmoid-temperature@rw0.5,151,82.66625,0.0,0.0,1.0
2026-01-18,SE-O,1,2026-01-25,0.5,502.0617203024051,607.0933708523353,73.95,205.0,336.0,482.0,637.0,830.1,1060.2499999999998,sigmoid-temperature@rw0.5,135,173.405,0.0,0.0,1.0
2026-01-18,SE-O,2,2026-02-01,0.5,681.7612535578801,837.1660702972001,79.85000000000001,210.0,380.75,617.0,891.5,1274.1,1658.125,sigmoid-temperature@rw0.5,203,190.08696428571426,0.0,0.0,1.0
2026-01-18,SE-O,3,2026-02-08,0.5,706.3143439575788,846.0313279280558,76.92500000000001,197.8,340.75,598.0,936.0,1377.3000000000002,1904.099999999999,sigmoid-temperature@rw0.5,230,173.48339285714286,0.0,1.0,1.0
2026-01-18,SE-O,0,2026-01-18,0.0,315.20341606212315,356.92051541779267,67.95,177.0,255.75,320.0,381.0,447.0,521.0,sigmoid-temperature@rw0,151,81.39678571428571,0.0,0.0,1.0
2026-01-18,SE-O,1,2026-01-25,0.0,501.8081101241978,607.0933708523353,78.95,201.0,333.75,475.0,639.25,836.1,1038.05,sigmoid-temperature@rw0,135,171.03214285714284,0.0,0.0,1.0
2026-01-18,SE-O,2,2026-02-01,0.0,679.5284837770157,837.1660702972001,78.95,219.0,379.75,612.0,887.75,1250.1,1632.0749999999998,sigmoid-temperature@rw0,203,190.33946428571429,0.0,0.0,1.0
2026-01-18,SE-O,3,2026-02-08,0.0,701.7934107105408,846.0313279280558,80.975,197.0,344.75,591.5,935.5,1331.5,1877.025,sigmoid-temperature@rw0,230,171.8682142857143,0.0,1.0,1.0
2026-01-25,SE,0,2026-01-25,1.0,699.7061161431011,966.272842172983,195.975,394.9,562.0,731.0,851.25,955.0,1061.0749999999998,sigmoid-temperature@rw1,968,113.77142857142857,0.0,0.0,1.0
2026-01-25,SE,1,2026-02-01,1.0,578.6627791789452,829.9026071800888,120.85,270.9,412.0,572.0,731.0,887.1,1110.025,sigmoid-temperature@rw1,1107,294.1426785714285,0.0,0.0,1.0
2026-01-25,SE,2,2026-02-08,1.0,489.96825342107,703.2501500606332,80.95,182.8,292.0,443.5,628.25,851.1,1167.1,sigmoid-temperature@rw1,1404,635.3846428571429,0.0,0.0,0.0
2026-01-25,SE,3,2026-02-15,1.0,416.92104780348586,578.7233763351699,49.0,124.8,203.0,332.5,535.5,807.1,1255.2499999999998,sigmoid-temperature@rw1,1616,878.1175000000001,0.0,0.0,0.0
2026-01-25,SE,0,2026-01-25,0.5,699.6988050204252,966.272842172983,190.975,377.0,568.0,738.0,850.0,955.0,1070.15,sigmoid-temperature@rw0.5,968,113.22267857142857,0.0,0.0,1.0
2026-01-25,SE,1,2026-02-01,0.5,578.1084202948646,829.9026071800888,123.975,269.8,411.0,572.0,728.25,892.4000000000001,1095.7749999999992,sigmoid-temperature@rw0.5,1107,296.55500000000023,0.0,0.0,0.0
2026-01-25,SE,2,2026-02-08,0.5,486.4844518112722,703.2501500606332,80.975,182.9,294.0,443.0,629.25,835.1,1183.225,sigmoid-temperature@rw0.5,1404,634.7182142857143,0.0,0.0,0.0
2026-01-25,SE,3,2026-02-15,0.5,407.86666133445465,578.7233763351699,51.95,126.9,201.0,341.0,540.0,780.4000000000001,1184.125,sigmoid-temperature@rw0.5,1616,902.6798214285715,0.0,0.0,0.0
2026-01-25,SE,0,2026-01-25,0.0,699.6924855922606,966.272842172983,194.9,385.9,567.5,729.5,854.25,953.1,1073.025,sigmoid-temperature@rw0,968,113.78875000000001,0.0,0.0,1.0
2026-01-25,SE,1,2026-02-01,0.0,577.7187746117173,829.9026071800888,120.0,265.70000000000005,405.0,570.5,726.25,887.0,1103.1999999999998,sigmoid-temperature@rw0,1107,297.0921428571429,0.0,0.0,0.0
2026-01-25,SE,2,2026-02-08,0.0,484.5599039248524,703.2501500606332,79.95,186.0,291.75,444.5,621.5,824.0,1150.05,sigmoid-temperature@rw0,1404,648.34,0.0,0.0,0.0
2026-01-25,SE,3,2026-02-15,0.0,403.9497408176496,578.7233763351699,54.95,126.9,208.0,338.5,530.25,767.0,1150.6749999999993,sigmoid-temperature@rw0,1616,917.3687500000003,0.0,0.0,0.0
2026-01-25,SE-M,0,2026-01-25,1.0,122.53047756314756,156.11923734333817,26.950000000000003,62.0,94.0,122.0,151.0,178.0,213.0,sigmoid-temperature@rw1,133,10.286071428571429,1.0,1.0,1.0
2026-01-25,SE-M,1,2026-02-01,1.0,137.50572396412423,179.68637068440336,20.0,53.0,88.0,129.0,176.0,233.0,296.025,sigmoid-temperature@rw1,189,25.685892857142857,0.0,1.0,1.0
2026-01-25,SE-M,2,2026-02-08,1.0,149.12755396721556,190.9740343470897,14.0,42.0,77.0,126.0,190.25,279.1,404.07499999999993,sigmoid-temperature@rw1,215,37.43553571428572,0.0,1.0,1.0
2026-01-25,SE-M,3,2026-02-15,1.0,150.1827144256569,183.5157855874496,11.975,31.90000000000001,64.75,116.5,196.0,303.4000000000001,489.2999999999997,sigmoid-temperature@rw1,224,43.89875,0.0,1.0,1.0
2026-01-25,SE-M,0,2026-01-25,0.5,122.52824650323063,156.11923734333817,25.0,61.900000000000006,95.0,124.0,152.0,183.1,215.025,sigmoid-temperature@rw0.5,133,10.177321428571428,1.0,1.0,1.0
2026-01-25,SE-M,1,2026-02-01,0.5,137.31716835665873,179.68637068440336,19.975,55.0,89.0,129.5,177.25,233.0,298.04999999999995,sigmoid-temperature@rw0.5,189,25.232678571428572,0.0,1.0,1.0
2026-01-25,SE-M,2,2026-02-08,0.5,147.87079510717268,190.9740343470897,18.0,44.0,79.75,128.0,193.0,282.20000000000005,392.07499999999993,sigmoid-temperature@rw0.5,215,36.28125,0.0,1.0,1.0
2026-01-25,SE-M,3,2026-02-15,0.5,147.0840864032576,183.5157855874496,11.0,33.0,63.75,115.0,195.25,301.30000000000007,468.025,sigmoid-temperature@rw0.5,224,44.10875,0.0,1.0,1.0
2026-01-25,SE-M,0,2026-01-25,0.0,122.52629751045724,156.11923734333817,25.0,60.900000000000006,93.0,124.0,152.25,180.10000000000002,212.0,sigmoid-temperature@rw0,133,10.259285714285713,1.0,1.0,1.0
2026-01-25,SE-M,1,2026-02-01,0.0,137.18180619668223,179.68637068440336,23.0,51.900000000000006,88.0,127.0,177.0,239.1,302.025,sigmoid-temperature@rw0,189,25.984464285714285,0.0,1.0,1.0
2026-01-25,SE-M,2,2026-02-08,0.0,147.149040194945,190.9740343470897,16.0,43.0,79.0,127.0,194.0,283.0,397.025,sigmoid-temperature@rw0,215,36.364464285714284,0.0,1.0,1.0
2026-01-25,SE-M,3,2026-02-15,0.0,145.69578126972735,183.5157855874496,10.0,34.0,66.0,113.0,186.5,302.1,436.025,sigmoid-temperature@rw0,224,45.88160714285714,0.0,1.0,1.0
2026-01-25,SE-O,0,2026-01-25,1.0,148.0686216092488,207.53541595327573,26.0,68.0,107.75,149.0,187.0,230.1,292.025,sigmoid-temperature@rw1,135,14.192321428571429,1.0,1.0,1.0
2026-01-25,SE-O,1,2026-02-01,1.0,144.48346313099557,207.5292131607735,16.975,54.0,87.75,133.0,189.25,247.1,325.17499999999984,sigmoid-temperature@rw1,203,28.897142857142857,0.0,1.0,1.0
2026-01-25,SE-O,2,2026-02-08,1.0,138.93932525683445,194.748054988218,14.0,39.900000000000006,69.75,116.0,178.0,270.0,382.05,sigmoid-temperature@rw1,230,48.07821428571428,0.0,1.0,1.0
2026-01-25,SE-O,3,2026-02-15,1.0,126.68574643781756,167.79764249947812,8.975000000000001,29.0,51.0,95.5,170.25,254.0,422.2249999999998,sigmoid-temperature@rw1,281,83.75535714285715,0.0,0.0,1.0
2026-01-25,SE-O,0,2026-01-25,0.5,148.06644178732728,207.53541595327573,25.0,69.0,109.0,147.0,186.0,232.1,286.025,sigmoid-temperature@rw0.5,135,13.73875,1.0,1.0,1.0
2026-01-25,SE-O,1,2026-02-01,0.5,144.31535719524442,207.5292131607735,21.0,54.0,88.0,132.0,187.0,248.0,318.1249999999999,sigmoid-temperature@rw0.5,203,29.450892857142858,0.0,1.0,1.0
2026-01-25,SE-O,2,2026-02-08,0.5,137.92170035546138,194.748054988218,15.975,40.900000000000006,67.0,117.5,179.0,267.20000000000005,384.025,sigmoid-temperature@rw0.5,230,47.7375,0.0,1.0,1.0
2026-01-25,SE-O,3,2026-02-15,0.5,124.34488982063188,167.79764249947812,11.975,28.0,52.75,94.0,162.25,250.20000000000005,410.0999999999999,sigmoid-temperature@rw0.5,281,86.45660714285714,0.0,0.0,1.0
2026-01-25,SE-O,0,2026-01-25,0.0,148.06453749540842,207.53541595327573,29.0,68.0,107.0,148.0,187.0,232.0,286.04999999999995,sigmoid-temperature@rw0,135,14.093214285714286,1.0,1.0,1.0
2026-01-25,SE-O,1,2026-02-01,0.0,144.19549062183532,207.5292131607735,21.0,54.0,86.0,135.5,189.0,247.0,332.0,sigmoid-temperature@rw0,203,28.735714285714288,0.0,1.0,1.0
2026-01-25,SE-O,2,2026-02-08,0.0,137.36088869730494,194.748054988218,15.975,40.0,69.0,115.5,175.0,276.0,385.1249999999999,sigmoid-temperature@rw0,230,49.022499999999994,0.0,1.0,1.0
2026-01-25,SE-O,3,2026-02-15,0.0,123.40932058528016,167.79764249947812,11.975,30.0,52.0,93.0,164.25,243.1,416.025,sigmoid-temperature@rw0,281,88.03535714285715,0.0,0.0,1.0
2026-02-01,SE,0,2026-02-01,1.0,576.6718714897754,840.7559411164109,129.875,300.9,449.75,595.0,726.0,813.3000000000001,928.025,sigmoid-temperature@rw1,1107,357.1232142857143,0.0,0.0,0.0
2026-02-01,SE,1,2026-02-08,1.0,485.58415933052953,728.0100068147672,88.92500000000001,211.8,345.0,481.0,627.0,744.0,941.1,sigmoid-temperature@rw1,1404,716.12125,0.0,0.0,0.0
2026-02-01,SE,2,2026-02-15,1.0,403.54146870303816,603.8441538497423,55.95,152.0,249.0,366.5,523.25,693.0,978.2749999999996,sigmoid-temperature@rw1,1616,978.2701785714287,0.0,0.0,0.0
2026-02-01,SE,3,2026-02-22,1.0,324.4340436587753,469.7019436546375,38.0,96.0,171.0,270.0,411.0,626.2,970.124999999999,sigmoid-temperature@rw1,1529,955.8566071428575,0.0,0.0,0.0
2026-02-01,SE,0,2026-02-01,0.5,576.6765142194687,840.7559411164109,129.9,300.0,452.0,597.0,724.0,818.0,923.075,sigmoid-temperature@rw0.5,1107,357.30125,0.0,0.0,0.0
2026-02-01,SE,1,2026-02-08,0.5,485.6836710986967,728.0100068147672,89.975,217.9,343.0,480.0,622.0,761.1,938.025,sigmoid-temperature@rw0.5,1404,713.7560714285713,0.0,0.0,0.0
2026-02-01,SE,2,2026-02-15,0.5,402.8638278000043,603.8441538497423,56.925,152.8,246.0,369.0,516.25,685.1,956.3749999999995,sigmoid-temperature@rw0.5,1616,987.729642857143,0.0,0.0,0.0
2026-02-01,SE,3,2026-02-22,0.5,320.4746296571145,469.7019436546375,36.0,98.9,171.0,273.0,406.25,607.0,947.2999999999996,sigmoid-temperature@rw0.5,1529,967.6728571428573,0.0,0.0,0.0
2026-02-01,SE,0,2026-02-01,0.0,576.6820492958411,840.7559411164109,121.975,300.9,454.0,596.5,723.25,820.1,916.025,sigmoid-temperature@rw0,1107,358.84535714285715,0.0,0.0,0.0
2026-02-01,SE,1,2026-02-08,0.0,485.92627864448366,728.0100068147672,91.95,212.7,341.0,480.0,620.25,761.0,925.125,sigmoid-temperature@rw0,1404,718.0276785714286,0.0,0.0,0.0
2026-02-01,SE,2,2026-02-15,0.0,403.4891408824879,603.8441538497423,55.975,151.8,241.75,373.0,515.25,706.0,948.1999999999998,sigmoid-temperature@rw0,1616,984.6144642857143,0.0,0.0,0.0
2026-02-01,SE,3,2026-02-22,0.0,320.429915521144,469.7019436546375,34.975,97.9,170.75,271.5,412.5,606.4000000000001,913.1749999999998,sigmoid-temperature@rw0,1529,976.2621428571429,0.0,0.0,0.0
2026-02-01,SE-M,0,2026-02-01,1.0,108.64915036449516,150.91290332646042,19.950000000000003,53.0,80.0,107.0,136.0,163.0,198.04999999999995,sigmoid-temperature@rw1,189,42.700714285714284,0.0,0.0,1.0
2026-02-01,SE-M,1,2026-02-08,1.0,109.96131581391786,154.49786248740017,15.0,42.0,71.0,103.0,142.0,184.0,249.025,sigmoid-temperature@rw1,215,56.51446428571428,0.0,0.0,1.0
2026-02-01,SE-M,2,2026-02-15,1.0,103.37959552514748,141.89404034786455,11.975,32.0,57.0,87.0,134.0,190.0,275.0999999999999,sigmoid-temperature@rw1,224,66.89375,0.0,0.0,1.0
2026-02-01,SE-M,3,2026-02-22,1.0,90.09242407972158,117.46726011941536,6.975000000000001,22.0,41.0,71.0,121.0,179.0,285.0,sigmoid-temperature@rw1,188,50.614464285714284,0.0,0.0,1.0
2026-02-01,SE-M,0,2026-02-01,0.5,108.6503881241071,150.91290332646042,20.925000000000004,52.900000000000006,79.0,110.0,137.0,165.0,193.04999999999995,sigmoid-temperature@rw0.5,189,41.57517857142857,0.0,0.0,1.0
2026-02-01,SE-M,1,2026-02-08,0.5,109.99157005514697,154.49786248740017,15.975,43.900000000000006,70.0,102.0,141.0,181.0,247.17499999999984,sigmoid-temperature@rw0.5,215,57.64,0.0,0.0,1.0
2026-02-01,SE-M,2,2026-02-15,0.5,103.2278998167464,141.89404034786455,10.975,32.0,57.0,89.0,134.0,186.0,276.0,sigmoid-temperature@rw0.5,224,67.65017857142857,0.0,0.0,1.0
2026-02-01,SE-M,3,2026-02-22,0.5,89.1119296781192,117.46726011941536,7.0,22.0,42.0,71.5,118.25,175.10000000000002,272.1249999999999,sigmoid-temperature@rw0.5,188,51.97160714285714,0.0,0.0,1.0
2026-02-01,SE-M,0,2026-02-01,0.0,108.65185005635333,150.91290332646042,20.0,54.0,80.0,110.0,138.0,164.0,198.025,sigmoid-temperature@rw0,189,41.55732142857143,0.0,0.0,1.0
2026-02-01,SE-M,1,2026-02-08,0.0,110.05896755435384,154.49786248740017,17.0,45.900000000000006,70.0,102.0,142.0,185.1,256.025,sigmoid-temperature@rw0,215,56.370178571428575,0.0,0.0,1.0
2026-02-01,SE-M,2,2026-02-15,0.0,103.41217789632849,141.89404034786455,9.975,32.0,56.75,89.0,135.0,195.0,284.025,sigmoid-temperature@rw0,224,65.20392857142858,0.0,0.0,1.0
2026-02-01,SE-M,3,2026-02-22,0.0,89.11640666667418,117.46726011941536,8.0,22.0,43.0,73.0,119.25,176.0,273.025,sigmoid-temperature@rw0,188,51.239464285714284,0.0,0.0,1.0
2026-02-01,SE-O,0,2026-02-01,1.0,83.65648309667745,126.4159377139551,16.950000000000003,42.0,59.0,82.0,107.0,131.0,165.0,sigmoid-temperature@rw1,203,83.17178571428572,0.0,0.0,0.0
2026-02-01,SE-O,1,2026-02-08,1.0,67.51359558706073,101.22548328213936,7.975000000000001,28.0,42.0,62.0,87.0,113.10000000000002,151.02499999999998,sigmoid-temperature@rw1,230,127.48892857142857,0.0,0.0,0.0
2026-02-01,SE-O,2,2026-02-15,1.0,52.00709567295792,74.8929838268289,6.975000000000001,18.0,28.0,45.0,68.0,98.0,142.0,sigmoid-temperature@rw1,281,192.67875,0.0,0.0,0.0
2026-02-01,SE-O,3,2026-02-22,1.0,35.85616220784985,48.27166626329692,3.0,10.0,17.0,29.0,48.0,75.0,114.0,sigmoid-temperature@rw1,257,190.00714285714284,0.0,0.0,0.0
2026-02-01,SE-O,0,2026-02-01,0.5,83.65727515353748,126.4159377139551,14.0,42.900000000000006,60.0,82.0,107.0,131.10000000000002,164.0,sigmoid-temperature@rw0.5,203,83.34857142857142,0.0,0.0,0.0
2026-02-01,SE-O,1,2026-02-08,0.5,67.53576159875584,101.22548328213936,9.0,29.90000000000001,42.75,61.0,87.0,113.0,154.04999999999995,sigmoid-temperature@rw0.5,230,126.69964285714288,0.0,0.0,0.0
2026-02-01,SE-O,2,2026-02-15,0.5,51.97836291197476,74.8929838268289,5.0,17.0,29.0,45.0,69.0,98.10000000000002,135.02499999999998,sigmoid-temperature@rw0.5,281,194.3530357142857,0.0,0.0,0.0
2026-02-01,SE-O,3,2026-02-22,0.5,35.567701019406634,48.27166626329692,4.0,9.0,16.0,29.0,46.0,71.10000000000002,110.02499999999998,sigmoid-temperature@rw0.5,257,192.63875000000002,0.0,0.0,0.0
2026-02-01,SE-O,0,2026-02-01,0.0,83.65818578659481,126.4159377139551,14.0,39.900000000000006,59.0,83.0,108.0,131.0,163.04999999999995,sigmoid-temperature@rw0,203,83.43892857142859,0.0,0.0,0.0
2026-02-01,SE-O,1,2026-02-08,0.0,67.57552742727435,101.22548328213936,9.975,29.0,42.0,62.0,86.0,113.10000000000002,155.02499999999998,sigmoid-temperature@rw0,230,126.54607142857144,0.0,0.0,0.0
2026-02-01,SE-O,2,2026-02-15,0.0,52.09261108954391,74.8929838268289,6.975000000000001,17.900000000000006,27.75,46.0,71.0,98.0,140.02499999999998,sigmoid-temperature@rw0,281,192.46392857142857,0.0,0.0,0.0
2026-02-01,SE-O,3,2026-02-22,0.0,35.628196310226805,48.27166626329692,3.0,10.0,17.0,30.0,46.25,71.0,111.02499999999998,sigmoid-temperature@rw0,257,192.09660714285715,0.0,0.0,0.0
2026-02-08,SE,0,2026-02-08,1.0,829.4771552179138,1236.6584551472886,125.925,346.0,652.0,860.5,1056.25,1194.1,1351.1,sigmoid-temperature@rw1,1404,313.9433928571429,0.0,0.0,0.0
2026-02-08,SE,1,2026-02-15,1.0,898.1203574094366,1372.5233218405174,108.975,327.6,637.5,889.5,1151.0,1420.2,1740.0749999999998,sigmoid-temperature@rw1,1616,372.1321428571428,0.0,0.0,1.0
2026-02-08,SE,2,2026-02-22,1.0,888.6181343957273,1345.9312255479465,85.875,282.5,550.0,824.0,1178.5,1574.2,2068.05,sigmoid-temperature@rw1,1529,296.81410714285715,0.0,1.0,1.0
2026-02-08,SE,3,2026-03-01,1.0,790.1626024651932,1152.2347874693778,61.95,197.0,430.75,672.0,1059.25,1519.0,2142.0,sigmoid-temperature@rw1,1252,235.45035714285717,0.0,1.0,1.0
2026-02-08,SE,0,2026-02-08,0.5,829.4663995337424,1236.6584551472886,129.975,356.30000000000007,654.75,852.5,1060.75,1201.2,1355.0749999999998,sigmoid-temperature@rw0.5,1404,310.66928571428576,0.0,0.0,0.0
2026-02-08,SE,1,2026-02-15,0.5,897.1891184063919,1372.5233218405174,107.9,332.0,642.0,887.0,1153.75,1431.1,1735.05,sigmoid-temperature@rw0.5,1616,368.62178571428575,0.0,0.0,1.0
2026-02-08,SE,2,2026-02-22,0.5,882.1683599134075,1345.9312255479465,82.975,278.9,562.0,819.5,1150.0,1544.6,2007.15,sigmoid-temperature@rw0.5,1529,301.5498214285714,0.0,1.0,1.0
2026-02-08,SE,3,2026-03-01,0.5,773.2805419466082,1152.2347874693778,60.0,210.7,431.75,680.5,1039.5,1450.4,2021.05,sigmoid-temperature@rw0.5,1252,235.19535714285715,0.0,1.0,1.0
2026-02-08,SE,0,2026-02-08,0.0,829.4575401304155,1236.6584551472886,131.975,360.7000000000001,657.75,859.5,1052.25,1201.1,1338.125,sigmoid-temperature@rw0,1404,315.88392857142856,0.0,0.0,0.0
2026-02-08,SE,1,2026-02-15,0.0,896.5910994549116,1372.5233218405174,107.875,331.9,640.0,884.5,1157.25,1427.4,1737.05,sigmoid-temperature@rw0,1616,369.3405357142857,0.0,0.0,1.0
2026-02-08,SE,2,2026-02-22,0.0,878.9031728684981,1345.9312255479465,89.0,279.9,555.5,829.0,1145.0,1522.3000000000002,2032.225,sigmoid-temperature@rw0,1529,303.1130357142857,0.0,0.0,1.0
2026-02-08,SE,3,2026-03-01,0.0,766.349860005098,1152.2347874693778,60.975,201.9,428.75,681.0,1014.25,1429.4,1995.15,sigmoid-temperature@rw0,1252,240.20839285714285,0.0,1.0,1.0
2026-02-08,SE-M,0,2026-02-08,1.0,150.70461329801458,211.767308614028,19.0,70.9,114.0,154.0,190.0,227.0,276.025,sigmoid-temperature@rw1,215,27.58160714285714,0.0,1.0,1.0
2026-02-08,SE-M,1,2026-02-15,1.0,159.37965776143352,224.45005554170643,19.975,62.0,106.0,153.5,205.0,258.1,343.04999999999995,sigmoid-temperature@rw1,224,30.481964285714287,0.0,1.0,1.0
2026-02-08,SE-M,2,2026-02-22,1.0,148.38213733421208,202.00647715736585,16.975,47.900000000000006,86.0,134.0,194.25,263.1,365.0999999999999,sigmoid-temperature@rw1,188,24.081607142857145,1.0,1.0,1.0
2026-02-08,SE-M,3,2026-03-01,1.0,113.3841144542958,145.32321779976502,9.975,30.0,58.0,97.5,149.0,215.1,303.0,sigmoid-temperature@rw1,156,24.238750000000003,0.0,1.0,1.0
2026-02-08,SE-M,0,2026-02-08,0.5,150.70269988636775,211.767308614028,19.0,70.0,113.0,152.5,188.0,226.0,273.04999999999995,sigmoid-temperature@rw0.5,215,28.27178571428571,0.0,1.0,1.0
2026-02-08,SE-M,1,2026-02-15,0.5,159.22751202605198,224.45005554170643,18.0,62.0,107.0,151.0,200.0,261.0,342.025,sigmoid-temperature@rw0.5,224,31.92875,0.0,1.0,1.0
2026-02-08,SE-M,2,2026-02-22,0.5,147.44242618131418,202.00647715736585,15.975,47.900000000000006,86.75,134.5,194.0,257.1,364.05,sigmoid-temperature@rw0.5,188,23.766964285714288,1.0,1.0,1.0
2026-02-08,SE-M,3,2026-03-01,0.5,111.4760561422982,145.32321779976502,7.0,32.0,58.0,97.0,145.0,206.1,300.17499999999984,sigmoid-temperature@rw0.5,156,24.854107142857142,0.0,1.0,1.0
2026-02-08,SE-M,0,2026-02-08,0.0,150.70110865866192,211.767308614028,21.90000000000001,70.0,113.0,154.0,189.0,230.0,274.0999999999999,sigmoid-temperature@rw0,215,27.944285714285712,0.0,1.0,1.0
2026-02-08,SE-M,1,2026-02-15,0.0,159.12782204639612,224.45005554170643,18.975,60.80000000000001,106.0,152.0,202.0,256.0,335.025,sigmoid-temperature@rw0,224,31.263214285714287,0.0,1.0,1.0
2026-02-08,SE-M,2,2026-02-22,0.0,146.95027969751106,202.00647715736585,13.975,50.900000000000006,87.0,133.5,189.0,264.1,360.0,sigmoid-temperature@rw0,188,23.63446428571429,1.0,1.0,1.0
2026-02-08,SE-M,3,2026-03-01,0.0,110.6563171672351,145.32321779976502,9.975,32.900000000000006,60.0,95.0,143.0,203.1,296.17499999999984,sigmoid-temperature@rw0,156,25.264285714285712,0.0,1.0,1.0
2026-02-08,SE-O,0,2026-02-08,1.0,120.98726022780916,188.3644933475676,17.975,48.900000000000006,82.0,116.0,155.0,190.1,238.04999999999995,sigmoid-temperature@rw1,230,59.93482142857143,0.0,0.0,1.0
2026-02-08,SE-O,1,2026-02-15,1.0,114.94708541461024,179.45568917753718,13.0,41.900000000000006,71.0,107.0,150.0,198.1,263.0,sigmoid-temperature@rw1,281,103.00571428571428,0.0,0.0,0.0
2026-02-08,SE-O,2,2026-02-22,1.0,92.24320557100856,139.4539744692934,8.0,30.0,52.0,80.0,122.25,169.0,237.025,sigmoid-temperature@rw1,257,105.26089285714285,0.0,0.0,0.0
2026-02-08,SE-O,3,2026-03-01,1.0,67.1647385229585,95.05802973369622,4.0,17.0,32.0,54.0,88.0,139.0,194.04999999999995,sigmoid-temperature@rw1,185,68.41464285714285,0.0,0.0,1.0
2026-02-08,SE-O,0,2026-02-08,0.5,120.985907514025,188.3644933475676,18.0,50.0,83.0,117.5,157.0,194.1,237.1249999999999,sigmoid-temperature@rw0.5,230,58.15375,0.0,0.0,1.0
2026-02-08,SE-O,1,2026-02-15,0.5,114.84989011027658,179.45568917753718,13.975,44.0,70.0,106.0,152.0,199.0,264.07499999999993,sigmoid-temperature@rw0.5,281,102.19357142857145,0.0,0.0,0.0
2026-02-08,SE-O,2,2026-02-22,0.5,91.72838288777116,139.4539744692934,9.0,29.0,50.0,81.0,121.0,170.10000000000002,234.07499999999996,sigmoid-temperature@rw0.5,257,106.08910714285716,0.0,0.0,0.0
2026-02-08,SE-O,3,2026-03-01,0.5,65.96005925100252,95.05802973369622,4.975000000000001,17.0,32.0,53.0,87.0,134.0,189.0,sigmoid-temperature@rw0.5,185,70.01446428571428,0.0,0.0,1.0
2026-02-08,SE-O,0,2026-02-08,0.0,120.98477556592616,188.3644933475676,15.975,50.900000000000006,82.0,117.0,155.0,193.1,234.0,sigmoid-temperature@rw0,230,58.948750000000004,0.0,0.0,1.0
2026-02-08,SE-O,1,2026-02-15,0.0,114.7853167183275,179.45568917753718,14.0,41.0,71.0,106.0,151.0,199.0,267.025,sigmoid-temperature@rw0,281,101.60017857142859,0.0,0.0,0.0
2026-02-08,SE-O,2,2026-02-22,0.0,91.4601594161944,139.4539744692934,9.0,29.0,51.0,78.5,120.0,171.10000000000002,232.04999999999995,sigmoid-temperature@rw0,257,106.89607142857145,0.0,0.0,0.0
2026-02-08,SE-O,3,2026-03-01,0.0,65.47355436720623,95.05802973369622,5.0,17.900000000000006,33.0,54.0,86.0,131.0,185.025,sigmoid-temperature@rw0,185,70.73160714285714,0.0,0.0,1.0
2026-02-15,SE,0,2026-02-15,1.0,1151.947806041915,1775.3270297853094,136.0,477.6,922.5,1213.5,1483.25,1685.0,1852.025,sigmoid-temperature@rw1,1616,182.23660714285714,0.0,1.0,1.0
2026-02-15,SE,1,2026-02-22,1.0,1287.7817203942311,2008.330419415057,124.95,449.30000000000007,935.75,1303.0,1667.25,2019.3,2398.025,sigmoid-temperature@rw1,1529,145.62910714285715,1.0,1.0,1.0
2026-02-15,SE,2,2026-03-01,1.0,1242.4527280109055,1894.761472029377,91.0,354.8,806.75,1172.0,1606.25,2127.2,2715.825,sigmoid-temperature@rw1,1252,137.9244642857143,1.0,1.0,1.0
2026-02-15,SE,3,2026-03-08,1.0,1082.617858014277,1560.4091778730474,68.975,286.40000000000003,620.75,969.5,1431.5,1999.2,2850.15,sigmoid-temperature@rw1,775,154.49910714285713,1.0,1.0,1.0
2026-02-15,SE,0,2026-02-15,0.5,1151.9544974952144,1775.3270297853094,138.82500000000002,454.9,908.0,1216.0,1475.5,1688.3000000000002,1844.225,sigmoid-temperature@rw0.5,1616,185.24285714285716,0.0,1.0,1.0
2026-02-15,SE,1,2026-02-22,0.5,1287.6880367279505,2008.330419415057,132.8,453.8,945.0,1308.0,1655.0,2015.4000000000003,2370.075,sigmoid-temperature@rw0.5,1529,142.88339285714287,1.0,1.0,1.0
2026-02-15,SE,2,2026-03-01,0.5,1238.8518005454391,1894.761472029377,87.0,357.70000000000005,811.75,1172.5,1619.25,2115.8,2664.05,sigmoid-temperature@rw0.5,1252,137.67464285714286,1.0,1.0,1.0
2026-02-15,SE,3,2026-03-08,0.5,1067.3750569627125,1560.4091778730474,62.975,288.6,636.75,960.0,1412.0,1934.7000000000005,2635.45,sigmoid-temperature@rw0.5,775,147.20982142857142,1.0,1.0,1.0
2026-02-15,SE,0,2026-02-15,0.0,1151.963707156047,1775.3270297853094,134.85000000000002,463.6,908.75,1214.5,1475.0,1683.2,1855.0,sigmoid-temperature@rw0,1616,185.22178571428572,0.0,1.0,1.0
2026-02-15,SE,1,2026-02-22,0.0,1288.0172561129496,2008.330419415057,126.975,446.30000000000007,941.0,1300.0,1652.5,2012.1,2379.1,sigmoid-temperature@rw0,1529,144.3594642857143,1.0,1.0,1.0
2026-02-15,SE,2,2026-03-01,0.0,1239.088780024252,1894.761472029377,97.775,364.0,827.0,1175.0,1618.5,2112.8,2629.624999999998,sigmoid-temperature@rw0,1252,135.58607142857142,1.0,1.0,1.0
2026-02-15,SE,3,2026-03-08,0.0,1064.2069301574263,1560.4091778730474,69.92500000000001,294.70000000000005,644.0,962.0,1408.5,1949.4,2571.3,sigmoid-temperature@rw0,775,146.46553571428572,1.0,1.0,1.0
2026-02-15,SE-M,0,2026-02-15,1.0,161.63635823892977,233.43033278254748,21.975,75.0,123.0,165.0,203.0,240.0,283.07499999999993,sigmoid-temperature@rw1,224,26.72214285714286,0.0,1.0,1.0
2026-02-15,SE-M,1,2026-02-22,1.0,151.95798335713965,216.70405346872656,14.975,61.0,105.75,148.0,194.25,244.0,302.04999999999995,sigmoid-temperature@rw1,188,19.314821428571427,1.0,1.0,1.0
2026-02-15,SE-M,2,2026-03-01,1.0,115.73065934168906,157.83945949178454,8.975000000000001,42.900000000000006,72.0,108.0,149.25,203.0,254.025,sigmoid-temperature@rw1,156,20.628214285714286,0.0,1.0,1.0
2026-02-15,SE-M,3,2026-03-08,1.0,79.29328301105731,99.55270450699128,6.975000000000001,23.90000000000001,42.0,68.0,104.0,146.0,212.14999999999984,sigmoid-temperature@rw1,70,9.668392857142857,1.0,1.0,1.0
2026-02-15,SE-M,0,2026-02-15,0.5,161.63694220191366,233.43033278254748,21.975,74.0,123.0,164.0,205.0,240.0,277.025,sigmoid-temperature@rw0.5,224,26.42178571428571,0.0,1.0,1.0
2026-02-15,SE-M,1,2026-02-22,0.5,151.9469266239743,216.70405346872656,17.975,61.900000000000006,107.0,148.0,194.0,243.1,294.025,sigmoid-temperature@rw0.5,188,19.077500000000004,1.0,1.0,1.0
2026-02-15,SE-M,2,2026-03-01,0.5,115.4785121044463,157.83945949178454,10.0,41.900000000000006,72.0,107.0,148.25,200.0,243.025,sigmoid-temperature@rw0.5,156,20.84232142857143,0.0,1.0,1.0
2026-02-15,SE-M,3,2026-03-08,0.5,78.3371891921589,99.55270450699128,7.0,24.0,41.75,69.0,103.0,143.0,197.0,sigmoid-temperature@rw0.5,70,9.275,1.0,1.0,1.0
2026-02-15,SE-M,0,2026-02-15,0.0,161.63779070246022,233.43033278254748,22.0,72.0,125.0,165.0,203.0,237.1,279.025,sigmoid-temperature@rw0,224,26.553035714285716,0.0,1.0,1.0
2026-02-15,SE-M,1,2026-02-22,0.0,151.97257688941107,216.70405346872656,19.0,62.0,108.0,149.0,196.0,248.0,294.07499999999993,sigmoid-temperature@rw0,188,19.13625,1.0,1.0,1.0
2026-02-15,SE-M,2,2026-03-01,0.0,115.48212986233428,157.83945949178454,11.975,42.0,71.0,108.5,150.0,204.1,254.025,sigmoid-temperature@rw0,156,20.503214285714286,0.0,1.0,1.0
2026-02-15,SE-M,3,2026-03-08,0.0,78.1093391696933,99.55270450699128,7.0,24.90000000000001,43.0,67.0,104.0,138.0,208.0,sigmoid-temperature@rw0,70,9.452857142857143,1.0,1.0,1.0
2026-02-15,SE-O,0,2026-02-15,1.0,146.99623295670324,234.0434073438876,14.975,58.80000000000001,103.0,145.5,191.25,236.0,280.04999999999995,sigmoid-temperature@rw1,281,71.38839285714288,0.0,0.0,0.0
2026-02-15,SE-O,1,2026-02-22,1.0,129.2486838779668,204.0549077057633,12.0,46.900000000000006,81.0,122.0,172.25,217.0,280.0,sigmoid-temperature@rw1,257,68.22071428571428,0.0,0.0,1.0
2026-02-15,SE-O,2,2026-03-01,1.0,100.18263683766324,151.3138028501561,7.950000000000003,32.0,55.0,86.5,135.25,186.1,249.04999999999995,sigmoid-temperature@rw1,185,40.142857142857146,0.0,1.0,1.0
2026-02-15,SE-O,3,2026-03-08,1.0,79.7535662470393,111.43353417091453,6.0,21.90000000000001,38.0,67.0,104.0,155.10000000000002,226.0,sigmoid-temperature@rw1,143,32.09142857142857,0.0,1.0,1.0
2026-02-15,SE-O,0,2026-02-15,0.5,146.99677647653024,234.0434073438876,16.950000000000003,57.900000000000006,102.0,147.0,191.0,233.0,283.025,sigmoid-temperature@rw0.5,281,71.83196428571428,0.0,0.0,1.0
2026-02-15,SE-O,1,2026-02-22,0.5,129.2440780982617,204.0549077057633,12.975,46.0,81.0,123.0,171.0,217.1,278.07499999999993,sigmoid-temperature@rw0.5,257,68.325,0.0,0.0,1.0
2026-02-15,SE-O,2,2026-03-01,0.5,99.94643233847886,151.3138028501561,7.0,33.900000000000006,55.75,88.0,132.0,184.0,244.07499999999996,sigmoid-temperature@rw0.5,185,40.71410714285714,0.0,0.0,1.0
2026-02-15,SE-O,3,2026-03-08,0.5,78.72008433659157,111.43353417091453,5.975000000000001,20.0,39.0,65.0,104.25,155.30000000000007,218.04999999999995,sigmoid-temperature@rw0.5,143,32.25553571428571,0.0,1.0,1.0
2026-02-15,SE-O,0,2026-02-15,0.0,146.99751653201662,234.0434073438876,15.0,55.0,101.75,147.0,190.25,231.0,291.0,sigmoid-temperature@rw0,281,72.67857142857143,0.0,0.0,1.0
2026-02-15,SE-O,1,2026-02-22,0.0,129.26863806069218,204.0549077057633,11.0,45.900000000000006,81.0,122.5,172.25,220.1,276.07499999999993,sigmoid-temperature@rw0,257,67.35982142857142,0.0,0.0,1.0
2026-02-15,SE-O,2,2026-03-01,0.0,99.97788185223332,151.3138028501561,7.0,32.0,57.0,89.0,133.0,184.0,241.04999999999995,sigmoid-temperature@rw0,185,40.30035714285714,0.0,0.0,1.0
2026-02-15,SE-O,3,2026-03-08,0.0,78.5454355084033,111.43353417091453,4.975000000000001,22.0,39.0,67.0,102.0,156.0,222.04999999999995,sigmoid-temperature@rw0,143,32.450535714285714,0.0,1.0,1.0
2026-02-22,SE,0,2026-02-22,1.0,1085.6127396224194,1721.844473681724,121.975,422.8,828.5,1151.0,1413.0,1599.2,1761.0749999999998,sigmoid-temperature@rw1,1529,174.21214285714285,0.0,1.0,1.0
2026-02-22,SE,1,2026-03-01,1.0,994.9455387985124,1565.4322853244764,85.875,351.9,715.75,1010.5,1290.75,1526.8000000000002,1840.225,sigmoid-temperature@rw1,1252,121.67107142857142,1.0,1.0,1.0
2026-02-22,SE,2,2026-03-08,1.0,812.3230950123877,1229.488845510621,64.9,281.0,526.0,788.0,1065.25,1363.2,1756.4749999999997,sigmoid-temperature@rw1,775,83.37767857142858,1.0,1.0,1.0
2026-02-22,SE,3,2026-03-15,1.0,640.4759130543955,899.4347519877325,44.975,185.6,363.75,574.0,870.5,1142.4,1549.05,sigmoid-temperature@rw1,475,88.41982142857144,1.0,1.0,1.0
2026-02-22,SE,0,2026-02-22,0.5,1085.608580963642,1721.844473681724,100.0,422.5,823.75,1152.5,1409.25,1595.1,1777.05,sigmoid-temperature@rw0.5,1529,175.3032142857143,0.0,1.0,1.0
2026-02-22,SE,1,2026-03-01,0.5,994.445314935082,1565.4322853244764,82.0,345.9,723.75,1011.5,1277.5,1541.1,1865.025,sigmoid-temperature@rw0.5,1252,120.79517857142856,1.0,1.0,1.0
2026-02-22,SE,2,2026-03-08,0.5,808.0886818548394,1229.488845510621,59.900000000000006,266.6,529.75,780.0,1065.5,1329.4,1675.3249999999998,sigmoid-temperature@rw0.5,775,80.88660714285716,1.0,1.0,1.0
2026-02-22,SE,3,2026-03-15,0.5,627.4089679418457,899.4347519877325,48.0,186.8,370.0,574.0,844.0,1108.5,1482.1749999999995,sigmoid-temperature@rw0.5,475,84.57839285714286,1.0,1.0,1.0
2026-02-22,SE,0,2026-02-22,0.0,1085.6063567496,1721.844473681724,108.85,404.0,835.0,1147.5,1398.25,1599.0,1758.3499999999997,sigmoid-temperature@rw0,1529,178.0142857142857,0.0,1.0,1.0
2026-02-22,SE,1,2026-03-01,0.0,994.2425562649794,1565.4322853244764,90.82500000000002,353.5,735.0,1007.0,1287.25,1522.2,1835.3,sigmoid-temperature@rw0,1252,120.29839285714286,1.0,1.0,1.0
2026-02-22,SE,2,2026-03-08,0.0,806.4536768841828,1229.488845510621,61.0,275.9,523.0,779.0,1061.25,1323.1,1728.6249999999995,sigmoid-temperature@rw0,775,80.84946428571428,1.0,1.0,1.0
2026-02-22,SE,3,2026-03-15,0.0,622.4405269546313,899.4347519877325,44.95,193.0,374.5,560.0,818.0,1108.2,1489.3249999999998,sigmoid-temperature@rw0,475,80.28696428571428,1.0,1.0,1.0
2026-02-22,SE-M,0,2026-02-22,1.0,144.350573329819,207.71401121663556,15.975,66.9,111.75,148.0,184.0,214.0,245.025,sigmoid-temperature@rw1,188,17.856785714285714,0.0,1.0,1.0
2026-02-22,SE-M,1,2026-03-01,1.0,110.39446615338734,154.3693901083956,9.0,48.0,79.0,109.5,141.25,173.10000000000002,208.0,sigmoid-temperature@rw1,156,20.299285714285713,0.0,1.0,1.0
2026-02-22,SE-M,2,2026-03-08,1.0,74.41680933231426,97.6777792436842,5.975000000000001,27.0,46.0,70.0,96.0,126.0,165.02499999999998,sigmoid-temperature@rw1,70,7.536071428571428,1.0,1.0,1.0
2026-02-22,SE-M,3,2026-03-15,1.0,52.50482211049312,62.377471822360725,4.0,17.0,29.0,46.0,68.0,99.0,131.0,sigmoid-temperature@rw1,30,8.321428571428573,1.0,1.0,1.0
2026-02-22,SE-M,0,2026-02-22,0.5,144.35016587952316,207.71401121663556,16.975,68.0,113.0,149.0,183.0,210.0,237.025,sigmoid-temperature@rw0.5,188,17.62892857142857,0.0,1.0,1.0
2026-02-22,SE-M,1,2026-03-01,0.5,110.35349507824093,154.3693901083956,11.925000000000004,46.900000000000006,80.0,108.5,140.0,172.0,207.025,sigmoid-temperature@rw0.5,156,20.610714285714288,0.0,1.0,1.0
2026-02-22,SE-M,2,2026-03-08,0.5,74.08107398696701,97.6777792436842,6.0,29.0,47.0,70.0,96.0,124.10000000000002,161.04999999999995,sigmoid-temperature@rw0.5,70,7.324642857142858,1.0,1.0,1.0
2026-02-22,SE-M,3,2026-03-15,0.5,51.54285088475574,62.377471822360725,5.0,17.0,28.0,45.0,68.0,93.0,125.02499999999998,sigmoid-temperature@rw0.5,30,8.02875,1.0,1.0,1.0
2026-02-22,SE-M,0,2026-02-22,0.0,144.34992786751724,207.71401121663556,16.0,65.0,114.0,147.5,182.0,213.0,245.025,sigmoid-temperature@rw0,188,18.221607142857142,0.0,1.0,1.0
2026-02-22,SE-M,1,2026-03-01,0.0,110.33602865436664,154.3693901083956,11.0,47.0,80.0,109.0,140.0,174.0,207.04999999999995,sigmoid-temperature@rw0,156,20.600357142857145,0.0,1.0,1.0
2026-02-22,SE-M,2,2026-03-08,0.0,73.95270431707867,97.6777792436842,6.0,29.0,47.0,69.0,96.0,124.0,162.0,sigmoid-temperature@rw0,70,7.471428571428571,1.0,1.0,1.0
2026-02-22,SE-M,3,2026-03-15,0.0,51.19581095394059,62.377471822360725,4.975000000000001,16.0,28.0,45.0,67.0,91.0,125.02499999999998,sigmoid-temperature@rw0,30,7.928928571428571,1.0,1.0,1.0
2026-02-22,SE-O,0,2026-02-22,1.0,161.60041427335892,259.33554371527185,15.0,59.0,114.75,162.0,211.0,254.1,305.025,sigmoid-temperature@rw1,257,42.06374999999999,0.0,0.0,1.0
2026-02-22,SE-O,1,2026-03-01,1.0,139.97706803946596,219.4731890147808,11.0,48.900000000000006,91.0,134.5,186.0,244.0,301.025,sigmoid-temperature@rw1,185,21.645892857142858,1.0,1.0,1.0
2026-02-22,SE-O,2,2026-03-08,1.0,119.89069288623637,177.47802859338972,8.0,38.0,66.75,106.5,158.25,218.0,292.0,sigmoid-temperature@rw1,143,18.92142857142857,1.0,1.0,1.0
2026-02-22,SE-O,3,2026-03-15,1.0,98.65350499195978,133.1778561829743,6.0,27.0,49.0,82.0,128.0,186.1,284.0999999999999,sigmoid-temperature@rw1,80,12.460714285714285,1.0,1.0,1.0
2026-02-22,SE-O,0,2026-02-22,0.5,161.60002408547695,259.33554371527185,16.0,56.80000000000001,115.75,161.0,212.0,258.0,305.0,sigmoid-temperature@rw0.5,257,41.25928571428572,0.0,1.0,1.0
2026-02-22,SE-O,1,2026-03-01,0.5,139.91472476443275,219.4731890147808,11.0,51.0,91.0,134.0,183.0,239.0,298.0,sigmoid-temperature@rw0.5,185,21.849999999999998,0.0,1.0,1.0
2026-02-22,SE-O,2,2026-03-08,0.5,119.29692512780422,177.47802859338972,8.975000000000001,39.0,67.0,107.0,158.0,217.1,287.07499999999993,sigmoid-temperature@rw0.5,143,18.717857142857145,1.0,1.0,1.0
2026-02-22,SE-O,3,2026-03-15,0.5,96.77399721034595,133.1778561829743,6.975000000000001,26.0,49.0,83.0,128.0,179.10000000000002,262.04999999999995,sigmoid-temperature@rw0.5,80,12.267678571428572,1.0,1.0,1.0
2026-02-22,SE-O,0,2026-02-22,0.0,161.59991306603882,259.33554371527185,14.975,59.0,116.0,162.0,211.0,255.0,304.04999999999995,sigmoid-temperature@rw0,257,41.73625,0.0,0.0,1.0
2026-02-22,SE-O,1,2026-03-01,0.0,139.8971030462477,219.4731890147808,11.975,50.0,89.75,133.0,185.0,237.0,301.025,sigmoid-temperature@rw0,185,21.639642857142857,1.0,1.0,1.0
2026-02-22,SE-O,2,2026-03-08,0.0,119.10822948931737,177.47802859338972,9.0,37.900000000000006,68.0,107.0,158.0,221.1,279.025,sigmoid-temperature@rw0,143,18.73446428571429,1.0,1.0,1.0
2026-02-22,SE-O,3,2026-03-15,0.0,96.13137356512809,133.1778561829743,6.0,27.0,49.0,81.0,127.25,180.0,261.0,sigmoid-temperature@rw0,80,11.924999999999999,1.0,1.0,1.0
2026-03-01,SE,0,2026-03-01,1.0,831.1123207525527,1267.060808791685,95.975,312.9,642.75,895.5,1060.0,1169.0,1323.025,sigmoid-temperature@rw1,1252,192.52821428571428,0.0,0.0,1.0
2026-03-01,SE,1,2026-03-08,1.0,612.6537443416007,904.0589968597952,66.95,238.8,468.75,649.5,780.0,919.1,1057.0,sigmoid-temperature@rw1,775,66.66964285714286,1.0,1.0,1.0
2026-03-01,SE,2,2026-03-15,1.0,433.6255555807308,600.568636066807,44.95,163.8,298.0,430.5,561.25,699.1,871.1249999999999,sigmoid-temperature@rw1,475,46.356249999999996,1.0,1.0,1.0
2026-03-01,SE,3,2026-03-22,1.0,309.1340244745723,388.103373608066,22.950000000000003,98.70000000000002,180.75,282.5,406.0,538.0,757.2249999999998,sigmoid-temperature@rw1,321,39.385535714285716,1.0,1.0,1.0
2026-03-01,SE,0,2026-03-01,0.5,831.1066334915402,1267.060808791685,92.925,312.9,656.75,897.0,1060.25,1163.1,1312.2999999999995,sigmoid-temperature@rw0.5,1252,192.7226785714286,0.0,0.0,1.0
2026-03-01,SE,1,2026-03-08,0.5,612.241419050007,904.0589968597952,73.9,227.9,471.75,643.0,786.25,907.3,1063.0749999999998,sigmoid-temperature@rw0.5,775,67.79839285714286,1.0,1.0,1.0
2026-03-01,SE,2,2026-03-15,0.5,430.9380207810999,600.568636066807,41.0,159.8,296.0,424.5,554.25,687.3000000000001,857.0999999999999,sigmoid-temperature@rw0.5,475,46.56142857142857,1.0,1.0,1.0
2026-03-01,SE,3,2026-03-22,0.5,302.2505066661384,388.103373608066,27.975,103.9,178.75,285.5,400.0,521.0,689.0999999999999,sigmoid-temperature@rw0.5,321,37.51446428571428,1.0,1.0,1.0
2026-03-01,SE,0,2026-03-01,0.0,831.1019465507718,1267.060808791685,97.95,319.0,647.5,901.5,1056.25,1165.1,1308.0749999999998,sigmoid-temperature@rw0,1252,192.84303571428572,0.0,0.0,1.0
2026-03-01,SE,1,2026-03-08,0.0,611.973399155715,904.0589968597952,70.92500000000001,236.8,464.75,640.5,779.25,916.1,1054.025,sigmoid-temperature@rw0,775,68.10928571428572,1.0,1.0,1.0
2026-03-01,SE,2,2026-03-15,0.0,429.4624496104509,600.568636066807,44.95,159.0,296.0,426.5,569.0,683.0,840.2999999999997,sigmoid-temperature@rw0,475,47.08107142857143,1.0,1.0,1.0
2026-03-01,SE,3,2026-03-22,0.0,298.90007893569754,388.103373608066,27.975,103.0,182.75,280.5,394.25,507.1,669.0,sigmoid-temperature@rw0,321,37.01732142857143,1.0,1.0,1.0
2026-03-01,SE-M,0,2026-03-01,1.0,101.3174703042749,139.1398915800743,11.0,48.900000000000006,80.0,105.0,127.0,145.0,172.02499999999998,sigmoid-temperature@rw1,156,25.96732142857143,0.0,0.0,1.0
2026-03-01,SE-M,1,2026-03-08,1.0,66.84287702444524,87.22287410160145,6.0,32.0,49.0,67.0,85.0,102.0,122.0,sigmoid-temperature@rw1,70,5.828571428571428,1.0,1.0,1.0
2026-03-01,SE-M,2,2026-03-15,1.0,45.21109317427078,54.315417659704096,4.975000000000001,18.90000000000001,30.0,42.0,58.0,74.0,96.0,sigmoid-temperature@rw1,30,5.93875,1.0,1.0,1.0
2026-03-01,SE-M,3,2026-03-22,1.0,30.156989903473963,32.312967989083695,3.0,9.0,16.0,26.0,41.0,56.10000000000002,81.02499999999998,sigmoid-temperature@rw1,25,3.831607142857144,1.0,1.0,1.0
2026-03-01,SE-M,0,2026-03-01,0.5,101.31688652635889,139.1398915800743,9.975,50.0,83.0,104.0,125.25,146.0,169.0,sigmoid-temperature@rw0.5,156,25.968035714285712,0.0,0.0,1.0
2026-03-01,SE-M,1,2026-03-08,0.5,66.80077582997451,87.22287410160145,5.975000000000001,31.90000000000001,49.0,67.0,84.0,103.0,122.0,sigmoid-temperature@rw0.5,70,5.78875,1.0,1.0,1.0
2026-03-01,SE-M,2,2026-03-15,0.5,44.9505837419896,54.315417659704096,4.0,19.0,29.0,42.0,58.0,74.0,95.02499999999998,sigmoid-temperature@rw0.5,30,6.007321428571428,1.0,1.0,1.0
2026-03-01,SE-M,3,2026-03-22,0.5,29.539833233161588,32.312967989083695,3.0,10.0,16.0,27.0,38.0,55.0,78.0,sigmoid-temperature@rw0.5,25,3.6785714285714284,1.0,1.0,1.0
2026-03-01,SE-M,0,2026-03-01,0.0,101.31641196337294,139.1398915800743,10.975,49.900000000000006,81.75,105.0,126.0,146.0,167.0,sigmoid-temperature@rw0,156,25.735178571428573,0.0,0.0,1.0
2026-03-01,SE-M,1,2026-03-08,0.0,66.77406630341082,87.22287410160145,4.0,31.0,48.0,68.0,84.0,103.0,122.02499999999998,sigmoid-temperature@rw0,70,5.757321428571428,1.0,1.0,1.0
2026-03-01,SE-M,2,2026-03-15,0.0,44.81246268504119,54.315417659704096,5.0,19.0,29.0,42.0,58.0,74.0,93.04999999999995,sigmoid-temperature@rw0,30,5.986071428571428,1.0,1.0,1.0
2026-03-01,SE-M,3,2026-03-22,0.0,29.25292677219552,32.312967989083695,3.0,10.0,17.0,27.0,40.0,52.0,75.0,sigmoid-temperature@rw0,25,3.642857142857143,1.0,1.0,1.0
2026-03-01,SE-O,0,2026-03-01,1.0,138.77736098424344,220.8209600207128,12.0,53.0,98.0,140.0,179.0,218.0,263.04999999999995,sigmoid-temperature@rw1,185,20.43607142857143,0.0,1.0,1.0
2026-03-01,SE-O,1,2026-03-08,1.0,120.35576945148875,183.81790968632143,9.0,44.0,80.0,118.0,156.25,199.1,254.0,sigmoid-temperature@rw1,143,15.199285714285713,1.0,1.0,1.0
2026-03-01,SE-O,2,2026-03-15,1.0,99.05417437657988,140.20745411035054,5.975000000000001,32.0,57.0,89.0,129.0,170.0,237.0,sigmoid-temperature@rw1,80,12.02160714285714,1.0,1.0,1.0
2026-03-01,SE-O,3,2026-03-22,1.0,76.81472795951105,97.40901434383488,4.0,21.0,39.0,65.0,101.25,143.10000000000002,214.0999999999999,sigmoid-temperature@rw1,50,11.578571428571427,1.0,1.0,1.0
2026-03-01,SE-O,0,2026-03-01,0.5,138.77621571527342,220.8209600207128,11.0,54.0,99.0,141.0,180.0,225.0,259.025,sigmoid-temperature@rw0.5,185,20.15732142857143,0.0,1.0,1.0
2026-03-01,SE-O,1,2026-03-08,0.5,120.26295357147576,183.81790968632143,7.975000000000001,43.0,78.75,116.0,155.25,199.0,251.025,sigmoid-temperature@rw0.5,143,15.514642857142858,1.0,1.0,1.0
2026-03-01,SE-O,2,2026-03-15,0.5,98.41043054357915,140.20745411035054,5.975000000000001,34.0,57.0,90.0,130.0,172.0,231.1249999999999,sigmoid-temperature@rw0.5,80,12.19392857142857,1.0,1.0,1.0
2026-03-01,SE-O,3,2026-03-22,0.5,75.13825053854261,97.40901434383488,4.0,20.0,38.75,64.0,99.0,138.0,211.025,sigmoid-temperature@rw0.5,50,11.153749999999999,1.0,1.0,1.0
2026-03-01,SE-O,0,2026-03-01,0.0,138.7752975915936,220.8209600207128,11.975,50.0,98.0,140.0,179.0,220.0,264.0,sigmoid-temperature@rw0,185,20.585892857142856,0.0,1.0,1.0
2026-03-01,SE-O,1,2026-03-08,0.0,120.20550964668534,183.81790968632143,9.0,44.900000000000006,80.0,115.5,158.25,203.0,252.0,sigmoid-temperature@rw0,143,15.770714285714288,1.0,1.0,1.0
2026-03-01,SE-O,2,2026-03-15,0.0,98.072237286727,140.20745411035054,6.0,32.900000000000006,57.0,90.0,132.0,172.10000000000002,228.0999999999999,sigmoid-temperature@rw0,80,12.349285714285713,1.0,1.0,1.0
2026-03-01,SE-O,3,2026-03-22,0.0,74.35080721876236,97.40901434383488,4.0,21.0,39.0,64.0,98.25,135.0,196.1249999999999,sigmoid-temperature@rw0,50,10.861607142857142,1.0,1.0,1.0
2026-03-08,SE,0,2026-03-08,1.0,591.542592200527,857.6348878163576,66.975,235.0,482.25,649.5,743.0,816.1,897.2249999999998,sigmoid-temperature@rw1,775,68.22964285714286,0.0,1.0,1.0
2026-03-08,SE,1,2026-03-15,1.0,381.093777777241,525.1358662429978,39.95,151.70000000000002,294.0,397.0,486.0,557.1,649.05,sigmoid-temperature@rw1,475,40.79071428571428,1.0,1.0,1.0
2026-03-08,SE,2,2026-03-22,1.0,257.2010110605801,326.4193054342812,22.0,99.0,170.0,253.0,330.0,416.2000000000001,527.025,sigmoid-temperature@rw1,321,33.81303571428572,1.0,1.0,1.0
2026-03-08,SE,3,2026-03-29,1.0,179.73794612856017,203.46144053034013,13.0,58.900000000000006,100.75,160.0,230.25,328.1,468.07499999999993,sigmoid-temperature@rw1,223,29.191964285714285,1.0,1.0,1.0
2026-03-08,SE,0,2026-03-08,0.5,591.5407671685002,857.6348878163576,66.975,224.9,484.75,653.0,750.0,824.1,895.025,sigmoid-temperature@rw0.5,775,66.55250000000001,0.0,1.0,1.0
2026-03-08,SE,1,2026-03-15,0.5,380.9181570371512,525.1358662429978,34.95,151.9,295.75,402.0,486.0,556.0,640.1999999999998,sigmoid-temperature@rw0.5,475,39.886785714285715,1.0,1.0,1.0
2026-03-08,SE,2,2026-03-22,0.5,255.92988442687343,326.4193054342812,23.950000000000003,93.9,175.0,255.0,326.5,414.1,515.1499999999999,sigmoid-temperature@rw0.5,321,32.90714285714286,1.0,1.0,1.0
2026-03-08,SE,3,2026-03-29,0.5,176.2928547121852,203.46144053034013,13.0,59.900000000000006,103.0,158.0,228.0,313.0,436.0999999999999,sigmoid-temperature@rw0.5,223,28.467857142857145,1.0,1.0,1.0
2026-03-08,SE,0,2026-03-08,0.0,591.5395193333223,857.6348878163576,64.0,239.8,482.25,645.0,749.25,824.0,908.025,sigmoid-temperature@rw0,775,67.72017857142858,0.0,1.0,1.0
2026-03-08,SE,1,2026-03-15,0.0,380.8262162227125,525.1358662429978,41.975,151.60000000000002,293.0,398.0,485.0,556.0,647.0,sigmoid-temperature@rw0,475,40.590178571428574,1.0,1.0,1.0
2026-03-08,SE,2,2026-03-22,0.0,255.3790803837026,326.4193054342812,23.950000000000003,96.0,171.75,252.5,329.25,414.2000000000001,522.05,sigmoid-temperature@rw0,321,33.685,1.0,1.0,1.0
2026-03-08,SE,3,2026-03-29,0.0,174.9940533805187,203.46144053034013,15.0,60.0,105.75,162.5,228.25,309.0,429.1999999999998,sigmoid-temperature@rw0,223,27.465714285714284,1.0,1.0,1.0
2026-03-08,SE-M,0,2026-03-08,1.0,70.83322870483477,95.29234830546386,6.0,34.0,56.0,73.0,88.0,104.0,118.02499999999998,sigmoid-temperature@rw1,70,5.514464285714285,1.0,1.0,1.0
2026-03-08,SE-M,1,2026-03-15,1.0,44.4082753800583,56.44130358187688,3.9750000000000014,19.0,32.0,45.0,57.0,69.0,82.0,sigmoid-temperature@rw1,30,6.485892857142857,0.0,1.0,1.0
2026-03-08,SE-M,2,2026-03-22,1.0,29.110204694852875,33.833769652459026,2.0,10.0,18.0,28.0,38.0,51.10000000000002,66.0,sigmoid-temperature@rw1,25,3.4885714285714293,1.0,1.0,1.0
2026-03-08,SE-M,3,2026-03-29,1.0,19.591834643413755,20.161029225641503,1.0,5.0,10.0,17.0,26.0,37.0,55.02499999999998,sigmoid-temperature@rw1,17,2.443035714285714,1.0,1.0,1.0
2026-03-08,SE-M,0,2026-03-08,0.5,70.83307420523604,95.29234830546386,5.0,34.0,56.0,73.0,88.0,102.0,115.02499999999998,sigmoid-temperature@rw0.5,70,5.443035714285714,1.0,1.0,1.0
2026-03-08,SE-M,1,2026-03-15,0.5,44.39080031160843,56.44130358187688,5.0,19.0,32.0,43.5,57.0,69.0,84.02499999999998,sigmoid-temperature@rw0.5,30,6.2787500000000005,0.0,1.0,1.0
2026-03-08,SE-M,2,2026-03-22,0.5,28.9815140430529,33.833769652459026,2.0,11.0,18.0,27.0,37.25,49.0,66.0,sigmoid-temperature@rw0.5,25,3.2035714285714287,1.0,1.0,1.0
2026-03-08,SE-M,3,2026-03-29,0.5,19.250323297367416,20.161029225641503,1.0,5.0,10.0,16.0,26.0,37.0,55.0,sigmoid-temperature@rw0.5,17,2.585714285714286,1.0,1.0,1.0
2026-03-08,SE-M,0,2026-03-08,0.0,70.83298663989903,95.29234830546386,7.0,34.0,55.0,72.0,88.0,103.10000000000002,115.0,sigmoid-temperature@rw0,70,5.38857142857143,1.0,1.0,1.0
2026-03-08,SE-M,1,2026-03-15,0.0,44.382860239093965,56.44130358187688,3.9750000000000014,20.0,31.75,44.0,55.25,69.0,83.0,sigmoid-temperature@rw0,30,6.143035714285714,0.0,1.0,1.0
2026-03-08,SE-M,2,2026-03-22,0.0,28.9321068367822,33.833769652459026,2.0,11.0,18.0,27.0,38.0,49.0,67.02499999999998,sigmoid-temperature@rw0,25,3.264464285714286,1.0,1.0,1.0
2026-03-08,SE-M,3,2026-03-29,0.0,19.13501169909065,20.161029225641503,1.0,5.0,10.0,17.0,24.25,36.0,52.0,sigmoid-temperature@rw0,17,2.267857142857143,1.0,1.0,1.0
2026-03-08,SE-O,0,2026-03-08,1.0,95.59495836791912,142.55102415746944,8.0,39.0,70.0,97.0,122.25,145.0,178.0,sigmoid-temperature@rw1,143,20.474999999999998,0.0,1.0,1.0
2026-03-08,SE-O,1,2026-03-15,1.0,66.05214573751512,92.18235154254468,6.0,24.90000000000001,44.0,64.0,85.0,111.0,133.0,sigmoid-temperature@rw1,80,8.581428571428571,1.0,1.0,1.0
2026-03-08,SE-O,2,2026-03-22,1.0,46.10820554596541,58.08952789667632,2.0,15.0,27.0,42.0,60.0,80.0,115.02499999999998,sigmoid-temperature@rw1,50,6.164464285714286,1.0,1.0,1.0
2026-03-08,SE-O,3,2026-03-29,1.0,32.504724730871615,35.74918741543539,1.9750000000000012,9.0,16.0,27.0,41.0,62.0,94.04999999999995,sigmoid-temperature@rw1,39,5.671964285714286,1.0,1.0,1.0
2026-03-08,SE-O,0,2026-03-08,0.5,95.59460801612676,142.55102415746944,7.0,38.0,70.0,97.0,122.0,145.10000000000002,175.04999999999995,sigmoid-temperature@rw0.5,143,20.54607142857143,0.0,1.0,1.0
2026-03-08,SE-O,1,2026-03-15,0.5,66.01904255012445,92.18235154254468,4.975000000000001,25.90000000000001,45.0,63.0,85.0,108.10000000000002,136.0,sigmoid-temperature@rw0.5,80,8.570178571428572,1.0,1.0,1.0
2026-03-08,SE-O,2,2026-03-22,0.5,45.87553420217615,58.08952789667632,3.0,14.900000000000006,27.0,42.0,60.0,79.0,113.0,sigmoid-temperature@rw0.5,50,6.117142857142857,1.0,1.0,1.0
2026-03-08,SE-O,3,2026-03-29,0.5,31.894754379811136,35.74918741543539,1.0,8.0,16.0,27.0,42.0,60.0,93.02499999999998,sigmoid-temperature@rw0.5,39,5.7144642857142856,1.0,1.0,1.0
2026-03-08,SE-O,0,2026-03-08,0.0,95.59436218831712,142.55102415746944,7.0,39.0,70.0,98.5,123.0,146.0,173.04999999999995,sigmoid-temperature@rw0,143,20.100357142857145,0.0,1.0,1.0
2026-03-08,SE-O,1,2026-03-15,0.0,66.00128635162545,92.18235154254468,4.0,24.90000000000001,45.0,63.0,84.0,107.0,135.0,sigmoid-temperature@rw0,80,8.495714285714286,1.0,1.0,1.0
2026-03-08,SE-O,2,2026-03-22,0.0,45.77328590300596,58.08952789667632,2.0,17.0,27.0,42.0,60.0,79.0,112.0,sigmoid-temperature@rw0,50,6.057142857142857,1.0,1.0,1.0
2026-03-08,SE-O,3,2026-03-29,0.0,31.664755958468,35.74918741543539,1.0,9.0,16.0,27.0,41.0,59.0,90.02499999999998,sigmoid-temperature@rw0,39,5.564464285714286,1.0,1.0,1.0
2026-03-15,SE,0,2026-03-15,1.0,332.2789378161854,430.83346231636415,47.975,149.0,281.75,361.0,409.0,450.0,493.025,sigmoid-temperature@rw1,475,63.15392857142857,0.0,0.0,1.0
2026-03-15,SE,1,2026-03-22,1.0,189.6678804746688,227.58527181085307,21.975,85.0,145.0,197.0,235.0,277.20000000000005,336.0,sigmoid-temperature@rw1,321,68.96303571428571,0.0,0.0,1.0
2026-03-15,SE,2,2026-03-29,1.0,116.22694174822946,125.09336739848774,10.975,44.900000000000006,77.0,110.0,145.0,188.1,258.07499999999993,sigmoid-temperature@rw1,223,59.11357142857143,0.0,0.0,1.0
2026-03-15,SE,3,2026-04-05,1.0,70.99503011376233,66.41186297089672,5.975000000000001,22.0,39.0,60.0,89.0,128.0,199.04999999999995,sigmoid-temperature@rw1,187,70.97910714285715,0.0,0.0,1.0
2026-03-15,SE,0,2026-03-15,0.5,332.2788749451548,430.83346231636415,41.975,145.0,277.75,359.0,411.0,449.0,494.025,sigmoid-temperature@rw0.5,475,63.71821428571429,0.0,0.0,1.0
2026-03-15,SE,1,2026-03-22,0.5,189.62436514603135,227.58527181085307,20.950000000000003,86.60000000000002,149.0,194.5,232.25,278.0,333.04999999999995,sigmoid-temperature@rw0.5,321,69.35857142857142,0.0,0.0,1.0
2026-03-15,SE,2,2026-03-29,0.5,115.81288295472768,125.09336739848774,10.0,47.900000000000006,76.0,110.0,145.0,191.0,253.24999999999977,sigmoid-temperature@rw0.5,223,58.326071428571424,0.0,0.0,1.0
2026-03-15,SE,3,2026-04-05,0.5,69.87253451023011,66.41186297089672,5.0,23.0,39.0,61.0,89.0,126.0,193.07499999999996,sigmoid-temperature@rw0.5,187,71.28625000000001,0.0,0.0,1.0
2026-03-15,SE,0,2026-03-15,0.0,332.27910113082,430.83346231636415,36.975,144.9,281.0,362.0,410.25,447.0,489.05,sigmoid-temperature@rw0,475,63.73553571428572,0.0,0.0,1.0
2026-03-15,SE,1,2026-03-22,0.0,189.62066460739769,227.58527181085307,22.975,83.0,147.75,194.0,235.0,280.0,330.1249999999999,sigmoid-temperature@rw0,321,68.48321428571428,0.0,0.0,1.0
2026-03-15,SE,2,2026-03-29,0.0,115.71180889678614,125.09336739848774,11.975,46.0,75.75,110.0,143.25,193.0,260.025,sigmoid-temperature@rw0,223,58.29321428571428,0.0,0.0,1.0
2026-03-15,SE,3,2026-04-05,0.0,69.53888807774962,66.41186297089672,5.975000000000001,24.0,39.0,60.0,86.0,125.10000000000002,189.07499999999996,sigmoid-temperature@rw0,187,72.23928571428571,0.0,0.0,1.0
2026-03-15,SE-M,0,2026-03-15,1.0,34.131801036731886,40.69241412343771,5.0,17.0,27.0,34.0,43.0,50.0,60.0,sigmoid-temperature@rw1,30,3.0500000000000003,1.0,1.0,1.0
2026-03-15,SE-M,1,2026-03-22,1.0,18.857453093921794,20.583841711676392,2.0,8.0,13.0,18.0,25.0,30.0,40.0,sigmoid-temperature@rw1,25,2.7571428571428567,1.0,1.0,1.0
2026-03-15,SE-M,2,2026-03-29,1.0,11.033155004102946,10.65722165880749,1.0,3.0,6.0,9.5,15.0,20.0,27.0,sigmoid-temperature@rw1,17,2.957142857142857,0.0,1.0,1.0
2026-03-15,SE-M,3,2026-04-05,1.0,6.461314900579368,5.345647060342119,0.0,1.0,3.0,5.0,8.25,13.0,20.024999999999977,sigmoid-temperature@rw1,11,2.5037499999999997,0.0,1.0,1.0
2026-03-15,SE-M,0,2026-03-15,0.5,34.131825706676004,40.69241412343771,4.0,18.0,26.0,35.0,42.0,50.0,58.0,sigmoid-temperature@rw0.5,30,3.157142857142857,1.0,1.0,1.0
2026-03-15,SE-M,1,2026-03-22,0.5,18.85480466098359,20.583841711676392,2.0,8.0,13.0,18.0,24.0,31.0,41.0,sigmoid-temperature@rw0.5,25,3.007142857142857,0.0,1.0,1.0
2026-03-15,SE-M,2,2026-03-29,0.5,11.002125691989182,10.65722165880749,1.0,3.0,6.0,10.0,14.0,19.0,28.0,sigmoid-temperature@rw0.5,17,3.0785714285714287,0.0,1.0,1.0
2026-03-15,SE-M,3,2026-04-05,0.5,6.3756948318086,5.345647060342119,0.0,1.0,3.0,5.0,9.0,12.0,21.0,sigmoid-temperature@rw0.5,11,2.3214285714285716,0.0,1.0,1.0
2026-03-15,SE-M,0,2026-03-15,0.0,34.13187793163447,40.69241412343771,4.0,18.0,26.0,34.0,43.0,51.0,62.0,sigmoid-temperature@rw0,30,3.142857142857143,1.0,1.0,1.0
2026-03-15,SE-M,1,2026-03-22,0.0,18.855815637253187,20.583841711676392,2.0,8.0,13.0,18.0,25.0,31.0,39.0,sigmoid-temperature@rw0,25,2.778571428571429,1.0,1.0,1.0
2026-03-15,SE-M,2,2026-03-29,0.0,10.998766502902669,10.65722165880749,1.0,4.0,6.0,10.0,14.0,20.0,29.0,sigmoid-temperature@rw0,17,3.0857142857142854,0.0,1.0,1.0
2026-03-15,SE-M,3,2026-04-05,0.0,6.356433510691787,5.345647060342119,0.0,1.0,3.0,5.0,8.0,12.0,20.0,sigmoid-temperature@rw0,11,2.5285714285714285,0.0,1.0,1.0
2026-03-15,SE-O,0,2026-03-15,1.0,63.841977718192446,89.62839192322295,4.0,25.0,47.0,64.5,82.0,98.0,121.0,sigmoid-temperature@rw1,80,7.635714285714286,1.0,1.0,1.0
2026-03-15,SE-O,1,2026-03-22,1.0,41.06718692970024,52.99097949837733,2.0,16.0,28.0,40.0,52.0,67.0,88.0,sigmoid-temperature@rw1,50,5.214285714285714,1.0,1.0,1.0
2026-03-15,SE-O,2,2026-03-29,1.0,27.53669116564143,31.55419340655124,1.9750000000000012,8.0,15.0,24.0,36.0,49.10000000000002,71.02499999999998,sigmoid-temperature@rw1,39,6.167500000000001,0.0,1.0,1.0
2026-03-15,SE-O,3,2026-04-05,1.0,18.022726711543346,17.77182157845641,0.0,4.0,8.0,14.0,23.0,35.0,56.02499999999998,sigmoid-temperature@rw1,24,4.071607142857142,0.0,1.0,1.0
2026-03-15,SE-O,0,2026-03-15,0.5,63.84199931730219,89.62839192322295,5.0,26.0,46.75,65.0,80.0,96.10000000000002,118.0,sigmoid-temperature@rw0.5,80,7.327857142857143,1.0,1.0,1.0
2026-03-15,SE-O,1,2026-03-22,0.5,41.058111403904576,52.99097949837733,2.0,15.0,28.0,40.0,52.0,66.0,88.0,sigmoid-temperature@rw0.5,50,5.214285714285714,1.0,1.0,1.0
2026-03-15,SE-O,2,2026-03-29,0.5,27.43852804668397,31.55419340655124,1.0,8.0,15.0,25.0,36.0,48.10000000000002,73.04999999999995,sigmoid-temperature@rw0.5,39,6.0175,0.0,1.0,1.0
2026-03-15,SE-O,3,2026-04-05,0.5,17.737992934913287,17.77182157845641,1.0,4.0,9.0,14.0,22.0,34.0,56.02499999999998,sigmoid-temperature@rw0.5,24,4.17875,0.0,1.0,1.0
2026-03-15,SE-O,0,2026-03-15,0.0,63.84208879414849,89.62839192322295,4.975000000000001,23.0,47.0,66.0,81.0,98.0,118.02499999999998,sigmoid-temperature@rw0,80,7.378928571428572,1.0,1.0,1.0
2026-03-15,SE-O,1,2026-03-22,0.0,41.0588762744921,52.99097949837733,3.0,15.0,28.0,40.0,52.0,65.0,85.02499999999998,sigmoid-temperature@rw0,50,5.157321428571429,1.0,1.0,1.0
2026-03-15,SE-O,2,2026-03-29,0.0,27.42147894620925,31.55419340655124,1.0,9.0,15.0,24.0,36.0,48.0,71.02499999999998,sigmoid-temperature@rw0,39,6.114464285714285,0.0,1.0,1.0
2026-03-15,SE-O,3,2026-04-05,0.0,17.666766080674066,17.77182157845641,0.9750000000000014,4.0,8.0,14.0,23.0,34.10000000000002,58.02499999999998,sigmoid-temperature@rw0,24,4.053214285714286,0.0,1.0,1.0
2026-03-22,SE,0,2026-03-22,1.0,203.0319060518953,256.54645199680283,21.975,82.9,165.75,221.0,253.0,281.0,319.025,sigmoid-temperature@rw1,321,59.72107142857144,0.0,0.0,0.0
2026-03-22,SE,1,2026-03-29,1.0,122.95931100678344,142.7496291019962,10.975,47.0,92.75,123.0,154.0,186.0,231.0,sigmoid-temperature@rw1,223,54.48946428571429,0.0,0.0,1.0
2026-03-22,SE,2,2026-04-05,1.0,76.17504706606404,78.83160551139179,5.975000000000001,27.90000000000001,48.0,71.0,97.0,126.0,177.0,sigmoid-temperature@rw1,187,70.09589285714286,0.0,0.0,0.0
2026-03-22,SE,3,2026-04-12,1.0,56.95911213507408,51.085814590992186,4.0,15.900000000000006,30.0,47.0,70.0,103.0,171.0,sigmoid-temperature@rw1,175,76.53857142857144,0.0,0.0,0.0
2026-03-22,SE,0,2026-03-22,0.5,203.03160034312407,256.54645199680283,18.975,87.9,165.0,219.0,252.0,284.0,321.0,sigmoid-temperature@rw0.5,321,58.831607142857145,0.0,0.0,1.0
2026-03-22,SE,1,2026-03-29,0.5,122.92119400703342,142.7496291019962,10.0,46.900000000000006,90.75,124.0,154.0,186.0,228.025,sigmoid-temperature@rw0.5,223,54.47803571428572,0.0,0.0,1.0
2026-03-22,SE,2,2026-04-05,0.5,75.87743052440976,78.83160551139179,6.0,25.0,47.0,70.0,95.25,127.0,177.0,sigmoid-temperature@rw0.5,187,70.51071428571429,0.0,0.0,0.0
2026-03-22,SE,3,2026-04-12,0.5,56.05166807743773,51.085814590992186,3.0,16.900000000000006,30.0,47.0,70.0,99.10000000000002,152.02499999999998,sigmoid-temperature@rw0.5,175,82.80589285714287,0.0,0.0,0.0
2026-03-22,SE,0,2026-03-22,0.0,203.03148021380065,256.54645199680283,20.975,84.9,164.5,220.0,253.0,285.0,319.04999999999995,sigmoid-temperature@rw0,321,58.867678571428584,0.0,0.0,0.0
2026-03-22,SE,1,2026-03-29,0.0,122.90964174028292,142.7496291019962,9.975,48.900000000000006,90.75,122.0,154.0,187.0,240.04999999999995,sigmoid-temperature@rw0,223,54.53553571428572,0.0,0.0,1.0
2026-03-22,SE,2,2026-04-05,0.0,75.78897611519837,78.83160551139179,5.0,28.0,47.0,71.0,95.0,127.10000000000002,176.0,sigmoid-temperature@rw0,187,70.5957142857143,0.0,0.0,0.0
2026-03-22,SE,3,2026-04-12,0.0,55.78786042876208,51.085814590992186,3.0,17.0,30.0,48.0,69.0,98.0,154.02499999999998,sigmoid-temperature@rw0,175,82.60017857142859,0.0,0.0,0.0
2026-03-22,SE-M,0,2026-03-22,1.0,15.281767738859363,15.95269359849767,3.0,7.0,11.0,15.0,19.0,24.0,33.0,sigmoid-temperature@rw1,25,4.7,0.0,0.0,1.0
2026-03-22,SE-M,1,2026-03-29,1.0,7.776905303275073,7.219790675935779,0.9750000000000014,2.0,4.0,7.0,10.0,14.0,21.0,sigmoid-temperature@rw1,17,5.200178571428571,0.0,0.0,1.0
2026-03-22,SE-M,2,2026-04-05,1.0,4.095745397846246,3.2674242375631635,0.0,1.0,2.0,3.0,5.0,8.0,13.0,sigmoid-temperature@rw1,11,4.221428571428571,0.0,0.0,1.0
2026-03-22,SE-M,3,2026-04-12,1.0,2.549448607605528,1.7113972700075246,0.0,0.0,1.0,2.0,3.0,5.0,9.0,sigmoid-temperature@rw1,9,4.207142857142857,0.0,0.0,1.0
2026-03-22,SE-M,0,2026-03-22,0.5,15.281768022411429,15.95269359849767,2.0,6.900000000000006,10.75,15.0,19.0,24.0,33.0,sigmoid-temperature@rw0.5,25,4.727857142857142,0.0,0.0,1.0
2026-03-22,SE-M,1,2026-03-29,0.5,7.77586815181129,7.219790675935779,1.0,2.0,4.0,7.0,10.0,14.0,19.0,sigmoid-temperature@rw0.5,17,5.185714285714285,0.0,0.0,1.0
2026-03-22,SE-M,2,2026-04-05,0.5,4.085982381636815,3.2674242375631635,0.0,1.0,2.0,3.0,6.0,8.0,12.0,sigmoid-temperature@rw0.5,11,4.0,0.0,0.0,1.0
2026-03-22,SE-M,3,2026-04-12,0.5,2.5228373740163224,1.7113972700075246,0.0,0.0,1.0,2.0,3.0,5.0,9.0,sigmoid-temperature@rw0.5,9,4.207142857142857,0.0,0.0,1.0
2026-03-22,SE-M,0,2026-03-22,0.0,15.281777923491967,15.95269359849767,2.0,7.0,10.0,15.0,20.0,24.0,30.024999999999977,sigmoid-temperature@rw0,25,4.543035714285714,0.0,0.0,1.0
2026-03-22,SE-M,1,2026-03-29,0.0,7.77604481727206,7.219790675935779,1.0,3.0,4.0,7.0,10.0,14.0,19.0,sigmoid-temperature@rw0,17,5.1571428571428575,0.0,0.0,1.0
2026-03-22,SE-M,2,2026-04-05,0.0,4.08455310182416,3.2674242375631635,0.0,1.0,2.0,3.0,5.0,8.0,12.024999999999975,sigmoid-temperature@rw0,11,4.2144642857142856,0.0,0.0,1.0
2026-03-22,SE-M,3,2026-04-12,0.0,2.516591642420337,1.7113972700075246,0.0,0.0,1.0,2.0,3.0,5.0,8.0,sigmoid-temperature@rw0,9,4.485714285714286,0.0,0.0,0.0
2026-03-22,SE-O,0,2026-03-22,1.0,36.55554693865102,46.08963609487272,2.0,14.0,26.0,37.0,47.0,56.10000000000002,69.02499999999998,sigmoid-temperature@rw1,50,5.895892857142857,0.0,1.0,1.0
2026-03-22,SE-O,1,2026-03-29,1.0,21.91992062767018,24.82421380259333,1.0,7.0,14.0,20.5,28.0,37.0,51.02499999999998,sigmoid-temperature@rw1,39,8.571607142857143,0.0,0.0,1.0
2026-03-22,SE-O,2,2026-04-05,1.0,13.235521558185775,13.022912127046762,0.0,3.0,7.0,11.0,17.0,24.0,41.0,sigmoid-temperature@rw1,24,5.464285714285714,0.0,1.0,1.0
2026-03-22,SE-O,3,2026-04-12,1.0,9.650703564951124,7.99662654901327,0.0,2.0,4.0,7.0,12.0,19.0,31.049999999999955,sigmoid-temperature@rw1,27,10.7075,0.0,0.0,1.0
2026-03-22,SE-O,0,2026-03-22,0.5,36.555547196694896,46.08963609487272,2.9750000000000014,14.0,25.0,36.0,45.0,56.0,68.0,sigmoid-temperature@rw0.5,50,6.5216071428571425,0.0,1.0,1.0
2026-03-22,SE-O,1,2026-03-29,0.5,21.916148114397444,24.82421380259333,1.0,7.0,14.0,20.0,28.0,36.0,49.02499999999998,sigmoid-temperature@rw0.5,39,8.885892857142856,0.0,0.0,1.0
2026-03-22,SE-O,2,2026-04-05,0.5,13.196155523607402,13.022912127046762,0.0,3.0,6.0,11.0,16.25,24.0,37.0,sigmoid-temperature@rw0.5,24,5.667857142857144,0.0,1.0,1.0
2026-03-22,SE-O,3,2026-04-12,0.5,9.5196924076011,7.99662654901327,0.0,2.0,4.0,7.0,12.0,18.0,32.0,sigmoid-temperature@rw0.5,27,10.971428571428572,0.0,0.0,1.0
2026-03-22,SE-O,0,2026-03-22,0.0,36.555580063335206,46.08963609487272,2.9750000000000014,14.0,26.0,36.0,46.0,56.0,68.0,sigmoid-temperature@rw0,50,6.235892857142857,0.0,1.0,1.0
2026-03-22,SE-O,1,2026-03-29,0.0,21.916928526069817,24.82421380259333,1.0,7.0,13.75,20.0,28.0,37.0,49.0,sigmoid-temperature@rw0,39,8.64642857142857,0.0,0.0,1.0
2026-03-22,SE-O,2,2026-04-05,0.0,13.191289380988318,13.022912127046762,0.0,3.0,7.0,11.0,17.0,24.0,41.02499999999998,sigmoid-temperature@rw0,24,5.4644642857142856,0.0,1.0,1.0
2026-03-22,SE-O,3,2026-04-12,0.0,9.490194644579098,7.99662654901327,0.0,2.0,4.0,7.0,12.0,18.0,32.02499999999998,sigmoid-temperature@rw0,27,10.971607142857142,0.0,0.0,1.0
2026-03-29,SE,0,2026-03-29,1.0,156.26761885830794,194.9293041665902,9.975,61.0,123.0,168.0,197.0,223.0,264.17499999999984,sigmoid-temperature@rw1,223,27.01571428571429,0.0,1.0,1.0
2026-03-29,SE,1,2026-04-05,1.0,103.58701024386671,118.69650789928096,7.0,34.900000000000006,74.0,102.0,131.0,163.10000000000002,210.0,sigmoid-temperature@rw1,187,44.155714285714275,0.0,0.0,1.0
2026-03-29,SE,2,2026-04-12,1.0,83.61284893813098,85.5595370528771,5.0,24.0,50.75,76.0,105.0,142.10000000000002,204.025,sigmoid-temperature@rw1,175,52.21375,0.0,0.0,1.0
2026-03-29,SE,3,2026-04-19,1.0,54.589229673595696,48.03482295115679,2.0,13.0,27.0,45.5,68.0,102.10000000000002,164.0,sigmoid-temperature@rw1,106,27.24571428571428,0.0,0.0,1.0
2026-03-29,SE,0,2026-03-29,0.5,156.26692889957388,194.9293041665902,12.975,59.900000000000006,122.0,166.0,196.25,222.0,266.025,sigmoid-temperature@rw0.5,223,27.813928571428573,0.0,0.0,1.0
2026-03-29,SE,1,2026-04-05,0.5,103.52734562477087,118.69650789928096,7.0,36.900000000000006,74.0,102.5,130.0,163.10000000000002,204.025,sigmoid-temperature@rw0.5,187,44.19875,0.0,0.0,1.0
2026-03-29,SE,2,2026-04-12,0.5,83.16641568426094,85.5595370528771,5.0,26.0,50.0,77.0,105.0,137.0,197.0,sigmoid-temperature@rw0.5,175,53.32857142857143,0.0,0.0,1.0
2026-03-29,SE,3,2026-04-19,0.5,53.471271097798194,48.03482295115679,3.0,14.0,27.0,45.0,67.0,96.10000000000002,157.07499999999993,sigmoid-temperature@rw0.5,106,28.989107142857137,0.0,0.0,1.0
2026-03-29,SE,0,2026-03-29,0.0,156.26643458274572,194.9293041665902,10.975,59.900000000000006,123.0,166.0,196.0,224.0,263.0,sigmoid-temperature@rw0,223,27.56017857142857,0.0,1.0,1.0
2026-03-29,SE,1,2026-04-05,0.0,103.49581257292829,118.69650789928096,6.0,37.0,74.0,103.0,132.0,159.10000000000002,202.04999999999995,sigmoid-temperature@rw0,187,44.717499999999994,0.0,0.0,1.0
2026-03-29,SE,2,2026-04-12,0.0,82.97783824877287,85.5595370528771,5.0,26.0,50.0,76.0,106.0,141.0,193.025,sigmoid-temperature@rw0,175,52.20017857142857,0.0,0.0,1.0
2026-03-29,SE,3,2026-04-19,0.0,53.06669294864081,48.03482295115679,3.9750000000000014,13.900000000000006,27.0,45.0,68.0,96.10000000000002,144.04999999999995,sigmoid-temperature@rw0,106,28.677678571428565,0.0,0.0,1.0
2026-03-29,SE-M,0,2026-03-29,1.0,10.010146656840329,10.097170241145744,1.0,4.0,6.0,9.0,13.0,17.0,23.0,sigmoid-temperature@rw1,17,3.3142857142857145,0.0,1.0,1.0
2026-03-29,SE-M,1,2026-04-05,1.0,5.664785313527113,5.038732681823429,0.0,1.0,3.0,5.0,7.0,11.0,15.0,sigmoid-temperature@rw1,11,2.6785714285714284,0.0,1.0,1.0
2026-03-29,SE-M,2,2026-04-12,1.0,3.69283330586868,2.8218498175985203,0.0,0.0,1.0,3.0,5.0,8.0,12.0,sigmoid-temperature@rw1,9,2.885714285714286,0.0,0.0,1.0
2026-03-29,SE-M,3,2026-04-19,1.0,2.050442440600144,1.3003376970646334,0.0,0.0,1.0,1.0,3.0,4.0,8.0,sigmoid-temperature@rw1,8,3.8857142857142857,0.0,0.0,1.0
2026-03-29,SE-M,0,2026-03-29,0.5,10.010108039393751,10.097170241145744,1.0,4.0,6.0,10.0,13.0,16.100000000000023,23.0,sigmoid-temperature@rw0.5,17,3.4028571428571373,0.0,0.0,1.0
2026-03-29,SE-M,1,2026-04-05,0.5,5.662156218279624,5.038732681823429,0.0,2.0,3.0,5.0,7.0,10.0,17.0,sigmoid-temperature@rw0.5,11,2.9214285714285717,0.0,0.0,1.0
2026-03-29,SE-M,2,2026-04-12,0.5,3.6781094417563542,2.8218498175985203,0.0,0.0,1.0,3.0,5.0,7.0,12.0,sigmoid-temperature@rw0.5,9,3.142857142857143,0.0,0.0,1.0
2026-03-29,SE-M,3,2026-04-19,0.5,2.017668118792637,1.3003376970646334,0.0,0.0,0.0,1.0,3.0,5.0,7.0,sigmoid-temperature@rw0.5,8,3.9785714285714286,0.0,0.0,0.0
2026-03-29,SE-M,0,2026-03-29,0.0,10.010078379111674,10.097170241145744,1.0,4.0,6.0,9.0,13.0,17.0,23.024999999999977,sigmoid-temperature@rw0,17,3.314464285714286,0.0,1.0,1.0
2026-03-29,SE-M,1,2026-04-05,0.0,5.660608602190169,5.038732681823429,0.0,1.0,3.0,5.0,8.0,10.0,15.024999999999975,sigmoid-temperature@rw0,11,2.7216071428571427,0.0,0.0,1.0
2026-03-29,SE-M,2,2026-04-12,0.0,3.671189610072655,2.8218498175985203,0.0,1.0,1.0,3.0,5.0,7.0,12.0,sigmoid-temperature@rw0,9,3.1142857142857143,0.0,0.0,1.0
2026-03-29,SE-M,3,2026-04-19,0.0,2.0046831789634183,1.3003376970646334,0.0,0.0,1.0,1.0,3.0,4.0,8.0,sigmoid-temperature@rw0,8,3.8857142857142857,0.0,0.0,1.0
2026-03-29,SE-O,0,2026-03-29,1.0,22.52558127726902,26.4168286023952,1.0,8.0,16.0,22.0,29.0,36.0,46.0,sigmoid-temperature@rw1,39,8.192857142857143,0.0,0.0,1.0
2026-03-29,SE-O,1,2026-04-05,1.0,13.239059952539344,13.771714872265145,0.0,4.0,7.0,12.0,17.0,23.0,34.0,sigmoid-temperature@rw1,24,5.5,0.0,0.0,1.0
2026-03-29,SE-O,2,2026-04-12,1.0,9.49842469696344,8.481973589074302,0.0,2.0,4.0,7.0,12.0,18.0,31.0,sigmoid-temperature@rw1,27,10.964285714285714,0.0,0.0,1.0
2026-03-29,SE-O,3,2026-04-19,1.0,5.441995301675117,3.9938087671725335,0.0,1.0,2.0,4.0,7.0,11.0,19.024999999999977,sigmoid-temperature@rw1,13,4.350178571428571,0.0,0.0,1.0
2026-03-29,SE-O,0,2026-03-29,0.5,22.52546253654841,26.4168286023952,1.0,8.0,15.0,22.0,28.0,37.0,50.0,sigmoid-temperature@rw0.5,39,8.25,0.0,0.0,1.0
2026-03-29,SE-O,1,2026-04-05,0.5,13.23110330990356,13.771714872265145,0.0,4.0,7.75,12.0,17.0,24.0,35.0,sigmoid-temperature@rw0.5,24,5.196428571428571,0.0,1.0,1.0
2026-03-29,SE-O,2,2026-04-12,0.5,9.448653615616973,8.481973589074302,0.0,2.0,4.0,8.0,12.0,19.0,29.024999999999977,sigmoid-temperature@rw0.5,27,10.550178571428573,0.0,0.0,1.0
2026-03-29,SE-O,3,2026-04-19,0.5,5.341550964786722,3.9938087671725335,0.0,1.0,2.0,4.0,7.0,11.0,19.0,sigmoid-temperature@rw0.5,13,4.35,0.0,0.0,1.0
2026-03-29,SE-O,0,2026-03-29,0.0,22.525365998156285,26.4168286023952,1.0,8.0,15.0,21.0,29.0,36.0,49.0,sigmoid-temperature@rw0,39,8.428571428571429,0.0,0.0,1.0
2026-03-29,SE-O,1,2026-04-05,0.0,13.226045370011374,13.771714872265145,1.0,4.0,7.0,12.0,17.0,23.0,36.02499999999998,sigmoid-temperature@rw0,24,5.507321428571428,0.0,0.0,1.0
2026-03-29,SE-O,2,2026-04-12,0.0,9.423107660154072,8.481973589074302,0.0,2.0,4.0,8.0,12.0,18.0,29.0,sigmoid-temperature@rw0,27,10.807142857142859,0.0,0.0,1.0
2026-03-29,SE-O,3,2026-04-19,0.0,5.2993576796223305,3.9938087671725335,0.0,1.0,2.0,4.0,7.0,11.0,20.0,sigmoid-temperature@rw0,13,4.357142857142857,0.0,0.0,1.0
2026-04-05,SE,0,2026-04-05,1.0,118.17748733625932,140.9593717012093,8.0,39.0,90.75,124.0,149.0,170.10000000000002,215.0,sigmoid-temperature@rw1,187,34.07071428571428,0.0,0.0,1.0
2026-04-05,SE,1,2026-04-12,1.0,98.12609722178674,107.01420827449046,5.0,33.0,66.0,96.0,123.0,155.0,196.07499999999996,sigmoid-temperature@rw1,175,40.779107142857136,0.0,0.0,1.0
2026-04-05,SE,2,2026-04-19,1.0,66.04732390494281,63.73798679900819,3.0,19.0,39.0,58.0,82.0,115.0,167.0,sigmoid-temperature@rw1,106,20.699999999999996,0.0,1.0,1.0
2026-04-05,SE,3,2026-04-26,1.0,47.97231490901757,39.57939291281777,3.0,10.0,22.0,38.0,57.0,90.10000000000002,154.19999999999982,sigmoid-temperature@rw1,89,22.29714285714286,0.0,1.0,1.0
2026-04-05,SE,0,2026-04-05,0.5,118.17763069211556,140.9593717012093,6.975000000000001,40.0,89.75,124.0,148.25,171.10000000000002,211.04999999999995,sigmoid-temperature@rw0.5,187,33.99624999999999,0.0,0.0,1.0
2026-04-05,SE,1,2026-04-12,0.5,98.10796243872043,107.01420827449046,6.0,30.90000000000001,68.0,97.0,123.0,155.0,204.025,sigmoid-temperature@rw0.5,175,40.60303571428572,0.0,0.0,1.0
2026-04-05,SE,2,2026-04-19,0.5,65.8296321488535,63.73798679900819,3.9750000000000014,20.0,38.0,58.0,82.0,116.0,164.0,sigmoid-temperature@rw0.5,106,20.743035714285714,0.0,1.0,1.0
2026-04-05,SE,3,2026-04-26,0.5,47.18209343951548,39.57939291281777,3.0,11.0,23.0,38.0,57.0,89.0,141.1249999999999,sigmoid-temperature@rw0.5,89,22.072321428571428,0.0,1.0,1.0
2026-04-05,SE,0,2026-04-05,0.0,118.17792795475827,140.9593717012093,7.975000000000001,40.900000000000006,89.0,124.0,146.0,170.10000000000002,209.025,sigmoid-temperature@rw0,187,34.74178571428571,0.0,0.0,1.0
2026-04-05,SE,1,2026-04-12,0.0,98.11303151971696,107.01420827449046,5.975000000000001,31.90000000000001,66.0,96.0,124.0,156.0,203.025,sigmoid-temperature@rw0,175,40.38178571428572,0.0,0.0,1.0
2026-04-05,SE,2,2026-04-19,0.0,65.80386078499849,63.73798679900819,4.0,18.90000000000001,38.0,58.5,81.0,117.10000000000002,163.0999999999999,sigmoid-temperature@rw0,106,20.94214285714286,0.0,1.0,1.0
2026-04-05,SE,3,2026-04-26,0.0,47.01110314555065,39.57939291281777,2.0,11.0,23.0,38.0,58.0,90.0,139.07499999999993,sigmoid-temperature@rw0,89,21.879107142857144,0.0,1.0,1.0
2026-04-05,SE-M,0,2026-04-05,1.0,7.427651571359162,7.136961663955575,0.0,2.0,4.0,7.0,10.0,13.0,19.0,sigmoid-temperature@rw1,11,1.7357142857142855,0.0,1.0,1.0
2026-04-05,SE-M,1,2026-04-12,1.0,5.126000924254569,4.323195750133907,0.0,1.0,2.0,4.0,7.0,10.0,15.0,sigmoid-temperature@rw1,9,2.007142857142857,0.0,1.0,1.0
2026-04-05,SE-M,2,2026-04-19,1.0,2.9915535347449245,2.1281897806367387,0.0,0.0,1.0,2.0,4.0,6.0,11.0,sigmoid-temperature@rw1,8,3.0357142857142856,0.0,0.0,1.0
2026-04-05,SE-M,3,2026-04-26,1.0,2.0567600771548307,1.2137217715860786,0.0,0.0,0.0,1.0,3.0,5.0,8.024999999999977,sigmoid-temperature@rw1,6,2.271607142857143,0.0,0.0,1.0
2026-04-05,SE-M,0,2026-04-05,0.5,7.427651821881405,7.136961663955575,0.0,2.0,4.0,7.0,9.25,12.100000000000025,19.0,sigmoid-temperature@rw0.5,11,1.8707142857142862,0.0,1.0,1.0
2026-04-05,SE-M,1,2026-04-12,0.5,5.125092740528608,4.323195750133907,0.0,1.0,2.0,4.0,7.0,10.0,15.024999999999975,sigmoid-temperature@rw0.5,9,2.0073214285714287,0.0,1.0,1.0
2026-04-05,SE-M,2,2026-04-19,0.5,2.982066728566476,2.1281897806367387,0.0,0.0,1.0,2.0,4.0,7.0,10.024999999999975,sigmoid-temperature@rw0.5,8,2.7716071428571425,0.0,0.0,1.0
2026-04-05,SE-M,3,2026-04-26,0.5,2.026486216151049,1.2137217715860786,0.0,0.0,0.0,1.0,3.0,5.0,8.0,sigmoid-temperature@rw0.5,6,2.2714285714285714,0.0,0.0,1.0
2026-04-05,SE-M,0,2026-04-05,0.0,7.427658393982782,7.136961663955575,0.0,2.0,4.0,7.0,10.0,13.0,18.0,sigmoid-temperature@rw0,11,1.7285714285714284,0.0,1.0,1.0
2026-04-05,SE-M,1,2026-04-12,0.0,5.125059587290993,4.323195750133907,0.0,1.0,2.0,4.0,7.0,10.0,16.0,sigmoid-temperature@rw0,9,2.0142857142857147,0.0,1.0,1.0
2026-04-05,SE-M,2,2026-04-19,0.0,2.980221580692261,2.1281897806367387,0.0,0.0,1.0,2.0,4.0,6.0,11.0,sigmoid-temperature@rw0,8,3.0357142857142856,0.0,0.0,1.0
2026-04-05,SE-M,3,2026-04-26,0.0,2.019824487757355,1.2137217715860786,0.0,0.0,0.0,1.0,3.0,5.0,8.0,sigmoid-temperature@rw0,6,2.2714285714285714,0.0,0.0,1.0
2026-04-05,SE-O,0,2026-04-05,1.0,16.795085628019685,19.12102087365848,1.0,5.0,10.0,16.0,21.0,27.0,39.0,sigmoid-temperature@rw1,24,3.6857142857142855,0.0,1.0,1.0
2026-04-05,SE-O,1,2026-04-12,1.0,12.718969174336063,12.789586943978902,0.0,3.0,7.0,11.0,16.0,23.0,37.02499999999998,sigmoid-temperature@rw1,27,8.050178571428571,0.0,0.0,1.0
2026-04-05,SE-O,2,2026-04-19,1.0,7.677384904225029,6.551663697467499,0.0,1.0,3.0,6.0,10.0,15.0,27.0,sigmoid-temperature@rw1,13,2.95,0.0,1.0,1.0
2026-04-05,SE-O,3,2026-04-26,1.0,4.9639816327761785,3.4853195427832286,0.0,0.0,1.0,3.0,6.0,10.0,21.024999999999977,sigmoid-temperature@rw1,7,1.6501785714285713,0.0,1.0,1.0
2026-04-05,SE-O,0,2026-04-05,0.5,16.795099039682757,19.12102087365848,0.0,5.0,10.0,16.0,22.0,28.0,40.0,sigmoid-temperature@rw0.5,24,3.5142857142857147,0.0,1.0,1.0
2026-04-05,SE-O,1,2026-04-12,0.5,12.716777172970335,12.789586943978902,0.0,3.0,7.0,11.0,16.0,23.0,34.0,sigmoid-temperature@rw0.5,27,8.028571428571428,0.0,0.0,1.0
2026-04-05,SE-O,2,2026-04-19,0.5,7.657771834499001,6.551663697467499,0.0,1.0,3.0,6.0,10.0,15.0,25.0,sigmoid-temperature@rw0.5,13,2.935714285714286,0.0,1.0,1.0
2026-04-05,SE-O,3,2026-04-26,0.5,4.909692551574495,3.4853195427832286,0.0,0.0,2.0,3.0,6.0,10.0,17.0,sigmoid-temperature@rw0.5,7,1.55,0.0,1.0,1.0
2026-04-05,SE-O,0,2026-04-05,0.0,16.79513096921615,19.12102087365848,1.0,5.0,10.0,16.0,21.25,28.0,40.02499999999998,sigmoid-temperature@rw0,24,3.6680357142857143,0.0,1.0,1.0
2026-04-05,SE-O,1,2026-04-12,0.0,12.717175539411386,12.789586943978902,0.0,3.0,7.0,11.0,16.0,23.0,37.0,sigmoid-temperature@rw0,27,8.05,0.0,0.0,1.0
2026-04-05,SE-O,2,2026-04-19,0.0,7.657426706243458,6.551663697467499,0.0,1.0,3.0,6.0,10.0,15.0,27.0,sigmoid-temperature@rw0,13,2.95,0.0,1.0,1.0
2026-04-05,SE-O,3,2026-04-26,0.0,4.909815008258675,3.4853195427832286,0.0,0.0,2.0,3.0,6.0,10.0,19.0,sigmoid-temperature@rw0,7,1.5642857142857143,0.0,1.0,1.0
2026-04-12,SE,0,2026-04-12,1.0,134.86107400624053,154.82884554617985,6.975000000000001,40.900000000000006,97.0,140.0,168.0,197.0,252.07499999999996,sigmoid-temperature@rw1,175,18.282142857142855,0.0,1.0,1.0
2026-04-12,SE,1,2026-04-19,1.0,103.59266906023048,108.19161437737856,6.0,30.0,67.0,99.0,128.0,168.10000000000002,232.025,sigmoid-temperature@rw1,106,10.917321428571428,1.0,1.0,1.0
2026-04-12,SE,2,2026-04-26,1.0,84.19642200209346,77.67654329320958,4.0,23.0,46.0,71.0,104.0,152.10000000000002,245.0999999999999,sigmoid-temperature@rw1,89,12.125,1.0,1.0,1.0
2026-04-12,SE,3,2026-05-03,1.0,69.01028742930568,54.45009291525498,3.0,15.0,29.0,50.0,83.25,134.20000000000005,245.0999999999999,sigmoid-temperature@rw1,74,12.438571428571427,1.0,1.0,1.0
2026-04-12,SE,0,2026-04-12,0.5,134.86151602694582,154.82884554617985,6.0,46.0,98.0,139.0,169.0,198.0,250.0,sigmoid-temperature@rw0.5,175,18.014285714285716,0.0,1.0,1.0
2026-04-12,SE,1,2026-04-19,0.5,103.58388250905294,108.19161437737856,6.0,28.90000000000001,67.0,98.0,129.0,165.10000000000002,236.07499999999996,sigmoid-temperature@rw0.5,106,11.106250000000001,1.0,1.0,1.0
2026-04-12,SE,2,2026-04-26,0.5,83.91754468826524,77.67654329320958,4.0,20.0,46.0,71.0,102.25,148.0,238.04999999999995,sigmoid-temperature@rw0.5,89,11.918214285714285,1.0,1.0,1.0
2026-04-12,SE,3,2026-05-03,0.5,67.85606820147378,54.45009291525498,2.0,15.0,30.0,51.0,81.25,132.10000000000002,239.4499999999996,sigmoid-temperature@rw0.5,74,11.988214285714283,1.0,1.0,1.0
2026-04-12,SE,0,2026-04-12,0.0,134.86213177324973,154.82884554617985,8.0,45.0,101.0,137.5,167.25,199.0,252.2249999999998,sigmoid-temperature@rw0,175,18.448035714285712,0.0,1.0,1.0
2026-04-12,SE,1,2026-04-19,0.0,103.60367564898876,108.19161437737856,5.975000000000001,30.0,67.0,99.0,129.0,170.10000000000002,237.04999999999995,sigmoid-temperature@rw0,106,11.081964285714287,1.0,1.0,1.0
2026-04-12,SE,2,2026-04-26,0.0,83.93318224116878,77.67654329320958,4.0,21.90000000000001,46.0,71.0,102.0,150.0,241.0,sigmoid-temperature@rw0,89,11.924285714285714,1.0,1.0,1.0
2026-04-12,SE,3,2026-05-03,0.0,67.67213361539675,54.45009291525498,3.0,14.0,31.0,52.0,81.0,131.10000000000002,235.07499999999996,sigmoid-temperature@rw0,74,11.717678571428573,1.0,1.0,1.0
2026-04-12,SE-M,0,2026-04-12,1.0,6.267827834170923,5.589415720245276,0.0,1.0,3.0,5.0,8.0,11.100000000000025,17.0,sigmoid-temperature@rw1,9,1.624285714285715,0.0,1.0,1.0
2026-04-12,SE-M,1,2026-04-19,1.0,3.771384158313872,2.8938827762895767,0.0,0.0,2.0,3.0,5.0,7.0,12.024999999999975,sigmoid-temperature@rw1,8,2.3573214285714283,0.0,0.0,1.0
2026-04-12,SE-M,2,2026-04-26,1.0,2.6483870914619736,1.704721067611239,0.0,0.0,1.0,2.0,3.0,5.0,10.0,sigmoid-temperature@rw1,6,2.0714285714285716,0.0,0.0,1.0
2026-04-12,SE-M,3,2026-05-03,1.0,1.8985635498162772,1.0246632499589223,0.0,0.0,0.0,1.0,2.0,4.0,8.0,sigmoid-temperature@rw1,2,0.45714285714285713,1.0,1.0,1.0
2026-04-12,SE-M,0,2026-04-12,0.5,6.267837959018682,5.589415720245276,0.0,2.0,3.0,5.0,8.0,11.0,17.0,sigmoid-temperature@rw0.5,9,1.592857142857143,0.0,1.0,1.0
2026-04-12,SE-M,1,2026-04-19,0.5,3.770941607477172,2.8938827762895767,0.0,0.0,2.0,3.0,5.0,7.100000000000023,13.0,sigmoid-temperature@rw0.5,8,2.3385714285714228,0.0,0.0,1.0
2026-04-12,SE-M,2,2026-04-26,0.5,2.6402712256222567,1.704721067611239,0.0,0.0,1.0,2.0,3.0,6.0,10.0,sigmoid-temperature@rw0.5,6,1.8142857142857143,0.0,1.0,1.0
2026-04-12,SE-M,3,2026-05-03,0.5,1.8718543801068048,1.0246632499589223,0.0,0.0,0.0,1.0,2.0,4.0,8.0,sigmoid-temperature@rw0.5,2,0.45714285714285713,1.0,1.0,1.0
2026-04-12,SE-M,0,2026-04-12,0.0,6.267854210017979,5.589415720245276,0.0,2.0,3.0,5.0,8.0,11.0,17.0,sigmoid-temperature@rw0,9,1.592857142857143,0.0,1.0,1.0
2026-04-12,SE-M,1,2026-04-19,0.0,3.7714141596382538,2.8938827762895767,0.0,0.0,2.0,3.0,5.0,8.0,12.024999999999975,sigmoid-temperature@rw0,8,2.1001785714285712,0.0,1.0,1.0
2026-04-12,SE-M,2,2026-04-26,0.0,2.640181213220105,1.704721067611239,0.0,0.0,1.0,2.0,4.0,6.0,10.024999999999975,sigmoid-temperature@rw0,6,1.6001785714285712,0.0,1.0,1.0
2026-04-12,SE-M,3,2026-05-03,0.0,1.8676901363184444,1.0246632499589223,0.0,0.0,0.0,1.0,2.0,4.0,8.0,sigmoid-temperature@rw0,2,0.45714285714285713,1.0,1.0,1.0
2026-04-12,SE-O,0,2026-04-12,1.0,14.337695466143083,15.16852842198575,0.0,4.0,8.0,13.0,19.0,25.0,34.0,sigmoid-temperature@rw1,27,6.485714285714287,0.0,0.0,1.0
2026-04-12,SE-O,1,2026-04-19,1.0,8.900069566269227,8.181049492923005,0.0,2.0,4.0,7.0,12.0,17.0,25.0,sigmoid-temperature@rw1,13,2.3214285714285716,0.0,1.0,1.0
2026-04-12,SE-O,2,2026-04-26,1.0,5.854591639514193,4.53573082044295,0.0,1.0,2.0,4.0,7.0,11.0,23.024999999999977,sigmoid-temperature@rw1,7,1.2358928571428571,1.0,1.0,1.0
2026-04-12,SE-O,3,2026-05-03,1.0,3.9339882864892566,2.5078870271284157,0.0,0.0,1.0,2.0,5.0,9.0,17.0,sigmoid-temperature@rw1,7,1.95,0.0,1.0,1.0
2026-04-12,SE-O,0,2026-04-12,0.5,14.337793818794127,15.16852842198575,0.0,4.0,8.0,13.0,18.0,24.0,35.0,sigmoid-temperature@rw0.5,27,6.964285714285714,0.0,0.0,1.0
2026-04-12,SE-O,1,2026-04-19,0.5,8.903004017963491,8.181049492923005,0.0,2.0,4.0,7.0,11.0,17.0,26.0,sigmoid-temperature@rw0.5,13,2.542857142857143,0.0,1.0,1.0
2026-04-12,SE-O,2,2026-04-26,0.5,5.8575125001481085,4.53573082044295,0.0,1.0,2.0,4.0,7.0,11.0,20.024999999999977,sigmoid-temperature@rw0.5,7,1.2144642857142856,1.0,1.0,1.0
2026-04-12,SE-O,3,2026-05-03,0.5,3.914986120323365,2.5078870271284157,0.0,0.0,1.0,2.0,5.0,8.0,17.049999999999955,sigmoid-temperature@rw0.5,7,1.9217857142857138,0.0,1.0,1.0
2026-04-12,SE-O,0,2026-04-12,0.0,14.337905240724156,15.16852842198575,0.0,4.0,8.0,13.0,19.0,24.0,34.02499999999998,sigmoid-temperature@rw0,27,6.743035714285715,0.0,0.0,1.0
2026-04-12,SE-O,1,2026-04-19,0.0,8.907816563935192,8.181049492923005,0.0,2.0,4.0,7.0,11.0,17.0,26.0,sigmoid-temperature@rw0,13,2.542857142857143,0.0,1.0,1.0
2026-04-12,SE-O,2,2026-04-26,0.0,5.87706550494426,4.53573082044295,0.0,1.0,2.0,4.0,7.0,12.0,21.024999999999977,sigmoid-temperature@rw0,7,1.2501785714285714,1.0,1.0,1.0
2026-04-12,SE-O,3,2026-05-03,0.0,3.9426845175460095,2.5078870271284157,0.0,0.0,1.0,3.0,5.0,8.0,17.0,sigmoid-temperature@rw0,7,1.7785714285714285,0.0,1.0,1.0
2026-04-19,SE,0,2026-04-19,1.0,118.65953718270713,128.8151287285881,7.0,38.0,84.0,120.0,147.0,176.0,248.0,sigmoid-temperature@rw1,106,12.164285714285713,1.0,1.0,1.0
2026-04-19,SE,1,2026-04-26,1.0,102.7006405690484,101.38066547775342,5.0,28.0,63.0,94.0,125.0,166.10000000000002,252.025,sigmoid-temperature@rw1,89,10.853035714285713,1.0,1.0,1.0
2026-04-19,SE,2,2026-05-03,1.0,87.04341175631792,76.38517380886724,4.0,21.0,44.0,70.0,106.25,158.10000000000002,280.025,sigmoid-temperature@rw1,74,10.906607142857142,1.0,1.0,1.0
2026-04-19,SE,3,2026-05-10,1.0,84.23184302016735,64.27934172958712,3.0,17.0,34.0,60.0,100.0,168.0,326.1249999999999,sigmoid-temperature@rw1,65,12.050892857142857,1.0,1.0,1.0
2026-04-19,SE,0,2026-04-19,0.5,118.65972417163172,128.8151287285881,7.0,34.0,83.75,118.0,145.0,177.0,251.0,sigmoid-temperature@rw0.5,106,11.917857142857143,1.0,1.0,1.0
2026-04-19,SE,1,2026-04-26,0.5,102.6758608468858,101.38066547775342,4.0,28.0,64.75,95.0,123.25,168.0,251.2249999999998,sigmoid-temperature@rw0.5,89,10.80160714285714,1.0,1.0,1.0
2026-04-19,SE,2,2026-05-03,0.5,86.72008830794314,76.38517380886724,3.0,19.0,44.0,71.0,105.0,157.0,275.04999999999995,sigmoid-temperature@rw0.5,74,10.671785714285715,1.0,1.0,1.0
2026-04-19,SE,3,2026-05-10,0.5,82.9175969763753,64.27934172958712,4.0,17.0,35.0,59.0,99.0,161.0,308.1249999999999,sigmoid-temperature@rw0.5,65,11.71517857142857,1.0,1.0,1.0
2026-04-19,SE,0,2026-04-19,0.0,118.66011953471872,128.8151287285881,6.0,35.900000000000006,83.0,120.0,146.0,174.0,251.04999999999995,sigmoid-temperature@rw0,106,12.196071428571429,1.0,1.0,1.0
2026-04-19,SE,1,2026-04-26,0.0,102.68623221860244,101.38066547775342,4.0,29.0,64.75,94.0,124.0,169.0,254.0,sigmoid-temperature@rw0,89,10.732142857142858,1.0,1.0,1.0
2026-04-19,SE,2,2026-05-03,0.0,86.71352363394014,76.38517380886724,4.0,21.0,44.0,71.0,105.25,156.10000000000002,257.07499999999993,sigmoid-temperature@rw0,74,10.471250000000001,1.0,1.0,1.0
2026-04-19,SE,3,2026-05-10,0.0,82.73538364660172,64.27934172958712,3.0,17.0,34.0,59.0,102.0,164.0,303.025,sigmoid-temperature@rw0,65,12.057321428571429,1.0,1.0,1.0
2026-04-19,SE-M,0,2026-04-19,1.0,4.773697846396263,3.860896131646466,0.0,1.0,2.0,4.0,6.0,9.0,15.024999999999975,sigmoid-temperature@rw1,8,1.7644642857142856,0.0,1.0,1.0
2026-04-19,SE-M,1,2026-04-26,1.0,3.62141885519824,2.490527712328073,0.0,0.0,1.0,3.0,5.0,8.0,13.0,sigmoid-temperature@rw1,6,1.3214285714285714,0.0,1.0,1.0
2026-04-19,SE-M,2,2026-05-03,1.0,2.694277371114444,1.5610212188171568,0.0,0.0,1.0,2.0,3.0,6.0,11.0,sigmoid-temperature@rw1,2,0.39285714285714285,1.0,1.0,1.0
2026-04-19,SE-M,3,2026-05-10,1.0,2.307802314985221,1.1261989144860358,0.0,0.0,0.0,1.0,3.0,5.0,11.024999999999975,sigmoid-temperature@rw1,7,3.0073214285714287,0.0,0.0,1.0
2026-04-19,SE-M,0,2026-04-19,0.5,4.7736830565342165,3.860896131646466,0.0,1.0,2.0,4.0,6.0,9.0,14.0,sigmoid-temperature@rw0.5,8,1.757142857142857,0.0,1.0,1.0
2026-04-19,SE-M,1,2026-04-26,0.5,3.619898410051273,2.490527712328073,0.0,0.0,1.0,3.0,4.0,7.0,13.0,sigmoid-temperature@rw0.5,6,1.5071428571428573,0.0,1.0,1.0
2026-04-19,SE-M,2,2026-05-03,0.5,2.6839567086418565,1.5610212188171568,0.0,0.0,1.0,2.0,3.0,6.0,11.0,sigmoid-temperature@rw0.5,2,0.39285714285714285,1.0,1.0,1.0
2026-04-19,SE-M,3,2026-05-10,0.5,2.277316113051099,1.1261989144860358,0.0,0.0,0.0,1.0,3.0,5.0,10.0,sigmoid-temperature@rw0.5,7,3.0,0.0,0.0,1.0
2026-04-19,SE-M,0,2026-04-19,0.0,4.773674530030135,3.860896131646466,0.0,1.0,2.0,4.0,6.0,9.0,13.0,sigmoid-temperature@rw0,8,1.75,0.0,1.0,1.0
2026-04-19,SE-M,1,2026-04-26,0.0,3.619309965000668,2.490527712328073,0.0,0.0,1.0,3.0,5.0,7.0,14.0,sigmoid-temperature@rw0,6,1.3,0.0,1.0,1.0
2026-04-19,SE-M,2,2026-05-03,0.0,2.681042130168146,1.5610212188171568,0.0,0.0,1.0,2.0,3.0,6.0,11.0,sigmoid-temperature@rw0,2,0.39285714285714285,1.0,1.0,1.0
2026-04-19,SE-M,3,2026-05-10,0.0,2.269832670146715,1.1261989144860358,0.0,0.0,0.0,1.0,3.0,5.0,10.0,sigmoid-temperature@rw0,7,3.0,0.0,0.0,1.0
2026-04-19,SE-O,0,2026-04-19,1.0,13.155770120034202,13.21732899780191,0.0,3.0,7.0,12.0,16.0,23.0,35.02499999999998,sigmoid-temperature@rw1,13,1.6073214285714283,1.0,1.0,1.0
2026-04-19,SE-O,1,2026-04-26,1.0,9.609571579547188,8.415630151022492,0.0,2.0,4.0,8.0,12.0,18.0,33.0,sigmoid-temperature@rw1,7,1.407142857142857,1.0,1.0,1.0
2026-04-19,SE-O,2,2026-05-03,1.0,7.020646674019823,5.231439322132594,0.0,1.0,2.0,5.0,8.25,14.100000000000025,30.0,sigmoid-temperature@rw1,7,1.3207142857142864,1.0,1.0,1.0
2026-04-19,SE-O,3,2026-05-10,1.0,6.110216204917849,3.7773184518002183,0.0,0.0,2.0,4.0,7.0,13.0,28.024999999999977,sigmoid-temperature@rw1,7,1.3573214285714283,1.0,1.0,1.0
2026-04-19,SE-O,0,2026-04-19,0.5,13.155832372762484,13.21732899780191,0.0,3.0,7.0,11.0,16.0,23.0,34.0,sigmoid-temperature@rw0.5,13,1.7428571428571427,1.0,1.0,1.0
2026-04-19,SE-O,1,2026-04-26,0.5,9.61024564213051,8.415630151022492,0.0,2.0,4.0,8.0,12.0,18.0,32.02499999999998,sigmoid-temperature@rw0.5,7,1.400178571428571,1.0,1.0,1.0
2026-04-19,SE-O,2,2026-05-03,0.5,7.007163940765049,5.231439322132594,0.0,1.0,2.0,5.0,8.0,14.0,30.024999999999977,sigmoid-temperature@rw0.5,7,1.3001785714285712,1.0,1.0,1.0
2026-04-19,SE-O,3,2026-05-10,0.5,6.035321895783994,3.7773184518002183,0.0,0.0,2.0,4.0,7.0,13.0,28.0,sigmoid-temperature@rw0.5,7,1.3571428571428572,1.0,1.0,1.0
2026-04-19,SE-O,0,2026-04-19,0.0,13.155911771544933,13.21732899780191,0.0,3.0,7.0,11.0,16.25,23.0,34.0,sigmoid-temperature@rw0,13,1.7607142857142857,1.0,1.0,1.0
2026-04-19,SE-O,1,2026-04-26,0.0,9.613543442910974,8.415630151022492,0.0,2.0,4.0,8.0,12.0,18.0,33.0,sigmoid-temperature@rw0,7,1.407142857142857,1.0,1.0,1.0
2026-04-19,SE-O,2,2026-05-03,0.0,7.015374980420108,5.231439322132594,0.0,1.0,2.0,5.0,8.0,14.0,29.024999999999977,sigmoid-temperature@rw0,7,1.2930357142857143,1.0,1.0,1.0
2026-04-19,SE-O,3,2026-05-10,0.0,6.031822552459364,3.7773184518002183,0.0,0.0,2.0,4.0,7.0,13.0,27.0,sigmoid-temperature@rw0,7,1.3499999999999999,1.0,1.0,1.0
2026-04-26,SE,0,2026-04-26,1.0,77.50446666087386,77.38005009808046,5.0,22.0,52.0,72.0,92.25,116.0,180.04999999999995,sigmoid-temperature@rw1,89,9.239642857142856,1.0,1.0,1.0
2026-04-26,SE,1,2026-05-03,1.0,55.32976602910315,50.170586832442254,3.0,15.0,32.75,47.0,65.0,91.10000000000002,159.14999999999986,sigmoid-temperature@rw1,74,12.021785714285713,0.0,1.0,1.0
2026-04-26,SE,2,2026-05-10,1.0,47.33793255529966,38.19479840526081,2.0,11.0,24.0,38.0,56.0,86.0,146.02499999999998,sigmoid-temperature@rw1,65,11.885892857142858,0.0,1.0,1.0
2026-04-26,SE,3,2026-05-17,1.0,34.11830230346696,23.785160098264868,2.0,7.0,14.0,23.0,40.0,66.0,125.09999999999992,sigmoid-temperature@rw1,53,12.422142857142857,0.0,1.0,1.0
2026-04-26,SE,0,2026-04-26,0.5,77.50458349465492,77.38005009808046,4.975000000000001,22.90000000000001,52.0,74.0,93.0,116.0,179.07499999999993,sigmoid-temperature@rw0.5,89,8.975,1.0,1.0,1.0
2026-04-26,SE,1,2026-05-03,0.5,55.32071478156966,50.170586832442254,3.0,17.0,32.0,48.0,67.0,88.10000000000002,148.0,sigmoid-temperature@rw0.5,74,11.281428571428572,0.0,1.0,1.0
2026-04-26,SE,2,2026-05-10,0.5,47.19468746325111,38.19479840526081,2.0,12.0,24.0,37.5,55.0,84.0,153.04999999999995,sigmoid-temperature@rw0.5,65,12.136071428571428,0.0,1.0,1.0
2026-04-26,SE,3,2026-05-17,0.5,33.621286497246416,23.785160098264868,2.0,6.0,14.0,24.0,40.0,64.0,112.0,sigmoid-temperature@rw0.5,53,12.157142857142857,0.0,1.0,1.0
2026-04-26,SE,0,2026-04-26,0.0,77.50479201725977,77.38005009808046,4.0,22.0,53.0,74.0,94.0,115.0,180.04999999999995,sigmoid-temperature@rw0,89,8.98607142857143,1.0,1.0,1.0
2026-04-26,SE,1,2026-05-03,0.0,55.3249823166709,50.170586832442254,3.0,15.0,33.0,48.0,66.0,90.10000000000002,155.0,sigmoid-temperature@rw0,74,11.588571428571429,0.0,1.0,1.0
2026-04-26,SE,2,2026-05-10,0.0,47.17644970064055,38.19479840526081,2.9750000000000014,12.0,24.0,37.0,55.0,85.0,150.02499999999998,sigmoid-temperature@rw0,65,12.207499999999998,0.0,1.0,1.0
2026-04-26,SE,3,2026-05-17,0.0,33.49969371227962,23.785160098264868,2.0,8.0,14.0,24.0,38.0,63.10000000000002,115.12499999999989,sigmoid-temperature@rw0,53,12.525178571428572,0.0,1.0,1.0
2026-04-26,SE-M,0,2026-04-26,1.0,5.161959750872071,3.784149765203463,0.0,1.0,2.0,4.0,6.0,10.0,16.0,sigmoid-temperature@rw1,6,0.9428571428571428,1.0,1.0,1.0
2026-04-26,SE-M,1,2026-05-03,1.0,4.044951645859413,2.539555044776125,0.0,0.0,1.0,3.0,5.0,8.0,17.0,sigmoid-temperature@rw1,2,0.7785714285714285,1.0,1.0,1.0
2026-04-26,SE-M,2,2026-05-10,1.0,3.608988978856266,1.910871232329029,0.0,0.0,1.0,2.0,4.0,8.0,18.0,sigmoid-temperature@rw1,7,2.142857142857143,0.0,1.0,1.0
2026-04-26,SE-M,3,2026-05-17,1.0,2.778692431084159,1.235802392061428,0.0,0.0,0.0,1.0,3.0,6.0,14.024999999999975,sigmoid-temperature@rw1,0,0.6287499999999999,1.0,1.0,1.0
2026-04-26,SE-M,0,2026-04-26,0.5,5.161950133985567,3.784149765203463,0.0,1.0,2.0,4.0,6.0,10.0,17.0,sigmoid-temperature@rw0.5,6,0.9500000000000001,1.0,1.0,1.0
2026-04-26,SE-M,1,2026-05-03,0.5,4.043221336733351,2.539555044776125,0.0,0.0,1.0,3.0,5.0,8.0,15.0,sigmoid-temperature@rw0.5,2,0.7642857142857142,1.0,1.0,1.0
2026-04-26,SE-M,2,2026-05-10,0.5,3.593371417387838,1.910871232329029,0.0,0.0,1.0,2.0,4.0,8.0,16.0,sigmoid-temperature@rw0.5,7,2.1285714285714286,0.0,1.0,1.0
2026-04-26,SE-M,3,2026-05-17,0.5,2.73320423756582,1.235802392061428,0.0,0.0,0.0,2.0,3.0,5.0,14.0,sigmoid-temperature@rw0.5,0,0.7428571428571429,1.0,1.0,1.0
2026-04-26,SE-M,0,2026-04-26,0.0,5.16194729712374,3.784149765203463,0.0,1.0,2.0,4.0,6.0,9.0,17.0,sigmoid-temperature@rw0,6,0.9214285714285714,1.0,1.0,1.0
2026-04-26,SE-M,1,2026-05-03,0.0,4.042498147379005,2.539555044776125,0.0,0.0,1.0,3.0,5.0,8.0,16.024999999999977,sigmoid-temperature@rw0,2,0.7716071428571426,1.0,1.0,1.0
2026-04-26,SE-M,2,2026-05-10,0.0,3.5873621210995847,1.910871232329029,0.0,0.0,1.0,2.0,4.0,8.0,17.024999999999977,sigmoid-temperature@rw0,7,2.135892857142857,0.0,1.0,1.0
2026-04-26,SE-M,3,2026-05-17,0.0,2.717121771229663,1.235802392061428,0.0,0.0,0.0,1.0,3.0,6.0,13.0,sigmoid-temperature@rw0,0,0.6214285714285716,1.0,1.0,1.0
2026-04-26,SE-O,0,2026-04-26,1.0,8.9217814151631,8.13410547862016,0.0,2.0,4.0,7.0,11.0,16.0,27.0,sigmoid-temperature@rw1,7,1.092857142857143,1.0,1.0,1.0
2026-04-26,SE-O,1,2026-05-03,1.0,6.108060722711132,4.849977252847698,0.0,1.0,2.0,5.0,8.0,12.0,22.0,sigmoid-temperature@rw1,7,1.1857142857142857,1.0,1.0,1.0
2026-04-26,SE-O,2,2026-05-10,1.0,5.105412408633696,3.4380857319275253,0.0,0.0,2.0,3.0,6.0,11.0,21.024999999999977,sigmoid-temperature@rw1,7,1.6073214285714283,0.0,1.0,1.0
2026-04-26,SE-O,3,2026-05-17,1.0,3.6371943616827473,2.003604605469955,0.0,0.0,1.0,2.0,4.0,8.0,17.0,sigmoid-temperature@rw1,2,0.5642857142857143,1.0,1.0,1.0
2026-04-26,SE-O,0,2026-04-26,0.5,8.921751180220339,8.13410547862016,0.0,2.0,4.0,8.0,11.0,16.0,31.0,sigmoid-temperature@rw0.5,7,1.2642857142857145,1.0,1.0,1.0
2026-04-26,SE-O,1,2026-05-03,0.5,6.104977251995564,4.849977252847698,0.0,1.0,2.0,5.0,8.0,12.0,21.024999999999977,sigmoid-temperature@rw0.5,7,1.1787499999999997,1.0,1.0,1.0
2026-04-26,SE-O,2,2026-05-10,0.5,5.081164960401909,3.4380857319275253,0.0,0.0,2.0,3.0,6.0,10.0,23.0,sigmoid-temperature@rw0.5,7,1.592857142857143,0.0,1.0,1.0
2026-04-26,SE-O,3,2026-05-17,0.5,3.5725202404439504,2.003604605469955,0.0,0.0,1.0,2.0,4.0,8.0,18.0,sigmoid-temperature@rw0.5,2,0.5714285714285714,1.0,1.0,1.0
2026-04-26,SE-O,0,2026-04-26,0.0,8.921730484264602,8.13410547862016,0.0,2.0,4.0,7.0,11.0,16.0,30.024999999999977,sigmoid-temperature@rw0,7,1.1144642857142857,1.0,1.0,1.0
2026-04-26,SE-O,1,2026-05-03,0.0,6.1032513512928,4.849977252847698,0.0,1.0,2.0,5.0,8.0,13.0,22.0,sigmoid-temperature@rw0,7,1.2142857142857142,1.0,1.0,1.0
2026-04-26,SE-O,2,2026-05-10,0.0,5.069812808884758,3.4380857319275253,0.0,0.0,2.0,4.0,6.0,11.0,23.0,sigmoid-temperature@rw0,7,1.4785714285714284,0.0,1.0,1.0
2026-04-26,SE-O,3,2026-05-17,0.0,3.5465373983945025,2.003604605469955,0.0,0.0,1.0,2.0,4.0,8.0,17.0,sigmoid-temperature@rw0,2,0.5642857142857143,1.0,1.0,1.0
2026-05-03,SE,0,2026-05-03,1.0,61.9571034568855,58.05326749388752,3.0,18.0,39.0,57.0,73.0,94.0,148.14999999999986,sigmoid-temperature@rw1,74,8.351071428571428,0.0,1.0,1.0
2026-05-03,SE,1,2026-05-10,1.0,54.34030295731588,46.28343851824573,3.0,15.0,32.0,46.0,62.0,91.0,163.02499999999998,sigmoid-temperature@rw1,65,9.02875,0.0,1.0,1.0
2026-05-03,SE,2,2026-05-17,1.0,40.041621004293525,30.239345153866484,2.0,10.0,19.0,30.0,47.0,71.0,136.04999999999995,sigmoid-temperature@rw1,53,9.700357142857143,0.0,1.0,1.0
2026-05-03,SE,3,2026-05-24,1.0,31.16199384679396,20.51753118982957,2.0,6.0,13.0,21.0,35.0,62.0,118.09999999999992,sigmoid-temperature@rw1,53,13.715,0.0,1.0,1.0
2026-05-03,SE,0,2026-05-03,0.5,61.95720029940942,58.05326749388752,3.0,17.0,40.0,57.0,73.0,95.0,161.07499999999993,sigmoid-temperature@rw0.5,74,8.429107142857143,0.0,1.0,1.0
2026-05-03,SE,1,2026-05-10,0.5,54.33417052939529,46.28343851824573,3.9750000000000014,14.900000000000006,30.0,46.0,64.0,91.0,156.14999999999986,sigmoid-temperature@rw0.5,65,8.689821428571427,0.0,1.0,1.0
2026-05-03,SE,2,2026-05-17,0.5,39.944144480761246,30.239345153866484,2.0,10.0,19.0,30.0,44.0,76.0,132.0999999999999,sigmoid-temperature@rw0.5,53,10.457857142857142,0.0,1.0,1.0
2026-05-03,SE,3,2026-05-24,0.5,30.76912252997477,20.51753118982957,2.0,6.0,12.0,21.0,34.0,58.0,111.07499999999992,sigmoid-temperature@rw0.5,53,13.836250000000001,0.0,1.0,1.0
2026-05-03,SE,0,2026-05-03,0.0,61.9573812332018,58.05326749388752,3.0,18.0,39.0,56.5,72.0,96.0,161.02499999999998,sigmoid-temperature@rw0,74,8.785892857142857,0.0,1.0,1.0
2026-05-03,SE,1,2026-05-10,0.0,54.34131058508429,46.28343851824573,3.0,14.900000000000006,31.0,45.0,63.0,92.0,164.0,sigmoid-temperature@rw0,65,9.067142857142857,0.0,1.0,1.0
2026-05-03,SE,2,2026-05-17,0.0,39.96902210567414,30.239345153866484,3.0,9.0,19.0,30.0,46.0,73.0,132.07499999999993,sigmoid-temperature@rw0,53,9.964821428571428,0.0,1.0,1.0
2026-05-03,SE,3,2026-05-24,0.0,30.78610542494665,20.51753118982957,2.0,6.0,12.0,21.0,35.0,57.200000000000045,114.12499999999989,sigmoid-temperature@rw0,53,13.620892857142858,0.0,1.0,1.0
2026-05-03,SE-M,0,2026-05-03,1.0,4.8871531526768575,3.262775442985492,0.0,1.0,2.0,3.0,6.0,9.0,18.024999999999977,sigmoid-temperature@rw1,2,0.785892857142857,1.0,1.0,1.0
2026-05-03,SE-M,1,2026-05-10,1.0,4.41705737135548,2.538584848740467,0.0,0.0,1.0,3.0,5.0,8.0,18.0,sigmoid-temperature@rw1,7,1.7857142857142858,0.0,1.0,1.0
2026-05-03,SE-M,2,2026-05-17,1.0,3.445695405291212,1.686253628308788,0.0,0.0,1.0,2.0,4.0,7.0,18.0,sigmoid-temperature@rw1,0,1.1142857142857143,0.0,1.0,1.0
2026-05-03,SE-M,3,2026-05-24,1.0,2.834345647750449,1.1895268998269146,0.0,0.0,0.0,1.0,3.0,6.0,14.0,sigmoid-temperature@rw1,5,1.6285714285714283,0.0,1.0,1.0
2026-05-03,SE-M,0,2026-05-03,0.5,4.887175435407308,3.262775442985492,0.0,1.0,2.0,3.0,6.0,9.0,18.0,sigmoid-temperature@rw0.5,2,0.7857142857142857,1.0,1.0,1.0
2026-05-03,SE-M,1,2026-05-10,0.5,4.417363065582586,2.538584848740467,0.0,0.0,1.0,3.0,5.0,9.0,18.0,sigmoid-temperature@rw0.5,7,1.8142857142857145,0.0,1.0,1.0
2026-05-03,SE-M,2,2026-05-17,0.5,3.4402545184540485,1.686253628308788,0.0,0.0,1.0,2.0,4.0,7.0,17.0,sigmoid-temperature@rw0.5,0,1.1071428571428572,0.0,1.0,1.0
2026-05-03,SE-M,3,2026-05-24,0.5,2.802661404173441,1.1895268998269146,0.0,0.0,0.0,1.0,3.0,6.0,16.0,sigmoid-temperature@rw0.5,5,1.6428571428571428,0.0,1.0,1.0
2026-05-03,SE-M,0,2026-05-03,0.0,4.887204416982286,3.262775442985492,0.0,1.0,2.0,3.0,6.0,9.0,17.024999999999977,sigmoid-temperature@rw0,2,0.7787499999999997,1.0,1.0,1.0
2026-05-03,SE-M,1,2026-05-10,0.0,4.418738862244666,2.538584848740467,0.0,0.0,1.0,3.0,5.0,9.0,17.0,sigmoid-temperature@rw0,7,1.8071428571428572,0.0,1.0,1.0
2026-05-03,SE-M,2,2026-05-17,0.0,3.4451073410552966,1.686253628308788,0.0,0.0,1.0,2.0,4.0,7.0,16.0,sigmoid-temperature@rw0,0,1.1,0.0,1.0,1.0
2026-05-03,SE-M,3,2026-05-24,0.0,2.8079755424245367,1.1895268998269146,0.0,0.0,0.0,1.0,3.0,6.0,17.0,sigmoid-temperature@rw0,5,1.65,0.0,1.0,1.0
2026-05-03,SE-O,0,2026-05-03,1.0,5.493619141487304,4.480437523248481,0.0,1.0,2.0,4.0,7.0,10.0,19.0,sigmoid-temperature@rw1,7,1.1785714285714286,1.0,1.0,1.0
2026-05-03,SE-O,1,2026-05-10,1.0,4.449804794975757,3.125805245687417,0.0,0.0,2.0,3.0,5.0,9.0,18.0,sigmoid-temperature@rw1,7,1.742857142857143,0.0,1.0,1.0
2026-05-03,SE-O,2,2026-05-17,1.0,3.0694668631051325,1.798991449283632,0.0,0.0,1.0,2.0,4.0,6.0,13.0,sigmoid-temperature@rw1,2,0.4785714285714286,1.0,1.0,1.0
2026-05-03,SE-O,3,2026-05-24,1.0,2.3233505840972994,1.1351961918129323,0.0,0.0,0.0,1.0,3.0,5.0,12.0,sigmoid-temperature@rw1,6,2.3000000000000003,0.0,0.0,1.0
2026-05-03,SE-O,0,2026-05-03,0.5,5.49363807123564,4.480437523248481,0.0,1.0,2.0,4.0,7.0,11.0,19.0,sigmoid-temperature@rw0.5,7,1.207142857142857,1.0,1.0,1.0
2026-05-03,SE-O,1,2026-05-10,0.5,4.449880387674055,3.125805245687417,0.0,0.0,1.0,3.0,5.0,9.0,17.0,sigmoid-temperature@rw0.5,7,1.8071428571428572,0.0,1.0,1.0
2026-05-03,SE-O,2,2026-05-17,0.5,3.0641156919209784,1.798991449283632,0.0,0.0,1.0,2.0,4.0,7.0,13.0,sigmoid-temperature@rw0.5,2,0.5071428571428572,1.0,1.0,1.0
2026-05-03,SE-O,3,2026-05-24,0.5,2.2969961864031947,1.1351961918129323,0.0,0.0,0.0,1.0,3.0,5.0,11.0,sigmoid-temperature@rw0.5,6,2.292857142857143,0.0,0.0,1.0
2026-05-03,SE-O,0,2026-05-03,0.0,5.4936632356600015,4.480437523248481,0.0,1.0,2.0,4.0,7.0,11.0,20.024999999999977,sigmoid-temperature@rw0,7,1.2144642857142856,1.0,1.0,1.0
2026-05-03,SE-O,1,2026-05-10,0.0,4.450893465445457,3.125805245687417,0.0,0.0,1.0,3.0,6.0,9.0,17.0,sigmoid-temperature@rw0,7,1.592857142857143,0.0,1.0,1.0
2026-05-03,SE-O,2,2026-05-17,0.0,3.067128544891752,1.798991449283632,0.0,0.0,1.0,2.0,4.0,6.0,13.0,sigmoid-temperature@rw0,2,0.4785714285714286,1.0,1.0,1.0
2026-05-03,SE-O,3,2026-05-24,0.0,2.2986636118038524,1.1351961918129323,0.0,0.0,0.0,1.0,3.0,5.0,10.0,sigmoid-temperature@rw0,6,2.2857142857142856,0.0,0.0,1.0
2026-05-10,SE,0,2026-05-10,1.0,67.88677533124779,60.32312923573222,4.0,20.0,42.0,61.0,78.25,106.0,196.0,sigmoid-temperature@rw1,65,6.989285714285715,1.0,1.0,1.0
2026-05-10,SE,1,2026-05-17,1.0,51.08078083962611,41.30872493965428,3.0,14.0,28.0,41.0,58.25,85.10000000000002,153.02499999999998,sigmoid-temperature@rw1,53,6.978035714285715,1.0,1.0,1.0
2026-05-10,SE,2,2026-05-24,1.0,41.09134979560298,29.617666418958585,3.0,10.0,19.0,30.0,46.0,76.0,142.19999999999982,sigmoid-temperature@rw1,53,10.094285714285714,0.0,1.0,1.0
2026-05-10,SE,3,2026-05-31,1.0,33.82317082877612,21.088428471984862,2.0,7.0,12.0,22.0,38.0,65.10000000000002,144.07499999999993,sigmoid-temperature@rw1,30,5.674821428571429,1.0,1.0,1.0
2026-05-10,SE,0,2026-05-10,0.5,67.88682608209393,60.32312923573222,4.975000000000001,20.90000000000001,41.0,60.5,78.0,107.10000000000002,185.0,sigmoid-temperature@rw0.5,65,7.034464285714287,1.0,1.0,1.0
2026-05-10,SE,1,2026-05-17,0.5,51.06766881716783,41.30872493965428,3.0,13.0,27.0,42.0,58.0,85.10000000000002,161.02499999999998,sigmoid-temperature@rw0.5,53,6.974464285714285,1.0,1.0,1.0
2026-05-10,SE,2,2026-05-24,0.5,40.89477703968954,29.617666418958585,3.0,10.0,19.0,30.0,47.0,72.0,139.0,sigmoid-temperature@rw0.5,53,9.742857142857144,0.0,1.0,1.0
2026-05-10,SE,3,2026-05-31,0.5,33.04702939545373,21.088428471984862,2.0,7.0,13.0,22.0,37.0,62.10000000000002,135.0999999999999,sigmoid-temperature@rw0.5,30,5.382142857142857,1.0,1.0,1.0
2026-05-10,SE,0,2026-05-10,0.0,67.88696896930638,60.32312923573222,5.0,20.0,42.75,61.0,79.0,107.0,184.34999999999968,sigmoid-temperature@rw0,65,6.927499999999999,1.0,1.0,1.0
2026-05-10,SE,1,2026-05-17,0.0,51.06942559557628,41.30872493965428,3.0,13.900000000000006,27.0,41.0,57.0,84.10000000000002,163.07499999999993,sigmoid-temperature@rw0,53,7.0062500000000005,1.0,1.0,1.0
2026-05-10,SE,2,2026-05-24,0.0,40.84196853948893,29.617666418958585,2.0,10.0,19.0,30.0,46.0,74.10000000000002,152.02499999999998,sigmoid-temperature@rw0,53,10.11732142857143,0.0,1.0,1.0
2026-05-10,SE,3,2026-05-31,0.0,32.77168423882898,21.088428471984862,2.0,7.0,12.0,22.0,37.0,65.0,128.04999999999995,sigmoid-temperature@rw0,30,5.486071428571429,1.0,1.0,1.0
2026-05-10,SE-M,0,2026-05-10,1.0,3.597676945043316,2.1419136765842994,0.0,0.0,1.0,2.0,4.0,7.0,15.0,sigmoid-temperature@rw1,7,2.092857142857143,0.0,1.0,1.0
2026-05-10,SE-M,1,2026-05-17,1.0,2.537144054698072,1.3225776079376117,0.0,0.0,0.0,1.0,3.0,5.0,13.0,sigmoid-temperature@rw1,0,0.5928571428571429,1.0,1.0,1.0
2026-05-10,SE-M,2,2026-05-24,1.0,1.967257911601641,0.908320965116545,0.0,0.0,0.0,1.0,2.0,4.0,10.0,sigmoid-temperature@rw1,5,2.042857142857143,0.0,0.0,1.0
2026-05-10,SE-M,3,2026-05-31,1.0,1.6058645363256223,0.6715362215391939,0.0,0.0,0.0,1.0,2.0,4.0,8.0,sigmoid-temperature@rw1,1,0.31428571428571433,1.0,1.0,1.0
2026-05-10,SE-M,0,2026-05-10,0.5,3.597657220150002,2.1419136765842994,0.0,0.0,1.0,2.0,4.0,7.0,14.0,sigmoid-temperature@rw0.5,7,2.085714285714286,0.0,1.0,1.0
2026-05-10,SE-M,1,2026-05-17,0.5,2.5355884469033088,1.3225776079376117,0.0,0.0,0.75,1.0,3.0,5.0,11.0,sigmoid-temperature@rw0.5,0,0.7392857142857142,0.0,1.0,1.0
2026-05-10,SE-M,2,2026-05-24,0.5,1.955585371060104,0.908320965116545,0.0,0.0,0.0,1.0,2.0,4.0,12.0,sigmoid-temperature@rw0.5,5,2.0571428571428574,0.0,0.0,1.0
2026-05-10,SE-M,3,2026-05-31,0.5,1.5696520974916364,0.6715362215391939,0.0,0.0,0.0,1.0,2.0,3.1000000000000227,8.0,sigmoid-temperature@rw0.5,1,0.2885714285714292,1.0,1.0,1.0
2026-05-10,SE-M,0,2026-05-10,0.0,3.597641980489965,2.1419136765842994,0.0,0.0,1.0,2.0,4.0,7.0,15.0,sigmoid-temperature@rw0,7,2.092857142857143,0.0,1.0,1.0
2026-05-10,SE-M,1,2026-05-17,0.0,2.5347324611330238,1.3225776079376117,0.0,0.0,1.0,2.0,3.0,5.0,11.0,sigmoid-temperature@rw0,0,0.9357142857142857,0.0,1.0,1.0
2026-05-10,SE-M,2,2026-05-24,0.0,1.9504719818933245,0.908320965116545,0.0,0.0,0.0,1.0,2.0,4.0,10.024999999999975,sigmoid-temperature@rw0,5,2.0430357142857143,0.0,0.0,1.0
2026-05-10,SE-M,3,2026-05-31,0.0,1.5558480207042464,0.6715362215391939,0.0,0.0,0.0,1.0,2.0,4.0,8.024999999999977,sigmoid-temperature@rw0,1,0.3144642857142856,1.0,1.0,1.0
2026-05-10,SE-O,0,2026-05-10,1.0,5.38375866537496,3.9685063417539546,0.0,1.0,2.0,4.0,7.0,10.0,21.024999999999977,sigmoid-temperature@rw1,7,1.193035714285714,1.0,1.0,1.0
2026-05-10,SE-O,1,2026-05-17,1.0,3.7216407748445945,2.3260716905219985,0.0,0.0,1.0,2.0,4.25,8.0,16.0,sigmoid-temperature@rw1,2,0.5750000000000001,1.0,1.0,1.0
2026-05-10,SE-O,2,2026-05-24,1.0,2.837200188652775,1.483205754659118,0.0,0.0,0.0,2.0,3.0,6.0,13.024999999999975,sigmoid-temperature@rw1,6,1.9073214285714284,0.0,1.0,1.0
2026-05-10,SE-O,3,2026-05-31,1.0,2.277485360979897,0.991909680054446,0.0,0.0,0.0,1.0,3.0,5.0,11.0,sigmoid-temperature@rw1,2,0.5785714285714285,1.0,1.0,1.0
2026-05-10,SE-O,0,2026-05-10,0.5,5.383753004310625,3.9685063417539546,0.0,1.0,2.0,4.0,7.0,10.0,20.0,sigmoid-temperature@rw0.5,7,1.1857142857142857,1.0,1.0,1.0
2026-05-10,SE-O,1,2026-05-17,0.5,3.720531389336057,2.3260716905219985,0.0,0.0,1.0,2.0,4.0,8.0,15.0,sigmoid-temperature@rw0.5,2,0.55,1.0,1.0,1.0
2026-05-10,SE-O,2,2026-05-24,0.5,2.823866255225311,1.483205754659118,0.0,0.0,1.0,2.0,3.0,6.0,13.0,sigmoid-temperature@rw0.5,6,1.8357142857142856,0.0,1.0,1.0
2026-05-10,SE-O,3,2026-05-31,0.5,2.2269159300116503,0.991909680054446,0.0,0.0,0.0,1.0,3.0,5.0,9.0,sigmoid-temperature@rw0.5,2,0.5642857142857143,1.0,1.0,1.0
2026-05-10,SE-O,0,2026-05-10,0.0,5.383753759949486,3.9685063417539546,0.0,1.0,2.0,4.0,7.0,10.0,19.0,sigmoid-temperature@rw0,7,1.1785714285714286,1.0,1.0,1.0
2026-05-10,SE-O,1,2026-05-17,0.0,3.720407606729141,2.3260716905219985,0.0,0.0,1.0,2.0,4.25,8.0,15.024999999999975,sigmoid-temperature@rw0,2,0.5680357142857141,1.0,1.0,1.0
2026-05-10,SE-O,2,2026-05-24,0.0,2.8197490745420346,1.483205754659118,0.0,0.0,1.0,2.0,3.0,6.0,12.0,sigmoid-temperature@rw0,6,1.8285714285714285,0.0,1.0,1.0
2026-05-10,SE-O,3,2026-05-31,0.0,2.2081728730607173,0.991909680054446,0.0,0.0,0.0,1.0,3.0,5.0,11.0,sigmoid-temperature@rw0,2,0.5785714285714285,1.0,1.0,1.0
2026-05-17,SE,0,2026-05-17,1.0,55.67636591188433,46.37000666646025,3.0,16.0,32.0,47.0,63.0,87.0,163.04999999999995,sigmoid-temperature@rw1,53,6.243214285714286,1.0,1.0,1.0
2026-05-17,SE,1,2026-05-24,1.0,47.193578447543786,35.92100858995327,2.9750000000000014,13.0,25.0,37.0,54.0,81.0,152.07499999999993,sigmoid-temperature@rw1,53,7.365,1.0,1.0,1.0
2026-05-17,SE,2,2026-05-31,1.0,39.198403166510936,26.523591654769444,2.0,9.0,18.0,28.0,43.0,72.0,143.07499999999993,sigmoid-temperature@rw1,30,4.879107142857143,1.0,1.0,1.0
2026-05-17,SE,3,2026-06-07,1.0,32.502657279273954,18.922047895562663,2.0,7.0,12.0,21.0,34.0,59.0,125.04999999999995,sigmoid-temperature@rw1,19,4.221785714285714,1.0,1.0,1.0
2026-05-17,SE,0,2026-05-17,0.5,55.67567906786625,46.37000666646025,3.0,15.0,32.0,48.0,63.0,87.0,178.04999999999995,sigmoid-temperature@rw0.5,53,6.236071428571428,1.0,1.0,1.0
2026-05-17,SE,1,2026-05-24,0.5,47.140820251499285,35.92100858995327,3.0,12.0,25.0,37.5,53.0,77.0,159.07499999999993,sigmoid-temperature@rw0.5,53,7.186249999999999,1.0,1.0,1.0
2026-05-17,SE,2,2026-05-31,0.5,38.83778510095374,26.523591654769444,2.9750000000000014,9.0,18.0,28.0,43.0,72.0,142.02499999999998,sigmoid-temperature@rw0.5,30,4.864642857142857,1.0,1.0,1.0
2026-05-17,SE,3,2026-06-07,0.5,31.498304696247,18.922047895562663,2.0,7.0,12.0,21.0,33.0,58.0,127.02499999999998,sigmoid-temperature@rw0.5,19,4.135892857142857,1.0,1.0,1.0
2026-05-17,SE,0,2026-05-17,0.0,55.6750824757192,46.37000666646025,4.0,16.0,33.0,47.0,62.0,89.10000000000002,164.02499999999998,sigmoid-temperature@rw0,53,6.160178571428572,1.0,1.0,1.0
2026-05-17,SE,1,2026-05-24,0.0,47.10319992377855,35.92100858995327,3.9750000000000014,13.0,26.0,37.0,54.0,80.0,154.0,sigmoid-temperature@rw0,53,7.2716071428571425,1.0,1.0,1.0
2026-05-17,SE,2,2026-05-31,0.0,38.621097506232985,26.523591654769444,3.0,9.0,17.0,28.0,42.25,68.10000000000002,143.1249999999999,sigmoid-temperature@rw0,30,4.7787500000000005,1.0,1.0,1.0
2026-05-17,SE,3,2026-06-07,0.0,30.98343559106183,18.922047895562663,2.0,6.0,12.0,21.0,35.0,59.10000000000002,132.07499999999993,sigmoid-temperature@rw0,19,4.374821428571429,1.0,1.0,1.0
2026-05-17,SE-M,0,2026-05-17,1.0,4.92162814190778,2.7265437134723185,0.0,0.0,1.0,3.0,5.0,9.0,21.0,sigmoid-temperature@rw1,0,1.4071428571428573,0.0,1.0,1.0
2026-05-17,SE-M,1,2026-05-24,1.0,4.408120080905712,2.134961991075415,0.0,0.0,1.0,2.0,5.0,8.0,23.0,sigmoid-temperature@rw1,5,1.1071428571428572,1.0,1.0,1.0
2026-05-17,SE-M,2,2026-05-31,1.0,3.9055387892685927,1.6314897162873083,0.0,0.0,1.0,2.0,4.0,8.0,24.0,sigmoid-temperature@rw1,1,0.7571428571428571,1.0,1.0,1.0
2026-05-17,SE-M,3,2026-06-07,1.0,3.463965924429426,1.2366822725617566,0.0,0.0,1.0,2.0,3.0,7.0,19.0,sigmoid-temperature@rw1,1,0.6214285714285716,1.0,1.0,1.0
2026-05-17,SE-M,0,2026-05-17,0.5,4.921569242607438,2.7265437134723185,0.0,0.0,1.0,3.0,5.0,9.0,24.0,sigmoid-temperature@rw0.5,0,1.4285714285714286,0.0,1.0,1.0
2026-05-17,SE-M,1,2026-05-24,0.5,4.4035069006869305,2.134961991075415,0.0,0.0,1.0,2.0,5.0,9.0,26.0,sigmoid-temperature@rw0.5,5,1.157142857142857,1.0,1.0,1.0
2026-05-17,SE-M,2,2026-05-31,0.5,3.871578969141503,1.6314897162873083,0.0,0.0,1.0,2.0,4.0,8.0,23.024999999999977,sigmoid-temperature@rw0.5,1,0.7501785714285713,1.0,1.0,1.0
2026-05-17,SE-M,3,2026-06-07,0.5,3.363252152174432,1.2366822725617566,0.0,0.0,1.0,2.0,3.0,7.0,18.0,sigmoid-temperature@rw0.5,1,0.6142857142857144,1.0,1.0,1.0
2026-05-17,SE-M,0,2026-05-17,0.0,4.921519199999198,2.7265437134723185,0.0,1.0,1.0,3.0,5.0,9.0,22.0,sigmoid-temperature@rw0,0,1.6714285714285713,0.0,0.0,1.0
2026-05-17,SE-M,1,2026-05-24,0.0,4.40041937433099,2.134961991075415,0.0,0.0,1.0,3.0,5.0,8.0,23.0,sigmoid-temperature@rw0,5,0.9642857142857143,1.0,1.0,1.0
2026-05-17,SE-M,2,2026-05-31,0.0,3.8524917063248583,1.6314897162873083,0.0,0.0,1.0,2.0,4.0,7.0,21.0,sigmoid-temperature@rw0,1,0.7071428571428572,1.0,1.0,1.0
2026-05-17,SE-M,3,2026-06-07,0.0,3.3142794148612253,1.2366822725617566,0.0,0.0,0.75,1.5,3.0,7.0,19.0,sigmoid-temperature@rw0,1,0.567857142857143,1.0,1.0,1.0
2026-05-17,SE-O,0,2026-05-17,1.0,4.985338636262845,3.2964194402889784,0.0,0.0,1.0,3.0,6.0,10.0,21.024999999999977,sigmoid-temperature@rw1,2,0.935892857142857,1.0,1.0,1.0
2026-05-17,SE-O,1,2026-05-24,1.0,4.113066658895817,2.302444232297786,0.0,0.0,1.0,3.0,5.0,8.0,18.0,sigmoid-temperature@rw1,6,1.3571428571428572,0.0,1.0,1.0
2026-05-17,SE-O,2,2026-05-31,1.0,3.4274120132865544,1.5915771769325058,0.0,0.0,1.0,2.0,4.0,7.0,17.0,sigmoid-temperature@rw1,2,0.5357142857142858,1.0,1.0,1.0
2026-05-17,SE-O,3,2026-06-07,1.0,2.927101519306369,1.1170745549003742,0.0,0.0,0.0,1.0,3.0,6.0,13.024999999999975,sigmoid-temperature@rw1,2,0.6216071428571427,1.0,1.0,1.0
2026-05-17,SE-O,0,2026-05-17,0.5,4.985249261883655,3.2964194402889784,0.0,1.0,2.0,3.0,6.0,9.100000000000025,19.0,sigmoid-temperature@rw0.5,2,0.7957142857142864,1.0,1.0,1.0
2026-05-17,SE-O,1,2026-05-24,0.5,4.106636621626174,2.302444232297786,0.0,0.0,1.0,2.0,5.0,8.0,18.0,sigmoid-temperature@rw0.5,6,1.5,0.0,1.0,1.0
2026-05-17,SE-O,2,2026-05-31,0.5,3.3871791325037366,1.5915771769325058,0.0,0.0,1.0,2.0,4.0,7.0,16.024999999999977,sigmoid-temperature@rw0.5,2,0.5287499999999998,1.0,1.0,1.0
2026-05-17,SE-O,3,2026-06-07,0.5,2.821693654107357,1.1170745549003742,0.0,0.0,0.0,1.0,3.0,6.0,14.0,sigmoid-temperature@rw0.5,2,0.6285714285714287,1.0,1.0,1.0
2026-05-17,SE-O,0,2026-05-17,0.0,4.985167675861886,3.2964194402889784,0.0,0.0,2.0,3.0,6.0,10.0,20.0,sigmoid-temperature@rw0,2,0.8571428571428571,1.0,1.0,1.0
2026-05-17,SE-O,1,2026-05-24,0.0,4.101538166356908,2.302444232297786,0.0,0.0,1.0,2.0,5.0,8.0,18.024999999999977,sigmoid-temperature@rw0,6,1.5001785714285714,0.0,1.0,1.0
2026-05-17,SE-O,2,2026-05-31,0.0,3.3597743383935743,1.5915771769325058,0.0,0.0,1.0,2.0,4.0,6.100000000000023,17.024999999999977,sigmoid-temperature@rw0,2,0.5101785714285719,1.0,1.0,1.0
2026-05-17,SE-O,3,2026-06-07,0.0,2.760811986027604,1.1170745549003742,0.0,0.0,0.0,1.0,3.0,6.0,14.0,sigmoid-temperature@rw0,2,0.6285714285714287,1.0,1.0,1.0
2025-10-05,SE,0,2025-10-05,1.0,38.446469217507286,13.904612436402653,7.0,10.0,14.0,19.0,28.0,48.0,241.52499999999952,no-temperature@rw1,29,5.475178571428569,0.0,1.0,1.0
2025-10-05,SE,1,2025-10-12,1.0,37.82397300274954,13.37626033447008,6.0,9.0,13.0,18.0,28.0,50.0,221.07499999999996,no-temperature@rw1,33,7.350535714285714,0.0,1.0,1.0
2025-10-05,SE,2,2025-10-19,1.0,37.64099178005125,12.974147630490055,5.0,8.0,12.0,18.0,29.0,50.0,230.07499999999996,no-temperature@rw1,59,21.021964285714287,0.0,0.0,1.0
2025-10-05,SE,3,2025-10-26,1.0,38.212338974276825,12.666801954651612,5.0,7.0,12.0,18.0,29.0,56.0,235.04999999999995,no-temperature@rw1,55,16.971785714285712,0.0,1.0,1.0
2025-10-05,SE-M,0,2025-10-05,1.0,4.929348330057771,1.4283298221470075,0.0,0.0,1.0,2.0,4.0,6.0,38.02499999999998,no-temperature@rw1,1,0.8001785714285713,1.0,1.0,1.0
2025-10-05,SE-M,1,2025-10-12,1.0,5.137552762817795,1.3947404349943455,0.0,0.0,1.0,2.0,4.0,7.100000000000023,35.09999999999991,no-temperature@rw1,4,0.9535714285714285,1.0,1.0,1.0
2025-10-05,SE-M,2,2025-10-19,1.0,5.4794048143671805,1.3699124190173446,0.0,0.0,1.0,2.0,4.0,7.0,40.02499999999998,no-temperature@rw1,4,0.985892857142857,1.0,1.0,1.0
2025-10-05,SE-M,3,2025-10-26,1.0,6.0739332418701455,1.3514367964081877,0.0,0.0,1.0,2.0,4.0,8.0,43.02499999999998,no-temperature@rw1,4,1.035892857142857,1.0,1.0,1.0
2025-10-05,SE-O,0,2025-10-05,1.0,13.647668729636182,2.3745749795974493,0.0,1.0,2.0,4.0,6.0,19.0,109.04999999999995,no-temperature@rw1,3,1.721785714285714,1.0,1.0,1.0
2025-10-05,SE-O,1,2025-10-12,1.0,14.931062396215186,2.4369910778831723,0.0,1.0,2.0,4.0,7.0,22.0,117.2249999999998,no-temperature@rw1,6,2.08017857142857,1.0,1.0,1.0
2025-10-05,SE-O,2,2025-10-19,1.0,16.78849676501176,2.488056864250225,0.0,1.0,2.0,4.0,8.0,27.100000000000023,136.02499999999998,no-temperature@rw1,11,4.003035714285715,0.0,1.0,1.0
2025-10-05,SE-O,3,2025-10-26,1.0,19.56291537182108,2.5293103847189564,0.0,1.0,2.0,4.0,8.0,29.100000000000023,151.07499999999993,no-temperature@rw1,13,5.024821428571428,0.0,1.0,1.0
2025-10-12,SE,0,2025-10-12,1.0,75.65204008666095,25.39193856978767,16.0,19.0,25.0,34.0,49.0,107.0,545.9249999999992,no-temperature@rw1,33,8.156607142857137,1.0,1.0,1.0
2025-10-12,SE,1,2025-10-19,1.0,88.96528328010673,28.720341883428937,16.0,21.0,28.0,39.0,60.0,140.10000000000002,602.1999999999989,no-temperature@rw1,59,12.732857142857137,1.0,1.0,1.0
2025-10-12,SE,2,2025-10-26,1.0,106.18924648132682,32.07529980996368,14.0,20.0,29.0,44.0,73.0,165.10000000000002,774.1999999999998,no-temperature@rw1,55,14.290000000000001,1.0,1.0,1.0
2025-10-12,SE,3,2025-11-02,1.0,129.0379338012131,35.23846369745377,12.0,19.90000000000001,31.0,48.0,92.0,247.4000000000001,980.15,no-temperature@rw1,65,20.20107142857143,1.0,1.0,1.0
2025-10-12,SE-M,0,2025-10-12,1.0,4.376647843384389,1.2913084281113183,0.0,0.0,1.0,2.0,3.0,6.0,30.0,no-temperature@rw1,4,1.1,0.0,1.0,1.0
2025-10-12,SE-M,1,2025-10-19,1.0,4.497078686897041,1.2610152055197976,0.0,0.0,1.0,2.0,3.0,6.0,28.024999999999977,no-temperature@rw1,4,1.085892857142857,0.0,1.0,1.0
2025-10-12,SE-M,2,2025-10-26,1.0,4.801938356713208,1.2391562794142903,0.0,0.0,1.0,2.0,4.0,7.0,35.02499999999998,no-temperature@rw1,4,0.9501785714285713,1.0,1.0,1.0
2025-10-12,SE-M,3,2025-11-02,1.0,5.325268098083543,1.2184362721509376,0.0,0.0,1.0,2.0,3.0,7.0,39.0,no-temperature@rw1,9,3.907142857142857,0.0,0.0,1.0
2025-10-12,SE-O,0,2025-10-12,1.0,12.766581848504462,2.7389648537607902,0.0,1.0,2.0,4.0,7.0,21.0,96.12499999999989,no-temperature@rw1,6,1.9008928571428565,1.0,1.0,1.0
2025-10-12,SE-O,1,2025-10-19,1.0,13.85473801723966,2.846226420595652,0.0,1.0,2.0,4.0,8.0,24.200000000000045,108.34999999999968,no-temperature@rw1,11,3.722499999999999,0.0,1.0,1.0
2025-10-12,SE-O,2,2025-10-26,1.0,15.847157082577157,2.939015051612321,0.0,1.0,2.0,5.0,9.0,28.0,119.09999999999992,no-temperature@rw1,13,4.407857142857142,0.0,1.0,1.0
2025-10-12,SE-O,3,2025-11-02,1.0,18.795017791578445,3.004194390509477,0.0,1.0,2.0,5.0,10.0,31.100000000000023,141.14999999999986,no-temperature@rw1,12,4.011071428571428,0.0,1.0,1.0
2025-10-19,SE,0,2025-10-19,1.0,90.95642381155552,37.95933763283514,24.0,31.0,39.0,50.0,72.25,132.0,539.5499999999995,no-temperature@rw1,59,10.228928571428568,1.0,1.0,1.0
2025-10-19,SE,1,2025-10-26,1.0,114.89214131896252,46.49411179846424,25.0,34.0,46.0,62.0,91.25,176.10000000000002,682.8249999999992,no-temperature@rw1,55,12.990892857142853,1.0,1.0,1.0
2025-10-19,SE,2,2025-11-02,1.0,145.8758326975287,55.9149544141668,24.0,36.0,49.0,75.0,126.25,243.4000000000001,897.6249999999994,no-temperature@rw1,65,19.112321428571427,1.0,1.0,1.0
2025-10-19,SE,3,2025-11-09,1.0,174.10748205183677,61.685206698028665,20.0,33.0,51.0,84.0,162.0,351.30000000000007,1067.225,no-temperature@rw1,59,28.07446428571429,1.0,1.0,1.0
2025-10-19,SE-M,0,2025-10-19,1.0,8.526984260029405,2.1052376629902967,0.0,1.0,1.0,3.0,5.0,11.0,60.124999999999886,no-temperature@rw1,4,1.1437499999999992,1.0,1.0,1.0
2025-10-19,SE-M,1,2025-10-26,1.0,10.18598487009861,2.177362984638923,0.0,1.0,1.0,3.0,6.0,13.0,77.12499999999989,no-temperature@rw1,4,1.3937499999999992,1.0,1.0,1.0
2025-10-19,SE-M,2,2025-11-02,1.0,12.263649034341013,2.226768377772078,0.0,0.0,1.75,3.0,7.0,17.0,94.04999999999995,no-temperature@rw1,9,2.961071428571428,0.0,1.0,1.0
2025-10-19,SE-M,3,2025-11-09,1.0,13.493432084013367,2.1342156791189453,0.0,0.0,1.0,3.0,7.0,19.0,81.14999999999986,no-temperature@rw1,8,2.551071428571428,0.0,1.0,1.0
2025-10-19,SE-O,0,2025-10-19,1.0,15.964598813415968,5.04162727974288,1.0,3.0,4.0,7.0,13.0,30.0,90.02499999999998,no-temperature@rw1,11,2.621607142857143,1.0,1.0,1.0
2025-10-19,SE-O,1,2025-10-26,1.0,19.18044272440228,5.849473513634178,1.0,3.0,5.0,9.0,16.0,34.10000000000002,125.14999999999986,no-temperature@rw1,13,3.1325,1.0,1.0,1.0
2025-10-19,SE-O,2,2025-11-02,1.0,23.440188499403643,6.680932220083268,1.0,3.0,5.0,10.0,20.0,48.10000000000002,157.1249999999999,no-temperature@rw1,12,3.760892857142857,1.0,1.0,1.0
2025-10-19,SE-O,3,2025-11-09,1.0,27.37542538633664,7.029310315856765,1.0,3.0,5.0,10.0,24.0,62.0,184.14999999999984,no-temperature@rw1,8,4.636785714285714,1.0,1.0,1.0
2025-10-26,SE,0,2025-10-26,1.0,139.16431524327868,80.4696545906756,54.0,69.0,82.0,102.0,137.0,211.1,517.2749999999997,no-temperature@rw1,55,29.72625,0.0,0.0,1.0
2025-10-26,SE,1,2025-11-02,1.0,210.6928691890132,118.36238788181537,66.0,91.0,116.75,152.0,219.0,329.1,831.4499999999996,no-temperature@rw1,65,54.5025,0.0,0.0,0.0
2025-10-26,SE,2,2025-11-09,1.0,296.11998970763534,157.69627008387076,67.975,99.0,141.0,208.5,338.25,519.8000000000002,1168.074999999999,no-temperature@rw1,59,92.74857142857142,0.0,0.0,0.0
2025-10-26,SE,3,2025-11-16,1.0,427.4042107130924,210.10503790425764,62.95,102.9,160.75,273.0,491.25,925.1,1855.225,no-temperature@rw1,80,117.08624999999999,0.0,0.0,1.0
2025-10-26,SE-M,0,2025-10-26,1.0,9.392988307494193,3.213471555339495,0.0,1.0,2.0,4.0,8.0,15.0,68.02499999999998,no-temperature@rw1,4,1.3144642857142856,1.0,1.0,1.0
2025-10-26,SE-M,1,2025-11-02,1.0,11.35661935981055,3.5102848185939184,0.0,1.0,3.0,5.0,9.0,20.0,100.02499999999998,no-temperature@rw1,9,2.2573214285714287,1.0,1.0,1.0
2025-10-26,SE-M,2,2025-11-09,1.0,13.026239663953463,3.5470771481851147,0.0,1.0,3.0,5.0,10.0,24.0,94.12499999999989,no-temperature@rw1,8,2.2580357142857137,1.0,1.0,1.0
2025-10-26,SE-M,3,2025-11-16,1.0,15.420487861849836,3.56183261826746,0.0,1.0,2.0,5.0,11.0,30.0,96.04999999999995,no-temperature@rw1,9,2.7289285714285714,1.0,1.0,1.0
2025-10-26,SE-O,0,2025-10-26,1.0,25.185125868581984,12.032797846570425,5.0,8.0,11.0,16.0,26.0,45.10000000000002,106.04999999999995,no-temperature@rw1,13,3.2817857142857148,1.0,1.0,1.0
2025-10-26,SE-O,1,2025-11-02,1.0,35.782855928005944,16.55179666767786,6.975000000000001,10.0,14.75,23.0,39.0,68.10000000000002,156.17499999999984,no-temperature@rw1,12,6.8149999999999995,0.0,1.0,1.0
2025-10-26,SE-O,2,2025-11-09,1.0,47.27809144246245,20.6924980555692,5.975000000000001,10.0,16.0,29.0,52.0,100.0,228.24999999999977,no-temperature@rw1,8,12.587678571428569,0.0,0.0,1.0
2025-10-26,SE-O,3,2025-11-16,1.0,63.65575991997891,25.77378921346954,5.0,9.900000000000006,18.0,34.0,74.0,142.0,291.025,no-temperature@rw1,5,19.07446428571429,0.0,0.0,1.0
2025-11-02,SE,0,2025-11-02,1.0,134.72026165406265,75.19022189504851,53.0,66.0,78.0,97.0,129.0,211.5000000000001,537.0,no-temperature@rw1,65,19.82857142857143,0.0,0.0,1.0
2025-11-02,SE,1,2025-11-09,1.0,153.0537838890843,85.05996778345326,50.0,66.0,83.0,109.0,159.25,247.4000000000001,566.0749999999999,no-temperature@rw1,59,30.31553571428572,0.0,0.0,1.0
2025-11-02,SE,2,2025-11-16,1.0,177.9835356981734,95.64416304291744,42.975,61.0,85.0,126.0,200.0,325.1,678.2749999999997,no-temperature@rw1,80,28.29785714285714,0.0,1.0,1.0
2025-11-02,SE,3,2025-11-23,1.0,228.5063733401445,114.66192238432632,36.0,60.0,91.75,152.0,276.0,476.30000000000007,902.1,no-temperature@rw1,182,35.52714285714286,1.0,1.0,1.0
2025-11-02,SE-M,0,2025-11-02,1.0,9.766213779746977,4.04209130954329,1.0,2.0,3.0,5.0,9.0,16.0,65.02499999999998,no-temperature@rw1,9,1.8573214285714283,1.0,1.0,1.0
2025-11-02,SE-M,1,2025-11-09,1.0,10.805629592266424,4.192694822151481,1.0,2.0,3.0,6.0,10.0,20.0,69.02499999999998,no-temperature@rw1,8,1.785892857142857,1.0,1.0,1.0
2025-11-02,SE-M,2,2025-11-16,1.0,12.366931981778071,4.316953135618968,0.0,2.0,3.0,6.0,11.0,24.0,76.0,no-temperature@rw1,9,2.1714285714285717,1.0,1.0,1.0
2025-11-02,SE-M,3,2025-11-23,1.0,15.745614557860284,4.727937791546866,0.0,1.0,3.0,7.0,14.0,33.0,86.09999999999991,no-temperature@rw1,11,2.8864285714285707,1.0,1.0,1.0
2025-11-02,SE-O,0,2025-11-02,1.0,33.04082057451399,17.795142689441203,8.975000000000001,13.0,17.0,24.0,36.0,58.10000000000002,120.37499999999966,no-temperature@rw1,12,6.869999999999998,0.0,0.0,1.0
2025-11-02,SE-O,1,2025-11-09,1.0,42.78020257752248,22.68018600220458,9.0,13.0,21.0,30.0,49.0,80.10000000000002,155.02499999999998,no-temperature@rw1,8,13.531607142857142,0.0,0.0,0.0
2025-11-02,SE-O,2,2025-11-16,1.0,56.71782491919687,28.810181110503784,8.0,15.0,23.0,39.0,68.0,116.0,221.025,no-temperature@rw1,5,21.335892857142856,0.0,0.0,0.0
2025-11-02,SE-O,3,2025-11-23,1.0,81.20985075552875,38.843952313263856,8.0,15.0,28.0,49.0,98.25,176.10000000000002,346.0999999999999,no-temperature@rw1,13,22.035714285714285,0.0,0.0,1.0
2025-11-09,SE,0,2025-11-09,1.0,124.46347138065528,71.89695394946116,52.975,63.0,74.0,93.0,124.0,198.0,487.1999999999998,no-temperature@rw1,59,20.81589285714286,0.0,0.0,1.0
2025-11-09,SE,1,2025-11-16,1.0,130.87302422430096,75.73112669606998,46.0,57.0,73.0,99.5,142.0,218.5000000000001,470.025,no-temperature@rw1,80,15.357321428571433,1.0,1.0,1.0
2025-11-09,SE,2,2025-11-23,1.0,150.8441277329584,85.11832054727435,37.975,52.0,74.0,113.0,180.0,278.0,504.2249999999998,no-temperature@rw1,182,27.787499999999998,0.0,1.0,1.0
2025-11-09,SE,3,2025-11-30,1.0,183.14275965255376,96.3600857609367,30.0,49.0,76.0,125.0,224.25,376.2000000000001,679.05,no-temperature@rw1,376,103.78821428571429,0.0,1.0,1.0
2025-11-09,SE-M,0,2025-11-09,1.0,15.552005103194023,8.172198290169332,3.0,5.0,7.0,11.0,16.0,28.0,67.0,no-temperature@rw1,8,2.185714285714286,1.0,1.0,1.0
2025-11-09,SE-M,1,2025-11-16,1.0,19.568096341392003,9.836492072048715,2.9750000000000014,5.0,8.0,12.0,22.0,39.0,82.04999999999995,no-temperature@rw1,9,2.9648214285714287,1.0,1.0,1.0
2025-11-09,SE-M,2,2025-11-23,1.0,27.080711557673933,12.5936842285681,3.0,5.0,9.0,17.0,30.25,58.10000000000002,126.02499999999998,no-temperature@rw1,11,4.770892857142857,1.0,1.0,1.0
2025-11-09,SE-M,3,2025-11-30,1.0,39.04372832040419,16.143056667913918,2.0,5.0,11.0,21.0,46.0,86.30000000000007,202.0,no-temperature@rw1,21,6.251428571428574,1.0,1.0,1.0
2025-11-09,SE-O,0,2025-11-09,1.0,29.14944406580808,16.19793755768805,8.0,12.0,16.0,22.0,32.0,51.10000000000002,96.02499999999998,no-temperature@rw1,8,8.317321428571429,0.0,0.0,1.0
2025-11-09,SE-O,1,2025-11-16,1.0,33.69841273081382,18.631217736630298,7.0,11.0,16.0,25.0,41.25,64.10000000000002,123.0,no-temperature@rw1,5,12.435,0.0,0.0,0.0
2025-11-09,SE-O,2,2025-11-23,1.0,42.80224209131401,22.82643510684544,7.0,11.900000000000006,18.0,31.0,54.25,84.20000000000005,160.0,no-temperature@rw1,13,9.747857142857145,0.0,1.0,1.0
2025-11-09,SE-O,3,2025-11-30,1.0,56.71497550882025,28.0251891441356,6.0,11.0,19.0,36.0,70.0,119.10000000000002,229.025,no-temperature@rw1,38,8.610178571428573,1.0,1.0,1.0
2025-11-16,SE,0,2025-11-16,1.0,100.8331712333256,60.44023824766188,42.0,51.0,61.0,77.0,105.0,157.20000000000005,341.04999999999995,no-temperature@rw1,80,8.741785714285715,1.0,1.0,1.0
2025-11-16,SE,1,2025-11-23,1.0,103.70030264985012,62.5288880352135,36.0,46.900000000000006,60.0,82.5,118.0,178.10000000000002,333.2499999999998,no-temperature@rw1,182,43.62892857142857,0.0,0.0,1.0
2025-11-16,SE,2,2025-11-30,1.0,111.91182286530164,65.4699863958308,29.0,42.0,57.0,84.5,135.0,199.0,358.0,no-temperature@rw1,376,178.6214285714286,0.0,0.0,0.0
2025-11-16,SE,3,2025-12-07,1.0,126.83623689629786,68.33473692812092,22.0,35.900000000000006,54.0,89.0,154.0,253.1,469.4249999999996,no-temperature@rw1,717,470.3944642857144,0.0,0.0,0.0
2025-11-16,SE-M,0,2025-11-16,1.0,17.026035067788165,9.672675985105744,4.0,6.0,8.0,13.0,20.0,32.0,56.04999999999996,no-temperature@rw1,9,2.5432142857142854,1.0,1.0,1.0
2025-11-16,SE-M,1,2025-11-23,1.0,22.34819971424101,12.329452595139058,4.0,6.0,10.0,16.0,26.0,43.0,85.04999999999995,no-temperature@rw1,11,3.493214285714285,1.0,1.0,1.0
2025-11-16,SE-M,2,2025-11-30,1.0,30.67495091468875,15.737504552974752,3.0,7.0,11.0,20.0,38.0,66.0,122.02499999999998,no-temperature@rw1,21,4.607321428571429,1.0,1.0,1.0
2025-11-16,SE-M,3,2025-12-07,1.0,43.61363465151428,19.869204476097583,3.0,7.0,12.0,24.0,52.0,97.10000000000002,196.14999999999984,no-temperature@rw1,38,8.811071428571429,1.0,1.0,1.0
2025-11-16,SE-O,0,2025-11-16,1.0,19.5170305504159,11.207197912125867,5.0,7.0,10.0,15.0,23.0,34.10000000000002,60.02499999999998,no-temperature@rw1,5,5.524464285714286,0.0,0.0,1.0
2025-11-16,SE-O,1,2025-11-23,1.0,20.7875288192417,11.87675240676502,4.0,7.0,11.0,17.0,25.0,37.0,68.07499999999993,no-temperature@rw1,13,2.8862499999999995,1.0,1.0,1.0
2025-11-16,SE-O,2,2025-11-30,1.0,23.42144331878893,12.714766282294272,3.0,6.0,10.0,17.0,29.0,49.0,86.04999999999995,no-temperature@rw1,38,8.750357142857142,0.0,1.0,1.0
2025-11-16,SE-O,3,2025-12-07,1.0,27.795104865614707,13.546615270444873,2.9750000000000014,5.0,9.75,17.0,34.25,62.0,125.0,no-temperature@rw1,57,16.464464285714286,0.0,1.0,1.0
2025-11-23,SE,0,2025-11-23,1.0,139.73276342406024,87.9934892071492,63.0,74.0,87.0,110.0,149.25,224.0,420.025,no-temperature@rw1,182,30.92517857142857,0.0,1.0,1.0
2025-11-23,SE,1,2025-11-30,1.0,165.546671784755,104.61501719913498,61.0,76.0,98.0,133.0,192.0,275.20000000000005,468.1999999999998,no-temperature@rw1,376,131.4,0.0,0.0,1.0
2025-11-23,SE,2,2025-12-07,1.0,203.528361059745,123.51523395203424,53.0,76.9,104.0,156.0,248.0,374.0,663.1249999999999,no-temperature@rw1,717,350.6680357142858,0.0,0.0,0.0
2025-11-23,SE,3,2025-12-14,1.0,262.0304156783621,144.62043194676255,47.0,68.0,108.0,182.5,325.5,517.7000000000002,980.125,no-temperature@rw1,1325,813.0280357142857,0.0,0.0,0.0
2025-11-23,SE-M,0,2025-11-23,1.0,19.162185814952508,11.63892977657989,4.0,7.0,10.0,15.0,23.0,35.0,61.0,no-temperature@rw1,11,2.7071428571428577,1.0,1.0,1.0
2025-11-23,SE-M,1,2025-11-30,1.0,24.70884776856408,14.631308818838702,4.0,8.0,12.0,18.0,31.0,48.10000000000002,86.0,no-temperature@rw1,21,3.517142857142858,1.0,1.0,1.0
2025-11-23,SE-M,2,2025-12-07,1.0,33.12988914256188,18.202965819620367,4.0,8.0,13.0,23.0,41.0,69.0,122.07499999999992,no-temperature@rw1,38,6.729107142857143,1.0,1.0,1.0
2025-11-23,SE-M,3,2025-12-14,1.0,45.96887975500383,22.380568606685,3.0,8.0,14.0,26.0,57.0,105.0,199.1249999999999,no-temperature@rw1,76,19.81517857142857,0.0,1.0,1.0
2025-11-23,SE-O,0,2025-11-23,1.0,12.385159114084765,7.388887470612349,3.0,4.0,7.0,10.0,15.0,23.0,38.0,no-temperature@rw1,13,1.792857142857143,1.0,1.0,1.0
2025-11-23,SE-O,1,2025-11-30,1.0,11.933348808581082,6.977455413498704,2.0,4.0,6.0,9.0,15.0,23.0,37.0,no-temperature@rw1,38,16.72142857142857,0.0,0.0,0.0
2025-11-23,SE-O,2,2025-12-07,1.0,12.099599167150716,6.595029919692188,1.0,3.0,5.0,8.0,15.0,24.100000000000023,48.04999999999996,no-temperature@rw1,57,32.610357142857154,0.0,0.0,0.0
2025-11-23,SE-O,3,2025-12-14,1.0,13.016283927980416,6.232814314522744,1.0,2.0,4.0,8.0,16.0,28.0,58.02499999999998,no-temperature@rw1,120,91.7144642857143,0.0,0.0,0.0
2025-11-30,SE,0,2025-11-30,1.0,455.321520207409,316.230812462547,241.0,276.0,325.0,382.0,491.0,712.2,1078.5249999999996,no-temperature@rw1,376,31.159464285714282,1.0,1.0,1.0
2025-11-30,SE,1,2025-12-07,1.0,843.7060235219515,596.4073499352529,346.975,439.0,555.0,715.5,991.5,1343.2,2148.075,no-temperature@rw1,717,70.09214285714286,1.0,1.0,1.0
2025-11-30,SE,2,2025-12-14,1.0,1527.2750928995754,1080.5523360154868,458.7000000000001,635.7,881.75,1266.5,1912.0,2698.6000000000004,4370.25,no-temperature@rw1,1325,168.82607142857145,1.0,1.0,1.0
2025-11-30,SE,3,2025-12-21,1.0,2527.08675390214,1825.819979608675,534.875,805.9,1266.0,1952.0,3228.75,4815.000000000001,7343.0999999999985,no-temperature@rw1,1638,348.2294642857143,1.0,1.0,1.0
2025-11-30,SE-M,0,2025-11-30,1.0,21.641822290666788,13.958680193981303,5.0,8.0,12.0,18.0,26.0,37.0,63.07499999999993,no-temperature@rw1,21,2.6719642857142856,1.0,1.0,1.0
2025-11-30,SE-M,1,2025-12-07,1.0,27.26210585131527,17.14230139636836,5.0,9.0,13.0,21.0,34.0,53.0,80.04999999999995,no-temperature@rw1,38,6.864642857142856,0.0,1.0,1.0
2025-11-30,SE-M,2,2025-12-14,1.0,35.67208341159217,20.81625959783573,5.0,9.0,15.0,25.0,45.25,74.0,130.0,no-temperature@rw1,76,21.553571428571427,0.0,0.0,1.0
2025-11-30,SE-M,3,2025-12-21,1.0,48.11120583138952,24.972262207977675,4.0,9.0,15.0,30.0,60.0,104.20000000000005,198.34999999999968,no-temperature@rw1,107,32.55107142857141,0.0,0.0,1.0
2025-11-30,SE-O,0,2025-11-30,1.0,17.616905674750093,11.105156403727385,4.0,7.0,10.0,15.0,22.0,30.0,48.0,no-temperature@rw1,38,11.971428571428572,0.0,0.0,1.0
2025-11-30,SE-O,1,2025-12-07,1.0,19.352300168160824,11.896435069539534,3.0,6.0,10.0,16.0,23.25,37.0,55.02499999999998,no-temperature@rw1,57,23.98232142857143,0.0,0.0,0.0
2025-11-30,SE-O,2,2025-12-14,1.0,22.29693014493143,12.673987128765514,3.0,5.0,9.0,15.0,28.0,46.0,77.0,no-temperature@rw1,120,77.77142857142859,0.0,0.0,0.0
2025-11-30,SE-O,3,2025-12-21,1.0,27.092047838267646,13.426638360884112,2.0,5.0,9.0,16.5,32.0,60.0,123.0,no-temperature@rw1,158,98.29285714285713,0.0,0.0,0.0
2025-12-07,SE,0,2025-12-07,1.0,1057.105489408026,792.807010280069,617.775,704.0,800.0,931.0,1154.0,1532.0000000000002,2205.25,no-temperature@rw1,717,114.56767857142857,0.0,1.0,1.0
2025-12-07,SE,1,2025-12-14,1.0,2048.582151395673,1608.6757382321384,978.825,1189.8,1504.75,1872.5,2404.75,3035.0,4210.549999999999,no-temperature@rw1,1325,269.66089285714287,0.0,1.0,1.0
2025-12-07,SE,2,2025-12-21,1.0,3524.487363372995,2918.580891307256,1283.8,1687.0,2288.0,3124.0,4279.0,5688.2,8126.024999999999,no-temperature@rw1,1638,717.4073214285714,0.0,0.0,1.0
2025-12-07,SE,3,2025-12-28,1.0,4059.083423522512,3659.265001919566,1116.5,1641.7,2381.75,3536.5,5096.5,7031.4,10091.899999999998,no-temperature@rw1,1682,876.8692857142858,0.0,1.0,1.0
2025-12-07,SE-M,0,2025-12-07,1.0,36.82685099271808,25.498623926831332,12.0,17.0,23.0,32.0,44.0,60.0,95.02499999999998,no-temperature@rw1,38,4.17875,1.0,1.0,1.0
2025-12-07,SE-M,1,2025-12-14,1.0,50.884455463887775,34.70676909303284,12.975,21.0,29.0,42.0,63.0,92.0,137.04999999999995,no-temperature@rw1,76,13.914821428571429,0.0,1.0,1.0
2025-12-07,SE-M,2,2025-12-21,1.0,71.4079439916097,46.31066988349922,13.0,22.0,34.0,54.0,88.25,143.10000000000002,230.0,no-temperature@rw1,107,21.81357142857143,0.0,1.0,1.0
2025-12-07,SE-M,3,2025-12-28,1.0,80.9152022612535,50.00257756796667,8.0,18.0,30.0,55.0,100.0,179.20000000000005,313.07499999999993,no-temperature@rw1,138,34.49910714285714,0.0,1.0,1.0
2025-12-07,SE-O,0,2025-12-07,1.0,68.21709320355043,47.4735258699699,24.975,34.0,44.0,59.0,81.0,110.10000000000002,160.0,no-temperature@rw1,57,6.06732142857143,1.0,1.0,1.0
2025-12-07,SE-O,1,2025-12-14,1.0,109.99160072962638,76.83695577497522,32.975,46.900000000000006,64.0,90.0,133.25,199.0,292.1249999999999,no-temperature@rw1,120,15.428928571428571,1.0,1.0,1.0
2025-12-07,SE-O,2,2025-12-21,1.0,173.66478814366076,119.7590831876064,35.0,56.0,85.75,133.0,216.0,334.1,514.025,no-temperature@rw1,158,24.242321428571433,1.0,1.0,1.0
2025-12-07,SE-O,3,2025-12-28,1.0,206.50731889792152,145.47577163920377,30.0,51.0,83.75,147.0,271.25,435.0,671.3749999999997,no-temperature@rw1,118,33.08839285714286,1.0,1.0,1.0
2025-12-14,SE,0,2025-12-14,1.0,1678.5197004585166,1356.0077694667823,1048.6,1198.9,1343.75,1539.5,1825.0,2294.6000000000004,3219.3749999999995,no-temperature@rw1,1325,117.18625,0.0,1.0,1.0
2025-12-14,SE,1,2025-12-21,1.0,2693.885249710091,2312.4444555088658,1342.925,1668.9,2028.25,2516.5,3110.25,3842.2,5059.65,no-temperature@rw1,1638,411.75660714285715,0.0,0.0,1.0
2025-12-14,SE,2,2025-12-28,1.0,3107.575325857269,2833.8361395812854,1077.8,1593.5,2079.75,2839.5,3829.5,4948.200000000001,6698.424999999999,no-temperature@rw1,1682,539.9780357142857,0.0,1.0,1.0
2025-12-14,SE,3,2026-01-04,1.0,3578.997088843157,3359.4774033913072,980.875,1532.5,2142.5,3138.5,4495.25,6212.3,8805.225,no-temperature@rw1,2227,487.8646428571429,1.0,1.0,1.0
2025-12-14,SE-M,0,2025-12-14,1.0,71.45553553383925,53.25731812160835,30.0,39.0,49.0,64.0,85.0,113.10000000000002,158.02499999999998,no-temperature@rw1,76,7.31732142857143,1.0,1.0,1.0
2025-12-14,SE-M,1,2025-12-21,1.0,107.2748240926066,80.60412082113237,33.0,49.0,66.0,90.0,132.0,181.0,276.025,no-temperature@rw1,107,12.650178571428572,1.0,1.0,1.0
2025-12-14,SE-M,2,2025-12-28,1.0,127.2600761949208,96.18614145315529,28.0,44.0,67.0,104.0,158.0,242.20000000000005,380.1999999999998,no-temperature@rw1,138,19.535714285714285,1.0,1.0,1.0
2025-12-14,SE-M,3,2026-01-04,1.0,159.4264834750389,119.88978089040016,29.0,46.0,74.75,120.5,204.0,326.1,510.1499999999999,no-temperature@rw1,190,30.600357142857145,1.0,1.0,1.0
2025-12-14,SE-O,0,2025-12-14,1.0,126.05520889518314,95.39299117693064,54.0,71.0,89.0,112.0,146.0,188.0,266.1999999999998,no-temperature@rw1,120,10.072857142857142,1.0,1.0,1.0
2025-12-14,SE-O,1,2025-12-21,1.0,202.98460378719463,158.48341988355702,68.975,97.0,129.0,179.0,242.0,337.0,476.1499999999999,no-temperature@rw1,158,20.836964285714284,1.0,1.0,1.0
2025-12-14,SE-O,2,2025-12-28,1.0,246.97278115425476,200.65787776450043,62.0,92.0,139.0,206.0,308.25,441.1,647.05,no-temperature@rw1,118,44.81392857142857,0.0,1.0,1.0
2025-12-14,SE-O,3,2026-01-04,1.0,304.4236258042443,254.81569764200128,64.975,94.0,151.75,253.0,396.5,585.1,907.1749999999998,no-temperature@rw1,281,41.52928571428572,1.0,1.0,1.0
2025-12-21,SE,0,2025-12-21,1.0,2493.570960085151,2219.671861211741,1434.85,1840.0,2083.75,2370.5,2744.75,3275.0,4288.325,no-temperature@rw1,1638,398.3105357142857,0.0,0.0,1.0
2025-12-21,SE,1,2025-12-28,1.0,2793.5581311855344,2680.4082164637075,1251.85,1714.5,2221.0,2679.5,3312.5,3936.8,4845.899999999998,no-temperature@rw1,1682,472.9160714285714,0.0,0.0,1.0
2025-12-21,SE,2,2026-01-04,1.0,3199.44712470368,3158.306509530018,1146.0,1623.9,2267.0,3032.5,3913.25,4985.6,6589.024999999997,no-temperature@rw1,2227,379.01660714285714,0.0,1.0,1.0
2025-12-21,SE,3,2026-01-11,1.0,1868.268126152108,1897.0709477863152,422.0,699.4000000000001,1100.75,1660.5,2328.5,3186.8,4815.724999999999,no-temperature@rw1,1532,208.50589285714287,1.0,1.0,1.0
2025-12-21,SE-M,0,2025-12-21,1.0,149.72769989298936,121.34251777272958,66.95,88.0,109.0,137.0,174.0,219.1,306.07499999999993,no-temperature@rw1,107,14.95375,0.0,1.0,1.0
2025-12-21,SE-M,1,2025-12-28,1.0,189.3127092885316,160.99588999549056,71.0,95.0,126.75,168.0,234.0,300.1,428.025,no-temperature@rw1,138,20.356607142857143,1.0,1.0,1.0
2025-12-21,SE-M,2,2026-01-04,1.0,243.932882870977,211.89467977683867,72.0,108.0,147.0,216.5,309.0,420.1,572.025,no-temperature@rw1,190,27.84589285714286,1.0,1.0,1.0
2025-12-21,SE-M,3,2026-01-11,1.0,166.81484731678916,151.3384793730184,30.975,55.0,87.0,136.0,213.0,313.0,473.05,no-temperature@rw1,126,20.95767857142857,1.0,1.0,1.0
2025-12-21,SE-O,0,2025-12-21,1.0,252.8352779827068,210.43202853027583,121.975,157.0,190.0,234.0,290.0,364.1,508.1249999999999,no-temperature@rw1,158,35.81821428571429,0.0,1.0,1.0
2025-12-21,SE-O,1,2025-12-28,1.0,320.7155564946578,285.46713329077375,116.0,168.0,217.0,296.0,391.0,501.0,669.0,no-temperature@rw1,118,93.89285714285714,0.0,0.0,1.0
2025-12-21,SE-O,2,2026-01-04,1.0,402.647086597129,371.81511120410187,117.0,183.9,255.75,355.0,505.25,670.2,949.075,no-temperature@rw1,281,48.230535714285715,1.0,1.0,1.0
2025-12-21,SE-O,3,2026-01-11,1.0,260.28420394235314,254.9002051635983,54.975,89.9,138.0,221.0,333.5,477.1,687.025,no-temperature@rw1,260,35.113214285714285,1.0,1.0,1.0
2025-12-28,SE,0,2025-12-28,1.0,1363.2344542565197,1544.559840022751,607.7,857.0,1175.5,1415.0,1595.25,1749.0,1940.2,no-temperature@rw1,1682,127.91428571428571,0.0,1.0,1.0
2025-12-28,SE,1,2026-01-04,1.0,1261.0281626234255,1480.5847333350098,451.7000000000001,693.6,1017.75,1298.0,1524.25,1729.0,2029.0,no-temperature@rw1,2227,609.385,0.0,0.0,0.0
2025-12-28,SE,2,2026-01-11,1.0,570.7012594612881,691.9249265830522,145.975,233.0,382.0,554.0,736.25,914.1,1196.15,no-temperature@rw1,1532,691.8362500000001,0.0,0.0,0.0
2025-12-28,SE,3,2026-01-18,1.0,314.0412859702614,371.2129223969997,54.0,94.70000000000002,164.0,274.5,410.25,567.2,859.5249999999995,no-temperature@rw1,1082,554.7787500000002,0.0,0.0,0.0
2025-12-28,SE-M,0,2025-12-28,1.0,156.92028684530803,140.20822113264222,75.95,98.0,118.0,148.0,181.0,222.0,288.0,no-temperature@rw1,138,10.98607142857143,1.0,1.0,1.0
2025-12-28,SE-M,1,2026-01-04,1.0,195.09724131832613,179.56641578987202,70.975,109.0,143.0,183.0,238.0,290.1,382.05,no-temperature@rw1,190,15.181964285714287,1.0,1.0,1.0
2025-12-28,SE-M,2,2026-01-11,1.0,130.75287359412698,125.11593107948514,32.0,55.900000000000006,81.0,115.0,164.25,221.0,316.07499999999993,no-temperature@rw1,126,14.264107142857144,1.0,1.0,1.0
2025-12-28,SE-M,3,2026-01-18,1.0,102.7228803879437,98.76414081203592,17.0,32.0,53.0,84.5,132.0,193.0,306.2249999999998,no-temperature@rw1,130,18.80875,1.0,1.0,1.0
2025-12-28,SE-O,0,2025-12-28,1.0,217.17098489123143,204.2970672406771,90.975,138.0,171.0,210.0,254.25,310.0,395.07499999999993,no-temperature@rw1,118,47.03285714285714,0.0,0.0,1.0
2025-12-28,SE-O,1,2026-01-04,1.0,255.017441820085,249.04078018012856,81.975,139.0,190.0,244.0,306.0,379.1,489.025,no-temperature@rw1,281,23.33892857142857,1.0,1.0,1.0
2025-12-28,SE-O,2,2026-01-11,1.0,158.06343733778291,161.48764924988143,34.975,67.9,100.0,144.5,196.0,268.1,362.1999999999998,no-temperature@rw1,260,49.70017857142857,0.0,1.0,1.0
2025-12-28,SE-O,3,2026-01-18,1.0,116.32485840309678,119.4548448002055,18.0,36.0,59.0,96.0,147.25,214.0,346.0,no-temperature@rw1,151,22.660714285714285,0.0,1.0,1.0
2026-01-04,SE,0,2026-01-04,1.0,1522.1660171075057,1685.2780600551816,748.925,1082.2,1347.0,1575.0,1745.0,1882.1,2076.075,no-temperature@rw1,2227,433.28392857142865,0.0,0.0,0.0
2026-01-04,SE,1,2026-01-11,1.0,732.7222768565393,868.1794777537415,289.85,434.9,587.75,734.0,875.5,1019.0,1185.3999999999996,no-temperature@rw1,1532,590.8103571428572,0.0,0.0,0.0
2026-01-04,SE,2,2026-01-18,1.0,420.103871171449,511.1291690982699,122.0,188.0,284.75,396.0,517.25,676.3000000000001,873.0999999999999,no-temperature@rw1,1082,470.8807142857143,0.0,0.0,0.0
2026-01-04,SE,3,2026-01-25,1.0,319.2692498828686,380.9224836430011,58.975,99.0,169.0,265.0,402.75,588.3000000000001,907.0,no-temperature@rw1,968,424.5766071428571,0.0,0.0,0.0
2026-01-04,SE-M,0,2026-01-04,1.0,185.2962869205944,176.7035659923844,87.0,119.0,149.0,182.0,218.0,253.0,310.07499999999993,no-temperature@rw1,190,11.493392857142856,1.0,1.0,1.0
2026-01-04,SE-M,1,2026-01-11,1.0,121.00130088348304,122.39776351426876,41.95,64.0,88.0,115.0,149.0,183.0,236.025,no-temperature@rw1,126,10.714821428571428,1.0,1.0,1.0
2026-01-04,SE-M,2,2026-01-18,1.0,93.19689129314744,96.16392491612116,21.0,37.900000000000006,57.0,84.0,119.25,163.10000000000002,239.07499999999996,no-temperature@rw1,130,19.224107142857143,0.0,1.0,1.0
2026-01-04,SE-M,3,2026-01-25,1.0,97.21358146741754,98.17563587786395,12.0,26.90000000000001,44.75,76.0,127.0,191.1,322.2499999999998,no-temperature@rw1,133,22.639642857142857,0.0,1.0,1.0
2026-01-04,SE-O,0,2026-01-04,1.0,136.71094120056492,149.0861561227468,43.0,79.0,106.0,137.0,164.0,193.0,231.04999999999995,no-temperature@rw1,281,102.15750000000001,0.0,0.0,0.0
2026-01-04,SE-O,1,2026-01-11,1.0,68.35805045873485,78.6506718297538,17.975,32.0,49.0,66.0,85.0,105.10000000000002,138.02499999999998,no-temperature@rw1,260,162.3389285714286,0.0,0.0,0.0
2026-01-04,SE-O,2,2026-01-18,1.0,42.18507383532255,48.92808589405801,7.0,15.0,24.0,37.5,56.0,72.0,111.0,no-temperature@rw1,151,82.01428571428572,0.0,0.0,0.0
2026-01-04,SE-O,3,2026-01-25,1.0,35.60544867774172,39.4743700810514,3.0,8.0,15.0,28.0,46.0,72.0,116.02499999999998,no-temperature@rw1,135,68.98589285714287,0.0,0.0,0.0
2026-01-11,SE,0,2026-01-11,1.0,1207.2457251162632,1329.1645706030404,591.925,855.7,1062.0,1248.0,1364.25,1495.0,1648.1,no-temperature@rw1,1532,146.47053571428572,0.0,0.0,1.0
2026-01-11,SE,1,2026-01-18,1.0,843.6137357562012,980.0681540756376,290.9,494.7000000000001,656.25,832.0,1018.25,1201.2,1482.0749999999998,no-temperature@rw1,1082,108.47982142857143,0.0,1.0,1.0
2026-01-11,SE,2,2026-01-25,1.0,788.3000546242969,932.1042506801836,171.875,316.9,487.0,713.0,989.5,1348.5,1843.525,no-temperature@rw1,968,113.73607142857142,1.0,1.0,1.0
2026-01-11,SE,3,2026-02-01,1.0,844.4147280158945,968.9858703252868,108.975,238.0,389.75,666.5,1095.75,1674.7000000000005,2506.099999999997,no-temperature@rw1,1107,174.74232142857142,0.0,1.0,1.0
2026-01-11,SE-M,0,2026-01-11,1.0,128.08640553947328,132.15585779536016,52.0,81.0,102.0,126.0,151.0,181.0,212.025,no-temperature@rw1,126,7.500178571428571,1.0,1.0,1.0
2026-01-11,SE-M,1,2026-01-18,1.0,99.07893310363605,106.67826511071232,30.975,49.0,69.0,95.0,124.0,155.0,214.04999999999995,no-temperature@rw1,130,14.979107142857144,0.0,1.0,1.0
2026-01-11,SE-M,2,2026-01-25,1.0,103.43224312599403,111.78081141753174,18.0,34.0,56.0,88.5,133.0,192.1,296.14999999999986,no-temperature@rw1,133,18.361071428571428,1.0,1.0,1.0
2026-01-11,SE-M,3,2026-02-01,1.0,122.52950948301222,127.623007448072,10.0,28.0,49.0,92.5,164.25,252.1,400.05,no-temperature@rw1,189,38.278214285714284,0.0,1.0,1.0
2026-01-11,SE-O,0,2026-01-11,1.0,152.27906070040177,160.75725604371436,55.0,93.0,119.0,149.0,182.25,216.0,257.0,no-temperature@rw1,260,60.97500000000001,0.0,0.0,0.0
2026-01-11,SE-O,1,2026-01-18,1.0,117.47909820252998,129.5911088777486,27.975,55.0,78.0,108.0,149.0,187.1,258.07499999999993,no-temperature@rw1,151,17.20357142857143,0.0,1.0,1.0
2026-01-11,SE-O,2,2026-01-25,1.0,123.2421163697322,136.42987071874694,17.0,39.0,66.0,105.0,159.0,223.0,343.025,no-temperature@rw1,135,18.51446428571429,1.0,1.0,1.0
2026-01-11,SE-O,3,2026-02-01,1.0,144.8421568220159,154.38236274056982,12.0,32.0,56.0,110.0,187.25,304.5000000000001,532.0999999999999,no-temperature@rw1,203,38.66142857142857,0.0,1.0,1.0
2026-01-18,SE,0,2026-01-18,1.0,1108.350557563752,1275.178951726949,523.625,792.6,985.75,1141.5,1268.0,1387.4,1505.0749999999998,no-temperature@rw1,1082,52.66535714285715,1.0,1.0,1.0
2026-01-18,SE,1,2026-01-25,1.0,1152.157952898984,1400.7791084405549,356.9,654.9,869.0,1117.0,1402.25,1728.0,1998.05,no-temperature@rw1,968,101.75750000000001,1.0,1.0,1.0
2026-01-18,SE,2,2026-02-01,1.0,1334.6489927786886,1638.8199883924542,272.925,557.8,837.75,1212.5,1702.5,2314.6000000000004,3129.6749999999997,no-temperature@rw1,1107,147.4389285714286,1.0,1.0,1.0
2026-01-18,SE,3,2026-02-08,1.0,1509.0974567397218,1798.6636555361474,202.925,449.30000000000007,750.0,1220.5,1991.5,2931.3,4433.174999999999,no-temperature@rw1,1404,216.02321428571432,1.0,1.0,1.0
2026-01-18,SE-M,0,2026-01-18,1.0,90.50585602925022,101.05247777670807,34.975,55.0,70.0,90.0,109.0,130.0,156.0,no-temperature@rw1,130,17.507321428571426,0.0,1.0,1.0
2026-01-18,SE-M,1,2026-01-25,1.0,89.28259269369414,103.5194186630152,23.0,41.0,59.0,82.0,111.0,144.10000000000002,189.025,no-temperature@rw1,133,21.41732142857143,0.0,1.0,1.0
2026-01-18,SE-M,2,2026-02-01,1.0,101.07565783844528,116.10046797708776,17.0,32.0,53.0,85.0,134.0,190.0,287.14999999999986,no-temperature@rw1,189,42.80107142857143,0.0,1.0,1.0
2026-01-18,SE-M,3,2026-02-08,1.0,113.53053027751622,124.25094132524794,10.0,24.0,45.0,88.0,147.0,236.1,381.2499999999998,no-temperature@rw1,215,53.56892857142857,0.0,1.0,1.0
2026-01-18,SE-O,0,2026-01-18,1.0,210.30187204948425,228.61319235712435,64.975,125.9,161.0,208.0,259.25,301.1,365.025,no-temperature@rw1,151,25.166785714285716,0.0,1.0,1.0
2026-01-18,SE-O,1,2026-01-25,1.0,262.9794822502249,299.1839889336776,61.95,114.0,167.75,242.5,331.0,436.0,580.0,no-temperature@rw1,135,49.27535714285714,0.0,1.0,1.0
2026-01-18,SE-O,2,2026-02-01,1.0,343.7099175027523,393.1354232872772,47.925,106.8,174.75,297.0,437.25,642.2,939.5249999999996,no-temperature@rw1,203,53.84428571428572,1.0,1.0,1.0
2026-01-18,SE-O,3,2026-02-08,1.0,401.3713962283706,452.85778363713655,41.975,90.0,171.75,317.0,530.5,820.6000000000001,1207.5249999999987,no-temperature@rw1,230,67.25321428571428,1.0,1.0,1.0
2026-01-25,SE,0,2026-01-25,1.0,819.3438125185927,1034.3345449234375,295.975,526.6,697.0,841.0,963.0,1077.2,1196.025,no-temperature@rw1,968,60.731785714285714,0.0,1.0,1.0
2026-01-25,SE,1,2026-02-01,1.0,794.026703114463,1043.2025120241383,200.825,419.0,586.0,777.5,983.5,1199.9,1485.125,no-temperature@rw1,1107,142.235,0.0,1.0,1.0
2026-01-25,SE,2,2026-02-08,1.0,773.0188924623579,1015.0151616717022,139.975,317.9,464.0,695.5,986.0,1330.7000000000005,1846.125,no-temperature@rw1,1404,319.99535714285696,0.0,0.0,1.0
2026-01-25,SE,3,2026-02-15,1.0,743.0741755749698,940.4794333053776,97.975,228.0,353.25,591.5,919.25,1453.8000000000002,2313.325,no-temperature@rw1,1616,483.04678571428565,0.0,0.0,1.0
2026-01-25,SE-M,0,2026-01-25,1.0,120.28273239347403,141.181356177321,39.0,69.0,92.0,118.0,148.0,174.0,206.025,no-temperature@rw1,133,10.335892857142856,1.0,1.0,1.0
2026-01-25,SE-M,1,2026-02-01,1.0,146.5031703013872,176.3951883217579,36.0,65.0,93.0,135.0,185.25,246.1,310.025,no-temperature@rw1,189,22.506607142857142,0.0,1.0,1.0
2026-01-25,SE-M,2,2026-02-08,1.0,172.42805733537702,204.3281865273407,25.975,55.0,92.0,148.0,230.25,325.1,485.3249999999997,no-temperature@rw1,215,30.44464285714286,1.0,1.0,1.0
2026-01-25,SE-M,3,2026-02-15,1.0,187.58537077527683,214.2886851226148,19.0,46.80000000000001,79.75,142.0,251.0,378.0,614.2499999999998,no-temperature@rw1,224,37.661071428571425,1.0,1.0,1.0
2026-01-25,SE-O,0,2026-01-25,1.0,152.86886402593402,187.48491642349532,51.925,79.9,112.0,148.0,187.0,227.1,292.04999999999995,no-temperature@rw1,135,13.13517857142857,1.0,1.0,1.0
2026-01-25,SE-O,1,2026-02-01,1.0,170.0389983244279,214.1457268499524,37.95,69.0,105.75,153.5,213.25,282.0,376.2249999999998,no-temperature@rw1,203,23.251964285714283,1.0,1.0,1.0
2026-01-25,SE-O,2,2026-02-08,1.0,183.82985630456568,227.65101212849112,28.0,53.0,95.0,153.0,239.0,348.30000000000007,495.1249999999999,no-temperature@rw1,230,33.059464285714284,1.0,1.0,1.0
2026-01-25,SE-O,3,2026-02-15,1.0,185.9795279085133,220.8666102171051,19.950000000000003,41.0,75.0,138.0,245.25,377.2000000000001,620.1749999999998,no-temperature@rw1,281,56.69660714285715,0.0,1.0,1.0
2026-02-01,SE,0,2026-02-01,1.0,688.1108760969153,929.3914892119168,182.975,419.8,555.0,712.5,832.25,930.0,1063.0,no-temperature@rw1,1107,238.66660714285715,0.0,0.0,0.0
2026-02-01,SE,1,2026-02-08,1.0,615.6036731642174,856.4617040513942,125.975,312.8,443.0,599.0,765.5,928.6,1189.025,no-temperature@rw1,1404,542.9017857142857,0.0,0.0,0.0
2026-02-01,SE,2,2026-02-15,1.0,545.2341418329622,756.7899777771058,100.62500000000004,228.8,338.75,487.5,680.5,936.1,1318.999999999999,no-temperature@rw1,1616,760.9362500000003,0.0,0.0,0.0
2026-02-01,SE,3,2026-02-22,1.0,473.2062023265823,632.8127540393997,58.725000000000016,146.8,246.0,386.0,605.5,908.9000000000002,1409.1,no-temperature@rw1,1529,695.6698214285715,0.0,0.0,0.0
2026-02-01,SE-M,0,2026-02-01,1.0,130.40801978505533,164.34545741810834,40.975,72.9,100.0,128.0,160.0,192.0,235.025,no-temperature@rw1,189,26.074642857142855,0.0,1.0,1.0
2026-02-01,SE-M,1,2026-02-08,1.0,145.8182525086253,186.38826987701756,33.975,64.0,93.75,135.0,185.0,240.1,316.025,no-temperature@rw1,215,33.56392857142857,0.0,1.0,1.0
2026-02-01,SE-M,2,2026-02-15,1.0,153.95119782029082,192.88361112026436,25.975,52.0,82.75,133.0,198.25,284.0,419.0,no-temperature@rw1,224,38.043035714285715,0.0,1.0,1.0
2026-02-01,SE-M,3,2026-02-22,1.0,150.64167792812287,180.83075609168884,18.0,39.900000000000006,69.0,121.5,201.0,297.1,489.1999999999998,no-temperature@rw1,188,29.642857142857142,1.0,1.0,1.0
2026-02-01,SE-O,0,2026-02-01,1.0,112.51390517374487,150.78454674756688,29.975,57.900000000000006,79.0,107.5,139.0,172.10000000000002,215.025,no-temperature@rw1,203,49.6275,0.0,0.0,1.0
2026-02-01,SE-O,1,2026-02-08,1.0,106.6227621084752,144.60166758721525,21.975,42.0,64.75,97.0,135.0,182.0,255.07499999999996,no-temperature@rw1,230,70.53999999999999,0.0,0.0,1.0
2026-02-01,SE-O,2,2026-02-15,1.0,98.28721890081304,130.1132955116435,15.0,30.0,50.0,82.0,128.0,183.1,279.0999999999999,no-temperature@rw1,281,112.48928571428574,0.0,0.0,0.0
2026-02-01,SE-O,3,2026-02-22,1.0,82.10326302647584,103.08315266879238,8.975000000000001,20.0,34.0,59.0,106.0,170.10000000000002,297.0999999999999,no-temperature@rw1,257,107.74660714285713,0.0,0.0,1.0
2026-02-08,SE,0,2026-02-08,1.0,828.1179348646416,1158.9964561900942,172.9,454.9,653.75,859.5,1026.0,1168.1,1310.15,no-temperature@rw1,1404,335.08964285714285,0.0,0.0,0.0
2026-02-08,SE,1,2026-02-15,1.0,827.9891685414736,1183.7754601505462,141.9,383.0,590.75,809.5,1048.0,1282.3000000000002,1576.1999999999998,no-temperature@rw1,1616,452.81428571428575,0.0,0.0,0.0
2026-02-08,SE,2,2026-02-22,1.0,794.2616290306178,1122.0388164011358,104.925,306.9,492.25,718.0,1013.5,1393.4,1842.525,no-temperature@rw1,1529,382.57214285714286,0.0,0.0,1.0
2026-02-08,SE,3,2026-03-01,1.0,715.2784758205701,970.1320459383088,79.775,218.0,378.75,583.5,931.0,1411.4,1992.25,no-temperature@rw1,1252,274.41839285714286,0.0,1.0,1.0
2026-02-08,SE-M,0,2026-02-08,1.0,168.04677840787954,219.9496849722035,43.95,90.0,128.75,167.0,205.0,248.1,300.04999999999995,no-temperature@rw1,215,21.50714285714286,0.0,1.0,1.0
2026-02-08,SE-M,1,2026-02-15,1.0,181.7427975861197,238.7227240414087,38.95,75.9,119.75,172.5,225.0,294.0,387.025,no-temperature@rw1,224,23.59267857142857,1.0,1.0,1.0
2026-02-08,SE-M,2,2026-02-22,1.0,180.74621861738703,230.4434816264774,30.975,64.0,107.0,158.0,234.0,325.1,453.1249999999999,no-temperature@rw1,188,23.8325,1.0,1.0,1.0
2026-02-08,SE-M,3,2026-03-01,1.0,151.78662781102918,183.8855103480285,22.975,44.0,77.0,125.0,196.5,297.20000000000005,430.05,no-temperature@rw1,156,23.10625,1.0,1.0,1.0
2026-02-08,SE-O,0,2026-02-08,1.0,143.75483477101184,199.3724421804411,32.0,71.0,101.0,140.0,180.25,218.0,273.0,no-temperature@rw1,230,42.082142857142856,0.0,0.0,1.0
2026-02-08,SE-O,1,2026-02-15,1.0,141.4851360282536,196.86469410371447,25.0,57.0,88.0,129.5,182.0,242.0,328.17499999999984,no-temperature@rw1,281,75.23696428571428,0.0,0.0,1.0
2026-02-08,SE-O,2,2026-02-22,1.0,123.77842290003947,166.99114107354723,18.975,38.900000000000006,65.0,103.0,162.0,229.1,342.04999999999995,no-temperature@rw1,257,71.78482142857143,0.0,0.0,1.0
2026-02-08,SE-O,3,2026-03-01,1.0,101.53441606573304,129.2563394656353,11.0,25.90000000000001,47.0,77.0,136.0,203.1,340.1249999999999,no-temperature@rw1,185,43.199464285714285,0.0,1.0,1.0
2026-02-15,SE,0,2026-02-15,1.0,1161.7383440919211,1669.5003824942632,190.9,623.9,897.0,1220.5,1450.0,1639.5000000000005,1840.25,no-temperature@rw1,1616,184.22678571428574,0.0,1.0,1.0
2026-02-15,SE,1,2026-02-22,1.0,1279.348617045199,1856.1558794991563,160.75,595.0,917.0,1279.5,1633.5,1970.1,2399.074999999999,no-temperature@rw1,1529,142.09803571428571,1.0,1.0,1.0
2026-02-15,SE,2,2026-03-01,1.0,1288.4307018298357,1827.079946138467,133.925,490.30000000000007,826.0,1199.0,1644.5,2274.1,2915.15,no-temperature@rw1,1252,136.86732142857142,1.0,1.0,1.0
2026-02-15,SE,3,2026-03-08,1.0,1214.0823834813527,1633.8267406275213,102.95,385.9,673.0,1038.5,1570.0,2325.2,3265.825,no-temperature@rw1,775,179.7148214285714,1.0,1.0,1.0
2026-02-15,SE-M,0,2026-02-15,1.0,170.86415686658924,232.4292666504648,35.975,84.0,131.0,167.5,211.0,249.1,298.0,no-temperature@rw1,224,24.08875,0.0,1.0,1.0
2026-02-15,SE-M,1,2026-02-22,1.0,165.05557879806116,222.50670483176236,32.925000000000004,70.9,111.0,158.5,208.0,266.1,336.025,no-temperature@rw1,188,18.884999999999998,1.0,1.0,1.0
2026-02-15,SE-M,2,2026-03-01,1.0,136.2697093075776,176.5900559835297,27.0,52.0,81.0,121.0,173.0,245.1,322.04999999999995,no-temperature@rw1,156,19.19607142857143,1.0,1.0,1.0
2026-02-15,SE-M,3,2026-03-08,1.0,104.68166573104844,126.29478184068292,16.0,33.0,54.0,88.0,137.25,198.20000000000005,287.0999999999999,no-temperature@rw1,70,15.174285714285716,1.0,1.0,1.0
2026-02-15,SE-O,0,2026-02-15,1.0,160.19252640245938,229.3671973133328,29.0,71.0,113.0,157.0,204.0,250.0,315.0,no-temperature@rw1,281,62.228571428571435,0.0,0.0,1.0
2026-02-15,SE-O,1,2026-02-22,1.0,143.28036005637796,203.19920350916448,23.950000000000003,56.0,91.75,134.0,188.0,247.0,314.2749999999997,no-temperature@rw1,257,54.54874999999999,0.0,0.0,1.0
2026-02-15,SE-O,2,2026-03-01,1.0,119.78331800136168,162.95204602586347,17.0,39.0,64.75,101.0,158.25,218.1,322.04999999999995,no-temperature@rw1,185,33.6175,0.0,1.0,1.0
2026-02-15,SE-O,3,2026-03-08,1.0,104.8032971901051,133.3187885886356,11.0,26.90000000000001,47.0,83.0,138.0,215.0,325.3249999999997,no-temperature@rw1,143,24.119464285714283,0.0,1.0,1.0
2026-02-22,SE,0,2026-02-22,1.0,1180.7333776120947,1751.6510816387863,157.95,577.7,902.5,1237.0,1507.0,1691.1,1901.025,no-temperature@rw1,1529,135.44053571428572,0.0,1.0,1.0
2026-02-22,SE,1,2026-03-01,1.0,1135.549398314624,1678.482211533092,133.875,500.8,821.75,1128.5,1436.5,1743.2,2136.15,no-temperature@rw1,1252,111.35267857142857,1.0,1.0,1.0
2026-02-22,SE,2,2026-03-08,1.0,1028.2014204767263,1468.0863120309384,107.9,398.7000000000001,670.75,961.0,1332.5,1716.7000000000005,2288.3749999999995,no-temperature@rw1,775,127.07125,1.0,1.0,1.0
2026-02-22,SE,3,2026-03-15,1.0,928.8539603705898,1239.539580121312,80.92500000000001,301.0,525.0,810.5,1227.5,1678.6,2404.175,no-temperature@rw1,475,168.3475,0.0,1.0,1.0
2026-02-22,SE-M,0,2026-02-22,1.0,153.9619513601016,212.70907460183076,32.975,76.0,116.0,154.0,192.25,228.0,264.0,no-temperature@rw1,188,16.296607142857145,1.0,1.0,1.0
2026-02-22,SE-M,1,2026-03-01,1.0,123.00299275414032,166.34216550578964,22.975,58.0,85.0,117.0,152.0,199.1,235.07499999999996,no-temperature@rw1,156,17.04642857142857,0.0,1.0,1.0
2026-02-22,SE-M,2,2026-03-08,1.0,91.70917385713538,117.45747603292811,17.975,36.0,55.0,84.0,117.0,161.0,217.0,no-temperature@rw1,70,11.421607142857143,1.0,1.0,1.0
2026-02-22,SE-M,3,2026-03-15,1.0,73.16874757344074,86.00934245534502,11.0,23.0,37.0,62.0,96.0,138.10000000000002,200.04999999999995,no-temperature@rw1,30,15.424642857142858,0.0,1.0,1.0
2026-02-22,SE-O,0,2026-02-22,1.0,174.48733534337464,252.89412667202717,26.950000000000003,79.0,124.0,172.0,224.25,277.1,341.04999999999995,no-temperature@rw1,257,36.56428571428571,0.0,1.0,1.0
2026-02-22,SE-O,1,2026-03-01,1.0,153.16526427646872,217.28131881709407,22.975,57.900000000000006,96.75,141.0,197.0,268.1,339.07499999999993,no-temperature@rw1,185,21.710000000000004,1.0,1.0,1.0
2026-02-22,SE-O,2,2026-03-08,1.0,139.55802717953517,188.1649309174892,18.975,45.0,78.0,122.0,180.0,263.0,362.025,no-temperature@rw1,143,18.964642857142856,1.0,1.0,1.0
2026-02-22,SE-O,3,2026-03-15,1.0,126.94702556691034,158.19676222702003,14.975,33.0,58.75,104.0,170.0,242.0,391.07499999999993,no-temperature@rw1,80,20.032857142857146,1.0,1.0,1.0
2026-03-01,SE,0,2026-03-01,1.0,879.9678236255274,1321.8610646498032,121.8,399.9,676.75,934.0,1116.0,1270.0,1428.025,no-temperature@rw1,1252,149.85089285714284,0.0,1.0,1.0
2026-03-01,SE,1,2026-03-08,1.0,695.4432492238462,1025.73391948763,78.92500000000001,301.0,509.75,713.0,893.0,1049.2,1243.2499999999998,no-temperature@rw1,775,65.92589285714286,1.0,1.0,1.0
2026-03-01,SE,2,2026-03-15,1.0,552.6751450016415,776.6565816550838,60.82500000000001,221.7,367.75,535.5,725.25,908.2,1167.0,no-temperature@rw1,475,61.69410714285714,1.0,1.0,1.0
2026-03-01,SE,3,2026-03-22,1.0,456.2044664123309,590.4365933510624,38.95,149.9,255.75,412.0,609.25,814.7000000000002,1147.0749999999998,no-temperature@rw1,321,65.1594642857143,1.0,1.0,1.0
2026-03-01,SE-M,0,2026-03-01,1.0,105.50209338471794,143.86292193040106,20.975,55.900000000000006,80.0,105.0,131.0,153.10000000000002,183.0,no-temperature@rw1,156,22.83446428571428,0.0,0.0,1.0
2026-03-01,SE-M,1,2026-03-08,1.0,73.12965367059287,96.0836561885267,14.0,34.0,51.0,71.0,93.0,114.0,139.02499999999998,no-temperature@rw1,70,6.321607142857142,1.0,1.0,1.0
2026-03-01,SE-M,2,2026-03-15,1.0,54.37924336824428,66.79305597686619,11.0,22.0,34.0,50.0,70.0,94.0,127.0,no-temperature@rw1,30,9.457142857142857,0.0,1.0,1.0
2026-03-01,SE-M,3,2026-03-22,1.0,41.47625440317592,46.13568122916129,5.0,14.0,22.0,35.0,54.0,81.0,114.0,no-temperature@rw1,25,6.4071428571428575,1.0,1.0,1.0
2026-03-01,SE-O,0,2026-03-01,1.0,151.7606025729417,221.4794940850345,21.975,64.0,106.75,149.0,196.25,239.20000000000005,287.04999999999995,no-temperature@rw1,185,18.434821428571432,1.0,1.0,1.0
2026-03-01,SE-O,1,2026-03-08,1.0,136.36135316285487,193.0204247798428,20.0,54.0,87.0,129.5,176.0,233.1,307.0,no-temperature@rw1,143,15.452857142857141,1.0,1.0,1.0
2026-03-01,SE-O,2,2026-03-15,1.0,122.69778668779206,163.09463100427018,15.975,41.900000000000006,68.0,108.0,161.25,217.0,316.07499999999993,no-temperature@rw1,80,17.807142857142857,1.0,1.0,1.0
2026-03-01,SE-O,3,2026-03-22,1.0,108.34004158175522,131.22812987116043,13.975,28.0,52.0,87.0,147.0,211.0,327.0,no-temperature@rw1,50,20.107321428571428,0.0,1.0,1.0
2026-03-08,SE,0,2026-03-08,1.0,635.8418908536408,932.616546463947,85.72500000000002,272.9,506.0,683.0,804.25,902.3,1009.025,no-temperature@rw1,775,59.02428571428572,1.0,1.0,1.0
2026-03-08,SE,1,2026-03-15,1.0,474.3758226077791,671.6206242114549,54.975,202.0,365.75,489.0,605.0,705.1,821.05,no-temperature@rw1,475,38.93553571428571,1.0,1.0,1.0
2026-03-08,SE,2,2026-03-22,1.0,366.9218601072918,487.1027081710431,34.925000000000004,142.9,245.75,356.0,472.25,589.3000000000001,758.0749999999999,no-temperature@rw1,321,39.098214285714285,1.0,1.0,1.0
2026-03-08,SE,3,2026-03-29,1.0,291.6342223845322,351.7904430395325,25.950000000000003,93.9,163.0,263.0,381.0,523.2,742.2499999999998,no-temperature@rw1,223,38.667857142857144,1.0,1.0,1.0
2026-03-08,SE-M,0,2026-03-08,1.0,78.90300067693717,105.59113525910998,16.975,40.0,60.0,80.0,97.0,115.0,136.0,no-temperature@rw1,70,7.064464285714286,1.0,1.0,1.0
2026-03-08,SE-M,1,2026-03-15,1.0,59.61508850368928,76.17525226364717,10.0,28.0,41.0,58.0,77.0,95.0,125.02499999999998,no-temperature@rw1,30,12.450178571428571,0.0,1.0,1.0
2026-03-08,SE-M,2,2026-03-22,1.0,45.92759219507067,54.39335440948673,8.0,18.0,27.0,41.0,60.0,79.0,107.02499999999998,no-temperature@rw1,25,7.664464285714287,0.0,1.0,1.0
2026-03-08,SE-M,3,2026-03-29,1.0,35.596965912386736,37.91463137159895,3.9750000000000014,10.0,17.0,30.0,46.0,66.0,103.0,no-temperature@rw1,17,6.235892857142858,1.0,1.0,1.0
2026-03-08,SE-O,0,2026-03-08,1.0,110.77655066734644,159.27673770095083,19.0,50.0,79.75,111.0,141.0,170.0,211.025,no-temperature@rw1,143,14.318035714285713,0.0,1.0,1.0
2026-03-08,SE-O,1,2026-03-15,1.0,92.01286122071764,126.2661690580806,15.0,38.0,59.0,86.0,119.0,153.0,201.0,no-temperature@rw1,80,9.757142857142856,1.0,1.0,1.0
2026-03-08,SE-O,2,2026-03-22,1.0,75.91171624117604,96.27136856093937,11.0,26.0,43.0,67.0,100.25,136.0,189.0,no-temperature@rw1,50,10.932142857142859,1.0,1.0,1.0
2026-03-08,SE-O,3,2026-03-29,1.0,62.33229236927873,70.92236539292024,7.0,17.0,29.0,50.0,83.0,120.0,183.1249999999999,no-temperature@rw1,39,9.629464285714286,1.0,1.0,1.0
2026-03-15,SE,0,2026-03-15,1.0,367.8331250698482,495.7199569505355,57.975,160.0,304.75,401.5,456.0,502.0,543.0749999999999,no-temperature@rw1,475,39.96857142857142,0.0,1.0,1.0
2026-03-15,SE,1,2026-03-22,1.0,241.63483267465827,307.07569677242543,32.975,104.9,186.0,250.0,303.0,354.1,419.07499999999993,no-temperature@rw1,321,33.520714285714284,0.0,1.0,1.0
2026-03-15,SE,2,2026-03-29,1.0,163.39497921900295,190.78738365118397,15.0,65.0,110.75,155.5,207.25,268.0,362.025,no-temperature@rw1,223,29.314464285714283,0.0,1.0,1.0
2026-03-15,SE,3,2026-04-05,1.0,108.07644310326728,112.38358690394192,9.0,34.0,61.75,96.0,139.0,190.1,297.07499999999993,no-temperature@rw1,187,38.74982142857143,0.0,1.0,1.0
2026-03-15,SE-M,0,2026-03-15,1.0,41.66210741845904,50.32681604386002,10.0,21.0,32.0,42.0,52.0,61.0,76.0,no-temperature@rw1,30,5.328571428571428,0.0,1.0,1.0
2026-03-15,SE-M,1,2026-03-22,1.0,27.505006046388647,30.88221089990637,6.0,13.0,18.0,26.0,35.0,44.0,57.02499999999998,no-temperature@rw1,25,2.6073214285714283,1.0,1.0,1.0
2026-03-15,SE-M,2,2026-03-29,1.0,18.43710716442936,18.689216827350453,2.0,7.0,11.0,17.0,24.0,32.0,47.0,no-temperature@rw1,17,1.9642857142857142,1.0,1.0,1.0
2026-03-15,SE-M,3,2026-04-05,1.0,12.12463399102439,10.745061752932264,1.0,3.0,6.0,10.0,16.0,23.0,37.02499999999998,no-temperature@rw1,11,1.685892857142857,1.0,1.0,1.0
2026-03-15,SE-O,0,2026-03-15,1.0,81.61553271899409,112.54736954609352,11.975,33.0,60.75,83.0,106.0,127.0,153.02499999999998,no-temperature@rw1,80,7.353928571428571,1.0,1.0,1.0
2026-03-15,SE-O,1,2026-03-22,1.0,63.62987858705131,82.50130793589871,8.0,26.90000000000001,41.75,61.0,84.0,106.0,131.02499999999998,no-temperature@rw1,50,7.728035714285714,1.0,1.0,1.0
2026-03-15,SE-O,2,2026-03-29,1.0,49.5247898658478,58.65607784006853,6.0,16.0,28.0,43.0,63.25,88.0,129.04999999999995,no-temperature@rw1,39,6.025357142857142,1.0,1.0,1.0
2026-03-15,SE-O,3,2026-04-05,1.0,37.01019983761143,38.92725263736616,3.0,9.900000000000006,18.0,31.0,50.0,73.0,112.0,no-temperature@rw1,24,5.867142857142857,1.0,1.0,1.0
2026-03-22,SE,0,2026-03-22,1.0,227.16892409490652,287.56619361834765,27.975,103.0,191.0,245.0,282.0,313.0,349.0,no-temperature@rw1,321,39.07875,0.0,0.0,1.0
2026-03-22,SE,1,2026-03-29,1.0,146.36442845762025,172.85942720097782,14.975,59.0,112.0,147.5,183.0,219.0,268.025,no-temperature@rw1,223,34.8075,0.0,0.0,1.0
2026-03-22,SE,2,2026-04-05,1.0,91.92901514510996,98.64788280466249,10.0,33.0,60.0,86.0,116.0,154.0,206.07499999999996,no-temperature@rw1,187,53.00053571428571,0.0,0.0,1.0
2026-03-22,SE,3,2026-04-12,1.0,69.1571859839731,65.31835910749354,4.975000000000001,20.0,37.0,61.0,89.0,126.0,187.19999999999985,no-temperature@rw1,175,62.90160714285714,0.0,0.0,1.0
2026-03-22,SE-M,0,2026-03-22,1.0,19.53741925439033,20.41122678547828,5.0,10.0,14.0,19.0,24.0,31.0,38.0,no-temperature@rw1,25,2.6928571428571426,0.0,1.0,1.0
2026-03-22,SE-M,1,2026-03-29,1.0,11.363014768793215,10.715180508134246,2.0,4.0,7.0,10.0,14.0,19.0,27.0,no-temperature@rw1,17,2.9642857142857144,0.0,1.0,1.0
2026-03-22,SE-M,2,2026-04-05,1.0,6.550864605343795,5.388326671250079,0.0,1.0,3.0,5.0,8.0,12.100000000000025,21.0,no-temperature@rw1,11,2.5385714285714296,0.0,1.0,1.0
2026-03-22,SE-M,3,2026-04-12,1.0,4.351935869138114,3.012884231416456,0.0,1.0,1.0,3.0,6.0,9.0,15.0,no-temperature@rw1,9,2.4071428571428575,0.0,1.0,1.0
2026-03-22,SE-O,0,2026-03-22,1.0,47.74943415609279,59.50302218996526,8.0,22.0,34.0,47.0,60.0,72.0,90.02499999999998,no-temperature@rw1,50,4.300178571428572,1.0,1.0,1.0
2026-03-22,SE-O,1,2026-03-29,1.0,32.94980636438685,37.84022448782981,4.0,13.0,21.0,30.0,43.0,55.0,72.0,no-temperature@rw1,39,4.542857142857143,1.0,1.0,1.0
2026-03-22,SE-O,2,2026-04-05,1.0,21.99965526802156,22.6359508022258,2.0,6.900000000000006,12.0,20.0,29.0,40.0,62.02499999999998,no-temperature@rw1,24,3.160178571428571,1.0,1.0,1.0
2026-03-22,SE-O,3,2026-04-12,1.0,17.453219155282515,15.556475155500852,1.0,4.0,8.0,13.0,21.25,35.0,53.02499999999998,no-temperature@rw1,27,5.846607142857144,0.0,1.0,1.0
2026-03-29,SE,0,2026-03-29,1.0,165.1003609668929,202.86481574021693,14.975,69.0,133.0,173.0,206.0,232.0,267.0,no-temperature@rw1,223,23.67160714285714,0.0,1.0,1.0
2026-03-29,SE,1,2026-04-05,1.0,109.45067930264976,124.92144432744334,10.975,41.0,81.0,110.5,140.0,171.10000000000002,218.0,no-temperature@rw1,187,38.31017857142856,0.0,0.0,1.0
2026-03-29,SE,2,2026-04-12,1.0,85.93184144704908,88.63879689484354,7.0,28.0,54.0,80.0,110.0,145.0,208.0999999999999,no-temperature@rw1,175,49.49357142857143,0.0,0.0,1.0
2026-03-29,SE,3,2026-04-19,1.0,54.608015311603104,48.783160086926266,3.0,14.0,28.0,46.0,68.0,100.0,167.04999999999995,no-temperature@rw1,106,27.628928571428567,0.0,0.0,1.0
2026-03-29,SE-M,0,2026-03-29,1.0,12.628845525771736,12.501133894689003,2.0,5.0,8.0,12.0,16.0,20.0,28.0,no-temperature@rw1,17,2.185714285714286,0.0,1.0,1.0
2026-03-29,SE-M,1,2026-04-05,1.0,7.476632660728589,6.599874776032007,0.0,2.0,4.0,7.0,9.0,13.100000000000025,20.0,no-temperature@rw1,11,1.9600000000000009,0.0,1.0,1.0
2026-03-29,SE-M,2,2026-04-12,1.0,5.051068957216285,3.843740690579064,0.0,1.0,2.0,4.0,7.0,10.0,18.0,no-temperature@rw1,9,2.028571428571429,0.0,1.0,1.0
2026-03-29,SE-M,3,2026-04-19,1.0,2.9629442109121307,1.822938888315388,0.0,0.0,1.0,2.0,4.0,6.0,12.0,no-temperature@rw1,8,3.042857142857143,0.0,0.0,1.0
2026-03-29,SE-O,0,2026-03-29,1.0,28.524560010006475,32.41648295009953,3.0,12.0,20.0,28.0,36.0,45.0,57.0,no-temperature@rw1,39,4.9,0.0,1.0,1.0
2026-03-29,SE-O,1,2026-04-05,1.0,17.851364463762827,18.417249889818347,2.0,6.0,11.0,16.0,23.0,30.0,44.02499999999998,no-temperature@rw1,24,3.271607142857143,0.0,1.0,1.0
2026-03-29,SE-O,2,2026-04-12,1.0,13.347584718095188,12.08964611061835,1.0,3.0,7.0,11.0,17.0,25.0,39.0,no-temperature@rw1,27,7.328571428571428,0.0,0.0,1.0
2026-03-29,SE-O,3,2026-04-19,1.0,8.10210870063953,6.15990176912368,0.0,1.0,3.0,6.0,10.0,17.0,27.0,no-temperature@rw1,13,3.007142857142857,0.0,1.0,1.0
2026-04-05,SE,0,2026-04-05,1.0,120.6031572718617,142.1744250216734,10.0,43.0,94.0,127.0,150.25,174.0,216.0,no-temperature@rw1,187,32.017857142857146,0.0,0.0,1.0
2026-04-05,SE,1,2026-04-12,1.0,98.11223321398332,106.6556629251468,7.0,35.0,68.0,97.0,122.0,157.10000000000002,199.025,no-temperature@rw1,175,40.11732142857142,0.0,0.0,1.0
2026-04-05,SE,2,2026-04-19,1.0,64.19130915394767,62.15017438504131,3.0,18.0,38.0,58.0,80.0,112.10000000000002,174.02499999999998,no-temperature@rw1,106,21.19589285714286,0.0,1.0,1.0
2026-04-05,SE,3,2026-04-26,1.0,46.82200172646516,38.6370431416425,2.9750000000000014,10.900000000000006,22.0,37.0,56.0,91.0,164.04999999999995,no-temperature@rw1,89,22.72482142857143,0.0,1.0,1.0
2026-04-05,SE-M,0,2026-04-05,1.0,8.757618637969436,8.173534192376497,1.0,3.0,5.0,8.0,11.0,15.0,22.024999999999977,no-temperature@rw1,11,1.3501785714285715,1.0,1.0,1.0
2026-04-05,SE-M,1,2026-04-12,1.0,6.131832920147425,5.0422122924764885,0.0,1.0,3.0,5.0,8.0,12.0,19.0,no-temperature@rw1,9,1.6642857142857141,0.0,1.0,1.0
2026-04-05,SE-M,2,2026-04-19,1.0,3.704827648569893,2.5319065901309323,0.0,0.0,1.0,2.5,5.0,7.0,14.0,no-temperature@rw1,8,2.514285714285714,0.0,0.0,1.0
2026-04-05,SE-M,3,2026-04-26,1.0,2.7749685976217635,1.4868032054313307,0.0,0.0,0.0,2.0,3.0,6.0,12.0,no-temperature@rw1,6,1.9,0.0,1.0,1.0
2026-04-05,SE-O,0,2026-04-05,1.0,19.85242296492492,21.549534090845786,1.0,8.0,12.0,19.0,26.0,32.0,43.0,no-temperature@rw1,24,2.7,1.0,1.0,1.0
2026-04-05,SE-O,1,2026-04-12,1.0,15.228538196475204,14.842338811733391,1.0,5.0,9.0,14.0,20.0,26.0,40.0,no-temperature@rw1,27,5.807142857142858,0.0,0.0,1.0
2026-04-05,SE-O,2,2026-04-19,1.0,9.426230391010128,7.938629529714245,0.0,2.0,4.0,7.0,12.0,18.0,29.0,no-temperature@rw1,13,2.3785714285714286,0.0,1.0,1.0
2026-04-05,SE-O,3,2026-04-26,1.0,6.494740564598125,4.49585045448966,0.0,1.0,2.0,4.0,8.0,13.100000000000025,26.024999999999977,no-temperature@rw1,7,1.3887500000000006,1.0,1.0,1.0
2026-04-12,SE,0,2026-04-12,1.0,134.0439899681087,152.92103891038172,10.0,44.900000000000006,100.0,138.5,167.25,198.1,252.025,no-temperature@rw1,175,18.338035714285716,0.0,1.0,1.0
2026-04-12,SE,1,2026-04-19,1.0,100.84896596266977,105.1449473458084,6.0,30.90000000000001,68.0,96.0,124.0,164.0,243.04999999999995,no-temperature@rw1,106,10.924642857142857,1.0,1.0,1.0
2026-04-12,SE,2,2026-04-26,1.0,83.21599192534134,76.56837386281424,4.0,22.0,45.0,70.0,104.25,150.10000000000002,256.04999999999995,no-temperature@rw1,89,12.406785714285714,1.0,1.0,1.0
2026-04-12,SE,3,2026-05-03,1.0,73.39889502827201,57.29642122981551,2.9750000000000014,15.0,30.0,52.0,88.25,142.10000000000002,286.17499999999984,no-temperature@rw1,74,12.957857142857142,1.0,1.0,1.0
2026-04-12,SE-M,0,2026-04-12,1.0,6.997105329779546,6.031884222612515,0.0,2.0,4.0,6.0,9.0,13.0,20.0,no-temperature@rw1,9,1.2428571428571427,1.0,1.0,1.0
2026-04-12,SE-M,1,2026-04-19,1.0,4.350782970204518,3.189133507135332,0.0,1.0,2.0,3.0,6.0,8.0,15.024999999999975,no-temperature@rw1,8,1.87875,0.0,1.0,1.0
2026-04-12,SE-M,2,2026-04-26,1.0,3.319802656907619,1.957059460472204,0.0,0.0,1.0,2.0,4.0,7.0,14.0,no-temperature@rw1,6,1.657142857142857,0.0,1.0,1.0
2026-04-12,SE-M,3,2026-05-03,1.0,2.703427806935244,1.2304207657529111,0.0,0.0,0.0,1.0,3.0,5.0,13.024999999999975,no-temperature@rw1,2,0.5930357142857142,1.0,1.0,1.0
2026-04-12,SE-O,0,2026-04-12,1.0,15.907899913473,16.089124690639856,1.9750000000000012,5.0,10.0,15.0,20.0,27.0,37.04999999999996,no-temperature@rw1,27,5.30767857142857,0.0,1.0,1.0
2026-04-12,SE-O,1,2026-04-19,1.0,9.884866789850529,8.832136741946409,0.0,2.0,5.0,8.0,12.0,18.0,28.0,no-temperature@rw1,13,2.157142857142857,0.0,1.0,1.0
2026-04-12,SE-O,2,2026-04-26,1.0,6.7928718661975545,5.122975687515544,0.0,1.0,3.0,5.0,8.0,14.0,25.0,no-temperature@rw1,7,1.1928571428571428,1.0,1.0,1.0
2026-04-12,SE-O,3,2026-05-03,1.0,5.097153393714978,3.087857456873084,0.0,0.0,1.0,3.0,6.0,10.0,21.0,no-temperature@rw1,7,1.6500000000000001,0.0,1.0,1.0
2026-04-19,SE,0,2026-04-19,1.0,116.4266270219654,126.27298126885356,7.0,34.900000000000006,83.0,116.0,143.0,173.10000000000002,247.07499999999996,no-temperature@rw1,106,11.377678571428572,1.0,1.0,1.0
2026-04-19,SE,1,2026-04-26,1.0,101.00054027730722,99.7983111134742,5.0,29.0,63.75,91.0,125.0,169.20000000000005,272.04999999999995,no-temperature@rw1,89,10.573928571428572,1.0,1.0,1.0
2026-04-19,SE,2,2026-05-03,1.0,92.2905750359633,80.81552398538885,4.0,22.90000000000001,45.0,73.0,112.0,168.10000000000002,303.0,no-temperature@rw1,74,11.212857142857144,1.0,1.0,1.0
2026-04-19,SE,3,2026-05-10,1.0,102.7870104493529,77.67866845753088,3.9750000000000014,20.0,40.0,72.0,119.25,208.0,437.0,no-temperature@rw1,65,15.125178571428572,1.0,1.0,1.0
2026-04-19,SE-M,0,2026-04-19,1.0,5.247260667464409,4.05584708880164,0.0,1.0,2.0,4.0,7.0,10.0,18.0,no-temperature@rw1,8,1.6,0.0,1.0,1.0
2026-04-19,SE-M,1,2026-04-26,1.0,4.149271971628927,2.6483979026805966,0.0,0.0,1.0,3.0,5.0,8.0,16.024999999999977,no-temperature@rw1,6,1.343035714285714,0.0,1.0,1.0
2026-04-19,SE-M,2,2026-05-03,1.0,3.4483661217296744,1.7516993447799094,0.0,0.0,1.0,2.0,4.0,7.0,15.0,no-temperature@rw1,2,0.5214285714285715,1.0,1.0,1.0
2026-04-19,SE-M,3,2026-05-10,1.0,3.4006277363955006,1.3647477054173762,0.0,0.0,0.0,1.0,3.0,7.0,17.024999999999977,no-temperature@rw1,7,2.535892857142857,0.0,1.0,1.0
2026-04-19,SE-O,0,2026-04-19,1.0,14.057704849974693,13.5726341191065,1.0,4.0,8.0,13.0,18.0,25.0,38.0,no-temperature@rw1,13,1.5785714285714285,1.0,1.0,1.0
2026-04-19,SE-O,1,2026-04-26,1.0,10.623760306288972,8.973453783945933,0.0,2.0,5.0,8.5,13.0,20.0,36.02499999999998,no-temperature@rw1,7,1.5573214285714285,1.0,1.0,1.0
2026-04-19,SE-O,2,2026-05-03,1.0,8.621731805267483,6.128429602693007,0.0,1.0,3.0,6.0,10.0,17.0,33.02499999999998,no-temperature@rw1,7,1.335892857142857,1.0,1.0,1.0
2026-04-19,SE-O,3,2026-05-10,1.0,8.693079104757446,5.035811674258376,0.0,1.0,2.0,5.0,10.0,18.0,41.02499999999998,no-temperature@rw1,7,1.635892857142857,1.0,1.0,1.0
2026-04-26,SE,0,2026-04-26,1.0,80.05887605506865,80.52379604302091,5.0,24.0,53.0,77.0,98.0,122.0,188.24999999999977,no-temperature@rw1,89,9.037499999999998,1.0,1.0,1.0
2026-04-26,SE,1,2026-05-03,1.0,65.00005223149192,59.528257511489386,3.0,19.0,38.0,57.0,78.0,107.10000000000002,191.0,no-temperature@rw1,74,9.145714285714288,1.0,1.0,1.0
2026-04-26,SE,2,2026-05-10,1.0,64.74858705019433,52.69333256283135,2.0,15.0,30.0,49.5,78.0,121.20000000000005,210.04999999999995,no-temperature@rw1,65,10.163214285714288,1.0,1.0,1.0
2026-04-26,SE,3,2026-05-17,1.0,56.76352577608581,39.503218123837975,2.0,10.0,20.75,37.0,67.25,117.10000000000002,221.0999999999999,no-temperature@rw1,53,10.232142857142858,1.0,1.0,1.0
2026-04-26,SE-M,0,2026-04-26,1.0,5.8881083432733305,4.030582259224017,0.0,1.0,2.0,4.0,7.0,10.0,22.024999999999977,no-temperature@rw1,6,1.0573214285714285,1.0,1.0,1.0
2026-04-26,SE-M,1,2026-05-03,1.0,5.198700381015234,2.9524553456354443,0.0,0.0,2.0,3.0,6.0,10.0,22.024999999999977,no-temperature@rw1,2,0.8716071428571427,1.0,1.0,1.0
2026-04-26,SE-M,2,2026-05-10,1.0,5.355389585241922,2.503790404385574,0.0,0.0,1.0,3.0,5.0,11.0,28.024999999999977,no-temperature@rw1,7,1.943035714285714,0.0,1.0,1.0
2026-04-26,SE-M,3,2026-05-17,1.0,4.93017582179114,1.8615996766680705,0.0,0.0,1.0,2.0,5.0,9.100000000000025,30.07499999999993,no-temperature@rw1,0,1.3319642857142857,0.0,1.0,1.0
2026-04-26,SE-O,0,2026-04-26,1.0,9.939633270396204,8.71653860911766,0.0,2.0,4.75,8.0,12.0,18.0,32.0,no-temperature@rw1,7,1.3464285714285715,1.0,1.0,1.0
2026-04-26,SE-O,1,2026-05-03,1.0,7.775847071052973,5.900729391290957,0.0,1.0,3.0,6.0,9.0,15.0,28.0,no-temperature@rw1,7,1.1714285714285715,1.0,1.0,1.0
2026-04-26,SE-O,2,2026-05-10,1.0,7.556679012545521,4.811816441708581,0.0,1.0,2.0,5.0,9.0,15.0,29.024999999999977,no-temperature@rw1,7,1.3930357142857142,1.0,1.0,1.0
2026-04-26,SE-O,3,2026-05-17,1.0,6.484845660521716,3.330318532777727,0.0,0.0,1.0,3.0,7.0,14.0,35.0,no-temperature@rw1,2,1.2214285714285715,1.0,1.0,1.0
2026-05-03,SE,0,2026-05-03,1.0,70.6512483826475,67.0042888039152,4.0,20.90000000000001,45.0,65.0,85.0,111.0,188.3249999999997,no-temperature@rw1,74,8.033749999999998,1.0,1.0,1.0
2026-05-03,SE,1,2026-05-10,1.0,71.69799216895137,62.11399171919928,3.0,20.0,39.0,59.0,85.25,126.10000000000002,218.0999999999999,no-temperature@rw1,65,8.72857142857143,1.0,1.0,1.0
2026-05-03,SE,2,2026-05-17,1.0,63.621793668026136,48.88191780720793,2.0,15.0,28.0,47.0,76.0,124.10000000000002,229.07499999999996,no-temperature@rw1,53,9.02482142857143,1.0,1.0,1.0
2026-05-03,SE,3,2026-05-24,1.0,61.44418212752613,40.7328938493439,2.0,10.0,22.0,38.0,72.0,127.10000000000002,241.29999999999973,no-temperature@rw1,53,10.769285714285713,1.0,1.0,1.0
2026-05-03,SE-M,0,2026-05-03,1.0,6.111598241703927,3.7604723392233055,0.0,1.0,2.0,4.0,7.0,11.0,27.024999999999977,no-temperature@rw1,2,1.1216071428571426,1.0,1.0,1.0
2026-05-03,SE-M,1,2026-05-10,1.0,6.401889109545995,3.3736597314402315,0.0,1.0,2.0,4.0,7.0,12.0,31.024999999999977,no-temperature@rw1,7,1.3216071428571428,1.0,1.0,1.0
2026-05-03,SE-M,2,2026-05-17,1.0,5.99180911014207,2.6490852610732523,0.0,0.0,1.0,3.0,6.0,12.0,34.0,no-temperature@rw1,0,1.6571428571428573,0.0,1.0,1.0
2026-05-03,SE-M,3,2026-05-24,1.0,6.036660649141462,2.198018680598195,0.0,0.0,1.0,3.0,6.0,12.100000000000025,39.0,no-temperature@rw1,5,1.2671428571428578,1.0,1.0,1.0
2026-05-03,SE-O,0,2026-05-03,1.0,6.617498040848807,5.212901432966591,0.0,1.0,3.0,5.0,8.0,12.0,22.024999999999977,no-temperature@rw1,7,1.1144642857142857,1.0,1.0,1.0
2026-05-03,SE-O,1,2026-05-10,1.0,6.075579389343812,4.114840014468406,0.0,1.0,2.0,4.0,7.0,12.0,22.049999999999955,no-temperature@rw1,7,1.2574999999999998,1.0,1.0,1.0
2026-05-03,SE-O,2,2026-05-17,1.0,4.914885769071916,2.7557740101257155,0.0,0.0,1.0,3.0,5.0,11.0,23.0,no-temperature@rw1,2,0.9071428571428573,1.0,1.0,1.0
2026-05-03,SE-O,3,2026-05-24,1.0,4.393359832680591,1.9945290153748425,0.0,0.0,1.0,2.0,4.0,9.0,21.024999999999977,no-temperature@rw1,6,1.7644642857142858,0.0,1.0,1.0
2026-05-10,SE,0,2026-05-10,1.0,77.28416483199608,69.63497404066352,4.0,21.90000000000001,46.0,69.0,91.0,127.0,239.07499999999996,no-temperature@rw1,65,8.46767857142857,1.0,1.0,1.0
2026-05-10,SE,1,2026-05-17,1.0,69.79710813204164,57.54940496861812,3.0,18.90000000000001,35.75,56.0,83.0,127.0,234.14999999999984,no-temperature@rw1,53,8.543214285714285,1.0,1.0,1.0
2026-05-10,SE,2,2026-05-24,1.0,68.0428892029348,50.1614251931505,3.0,15.0,29.0,48.0,80.0,138.0,283.1999999999998,no-temperature@rw1,53,9.872857142857141,1.0,1.0,1.0
2026-05-10,SE,3,2026-05-31,1.0,68.5970006937075,43.68771547518117,2.0,11.0,22.75,43.0,79.0,149.10000000000002,297.17499999999984,no-temperature@rw1,30,11.929107142857143,1.0,1.0,1.0
2026-05-10,SE-M,0,2026-05-10,1.0,4.7478077719973335,2.6166708624130544,0.0,0.0,1.0,3.0,5.0,9.0,22.024999999999977,no-temperature@rw1,7,1.843035714285714,0.0,1.0,1.0
2026-05-10,SE-M,1,2026-05-17,1.0,4.111844566373279,1.9365292276503487,0.0,0.0,1.0,2.0,4.0,8.0,22.0,no-temperature@rw1,0,1.1714285714285713,0.0,1.0,1.0
2026-05-10,SE-M,2,2026-05-24,1.0,3.874528689517853,1.5289940806967035,0.0,0.0,1.0,2.0,4.0,7.0,24.049999999999955,no-temperature@rw1,5,1.3003571428571428,0.0,1.0,1.0
2026-05-10,SE-M,3,2026-05-31,1.0,3.811781403414255,1.2279396403092435,0.0,0.0,0.0,1.0,3.0,8.0,24.0,no-temperature@rw1,1,0.6142857142857144,1.0,1.0,1.0
2026-05-10,SE-O,0,2026-05-10,1.0,6.861463602649439,4.8871353642565,0.0,1.0,3.0,5.0,8.0,13.0,23.0,no-temperature@rw1,7,1.1500000000000001,1.0,1.0,1.0
2026-05-10,SE-O,1,2026-05-17,1.0,5.634745708740248,3.429627704976755,0.0,0.9000000000000057,2.0,4.0,7.0,11.0,22.049999999999955,no-temperature@rw1,2,1.088928571428571,1.0,1.0,1.0
2026-05-10,SE-O,2,2026-05-24,1.0,5.086559844517248,2.582485808961588,0.0,0.0,1.0,3.0,5.0,11.0,25.0,no-temperature@rw1,6,1.4928571428571427,0.0,1.0,1.0
2026-05-10,SE-O,3,2026-05-31,1.0,4.808322294845731,1.9694720737475253,0.0,0.0,1.0,2.0,5.0,10.0,25.024999999999977,no-temperature@rw1,2,0.7501785714285713,1.0,1.0,1.0
2026-05-17,SE,0,2026-05-17,1.0,62.43382843172301,53.17235978740406,2.0,17.0,37.0,53.0,73.0,106.10000000000002,186.19999999999985,no-temperature@rw1,53,6.432857142857143,1.0,1.0,1.0
2026-05-17,SE,1,2026-05-24,1.0,57.55686063050727,44.96914753288846,1.9750000000000012,15.0,30.0,45.0,69.0,105.10000000000002,203.07499999999996,no-temperature@rw1,53,7.939285714285716,1.0,1.0,1.0
2026-05-17,SE,2,2026-05-31,1.0,54.79275174198934,38.04697826119153,2.0,11.0,23.0,39.0,63.0,110.0,218.0,no-temperature@rw1,30,8.514285714285714,1.0,1.0,1.0
2026-05-17,SE,3,2026-06-07,1.0,54.26870574206831,32.24018885263288,1.0,8.0,17.0,33.0,61.0,121.0,245.14999999999984,no-temperature@rw1,19,10.11535714285714,1.0,1.0,1.0
2026-05-17,SE-M,0,2026-05-17,1.0,7.218554988434058,3.8359145465003968,0.0,1.0,2.0,4.0,8.0,13.0,35.0,no-temperature@rw1,0,2.4499999999999997,0.0,0.0,1.0
2026-05-17,SE-M,1,2026-05-24,1.0,7.48343232778253,3.5017091997141043,0.0,1.0,2.0,4.0,8.0,14.0,42.0,no-temperature@rw1,5,1.2428571428571427,1.0,1.0,1.0
2026-05-17,SE-M,2,2026-05-31,1.0,7.963236168981182,3.198349672899161,0.0,0.0,2.0,4.0,8.0,17.100000000000023,46.124999999999886,no-temperature@rw1,1,1.9608928571428572,0.0,1.0,1.0
2026-05-17,SE-M,3,2026-06-07,1.0,8.695734711563793,2.9237484556607174,0.0,0.0,1.0,3.0,8.0,18.100000000000023,54.0,no-temperature@rw1,1,1.688571428571429,1.0,1.0,1.0
2026-05-17,SE-O,0,2026-05-17,1.0,6.664839621185172,4.31794374147642,0.0,1.0,2.0,4.0,8.0,13.0,28.0,no-temperature@rw1,2,1.2571428571428573,1.0,1.0,1.0
2026-05-17,SE-O,1,2026-05-24,1.0,6.153203852956109,3.4371907512139126,0.0,0.0,2.0,4.0,7.0,13.0,30.0,no-temperature@rw1,6,1.2285714285714284,1.0,1.0,1.0
2026-05-17,SE-O,2,2026-05-31,1.0,5.926072105335646,2.755346610924669,0.0,0.0,1.0,3.0,6.0,12.0,30.024999999999977,no-temperature@rw1,2,1.0573214285714285,1.0,1.0,1.0
2026-05-17,SE-O,3,2026-06-07,1.0,5.994883393795026,2.228601880870146,0.0,0.0,1.0,3.0,6.0,13.0,34.0,no-temperature@rw1,2,1.1142857142857143,1.0,1.0,1.0
2025-10-05,SE,0,2025-10-05,1.0,37.28494450160333,16.398893625315857,10.0,12.0,15.0,20.0,26.0,38.0,223.07499999999996,no-holidays@rw1,29,5.1933928571428565,0.0,1.0,1.0
2025-10-05,SE,1,2025-10-12,1.0,42.5536042418164,18.140611754331328,9.0,13.0,16.0,22.0,30.0,47.0,217.4249999999996,no-holidays@rw1,33,5.888749999999997,0.0,1.0,1.0
2025-10-05,SE,2,2025-10-19,1.0,50.92134627610519,20.00621407939608,9.0,13.0,17.0,24.0,33.0,61.0,255.8749999999992,no-holidays@rw1,59,16.706249999999994,0.0,1.0,1.0
2025-10-05,SE,3,2025-10-26,1.0,65.16659630642233,22.097546381786717,9.0,13.0,18.0,26.0,39.0,78.0,310.04999999999995,no-holidays@rw1,55,14.221785714285714,0.0,1.0,1.0
2025-10-05,SE-M,0,2025-10-05,1.0,8.41571327927843,1.7655877264079043,0.0,0.0,1.0,2.0,4.0,7.100000000000023,52.47499999999957,no-holidays@rw1,1,0.9348214285714261,1.0,1.0,1.0
2025-10-05,SE-M,1,2025-10-12,1.0,10.707957009474606,1.9468272437079737,0.0,0.0,1.0,2.0,4.0,8.100000000000023,82.2249999999998,no-holidays@rw1,4,1.3187499999999994,1.0,1.0,1.0
2025-10-05,SE-M,2,2025-10-19,1.0,13.88686985510108,2.1197992014222007,0.0,0.0,1.0,3.0,5.0,12.0,112.07499999999992,no-holidays@rw1,4,1.5719642857142853,1.0,1.0,1.0
2025-10-05,SE-M,3,2025-10-26,1.0,16.80307992103738,2.2995995475787385,0.0,1.0,1.0,3.0,6.0,16.100000000000023,138.3249999999997,no-holidays@rw1,4,1.9194642857142843,1.0,1.0,1.0
2025-10-05,SE-O,0,2025-10-05,1.0,18.37227534639231,2.5984089144103075,0.0,1.0,2.0,3.0,6.0,15.100000000000025,142.17499999999984,no-holidays@rw1,3,1.7041071428571424,1.0,1.0,1.0
2025-10-05,SE-O,1,2025-10-12,1.0,25.255676319026986,3.028543562943065,0.0,1.0,2.0,4.0,7.0,25.0,219.17499999999984,no-holidays@rw1,6,2.8941071428571417,1.0,1.0,1.0
2025-10-05,SE-O,2,2025-10-19,1.0,33.84897572445451,3.483782054838272,0.0,1.0,2.0,4.0,9.0,41.10000000000002,292.025,no-holidays@rw1,11,5.3030357142857145,0.0,1.0,1.0
2025-10-05,SE-O,3,2025-10-26,1.0,43.54642514771552,4.0031822984386825,0.0,1.0,3.0,5.0,11.0,63.10000000000002,433.025,no-holidays@rw1,13,7.153035714285715,0.0,1.0,1.0
2025-10-12,SE,0,2025-10-12,1.0,66.2849672069726,28.85951935974176,17.0,21.0,27.0,34.0,45.0,73.10000000000002,425.69999999999936,no-holidays@rw1,33,5.836428571428568,1.0,1.0,1.0
2025-10-12,SE,1,2025-10-19,1.0,92.35512470755388,36.39932297163585,19.0,24.0,32.0,42.0,62.25,118.0,632.2499999999989,no-holidays@rw1,59,11.655357142857136,1.0,1.0,1.0
2025-10-12,SE,2,2025-10-26,1.0,136.3801371788568,45.80415625286325,19.0,27.0,37.0,51.0,90.25,200.20000000000005,900.2999999999997,no-holidays@rw1,55,15.61857142857143,1.0,1.0,1.0
2025-10-12,SE,3,2025-11-02,1.0,214.61010758256495,58.30405839035665,19.975,30.90000000000001,42.0,66.0,135.25,345.20000000000005,1328.05,no-holidays@rw1,65,25.126964285714287,1.0,1.0,1.0
2025-10-12,SE-M,0,2025-10-12,1.0,8.741306824209564,1.8117296041991269,0.0,0.0,1.0,2.0,4.0,7.0,67.14999999999986,no-holidays@rw1,4,1.179642857142856,1.0,1.0,1.0
2025-10-12,SE-M,1,2025-10-19,1.0,11.404360275761343,1.9850134191822035,0.0,0.0,1.0,3.0,5.0,9.0,83.07499999999993,no-holidays@rw1,4,1.2791071428571423,1.0,1.0,1.0
2025-10-12,SE-M,2,2025-10-26,1.0,14.032234133773802,2.1325521988473235,0.0,0.0,1.0,3.0,5.0,12.0,87.47499999999957,no-holidays@rw1,4,1.3962499999999969,1.0,1.0,1.0
2025-10-12,SE-M,3,2025-11-02,1.0,15.929763806536386,2.288439440657041,0.0,1.0,1.0,3.0,6.0,17.100000000000023,135.07499999999993,no-holidays@rw1,9,3.4962500000000003,0.0,1.0,1.0
2025-10-12,SE-O,0,2025-10-12,1.0,18.363020226608235,3.2816569004446845,0.0,1.0,2.0,4.0,8.0,20.0,143.0999999999999,no-holidays@rw1,6,2.279285714285714,1.0,1.0,1.0
2025-10-12,SE-O,1,2025-10-19,1.0,26.45554274583397,3.894140053656765,1.0,2.0,3.0,5.0,9.0,29.200000000000045,208.2249999999998,no-holidays@rw1,11,4.114464285714286,0.0,1.0,1.0
2025-10-12,SE-O,2,2025-10-26,1.0,37.27046237664791,4.568343284922625,0.0,2.0,3.0,6.0,12.0,47.10000000000002,279.0,no-holidays@rw1,13,5.210000000000001,0.0,1.0,1.0
2025-10-12,SE-O,3,2025-11-02,1.0,49.1434093903608,5.393908956548072,1.0,2.0,4.0,7.0,16.0,77.20000000000005,412.2499999999998,no-holidays@rw1,12,6.6575,1.0,1.0,1.0
2025-10-19,SE,0,2025-10-19,1.0,79.58047410738916,40.324531299172,25.0,31.0,38.0,47.0,62.0,95.0,403.27499999999975,no-holidays@rw1,59,7.959107142857142,1.0,1.0,1.0
2025-10-19,SE,1,2025-10-26,1.0,105.83071181837848,51.02782309598872,27.0,35.0,45.0,60.0,86.0,155.0,600.2499999999989,no-holidays@rw1,55,11.166071428571419,1.0,1.0,1.0
2025-10-19,SE,2,2025-11-02,1.0,155.0474060170693,68.06970518307587,29.0,41.0,56.0,78.0,131.25,254.0,927.0499999999972,no-holidays@rw1,65,19.73249999999998,1.0,1.0,1.0
2025-10-19,SE,3,2025-11-09,1.0,247.10711032096643,94.36109725285564,31.0,47.0,69.0,106.0,212.25,491.0,1436.149999999999,no-holidays@rw1,59,42.52607142857142,0.0,1.0,1.0
2025-10-19,SE-M,0,2025-10-19,1.0,15.979532401464342,2.639200567076375,0.0,1.0,2.0,3.0,6.0,15.0,128.14999999999986,no-holidays@rw1,4,1.7439285714285706,1.0,1.0,1.0
2025-10-19,SE-M,1,2025-10-26,1.0,19.923138041427546,2.871842933493798,0.0,1.0,2.0,4.0,7.0,23.0,170.1249999999999,no-holidays@rw1,4,2.2008928571428563,1.0,1.0,1.0
2025-10-19,SE-M,2,2025-11-02,1.0,24.09865197918577,3.2463153335573005,0.0,1.0,2.0,4.0,9.0,33.0,200.19999999999985,no-holidays@rw1,9,3.5585714285714274,1.0,1.0,1.0
2025-10-19,SE-M,3,2025-11-09,1.0,29.630851070758705,3.756309236553397,0.0,1.0,2.0,5.0,12.0,54.0,263.5249999999995,no-holidays@rw1,8,4.539464285714282,1.0,1.0,1.0
2025-10-19,SE-O,0,2025-10-19,1.0,18.874665992159084,5.98634199962501,1.0,3.0,5.0,7.5,12.0,32.10000000000002,131.07499999999993,no-holidays@rw1,11,2.7605357142857145,1.0,1.0,1.0
2025-10-19,SE-O,1,2025-10-26,1.0,25.469945225282068,7.496677408541098,2.0,4.0,6.0,9.0,17.0,48.10000000000002,166.24999999999977,no-holidays@rw1,13,3.7903571428571428,1.0,1.0,1.0
2025-10-19,SE-O,2,2025-11-02,1.0,38.68454114505564,10.00913017691162,2.0,4.0,7.0,13.0,27.0,75.10000000000002,279.0999999999999,no-holidays@rw1,12,5.582142857142857,1.0,1.0,1.0
2025-10-19,SE-O,3,2025-11-09,1.0,62.655459202480046,13.988230290992451,2.0,5.0,9.0,17.0,45.0,128.0,448.05,no-holidays@rw1,8,10.843214285714286,0.0,1.0,1.0
2025-10-26,SE,0,2025-10-26,1.0,181.5352364111601,86.66920344818388,58.0,72.0,85.0,106.0,142.0,282.4000000000001,991.4499999999988,no-holidays@rw1,55,38.32178571428572,0.0,0.0,0.0
2025-10-26,SE,1,2025-11-02,1.0,310.7147024002838,150.21220002938753,83.0,106.0,136.0,184.0,270.0,538.8000000000002,1463.5249999999987,no-holidays@rw1,65,85.94089285714287,0.0,0.0,0.0
2025-10-26,SE,2,2025-11-09,1.0,543.1487785375671,259.6382619162333,96.975,152.0,209.0,320.5,567.25,1056.5000000000005,2417.199999999998,no-holidays@rw1,59,185.64089285714286,0.0,0.0,0.0
2025-10-26,SE,3,2025-11-16,1.0,971.3433749337796,454.7583535682507,113.975,191.8,315.75,557.5,1075.0,2193.1000000000004,4237.749999999992,no-holidays@rw1,80,318.08910714285713,0.0,0.0,0.0
2025-10-26,SE-M,0,2025-10-26,1.0,14.786156699129563,3.818702594922257,1.0,2.0,3.0,5.0,8.0,18.0,110.02499999999998,no-holidays@rw1,4,1.7358928571428571,1.0,1.0,1.0
2025-10-26,SE-M,1,2025-11-02,1.0,22.29077525732548,4.83822469076271,1.0,2.0,3.0,6.0,11.0,29.0,143.1249999999999,no-holidays@rw1,9,2.786607142857142,1.0,1.0,1.0
2025-10-26,SE-M,2,2025-11-09,1.0,31.638729478552,6.026800935585484,1.0,2.0,4.0,7.0,17.0,49.10000000000002,205.34999999999968,no-holidays@rw1,8,3.8767857142857127,1.0,1.0,1.0
2025-10-26,SE-M,3,2025-11-16,1.0,42.525254301950085,7.50059182890054,1.0,2.0,5.0,9.0,23.0,80.10000000000002,329.1999999999998,no-holidays@rw1,9,5.861428571428571,1.0,1.0,1.0
2025-10-26,SE-O,0,2025-10-26,1.0,43.645656245093136,14.296692863763877,6.0,10.0,14.0,20.0,31.0,77.0,276.025,no-holidays@rw1,13,6.343035714285714,0.0,1.0,1.0
2025-10-26,SE-O,1,2025-11-02,1.0,70.2804762120712,24.37462895427679,9.0,15.0,22.0,33.0,58.0,144.0,400.3249999999997,no-holidays@rw1,12,15.76660714285714,0.0,0.0,1.0
2025-10-26,SE-O,2,2025-11-09,1.0,114.2033065326605,41.67705401640505,11.0,19.0,31.0,54.0,115.0,252.20000000000005,658.1749999999998,no-holidays@rw1,8,34.42839285714286,0.0,0.0,0.0
2025-10-26,SE-O,3,2025-11-16,1.0,183.7951371682437,72.17627219763436,12.0,24.0,47.0,89.5,206.0,438.30000000000007,949.3249999999996,no-holidays@rw1,5,61.38946428571428,0.0,0.0,0.0
2025-11-02,SE,0,2025-11-02,1.0,122.75052450545827,80.88869431857104,57.0,67.0,78.0,94.0,116.0,165.10000000000002,474.0999999999999,no-holidays@rw1,65,16.925,0.0,0.0,1.0
2025-11-02,SE,1,2025-11-09,1.0,158.34447161592612,103.74411102499316,59.975,75.0,94.0,122.0,166.0,250.30000000000007,577.6499999999994,no-holidays@rw1,59,37.69910714285714,0.0,0.0,0.0
2025-11-02,SE,2,2025-11-16,1.0,226.76009551586856,142.45239076109215,60.0,87.0,117.0,168.0,251.25,411.1,787.6749999999994,no-holidays@rw1,80,49.18982142857142,0.0,0.0,1.0
2025-11-02,SE,3,2025-11-23,1.0,355.91142565814584,205.02851370104983,60.975,97.0,145.0,243.5,411.25,715.6000000000001,1459.5249999999996,no-holidays@rw1,182,55.46750000000001,1.0,1.0,1.0
2025-11-02,SE-M,0,2025-11-02,1.0,12.978477440088527,4.779492749174858,1.0,2.0,4.0,6.0,9.0,18.0,79.12499999999989,no-holidays@rw1,9,1.8008928571428562,1.0,1.0,1.0
2025-11-02,SE-M,1,2025-11-09,1.0,17.639831451123275,5.757067197401838,1.0,2.0,4.0,7.0,13.0,28.0,96.2249999999998,no-holidays@rw1,8,2.2087499999999984,1.0,1.0,1.0
2025-11-02,SE-M,2,2025-11-16,1.0,25.436311199921946,7.167824423060863,1.0,3.0,5.0,9.0,18.0,44.0,138.02499999999998,no-holidays@rw1,9,3.07875,1.0,1.0,1.0
2025-11-02,SE-M,3,2025-11-23,1.0,37.75525043764169,9.16664816836736,1.0,3.0,5.75,10.0,27.0,73.20000000000005,253.0,no-holidays@rw1,11,5.466428571428573,1.0,1.0,1.0
2025-11-02,SE-O,0,2025-11-02,1.0,47.06412370397106,20.901044116717134,9.975,14.0,20.0,28.0,40.0,84.10000000000002,233.27499999999972,no-holidays@rw1,12,10.169285714285715,0.0,0.0,1.0
2025-11-02,SE-O,1,2025-11-09,1.0,69.52088070233548,32.461350596493574,12.0,20.0,29.0,42.0,67.25,132.0,325.07499999999993,no-holidays@rw1,8,23.596964285714286,0.0,0.0,0.0
2025-11-02,SE-O,2,2025-11-16,1.0,111.84185823947692,53.71637577325845,14.0,27.0,41.0,68.0,126.0,238.20000000000005,490.5499999999995,no-holidays@rw1,5,43.652499999999996,0.0,0.0,0.0
2025-11-02,SE-O,3,2025-11-23,1.0,186.37041288285693,91.94812983187106,17.0,33.0,58.0,108.0,223.0,409.1,859.1249999999999,no-holidays@rw1,13,61.83232142857143,0.0,0.0,0.0
2025-11-09,SE,0,2025-11-09,1.0,113.06830359587276,80.85800620584412,56.0,65.0,77.0,93.0,117.0,148.20000000000005,368.1499999999999,no-holidays@rw1,59,19.178214285714287,0.0,0.0,1.0
2025-11-09,SE,1,2025-11-16,1.0,138.53325282098157,98.21322732060744,58.0,72.0,87.0,114.0,151.0,216.0,424.17499999999984,no-holidays@rw1,80,18.158392857142854,0.0,1.0,1.0
2025-11-09,SE,2,2025-11-23,1.0,187.07441350332584,126.70920877408231,55.0,74.9,100.75,148.5,218.0,333.1,581.05,no-holidays@rw1,182,24.295357142857146,1.0,1.0,1.0
2025-11-09,SE,3,2025-11-30,1.0,275.84883019599755,169.82084359687136,53.0,84.9,120.0,194.0,335.0,540.1,1019.4249999999996,no-holidays@rw1,376,72.98017857142857,0.0,1.0,1.0
2025-11-09,SE-M,0,2025-11-09,1.0,18.36005394052648,9.887401474178386,3.0,5.0,8.0,12.0,18.0,30.0,87.02499999999998,no-holidays@rw1,8,2.6001785714285712,1.0,1.0,1.0
2025-11-09,SE-M,1,2025-11-16,1.0,27.17459998791673,13.86413722018392,3.9750000000000014,7.0,11.0,16.0,27.0,48.0,133.0999999999999,no-holidays@rw1,9,4.808035714285714,0.0,1.0,1.0
2025-11-09,SE-M,2,2025-11-23,1.0,43.873270293071386,20.48954020348008,4.975000000000001,8.0,13.0,24.0,47.0,89.10000000000002,249.025,no-holidays@rw1,11,8.9175,0.0,1.0,1.0
2025-11-09,SE-M,3,2025-11-30,1.0,74.68500486833726,31.270376039706942,5.0,10.0,18.0,36.5,78.25,173.10000000000002,440.0999999999999,no-holidays@rw1,21,14.285714285714286,1.0,1.0,1.0
2025-11-09,SE-O,0,2025-11-09,1.0,34.059142209784945,19.94338955429604,9.975,14.0,18.0,25.0,35.0,61.10000000000002,125.12499999999989,no-holidays@rw1,8,10.946785714285713,0.0,0.0,0.0
2025-11-09,SE-O,1,2025-11-16,1.0,47.479380211202496,28.02677788237771,10.0,17.0,24.0,35.0,53.0,86.0,179.2249999999998,no-holidays@rw1,5,19.823035714285712,0.0,0.0,0.0
2025-11-09,SE-O,2,2025-11-23,1.0,72.32014917424694,41.24967142729263,11.975,19.0,30.0,51.0,84.0,143.20000000000005,288.04999999999995,no-holidays@rw1,13,21.37767857142857,0.0,0.0,1.0
2025-11-09,SE-O,3,2025-11-30,1.0,116.86445687789502,62.39875012734207,12.0,23.90000000000001,39.0,71.0,142.0,257.20000000000005,482.07499999999993,no-holidays@rw1,38,22.380535714285717,0.0,1.0,1.0
2025-11-16,SE,0,2025-11-16,1.0,89.1658790780849,65.53430798074439,44.975,53.0,62.0,75.0,91.0,118.10000000000002,277.0,no-holidays@rw1,80,6.3030357142857145,1.0,1.0,1.0
2025-11-16,SE,1,2025-11-23,1.0,93.58154892830738,68.48555347949001,38.0,48.0,61.0,80.0,102.25,143.20000000000005,256.0999999999999,no-holidays@rw1,182,55.66714285714284,0.0,0.0,1.0
2025-11-16,SE,2,2025-11-30,1.0,112.18638623014336,78.69934741577407,35.0,49.0,65.0,90.0,131.25,196.20000000000005,328.39999999999964,no-holidays@rw1,376,186.7907142857144,0.0,0.0,0.0
2025-11-16,SE,3,2025-12-07,1.0,150.01069992905065,95.41868561359658,30.975,47.0,68.0,110.5,182.0,296.1,526.2249999999998,no-holidays@rw1,717,433.06178571428575,0.0,0.0,0.0
2025-11-16,SE-M,0,2025-11-16,1.0,18.36647619626462,11.126278268261506,4.0,6.0,9.0,13.0,20.0,29.100000000000023,64.04999999999995,no-holidays@rw1,9,2.446071428571429,1.0,1.0,1.0
2025-11-16,SE-M,1,2025-11-23,1.0,25.428606860562443,14.833383429290112,5.0,7.0,11.0,18.0,28.0,46.10000000000002,103.04999999999995,no-holidays@rw1,11,4.031785714285715,1.0,1.0,1.0
2025-11-16,SE-M,2,2025-11-30,1.0,39.470628412241446,21.18085507595952,5.0,9.0,14.0,24.5,46.0,82.10000000000002,192.0999999999999,no-holidays@rw1,21,6.210714285714286,1.0,1.0,1.0
2025-11-16,SE-M,3,2025-12-07,1.0,66.13417713661401,31.393198180788712,5.0,10.0,18.0,34.0,76.0,158.20000000000005,313.1249999999999,no-holidays@rw1,38,11.149464285714288,1.0,1.0,1.0
2025-11-16,SE-O,0,2025-11-16,1.0,20.56481418578856,13.303122074993036,6.0,9.0,12.0,17.0,23.0,34.0,69.04999999999995,no-holidays@rw1,5,7.093214285714285,0.0,0.0,0.0
2025-11-16,SE-O,1,2025-11-23,1.0,22.856021586990707,14.633617619962154,5.0,8.0,12.0,18.0,27.0,41.0,78.0,no-holidays@rw1,13,3.25,1.0,1.0,1.0
2025-11-16,SE-O,2,2025-11-30,1.0,29.315554917318376,17.658914073682674,5.0,8.0,13.0,21.0,36.0,57.0,108.04999999999995,no-holidays@rw1,38,6.778928571428571,0.0,1.0,1.0
2025-11-16,SE-O,3,2025-12-07,1.0,42.14535292569443,22.487547649828088,4.0,8.900000000000006,15.0,26.0,51.25,92.10000000000002,184.025,no-holidays@rw1,57,12.32375,0.0,1.0,1.0
2025-11-23,SE,0,2025-11-23,1.0,115.93280428941448,87.46759404746514,58.975,70.0,82.0,99.0,124.0,158.0,303.1249999999999,no-holidays@rw1,182,42.54392857142857,0.0,0.0,1.0
2025-11-23,SE,1,2025-11-30,1.0,152.37415785874754,113.7158172145268,59.975,79.0,98.0,129.5,171.0,238.1,386.3499999999997,no-holidays@rw1,376,145.27696428571429,0.0,0.0,1.0
2025-11-23,SE,2,2025-12-07,1.0,215.31684300710376,151.6225017004699,62.0,87.9,119.0,169.0,259.0,389.1,659.0749999999999,no-holidays@rw1,717,342.24910714285716,0.0,0.0,0.0
2025-11-23,SE,3,2025-12-14,1.0,327.2858404256985,205.5971160972758,61.95,91.9,142.0,227.5,399.25,680.0,1188.2749999999996,no-holidays@rw1,1325,687.8587500000001,0.0,0.0,0.0
2025-11-23,SE-M,0,2025-11-23,1.0,19.394260100809603,12.666558043971884,5.0,7.0,10.0,15.0,22.0,31.100000000000023,64.0,no-holidays@rw1,11,2.538571428571429,1.0,1.0,1.0
2025-11-23,SE-M,1,2025-11-30,1.0,28.459127775635693,17.93757143128692,5.0,9.0,14.0,21.0,34.0,54.10000000000002,102.0,no-holidays@rw1,21,3.4100000000000006,1.0,1.0,1.0
2025-11-23,SE-M,2,2025-12-07,1.0,44.24964836332644,25.609595475166387,6.0,10.0,18.0,29.0,52.0,93.0,178.04999999999995,no-holidays@rw1,38,7.314642857142857,1.0,1.0,1.0
2025-11-23,SE-M,3,2025-12-14,1.0,71.81567560977477,36.83132262255083,6.0,11.0,21.0,41.0,86.0,164.10000000000002,345.04999999999995,no-holidays@rw1,76,16.438928571428573,1.0,1.0,1.0
2025-11-23,SE-O,0,2025-11-23,1.0,12.912726564344874,8.490852386233115,3.0,5.0,7.0,11.0,15.0,23.0,37.02499999999998,no-holidays@rw1,13,1.6144642857142857,1.0,1.0,1.0
2025-11-23,SE-O,1,2025-11-30,1.0,14.077284804543408,9.067092666177848,3.0,5.0,7.0,11.0,17.0,26.0,41.02499999999998,no-holidays@rw1,38,14.871607142857144,0.0,0.0,1.0
2025-11-23,SE-O,2,2025-12-07,1.0,16.696559055068764,9.994727116948477,2.0,5.0,7.0,13.0,20.0,32.10000000000002,62.02499999999998,no-holidays@rw1,57,26.10303571428571,0.0,0.0,1.0
2025-11-23,SE-O,3,2025-12-14,1.0,21.51982837607055,11.241047441131869,2.0,4.0,7.0,13.0,25.25,47.10000000000002,93.04999999999995,no-holidays@rw1,120,74.07107142857144,0.0,0.0,0.0
2025-11-30,SE,0,2025-11-30,1.0,538.833611011147,401.100555795307,285.95,331.9,383.0,452.0,568.0,767.6000000000001,1451.8499999999992,no-holidays@rw1,376,46.847857142857144,0.0,1.0,1.0
2025-11-30,SE,1,2025-12-07,1.0,1273.8497971306997,967.5968186602356,510.9,643.0,825.75,1077.0,1485.0,2037.4,3310.175,no-holidays@rw1,717,189.42410714285714,0.0,1.0,1.0
2025-11-30,SE,2,2025-12-14,1.0,2658.12629805933,2057.16749249987,760.85,1084.7,1549.75,2236.0,3303.25,4694.0,6975.249999999999,no-holidays@rw1,1325,467.11857142857144,0.0,1.0,1.0
2025-11-30,SE,3,2025-12-21,1.0,4612.81851841724,3820.559659796605,1001.475,1561.7,2465.25,3780.5,5874.25,8476.400000000001,13001.225,no-holidays@rw1,1638,1069.2039285714286,0.0,1.0,1.0
2025-11-30,SE-M,0,2025-11-30,1.0,25.66309887921785,17.780182108584633,6.0,10.0,15.0,21.0,30.0,43.0,78.0,no-holidays@rw1,21,2.528571428571429,1.0,1.0,1.0
2025-11-30,SE-M,1,2025-12-07,1.0,41.66295682145206,27.815188951745228,9.0,14.0,21.0,32.0,51.0,78.10000000000002,129.02499999999998,no-holidays@rw1,38,5.688750000000001,1.0,1.0,1.0
2025-11-30,SE-M,2,2025-12-14,1.0,64.95282141143149,40.16093301061529,9.0,17.0,27.0,46.0,78.0,139.10000000000002,245.1249999999999,no-holidays@rw1,76,13.10375,1.0,1.0,1.0
2025-11-30,SE-M,3,2025-12-21,1.0,99.67740832500697,56.120426299719256,9.0,19.0,33.0,61.0,124.0,229.1,405.3249999999997,no-holidays@rw1,107,21.90517857142857,1.0,1.0,1.0
2025-11-30,SE-O,0,2025-11-30,1.0,20.60009270190444,14.24704465892819,6.0,9.0,12.0,17.0,24.0,36.0,58.0,no-holidays@rw1,38,9.571428571428571,0.0,0.0,1.0
2025-11-30,SE-O,1,2025-12-07,1.0,28.96315626491808,19.244586783525115,6.0,10.0,15.0,23.0,35.0,53.10000000000002,86.07499999999993,no-holidays@rw1,57,15.489107142857137,0.0,0.0,1.0
2025-11-30,SE-O,2,2025-12-14,1.0,40.53840404919463,24.561334669338688,6.0,11.0,17.0,28.5,49.25,83.0,146.0,no-holidays@rw1,120,49.21785714285714,0.0,0.0,1.0
2025-11-30,SE-O,3,2025-12-21,1.0,58.52968032645532,30.756650099310317,5.0,11.0,19.0,35.0,71.0,128.0,269.07499999999993,no-holidays@rw1,158,59.943392857142854,0.0,0.0,1.0
2025-12-07,SE,0,2025-12-07,1.0,1046.028039618914,843.3185636207144,636.95,719.9,815.0,920.0,1105.0,1427.3000000000002,2349.175,no-holidays@rw1,717,110.98446428571428,0.0,0.0,1.0
2025-12-07,SE,1,2025-12-14,1.0,1944.1783505702324,1624.1004636672692,956.575,1154.6,1430.25,1784.0,2257.0,2902.8,3972.325,no-holidays@rw1,1325,226.18607142857144,0.0,1.0,1.0
2025-12-07,SE,2,2025-12-21,1.0,3430.883157699206,2965.9300554520137,1195.875,1657.8,2263.75,3064.0,4152.0,5627.2,7868.924999999998,no-holidays@rw1,1638,684.1082142857142,0.0,0.0,1.0
2025-12-07,SE,3,2025-12-28,1.0,4642.763832973118,4304.25217310386,1209.0,1824.7,2737.5,4014.0,5784.0,8252.900000000001,12210.125,no-holidays@rw1,1682,1155.3351785714287,0.0,0.0,1.0
2025-12-07,SE-M,0,2025-12-07,1.0,43.0718275810608,32.02789784939955,14.0,20.0,27.0,37.0,51.0,72.0,109.09999999999992,no-holidays@rw1,38,4.022142857142856,1.0,1.0,1.0
2025-12-07,SE-M,1,2025-12-14,1.0,63.40396319410639,46.239723493859614,17.0,26.0,37.0,52.0,79.0,115.10000000000002,171.02499999999998,no-holidays@rw1,76,10.074464285714287,1.0,1.0,1.0
2025-12-07,SE-M,2,2025-12-21,1.0,96.40137803823669,66.8119906868399,17.0,29.0,46.0,74.0,119.0,197.1,317.0,no-holidays@rw1,107,16.874285714285715,1.0,1.0,1.0
2025-12-07,SE-M,3,2025-12-28,1.0,131.2941038537232,87.64325647311921,17.0,29.0,51.0,89.0,161.0,288.1,463.025,no-holidays@rw1,138,25.44589285714286,1.0,1.0,1.0
2025-12-07,SE-O,0,2025-12-07,1.0,81.26972747019808,59.394330735936805,33.0,43.0,55.0,70.0,94.0,127.10000000000002,207.07499999999996,no-holidays@rw1,57,8.289107142857144,1.0,1.0,1.0
2025-12-07,SE-O,1,2025-12-14,1.0,137.18303657790548,100.56578678081227,43.0,62.0,83.0,115.0,170.0,233.0,369.2249999999998,no-holidays@rw1,120,14.144464285714283,1.0,1.0,1.0
2025-12-07,SE-O,2,2025-12-21,1.0,235.63333446527517,171.09787415134588,47.975,78.9,119.75,186.0,292.0,446.5000000000001,718.0999999999999,no-holidays@rw1,158,31.59303571428572,1.0,1.0,1.0
2025-12-07,SE-O,3,2025-12-28,1.0,338.4686910337072,255.69614243237805,49.0,88.9,145.0,253.5,428.5,703.2,1066.1,no-holidays@rw1,118,72.13785714285714,0.0,1.0,1.0
2025-12-14,SE,0,2025-12-14,1.0,1355.8733967254386,1168.2821857388883,843.9,1003.9,1114.75,1252.5,1464.5,1785.1,2528.3499999999985,no-holidays@rw1,1325,69.69107142857142,1.0,1.0,1.0
2025-12-14,SE,1,2025-12-21,1.0,2001.3587547502125,1786.4314164831972,965.625,1257.8,1514.0,1870.5,2311.25,2850.3,3777.8249999999994,no-holidays@rw1,1638,155.74785714285713,1.0,1.0,1.0
2025-12-14,SE,2,2025-12-28,1.0,2687.4966741028634,2483.8446239655423,881.0,1346.7,1800.25,2430.5,3353.5,4277.8,5999.275,no-holidays@rw1,1682,371.96553571428575,0.0,1.0,1.0
2025-12-14,SE,3,2026-01-04,1.0,4231.245845907198,3984.231911080044,990.825,1704.6,2448.0,3626.0,5271.75,7507.500000000002,10809.375,no-holidays@rw1,2227,700.6260714285714,0.0,1.0,1.0
2025-12-14,SE-M,0,2025-12-14,1.0,67.18675778404813,53.18067321968227,25.0,35.900000000000006,45.0,61.0,81.0,104.0,148.07499999999993,no-holidays@rw1,76,7.539107142857142,1.0,1.0,1.0
2025-12-14,SE-M,1,2025-12-21,1.0,97.8814765927099,77.00411364349654,31.0,46.0,61.75,84.0,121.0,166.0,239.04999999999995,no-holidays@rw1,107,12.432500000000001,1.0,1.0,1.0
2025-12-14,SE-M,2,2025-12-28,1.0,134.11673200091073,104.1265591879944,27.0,47.900000000000006,70.0,106.0,167.0,246.20000000000005,393.07499999999993,no-holidays@rw1,138,19.780535714285715,1.0,1.0,1.0
2025-12-14,SE-M,3,2026-01-04,1.0,228.4972658555172,174.36211842873928,35.975,59.900000000000006,101.0,171.0,293.25,463.1,763.025,no-holidays@rw1,190,33.159642857142856,1.0,1.0,1.0
2025-12-14,SE-O,0,2025-12-14,1.0,115.57001132693388,90.5257235663589,51.0,67.0,83.0,102.0,131.0,170.10000000000002,266.0999999999999,no-holidays@rw1,120,10.482142857142858,1.0,1.0,1.0
2025-12-14,SE-O,1,2025-12-21,1.0,178.98845296186747,142.6893775190514,61.975,87.0,117.0,159.0,213.0,287.1,428.05,no-holidays@rw1,158,15.331964285714289,1.0,1.0,1.0
2025-12-14,SE-O,2,2025-12-28,1.0,257.4339880358901,209.33648011325064,57.975,98.0,140.75,217.0,320.0,470.1,693.2999999999997,no-holidays@rw1,118,48.61589285714285,0.0,1.0,1.0
2025-12-14,SE-O,3,2026-01-04,1.0,441.0681102421994,367.93040937153705,73.975,135.0,212.0,350.5,578.25,863.7000000000002,1247.1999999999998,no-holidays@rw1,281,65.28946428571429,1.0,1.0,1.0
2025-12-21,SE,0,2025-12-21,1.0,2231.175602918644,2031.701130949928,1379.0,1666.2,1885.75,2117.0,2441.0,2883.4,3748.575,no-holidays@rw1,1638,238.63482142857146,0.0,0.0,1.0
2025-12-21,SE,1,2025-12-28,1.0,2901.2763218149644,2799.370091618704,1331.0,1825.0,2267.75,2769.5,3399.25,4123.0,5070.599999999999,no-holidays@rw1,1682,536.7614285714286,0.0,0.0,1.0
2025-12-21,SE,2,2026-01-04,1.0,4777.975246513186,4710.556768260198,1485.9,2299.7,3293.75,4388.0,5934.75,7541.0,10438.374999999996,no-holidays@rw1,2227,1036.6119642857143,0.0,0.0,1.0
2025-12-21,SE,3,2026-01-11,1.0,5433.741348871285,5505.97125205157,1068.95,1946.9,3123.25,4721.5,6820.0,9749.000000000002,14598.749999999996,no-holidays@rw1,1532,1612.4407142857144,0.0,0.0,1.0
2025-12-21,SE-M,0,2025-12-21,1.0,121.54650955389822,102.14783738180284,53.0,71.0,89.0,112.0,143.0,184.1,260.07499999999993,no-holidays@rw1,107,9.281964285714285,1.0,1.0,1.0
2025-12-21,SE-M,1,2025-12-28,1.0,159.11251357826382,137.31040377928824,54.0,78.0,105.0,143.0,196.0,255.20000000000005,371.0,no-holidays@rw1,138,14.541428571428574,1.0,1.0,1.0
2025-12-21,SE-M,2,2026-01-04,1.0,280.4304726204622,242.6611529867867,70.95,108.0,159.0,237.0,353.5,505.2000000000001,777.1999999999998,no-holidays@rw1,190,37.00035714285714,1.0,1.0,1.0
2025-12-21,SE-M,3,2026-01-11,1.0,365.9194382542099,331.9252775846974,59.0,106.0,179.0,296.0,483.25,731.1,1061.2749999999996,no-holidays@rw1,126,86.17982142857143,0.0,1.0,1.0
2025-12-21,SE-O,0,2025-12-21,1.0,217.5946872782256,181.99276016683305,105.9,139.0,165.0,201.0,245.25,309.1,450.0999999999999,no-holidays@rw1,158,21.19357142857143,0.0,1.0,1.0
2025-12-21,SE-O,1,2025-12-28,1.0,293.59208743796296,260.19646896844546,98.85,153.0,204.0,270.0,352.75,468.0,624.3749999999997,no-holidays@rw1,118,79.66446428571429,0.0,0.0,1.0
2025-12-21,SE-O,2,2026-01-04,1.0,522.0218773419476,479.7646896923613,138.975,220.9,321.75,456.5,662.0,890.4000000000001,1280.0749999999998,no-holidays@rw1,281,88.29714285714286,0.0,1.0,1.0
2025-12-21,SE-O,3,2026-01-11,1.0,656.5669207065152,649.0957675052244,113.975,210.9,359.25,550.0,845.0,1210.4,1882.4999999999995,no-holidays@rw1,260,145.67160714285714,0.0,1.0,1.0
2025-12-28,SE,0,2025-12-28,1.0,1776.8214251348552,1824.1493254747693,871.975,1304.2,1540.0,1777.5,2014.0,2249.3,2727.025,no-holidays@rw1,1682,87.7532142857143,1.0,1.0,1.0
2025-12-28,SE,1,2026-01-04,1.0,2306.102887370156,2452.015807050866,883.8,1370.2,1857.75,2284.5,2757.25,3219.2,3954.1,no-holidays@rw1,2227,147.22357142857143,1.0,1.0,1.0
2025-12-28,SE,2,2026-01-11,1.0,2397.983647659906,2610.9484630737825,541.875,1012.9,1563.5,2219.0,3025.0,3864.4,5432.374999999999,no-holidays@rw1,1532,327.93928571428575,0.0,1.0,1.0
2025-12-28,SE,3,2026-01-18,1.0,2597.768126749267,2759.604646381399,402.95,779.2,1356.75,2161.5,3423.5,4844.1,7619.899999999998,no-holidays@rw1,1082,548.0289285714285,0.0,1.0,1.0
2025-12-28,SE-M,0,2025-12-28,1.0,153.89714814015846,139.76979410120467,68.95,93.0,117.0,145.0,184.0,228.1,280.04999999999995,no-holidays@rw1,138,11.153571428571427,1.0,1.0,1.0
2025-12-28,SE-M,1,2026-01-04,1.0,254.89298729074196,236.03293698999985,92.975,131.0,177.0,236.0,308.0,408.2000000000001,571.05,no-holidays@rw1,190,27.26339285714286,1.0,1.0,1.0
2025-12-28,SE-M,2,2026-01-11,1.0,335.1239506953555,320.999880869027,79.0,136.0,196.75,292.0,428.0,604.0,855.05,no-holidays@rw1,126,82.2182142857143,0.0,0.0,1.0
2025-12-28,SE-M,3,2026-01-18,1.0,416.5461301192637,412.1734261615009,66.0,127.0,209.0,340.0,526.25,807.2,1209.15,no-holidays@rw1,130,102.83178571428572,0.0,1.0,1.0
2025-12-28,SE-O,0,2025-12-28,1.0,219.65636621817492,203.83470629445483,86.95,144.0,175.0,210.0,256.0,309.1,379.05,no-holidays@rw1,118,49.44642857142857,0.0,0.0,1.0
2025-12-28,SE-O,1,2026-01-04,1.0,340.00357198056764,328.1968251031163,109.95,183.0,251.75,322.0,409.0,516.1,680.1999999999998,no-holidays@rw1,281,30.679642857142856,1.0,1.0,1.0
2025-12-28,SE-O,2,2026-01-11,1.0,428.38013277405406,432.2313180520671,92.95,168.9,270.0,383.5,532.0,742.4000000000001,1059.1,no-holidays@rw1,260,62.501071428571436,0.0,1.0,1.0
2025-12-28,SE-O,3,2026-01-18,1.0,523.4380947673191,541.5605492097727,80.875,154.0,270.25,439.0,677.0,998.0,1468.125,no-holidays@rw1,151,139.14821428571426,0.0,0.0,1.0
2026-01-04,SE,0,2026-01-04,1.0,2019.400803193836,2232.957158662531,851.75,1354.4,1758.75,2069.0,2339.5,2604.0,2910.075,no-holidays@rw1,2227,114.45875,1.0,1.0,1.0
2026-01-04,SE,1,2026-01-11,1.0,1898.362447536296,2204.949760710921,572.875,983.5,1441.0,1868.5,2313.75,2771.3,3290.525,no-holidays@rw1,1532,180.90249999999997,1.0,1.0,1.0
2026-01-04,SE,2,2026-01-18,1.0,1874.455753123665,2165.2288318573155,402.525,698.4000000000001,1168.5,1730.0,2363.75,3195.8,4190.775,no-holidays@rw1,1082,301.07392857142855,0.0,1.0,1.0
2026-01-04,SE,3,2026-01-25,1.0,1737.3402069387282,1911.5524547173864,266.975,477.2000000000001,864.75,1461.5,2275.5,3389.7000000000003,4870.849999999999,no-holidays@rw1,968,287.3669642857143,1.0,1.0,1.0
2026-01-04,SE-M,0,2026-01-04,1.0,254.10353449030595,246.53894436886983,114.975,162.0,198.0,244.0,300.0,361.0,458.05,no-holidays@rw1,190,25.42196428571429,0.0,1.0,1.0
2026-01-04,SE-M,1,2026-01-11,1.0,338.0515729433722,344.0610201154341,109.9,172.0,234.0,316.0,416.0,540.2,722.05,no-holidays@rw1,126,99.03535714285714,0.0,0.0,1.0
2026-01-04,SE-M,2,2026-01-18,1.0,417.90216735556936,433.52838841638834,81.95,154.0,243.75,364.5,531.25,743.4000000000001,1075.4749999999997,no-holidays@rw1,130,117.32946428571428,0.0,0.0,1.0
2026-01-04,SE-M,3,2026-01-25,1.0,434.23892525197454,450.29901088613497,63.0,121.9,211.75,349.0,564.25,851.7000000000002,1278.5249999999996,no-holidays@rw1,133,108.06946428571429,0.0,1.0,1.0
2026-01-04,SE-O,0,2026-01-04,1.0,178.97881787171465,188.0167288275756,52.80000000000001,107.0,143.75,180.5,214.0,247.0,299.04999999999995,no-holidays@rw1,281,53.99107142857143,0.0,0.0,1.0
2026-01-04,SE-O,1,2026-01-11,1.0,182.21149022695684,201.3951090983655,41.975,82.0,127.75,175.0,225.25,287.0,390.07499999999993,no-holidays@rw1,260,37.37928571428571,0.0,1.0,1.0
2026-01-04,SE-O,2,2026-01-18,1.0,200.22493869379204,221.8381493673269,27.950000000000003,64.9,114.75,174.0,257.25,355.0,535.0999999999999,no-holidays@rw1,151,25.375357142857144,1.0,1.0,1.0
2026-01-04,SE-O,3,2026-01-25,1.0,209.7727779640282,225.77411767304676,18.0,48.900000000000006,98.0,161.0,277.25,412.0,666.4499999999996,no-holidays@rw1,135,31.52392857142857,1.0,1.0,1.0
2026-01-11,SE,0,2026-01-11,1.0,1948.683457798492,2287.074440307158,719.8,1295.7,1695.75,2006.5,2258.0,2502.1,2751.225,no-holidays@rw1,1532,203.71089285714285,0.0,1.0,1.0
2026-01-11,SE,1,2026-01-18,1.0,1983.643466007541,2382.1044333774644,577.875,1043.5,1495.5,1968.5,2437.75,2944.1,3507.125,no-holidays@rw1,1082,387.3153571428571,0.0,1.0,1.0
2026-01-11,SE,2,2026-01-25,1.0,1785.9274648311489,2101.640095396333,392.875,724.8,1119.25,1646.5,2309.25,3017.7000000000003,3906.7999999999993,no-holidays@rw1,968,315.75374999999997,0.0,1.0,1.0
2026-01-11,SE,3,2026-02-01,1.0,1455.952044533921,1612.5950189522607,240.85,447.4,731.0,1234.5,1922.25,2824.3,3896.25,no-holidays@rw1,1107,197.32500000000002,1.0,1.0,1.0
2026-01-11,SE-M,0,2026-01-11,1.0,246.1375910522969,264.83835941506305,86.92500000000001,148.0,194.0,245.0,298.0,355.0,434.05,no-holidays@rw1,126,58.536607142857136,0.0,0.0,1.0
2026-01-11,SE-M,1,2026-01-18,1.0,296.48092345530256,326.8697202111023,75.92500000000001,131.0,194.5,274.0,376.5,482.1,644.8499999999992,no-holidays@rw1,130,66.38089285714285,0.0,0.0,1.0
2026-01-11,SE-M,2,2026-01-25,1.0,307.99335618944883,335.12742799821973,51.975,101.0,169.5,271.0,409.0,554.2,785.0,no-holidays@rw1,133,65.43446428571428,0.0,1.0,1.0
2026-01-11,SE-M,3,2026-02-01,1.0,279.5360405022074,289.6653143843204,36.0,69.9,123.0,219.0,371.0,566.1,834.1749999999998,no-holidays@rw1,189,41.878392857142856,1.0,1.0,1.0
2026-01-11,SE-O,0,2026-01-11,1.0,337.97169248688954,365.3800039798895,109.925,210.9,274.0,337.5,403.0,463.0,548.1249999999999,no-holidays@rw1,260,34.61857142857143,0.0,1.0,1.0
2026-01-11,SE-O,1,2026-01-18,1.0,458.524542100072,512.8689874117733,105.925,217.0,327.75,442.0,573.25,714.0,910.075,no-holidays@rw1,151,148.4082142857143,0.0,0.0,1.0
2026-01-11,SE-O,2,2026-01-25,1.0,509.7984176888976,568.6311424154652,87.0,176.0,302.0,458.0,661.0,902.7000000000002,1237.3499999999997,no-holidays@rw1,135,160.1939285714286,0.0,0.0,1.0
2026-01-11,SE-O,3,2026-02-01,1.0,472.9792320297352,508.3546267692613,60.95,124.0,228.0,392.5,627.5,942.1,1294.025,no-holidays@rw1,203,94.9319642857143,0.0,1.0,1.0
2026-01-18,SE,0,2026-01-18,1.0,1023.2294057732188,1209.5011808372196,515.75,733.9,896.5,1044.0,1171.25,1293.2,1425.05,no-holidays@rw1,1082,47.52857142857143,1.0,1.0,1.0
2026-01-18,SE,1,2026-01-25,1.0,704.8045504559279,821.1968207696419,316.975,451.8,564.75,688.5,839.75,977.0,1157.0,no-holidays@rw1,968,117.22017857142858,0.0,1.0,1.0
2026-01-18,SE,2,2026-02-01,1.0,423.36136185085866,473.7307944004581,157.975,223.8,300.0,397.5,527.25,660.1,844.05,no-holidays@rw1,1107,503.41267857142856,0.0,0.0,0.0
2026-01-18,SE,3,2026-02-08,1.0,235.2970252241004,246.0097080351476,63.975,102.0,145.0,206.5,297.5,401.2000000000001,552.1249999999999,no-holidays@rw1,1404,1040.049642857143,0.0,0.0,0.0
2026-01-18,SE-M,0,2026-01-18,1.0,116.432004588155,152.34801312648565,28.0,52.0,81.0,112.0,147.0,178.0,227.07499999999996,no-holidays@rw1,130,12.307678571428571,1.0,1.0,1.0
2026-01-18,SE-M,1,2026-01-25,1.0,102.07000791019064,131.41144087216745,19.0,36.0,59.0,94.0,131.0,182.1,247.07499999999996,no-holidays@rw1,133,17.08910714285714,0.0,1.0,1.0
2026-01-18,SE-M,2,2026-02-01,1.0,78.24756597534416,94.35321990447804,8.975000000000001,20.0,37.0,65.0,102.0,150.0,226.0,no-holidays@rw1,189,63.621607142857144,0.0,0.0,1.0
2026-01-18,SE-M,3,2026-02-08,1.0,55.29605075416344,59.80313819458692,4.0,10.0,21.0,41.0,72.25,118.10000000000002,183.0,no-holidays@rw1,215,110.49928571428572,0.0,0.0,0.0
2026-01-18,SE-O,0,2026-01-18,1.0,286.1453017217776,352.05791439582583,79.92500000000001,156.0,227.75,289.0,350.5,409.1,473.0,no-holidays@rw1,151,61.878392857142856,0.0,0.0,1.0
2026-01-18,SE-O,1,2026-01-25,1.0,311.39488289647784,385.5266683720382,65.975,137.0,211.0,298.0,397.25,492.1,629.05,no-holidays@rw1,135,73.04267857142857,0.0,0.0,1.0
2026-01-18,SE-O,2,2026-02-01,1.0,268.3480441916913,318.56604574471896,48.975,90.0,152.0,238.0,360.25,484.30000000000007,652.1749999999998,no-holidays@rw1,203,35.449285714285715,1.0,1.0,1.0
2026-01-18,SE-O,3,2026-02-08,1.0,198.33120076856505,216.2629403232256,26.975,52.900000000000006,89.0,157.0,259.0,389.30000000000007,588.0999999999999,no-holidays@rw1,230,36.19089285714286,1.0,1.0,1.0
2026-01-25,SE,0,2026-01-25,1.0,588.0298186986886,665.0449786081139,316.0,456.0,524.0,589.0,655.0,722.1,796.0,no-holidays@rw1,968,283.36,0.0,0.0,0.0
2026-01-25,SE,1,2026-02-01,1.0,300.5382352444687,330.87319994344983,162.0,210.0,247.0,296.0,345.25,394.1,474.0,no-holidays@rw1,1107,732.5492857142857,0.0,0.0,0.0
2026-01-25,SE,2,2026-02-08,1.0,147.82994911895227,154.60878212466764,63.0,86.0,109.0,139.0,177.0,215.1,286.04999999999995,no-holidays@rw1,1404,1200.524642857143,0.0,0.0,0.0
2026-01-25,SE,3,2026-02-15,1.0,74.51827133934071,72.02003630704246,24.0,35.0,47.0,65.0,90.0,123.0,176.0,no-holidays@rw1,1616,1502.2428571428572,0.0,0.0,0.0
2026-01-25,SE-M,0,2026-01-25,1.0,81.4215357949337,102.61213491889234,27.0,43.0,59.0,79.0,101.0,121.0,154.0,no-holidays@rw1,133,26.42142857142857,0.0,0.0,1.0
2026-01-25,SE-M,1,2026-02-01,1.0,52.37350885082082,64.59452490895583,13.0,23.0,34.0,48.0,65.0,86.0,110.0,no-holidays@rw1,189,112.27857142857144,0.0,0.0,0.0
2026-01-25,SE-M,2,2026-02-08,1.0,32.07835909280099,37.34126317938561,5.0,11.0,18.0,28.0,41.0,58.0,82.04999999999995,no-holidays@rw1,215,162.80750000000003,0.0,0.0,0.0
2026-01-25,SE-M,3,2026-02-15,1.0,19.5974062807847,20.84178097950289,2.0,4.0,9.0,16.0,26.0,38.0,63.0,no-holidays@rw1,224,188.04999999999998,0.0,0.0,0.0
2026-01-25,SE-O,0,2026-01-25,1.0,105.45382970253324,121.73932835971009,40.975,67.9,84.0,103.0,125.0,148.0,173.02499999999998,no-holidays@rw1,135,13.588928571428571,0.0,1.0,1.0
2026-01-25,SE-O,1,2026-02-01,1.0,56.508940880994246,61.11940122063574,19.0,31.0,40.0,54.0,69.25,87.0,110.04999999999995,no-holidays@rw1,203,123.53964285714288,0.0,0.0,0.0
2026-01-25,SE-O,2,2026-02-08,1.0,28.36134706508421,27.58506548107015,7.0,11.900000000000006,17.0,25.0,36.0,49.0,68.04999999999995,no-holidays@rw1,230,185.55321428571432,0.0,0.0,0.0
2026-01-25,SE-O,3,2026-02-15,1.0,14.45023575723286,12.142926311965144,1.9750000000000012,4.0,7.0,12.0,19.0,27.0,43.0,no-holidays@rw1,281,255.66446428571427,0.0,0.0,0.0
2026-02-01,SE,0,2026-02-01,1.0,484.51398866780073,587.1645084331312,177.0,338.0,417.0,493.0,565.25,634.1,710.025,no-holidays@rw1,1107,513.8923214285714,0.0,0.0,0.0
2026-02-01,SE,1,2026-02-08,1.0,307.5405255584995,366.79815424431627,110.975,189.8,240.0,300.0,368.0,438.0,544.025,no-holidays@rw1,1404,994.7489285714286,0.0,0.0,0.0
2026-02-01,SE,2,2026-02-15,1.0,192.9045589305404,221.27600932608016,67.9,102.0,130.75,177.0,234.25,301.30000000000007,408.05,no-holidays@rw1,1616,1336.6310714285714,0.0,0.0,0.0
2026-02-01,SE,3,2026-02-22,1.0,120.78552569068084,129.67431831716542,31.950000000000003,51.0,73.0,104.0,152.25,210.20000000000005,326.17499999999984,no-holidays@rw1,1529,1329.7037500000001,0.0,0.0,0.0
2026-02-01,SE-M,0,2026-02-01,1.0,70.71388154509292,90.24918458698318,21.0,38.0,51.0,69.0,87.0,104.0,127.0,no-holidays@rw1,189,93.5,0.0,0.0,0.0
2026-02-01,SE-M,1,2026-02-08,1.0,48.43323710267495,60.73453876047747,11.975,21.0,31.0,45.0,61.0,80.0,107.02499999999998,no-holidays@rw1,215,142.21464285714288,0.0,0.0,0.0
2026-02-01,SE-M,2,2026-02-15,1.0,32.00158893802162,38.32877548813035,5.0,11.0,18.0,28.0,41.0,58.0,83.0,no-holidays@rw1,224,171.54285714285717,0.0,0.0,0.0
2026-02-01,SE-M,3,2026-02-22,1.0,20.86303959382287,23.16450882767297,2.0,5.0,10.0,16.0,27.0,41.0,69.0,no-holidays@rw1,188,149.29285714285717,0.0,0.0,0.0
2026-02-01,SE-O,0,2026-02-01,1.0,63.0297843514666,70.3649392511843,24.0,41.0,50.0,61.0,74.0,88.0,110.0,no-holidays@rw1,203,120.24285714285715,0.0,0.0,0.0
2026-02-01,SE-O,1,2026-02-08,1.0,33.37332851119552,34.564208043757105,11.0,18.0,23.0,31.0,40.0,50.0,66.0,no-holidays@rw1,230,183.52142857142857,0.0,0.0,0.0
2026-02-01,SE-O,2,2026-02-15,1.0,17.46816285130718,16.207317889845985,4.0,7.0,10.0,15.0,22.0,30.0,46.0,no-holidays@rw1,281,252.67142857142855,0.0,0.0,0.0
2026-02-01,SE-O,3,2026-02-22,1.0,9.2754171632685,7.421606598412682,1.0,2.0,4.0,7.0,12.0,18.0,30.024999999999977,no-holidays@rw1,257,240.08589285714288,0.0,0.0,0.0
2026-02-08,SE,0,2026-02-08,1.0,787.448758052311,1037.1629513682442,190.775,439.6,617.75,794.0,966.25,1114.1,1317.025,no-holidays@rw1,1404,372.1017857142857,0.0,0.0,0.0
2026-02-08,SE,1,2026-02-15,1.0,803.1944867701962,1048.994454556085,164.0,396.8,569.0,764.0,1010.0,1261.2,1673.2749999999996,no-holidays@rw1,1616,463.20625,0.0,0.0,1.0
2026-02-08,SE,2,2026-02-22,1.0,735.0522387025778,929.0665090761302,133.975,307.9,453.25,657.0,940.0,1264.7000000000005,1842.7249999999997,no-holidays@rw1,1529,442.6817857142856,0.0,0.0,1.0
2026-02-08,SE,3,2026-03-01,1.0,618.0590306217636,741.7733459266092,104.0,203.9,336.0,510.0,801.5,1155.7000000000005,1694.025,no-holidays@rw1,1252,334.0301785714284,0.0,0.0,1.0
2026-02-08,SE-M,0,2026-02-08,1.0,115.95435888617132,146.46637683211043,28.0,58.0,84.0,112.0,145.0,178.0,226.025,no-holidays@rw1,215,54.48589285714286,0.0,0.0,1.0
2026-02-08,SE-M,1,2026-02-15,1.0,105.05959423627516,130.989380245942,19.0,45.0,66.75,96.0,130.0,178.0,234.0999999999999,no-holidays@rw1,224,68.14,0.0,0.0,1.0
2026-02-08,SE-M,2,2026-02-22,1.0,87.5833145695497,104.87700753342908,12.0,30.0,48.0,76.0,115.0,162.10000000000002,254.0,no-holidays@rw1,188,54.54571428571428,0.0,0.0,1.0
2026-02-08,SE-M,3,2026-03-01,1.0,68.54116305048372,77.17793384558676,6.0,17.0,32.0,55.0,89.0,137.0,226.04999999999995,no-holidays@rw1,156,48.07178571428572,0.0,0.0,1.0
2026-02-08,SE-O,0,2026-02-08,1.0,96.67019903163452,129.1122420448305,19.975,47.900000000000006,69.0,95.0,122.25,148.0,179.0,no-holidays@rw1,230,95.87089285714286,0.0,0.0,0.0
2026-02-08,SE-O,1,2026-02-15,1.0,76.84849166033693,100.90061428222532,14.975,31.0,47.0,71.0,98.0,130.0,175.0,no-holidays@rw1,281,163.32874999999999,0.0,0.0,0.0
2026-02-08,SE-O,2,2026-02-22,1.0,56.968299599306754,71.44048583888879,8.0,20.0,32.0,48.0,74.0,103.0,164.04999999999995,no-holidays@rw1,257,159.18607142857147,0.0,0.0,0.0
2026-02-08,SE-O,3,2026-03-01,1.0,40.40175497146075,47.083642911379314,4.975000000000001,11.0,19.0,31.0,52.0,82.0,123.02499999999998,no-holidays@rw1,185,112.36464285714287,0.0,0.0,0.0
2026-02-15,SE,0,2026-02-15,1.0,1346.459165526927,1837.5724004591675,244.575,715.0,1081.5,1415.0,1669.0,1859.4,2087.025,no-holidays@rw1,1616,116.53607142857143,1.0,1.0,1.0
2026-02-15,SE,1,2026-02-22,1.0,1565.2834269173352,2115.107301126309,239.8,763.4000000000001,1174.25,1557.0,1957.25,2379.2,2777.125,no-holidays@rw1,1529,124.21803571428572,1.0,1.0,1.0
2026-02-15,SE,2,2026-03-01,1.0,1505.7116999812354,1958.269800494365,266.675,684.1,1020.0,1424.5,1885.5,2479.1,3130.05,no-holidays@rw1,1252,158.20267857142858,1.0,1.0,1.0
2026-02-15,SE,3,2026-03-08,1.0,1263.2166427230409,1534.861720516411,205.95,502.0,766.0,1141.5,1611.25,2228.9,3044.075,no-holidays@rw1,775,182.3444642857143,1.0,1.0,1.0
2026-02-15,SE-M,0,2026-02-15,1.0,166.18181859895435,209.64041558837005,37.95,87.0,124.75,161.0,206.0,246.0,313.025,no-holidays@rw1,224,26.454107142857143,0.0,1.0,1.0
2026-02-15,SE-M,1,2026-02-22,1.0,159.85614047908064,199.21399488892385,28.975,70.9,105.0,148.0,204.0,264.0,347.025,no-holidays@rw1,188,20.57464285714286,1.0,1.0,1.0
2026-02-15,SE-M,2,2026-03-01,1.0,137.55881465520451,165.56993349878056,23.0,50.900000000000006,79.0,122.0,181.0,247.1,352.025,no-holidays@rw1,156,20.09875,1.0,1.0,1.0
2026-02-15,SE-M,3,2026-03-08,1.0,109.23946647163382,124.47278733413825,14.0,31.0,53.0,90.0,141.0,210.1,320.025,no-holidays@rw1,70,16.445892857142855,1.0,1.0,1.0
2026-02-15,SE-O,0,2026-02-15,1.0,152.91470238903352,206.7948326155879,25.0,68.0,108.75,149.0,194.0,238.1,299.025,no-holidays@rw1,281,68.87803571428572,0.0,0.0,1.0
2026-02-15,SE-O,1,2026-02-22,1.0,146.58778673010764,195.64710544741803,21.0,58.0,94.0,134.0,187.25,247.0,338.025,no-holidays@rw1,257,54.68232142857143,0.0,0.0,1.0
2026-02-15,SE-O,2,2026-03-01,1.0,124.46826776473752,160.09361701293244,14.975,42.900000000000006,68.0,108.0,162.25,229.0,344.0,no-holidays@rw1,185,31.899464285714284,0.0,1.0,1.0
2026-02-15,SE-O,3,2026-03-08,1.0,97.31485934770834,118.0852096976974,10.0,27.0,46.75,78.0,123.0,195.0,295.07499999999993,no-holidays@rw1,143,27.28267857142857,0.0,1.0,1.0
2026-02-22,SE,0,2026-02-22,1.0,1347.9117641744576,1819.09756245664,280.8,742.7,1114.0,1404.5,1655.0,1839.1,2050.0,no-holidays@rw1,1529,100.39142857142858,1.0,1.0,1.0
2026-02-22,SE,1,2026-03-01,1.0,1315.7404942321093,1726.7707664118216,275.27500000000003,723.7,1011.0,1317.0,1620.75,1908.2,2302.1,no-holidays@rw1,1252,101.1594642857143,1.0,1.0,1.0
2026-02-22,SE,2,2026-03-08,1.0,1053.1388203183449,1305.6886707840213,227.50000000000003,513.9,742.25,1024.5,1332.0,1631.0000000000002,2166.3499999999995,no-holidays@rw1,775,123.53392857142858,1.0,1.0,1.0
2026-02-22,SE,3,2026-03-15,1.0,744.7450551659941,844.0690667002737,146.82500000000002,308.0,450.0,675.0,972.0,1262.4,1714.05,no-holidays@rw1,475,104.32017857142857,1.0,1.0,1.0
2026-02-22,SE-M,0,2026-02-22,1.0,170.83135044107556,219.57408177483208,34.975,94.0,129.0,169.5,210.0,257.0,311.025,no-holidays@rw1,188,15.0575,1.0,1.0,1.0
2026-02-22,SE-M,1,2026-03-01,1.0,157.17058087462442,198.83659672004265,27.950000000000003,74.0,107.0,149.0,199.0,258.0,319.025,no-holidays@rw1,156,14.907678571428574,1.0,1.0,1.0
2026-02-22,SE-M,2,2026-03-08,1.0,127.94565199284234,155.5067576408311,21.0,50.0,77.0,116.0,166.25,230.1,308.025,no-holidays@rw1,70,22.142321428571428,0.0,1.0,1.0
2026-02-22,SE-M,3,2026-03-15,1.0,95.7085224125652,108.95818209274204,10.0,30.0,50.0,80.0,123.25,178.0,270.04999999999995,no-holidays@rw1,30,24.17535714285714,0.0,1.0,1.0
2026-02-22,SE-O,0,2026-02-22,1.0,217.4151507968721,298.0964100841592,31.975,94.9,155.75,218.0,277.0,335.1,407.025,no-holidays@rw1,257,23.773928571428574,1.0,1.0,1.0
2026-02-22,SE-O,1,2026-03-01,1.0,225.98837637997457,304.57079792133334,33.0,93.8,145.0,214.0,287.25,385.1,482.07499999999993,no-holidays@rw1,185,25.834107142857142,1.0,1.0,1.0
2026-02-22,SE-O,2,2026-03-08,1.0,194.4006597091337,251.2274604008748,23.950000000000003,74.0,116.0,173.0,252.0,341.1,447.2999999999997,no-holidays@rw1,143,24.655357142857145,1.0,1.0,1.0
2026-02-22,SE-O,3,2026-03-15,1.0,147.63441025205557,178.24427340696113,18.0,46.0,78.0,125.5,192.0,283.0,396.07499999999993,no-holidays@rw1,80,24.114821428571428,1.0,1.0,1.0
2026-03-01,SE,0,2026-03-01,1.0,1071.152474191295,1324.6413214556758,306.57500000000005,687.9,947.75,1114.5,1256.25,1382.1,1528.125,no-holidays@rw1,1252,70.23821428571429,1.0,1.0,1.0
2026-03-01,SE,1,2026-03-08,1.0,778.7851987795834,917.5314911230778,235.0,491.9,641.0,789.5,929.75,1072.2,1285.05,no-holidays@rw1,775,46.776785714285715,1.0,1.0,1.0
2026-03-01,SE,2,2026-03-15,1.0,492.1958923314556,537.7450350115072,147.975,258.0,354.0,470.0,606.0,748.0,935.025,no-holidays@rw1,475,38.33607142857143,1.0,1.0,1.0
2026-03-01,SE,3,2026-03-22,1.0,290.47493368727174,285.2180498221732,70.0,123.9,179.0,259.5,369.0,488.1,679.2249999999998,no-holidays@rw1,321,37.11446428571429,1.0,1.0,1.0
2026-03-01,SE-M,0,2026-03-01,1.0,136.55912542395785,177.02315227219904,26.0,75.0,103.0,136.0,172.0,198.0,242.025,no-holidays@rw1,156,12.843035714285714,1.0,1.0,1.0
2026-03-01,SE-M,1,2026-03-08,1.0,110.714349326521,139.9960362144014,22.0,50.900000000000006,76.75,106.0,140.0,179.10000000000002,230.0,no-holidays@rw1,70,16.737857142857145,0.0,1.0,1.0
2026-03-01,SE-M,2,2026-03-15,1.0,79.82474464819612,95.89902408019616,11.0,31.90000000000001,48.0,73.0,102.0,138.0,182.025,no-holidays@rw1,30,19.938750000000002,0.0,0.0,1.0
2026-03-01,SE-M,3,2026-03-22,1.0,53.900005493649424,59.82504693556937,5.975000000000001,17.0,28.75,46.0,70.0,102.10000000000002,145.0,no-holidays@rw1,25,10.44232142857143,0.0,1.0,1.0
2026-03-01,SE-O,0,2026-03-01,1.0,195.49284007867968,270.14270423072594,30.0,93.0,144.0,194.0,246.25,301.0,357.025,no-holidays@rw1,185,16.868035714285714,1.0,1.0,1.0
2026-03-01,SE-O,1,2026-03-08,1.0,167.99970242960345,225.5767550242251,20.975,75.0,113.75,160.0,214.0,267.0,333.0,no-holidays@rw1,143,17.30375,1.0,1.0,1.0
2026-03-01,SE-O,2,2026-03-15,1.0,124.30123793977108,157.5466113684491,18.0,48.0,77.75,115.0,163.0,216.0,276.04999999999995,no-holidays@rw1,80,17.732499999999998,1.0,1.0,1.0
2026-03-01,SE-O,3,2026-03-22,1.0,84.65507130021253,98.2272347498728,10.975,27.0,45.0,72.5,111.0,152.20000000000005,234.0,no-holidays@rw1,50,13.09875,1.0,1.0,1.0
2026-03-08,SE,0,2026-03-08,1.0,714.143963221798,810.9963442185868,271.875,505.6,646.75,733.0,809.25,890.0,976.05,no-holidays@rw1,775,33.61982142857143,1.0,1.0,1.0
2026-03-08,SE,1,2026-03-15,1.0,398.6561409032731,426.3685691298818,155.975,268.40000000000003,326.0,396.0,469.0,536.0,636.1499999999999,no-holidays@rw1,475,34.28982142857142,0.0,1.0,1.0
2026-03-08,SE,2,2026-03-22,1.0,215.6328738991783,211.1965696431014,71.92500000000001,118.0,156.75,201.0,259.0,328.0,427.0,no-holidays@rw1,321,50.69696428571429,0.0,1.0,1.0
2026-03-08,SE,3,2026-03-29,1.0,118.12431555086695,102.75646351722828,31.0,49.0,73.0,101.5,144.25,202.1,294.1249999999999,no-holidays@rw1,223,57.17160714285715,0.0,0.0,1.0
2026-03-08,SE-M,0,2026-03-08,1.0,91.33556303983832,116.68369658494164,18.975,49.900000000000006,71.0,91.0,114.0,136.0,158.0,no-holidays@rw1,70,9.81017857142857,0.0,1.0,1.0
2026-03-08,SE-M,1,2026-03-15,1.0,56.7548006922782,70.15007169962577,9.0,28.0,40.75,55.0,72.0,90.0,114.0,no-holidays@rw1,30,11.396428571428572,0.0,1.0,1.0
2026-03-08,SE-M,2,2026-03-22,1.0,34.99091165407066,40.62220327464057,5.0,14.0,22.0,32.5,45.0,60.0,79.0,no-holidays@rw1,25,4.557142857142858,1.0,1.0,1.0
2026-03-08,SE-M,3,2026-03-29,1.0,21.98940584546575,23.237521127737253,2.0,7.0,11.0,19.0,29.0,43.0,67.02499999999998,no-holidays@rw1,17,3.0644642857142856,1.0,1.0,1.0
2026-03-08,SE-O,0,2026-03-08,1.0,111.52966728870058,146.68980182518047,18.950000000000003,55.900000000000006,84.0,111.5,139.0,165.10000000000002,196.025,no-holidays@rw1,143,13.95625,0.0,1.0,1.0
2026-03-08,SE-O,1,2026-03-15,1.0,66.94849553310402,83.86169784271607,10.975,33.0,48.0,64.0,84.0,105.10000000000002,132.0,no-holidays@rw1,80,7.781607142857143,1.0,1.0,1.0
2026-03-08,SE-O,2,2026-03-22,1.0,39.48959241009676,45.583715903830345,4.0,16.0,24.0,36.5,51.0,67.0,87.0,no-holidays@rw1,50,5.9071428571428575,1.0,1.0,1.0
2026-03-08,SE-O,3,2026-03-29,1.0,23.696949835242965,24.363363544418057,2.0,7.0,12.0,21.0,32.0,44.0,68.02499999999998,no-holidays@rw1,39,7.52875,0.0,1.0,1.0
2026-03-15,SE,0,2026-03-15,1.0,373.66142589262887,390.68636923197664,155.925,277.9,328.75,373.5,419.25,459.0,547.05,no-holidays@rw1,475,49.43232142857143,0.0,0.0,1.0
2026-03-15,SE,1,2026-03-22,1.0,182.72640671542703,177.572727583729,74.975,115.0,144.0,175.0,209.0,250.0,332.17499999999984,no-holidays@rw1,321,83.48,0.0,0.0,1.0
2026-03-15,SE,2,2026-03-29,1.0,92.2748062400522,81.08292471523201,32.975,48.0,62.0,82.0,109.0,147.0,217.04999999999995,no-holidays@rw1,223,83.62910714285715,0.0,0.0,0.0
2026-03-15,SE,3,2026-04-05,1.0,46.95660357579287,36.225912273065,11.0,18.0,27.0,38.0,56.0,84.0,136.0,no-holidays@rw1,187,107.56428571428572,0.0,0.0,0.0
2026-03-15,SE-M,0,2026-03-15,1.0,37.46557590338748,44.349067761473535,8.975000000000001,20.0,28.75,37.0,45.25,54.0,66.02499999999998,no-holidays@rw1,30,3.5575,1.0,1.0,1.0
2026-03-15,SE-M,1,2026-03-22,1.0,19.01394449757756,21.268663277707525,3.0,9.0,13.0,18.0,25.0,31.0,40.0,no-holidays@rw1,25,2.75,1.0,1.0,1.0
2026-03-15,SE-M,2,2026-03-29,1.0,10.081957722019856,10.321004346553568,1.0,3.0,5.0,9.0,13.0,18.0,25.0,no-holidays@rw1,17,3.457142857142857,0.0,1.0,1.0
2026-03-15,SE-M,3,2026-04-05,1.0,5.475158306021656,4.96444698164018,0.0,1.0,2.0,5.0,7.0,11.100000000000025,18.024999999999977,no-holidays@rw1,11,2.7744642857142856,0.0,1.0,1.0
2026-03-15,SE-O,0,2026-03-15,1.0,63.8601589866596,79.79975305553613,12.0,33.0,47.75,64.0,79.0,92.0,109.02499999999998,no-holidays@rw1,80,7.182321428571428,0.0,1.0,1.0
2026-03-15,SE-O,1,2026-03-22,1.0,34.99211810108799,40.92604303992668,5.975000000000001,16.0,24.0,32.0,44.0,54.0,73.0,no-holidays@rw1,50,7.2787500000000005,0.0,1.0,1.0
2026-03-15,SE-O,2,2026-03-29,1.0,19.875249306590103,21.04697859609645,3.0,7.0,11.0,18.0,25.0,35.0,51.0,no-holidays@rw1,39,10.285714285714286,0.0,0.0,1.0
2026-03-15,SE-O,3,2026-04-05,1.0,11.313645630731038,10.48299254540572,1.0,3.0,5.0,9.0,15.0,22.0,38.04999999999996,no-holidays@rw1,24,6.807499999999999,0.0,0.0,1.0
2026-03-22,SE,0,2026-03-22,1.0,220.1658794788514,228.6748745105988,74.975,150.8,188.0,218.0,249.0,283.0,356.0,no-holidays@rw1,321,56.284464285714286,0.0,0.0,1.0
2026-03-22,SE,1,2026-03-29,1.0,118.43595779868612,113.37104536959885,34.0,71.0,89.0,113.0,136.0,171.0,254.0,no-holidays@rw1,223,63.214285714285715,0.0,0.0,1.0
2026-03-22,SE,2,2026-04-05,1.0,64.6880889224725,55.508395393518576,16.975,30.0,42.0,56.0,76.0,103.10000000000002,171.02499999999998,no-holidays@rw1,187,84.58178571428572,0.0,0.0,0.0
2026-03-22,SE,3,2026-04-12,1.0,43.216536380657246,32.207482428178004,8.0,15.0,23.0,34.0,51.0,76.10000000000002,134.0,no-holidays@rw1,175,100.18857142857142,0.0,0.0,0.0
2026-03-22,SE-M,0,2026-03-22,1.0,14.66467669319201,15.740038691774108,3.0,7.0,10.0,14.0,19.0,23.0,30.024999999999977,no-holidays@rw1,25,5.1501785714285715,0.0,0.0,1.0
2026-03-22,SE-M,1,2026-03-29,1.0,6.787518904728935,6.715087240700531,1.0,2.0,4.0,6.0,9.0,12.0,17.0,no-holidays@rw1,17,6.042857142857143,0.0,0.0,1.0
2026-03-22,SE-M,2,2026-04-05,1.0,3.307554802945318,2.9206178030481125,0.0,1.0,1.0,3.0,4.0,6.0,10.0,no-holidays@rw1,11,5.285714285714286,0.0,0.0,0.0
2026-03-22,SE-M,3,2026-04-12,1.0,1.9696340928742495,1.5019376545678889,0.0,0.0,0.0,1.0,3.0,4.0,7.0,no-holidays@rw1,9,5.235714285714286,0.0,0.0,0.0
2026-03-22,SE-O,0,2026-03-22,1.0,34.144160545099744,40.23072180218195,5.0,17.0,25.0,33.0,42.0,50.0,62.0,no-holidays@rw1,50,7.278571428571429,0.0,1.0,1.0
2026-03-22,SE-O,1,2026-03-29,1.0,18.33954498413503,19.87704803614148,2.0,7.900000000000006,12.0,17.0,23.0,29.0,44.0,no-holidays@rw1,39,12.26,0.0,0.0,1.0
2026-03-22,SE-O,2,2026-04-05,1.0,10.022763335131565,9.666598046155682,1.0,3.0,5.0,9.0,13.0,18.0,29.0,no-holidays@rw1,24,8.2,0.0,0.0,1.0
2026-03-22,SE-O,3,2026-04-12,1.0,6.6163191416049285,5.449997510936942,0.0,1.0,3.0,5.0,8.0,13.0,22.0,no-holidays@rw1,27,14.857142857142858,0.0,0.0,0.0
2026-03-29,SE,0,2026-03-29,1.0,172.02501416030802,178.18612069235357,43.925,106.9,141.75,170.0,196.0,231.1,305.17499999999984,no-holidays@rw1,223,24.575357142857143,0.0,1.0,1.0
2026-03-29,SE,1,2026-04-05,1.0,108.33814156297818,103.01073858485104,20.0,58.0,78.0,99.0,126.0,161.0,242.025,no-holidays@rw1,187,45.385892857142856,0.0,0.0,1.0
2026-03-29,SE,2,2026-04-12,1.0,82.81270242307998,69.96443902982244,13.0,35.0,49.0,71.0,97.25,135.10000000000002,225.0999999999999,no-holidays@rw1,175,56.29285714285714,0.0,0.0,1.0
2026-03-29,SE,3,2026-04-19,1.0,56.00697076543861,40.36859714743365,8.0,17.0,27.0,42.0,66.0,101.10000000000002,187.025,no-holidays@rw1,106,28.43874999999999,0.0,0.0,1.0
2026-03-29,SE-M,0,2026-03-29,1.0,8.840298289473864,9.427604751366154,1.0,4.0,6.0,8.0,11.0,15.0,20.0,no-holidays@rw1,17,4.378571428571428,0.0,0.0,1.0
2026-03-29,SE-M,1,2026-04-05,1.0,4.609957705573804,4.493261571854731,0.0,1.0,2.0,4.0,6.0,9.0,12.024999999999975,no-holidays@rw1,11,3.6001785714285717,0.0,0.0,1.0
2026-03-29,SE-M,2,2026-04-12,1.0,2.8610497906298296,2.454785412202725,0.0,0.0,1.0,2.0,4.0,6.0,9.0,no-holidays@rw1,9,3.7357142857142853,0.0,0.0,1.0
2026-03-29,SE-M,3,2026-04-19,1.0,1.691501037664881,1.2526872134887403,0.0,0.0,0.0,1.0,2.0,4.0,6.024999999999977,no-holidays@rw1,8,4.72160714285715,0.0,0.0,0.0
2026-03-29,SE-O,0,2026-03-29,1.0,20.79983902138316,23.83574246258982,2.0,9.0,14.75,20.0,25.0,32.0,41.0,no-holidays@rw1,39,10.382142857142856,0.0,0.0,1.0
2026-03-29,SE-O,1,2026-04-05,1.0,11.583095115519578,12.07906941478041,1.0,4.0,7.0,10.5,15.0,20.0,29.0,no-holidays@rw1,24,6.871428571428572,0.0,0.0,1.0
2026-03-29,SE-O,2,2026-04-12,1.0,7.781583389718293,7.088450174730835,0.0,2.0,4.0,6.0,10.0,15.0,23.0,no-holidays@rw1,27,13.392857142857142,0.0,0.0,0.0
2026-03-29,SE-O,3,2026-04-19,1.0,4.665281060480524,3.571768924647216,0.0,1.0,2.0,3.0,6.0,10.0,17.0,no-holidays@rw1,13,4.95,0.0,0.0,1.0
2026-04-05,SE,0,2026-04-05,1.0,138.1134665177987,137.53999990865907,28.950000000000003,82.0,110.0,132.0,157.0,189.1,263.07499999999993,no-holidays@rw1,187,24.51803571428572,0.0,1.0,1.0
2026-04-05,SE,1,2026-04-12,1.0,114.62189573693294,103.8953823217365,19.0,56.900000000000006,78.75,103.0,135.0,175.0,268.025,no-holidays@rw1,175,30.885178571428572,0.0,1.0,1.0
2026-04-05,SE,2,2026-04-19,1.0,84.19802260846517,67.00039485456972,15.0,32.900000000000006,47.0,68.0,99.25,143.0,240.27499999999972,no-holidays@rw1,106,15.84410714285714,0.0,1.0,1.0
2026-04-05,SE,3,2026-04-26,1.0,66.91769821251695,45.16292054051639,7.975000000000001,17.0,30.0,47.0,76.0,120.20000000000005,257.025,no-holidays@rw1,89,17.727500000000003,0.0,1.0,1.0
2026-04-05,SE-M,0,2026-04-05,1.0,6.275279265180554,6.607609682531764,0.0,2.0,4.0,6.0,9.0,11.0,15.0,no-holidays@rw1,11,2.007142857142857,0.0,1.0,1.0
2026-04-05,SE-M,1,2026-04-12,1.0,4.149990490952193,3.932114872430005,0.0,1.0,2.0,3.0,5.0,8.0,12.0,no-holidays@rw1,9,2.7857142857142856,0.0,0.0,1.0
2026-04-05,SE-M,2,2026-04-19,1.0,2.571766469651867,2.13304239598129,0.0,0.0,1.0,2.0,3.0,5.0,8.024999999999977,no-holidays@rw1,8,3.485892857142857,0.0,0.0,1.0
2026-04-05,SE-M,3,2026-04-26,1.0,1.7774059441133394,1.2708911937240053,0.0,0.0,0.0,1.0,2.0,4.0,7.0,no-holidays@rw1,6,2.735714285714286,0.0,0.0,1.0
2026-04-05,SE-O,0,2026-04-05,1.0,15.9632137721963,18.232387513541124,2.0,6.0,11.0,15.0,20.0,25.0,33.02499999999998,no-holidays@rw1,24,3.835892857142857,0.0,1.0,1.0
2026-04-05,SE-O,1,2026-04-12,1.0,11.62808643259118,11.940113175291891,1.0,4.0,6.75,10.0,15.0,20.0,29.0,no-holidays@rw1,27,9.10357142857143,0.0,0.0,1.0
2026-04-05,SE-O,2,2026-04-19,1.0,7.528210334182189,6.708730182697497,0.0,1.0,3.0,6.0,10.0,14.0,23.0,no-holidays@rw1,13,2.892857142857143,0.0,1.0,1.0
2026-04-05,SE-O,3,2026-04-26,1.0,5.284179883590155,3.981275384924436,0.0,1.0,2.0,4.0,7.0,11.0,22.0,no-holidays@rw1,7,1.2285714285714284,1.0,1.0,1.0
2026-04-12,SE,0,2026-04-12,1.0,162.44813916953905,154.36079497259243,28.90000000000001,90.0,123.0,150.0,185.0,227.1,375.07499999999993,no-holidays@rw1,175,14.389821428571427,1.0,1.0,1.0
2026-04-12,SE,1,2026-04-19,1.0,138.16878887494832,118.56217917847611,23.0,61.900000000000006,89.0,119.0,157.0,213.0,348.2749999999997,no-holidays@rw1,106,13.354821428571427,1.0,1.0,1.0
2026-04-12,SE,2,2026-04-26,1.0,123.3731065945112,93.16034378519808,17.0,42.0,63.75,94.0,138.0,211.1,406.1999999999998,no-holidays@rw1,89,13.629285714285713,1.0,1.0,1.0
2026-04-12,SE,3,2026-05-03,1.0,103.84592514681437,67.7715516301913,12.0,26.0,42.0,70.0,115.0,189.0,392.1249999999999,no-holidays@rw1,74,13.158035714285713,1.0,1.0,1.0
2026-04-12,SE-M,0,2026-04-12,1.0,5.269005252874358,5.300584525449821,0.0,2.0,3.0,5.0,7.0,9.0,13.0,no-holidays@rw1,9,1.7214285714285715,0.0,1.0,1.0
2026-04-12,SE-M,1,2026-04-19,1.0,3.3950810956295427,3.0496267476292145,0.0,0.0,1.0,3.0,5.0,7.0,11.0,no-holidays@rw1,8,2.4214285714285713,0.0,0.0,1.0
2026-04-12,SE-M,2,2026-04-26,1.0,2.399105741185942,1.8751920645955924,0.0,0.0,1.0,2.0,3.0,5.0,9.0,no-holidays@rw1,6,2.064285714285714,0.0,0.0,1.0
2026-04-12,SE-M,3,2026-05-03,1.0,1.7397070109730537,1.1764522315961414,0.0,0.0,0.0,1.0,2.0,4.0,7.0,no-holidays@rw1,2,0.45,1.0,1.0,1.0
2026-04-12,SE-O,0,2026-04-12,1.0,13.568397054913769,14.68484384291611,1.0,5.0,8.0,12.0,17.0,23.0,30.024999999999977,no-holidays@rw1,27,7.507321428571429,0.0,0.0,1.0
2026-04-12,SE-O,1,2026-04-19,1.0,9.125578546304167,8.794365812257407,0.0,2.0,5.0,8.0,12.0,16.0,25.024999999999977,no-holidays@rw1,13,2.07875,0.0,1.0,1.0
2026-04-12,SE-O,2,2026-04-26,1.0,6.564683113998925,5.490166434254679,0.0,1.0,3.0,5.0,8.0,13.0,23.024999999999977,no-holidays@rw1,7,1.1501785714285713,1.0,1.0,1.0
2026-04-12,SE-O,3,2026-05-03,1.0,4.6350958303904966,3.280716360577394,0.0,0.0,1.0,3.0,6.0,10.0,21.024999999999977,no-holidays@rw1,7,1.6501785714285713,0.0,1.0,1.0
2026-04-19,SE,0,2026-04-19,1.0,158.1965921731157,141.2350495294758,25.975,78.9,114.0,141.0,174.0,222.1,415.05,no-holidays@rw1,106,18.441964285714285,0.0,1.0,1.0
2026-04-19,SE,1,2026-04-26,1.0,148.44820415566676,120.52944390129149,22.975,63.900000000000006,89.0,123.0,162.0,226.1,438.1999999999998,no-holidays@rw1,89,17.67160714285714,1.0,1.0,1.0
2026-04-19,SE,2,2026-05-03,1.0,127.93121089405656,93.66097522775706,15.950000000000005,43.0,62.0,95.0,142.0,218.20000000000005,415.2499999999998,no-holidays@rw1,74,16.572142857142858,1.0,1.0,1.0
2026-04-19,SE,3,2026-05-10,1.0,122.1097787465278,79.89064651536764,12.0,32.0,50.0,81.0,138.25,233.1,451.3499999999997,no-holidays@rw1,65,17.473214285714285,1.0,1.0,1.0
2026-04-19,SE-M,0,2026-04-19,1.0,4.386118049439419,4.187790655198815,0.0,1.0,2.0,4.0,6.0,8.0,13.0,no-holidays@rw1,8,1.7214285714285715,0.0,1.0,1.0
2026-04-19,SE-M,1,2026-04-26,1.0,3.3006049023898787,2.7880344426444204,0.0,0.0,1.0,3.0,4.0,7.0,11.024999999999975,no-holidays@rw1,6,1.4930357142857142,0.0,1.0,1.0
2026-04-19,SE-M,2,2026-05-03,1.0,2.46340369514479,1.810419899253677,0.0,0.0,1.0,2.0,3.0,5.0,9.0,no-holidays@rw1,2,0.35000000000000003,1.0,1.0,1.0
2026-04-19,SE-M,3,2026-05-10,1.0,2.094742036098747,1.32320258786786,0.0,0.0,0.0,1.0,3.0,5.0,9.0,no-holidays@rw1,7,2.992857142857143,0.0,0.0,1.0
2026-04-19,SE-O,0,2026-04-19,1.0,14.000265608030448,14.67368863205236,1.0,5.0,8.0,13.0,18.0,23.0,33.0,no-holidays@rw1,13,1.457142857142857,1.0,1.0,1.0
2026-04-19,SE-O,1,2026-04-26,1.0,11.22715948526728,10.58909642412696,0.0,3.0,6.0,9.0,14.0,20.0,34.07499999999993,no-holidays@rw1,7,1.5862499999999997,1.0,1.0,1.0
2026-04-19,SE-O,2,2026-05-03,1.0,8.636433630107934,7.133801628095814,0.0,2.0,3.0,6.0,11.0,17.0,32.02499999999998,no-holidays@rw1,7,1.3716071428571426,1.0,1.0,1.0
2026-04-19,SE-O,3,2026-05-10,1.0,7.712343211805106,5.338264046519927,0.0,1.0,2.0,5.0,9.0,16.0,35.02499999999998,no-holidays@rw1,7,1.4644642857142856,1.0,1.0,1.0
2026-04-26,SE,0,2026-04-26,1.0,102.0929071171252,84.11348323180997,16.975,48.0,69.75,85.0,109.0,143.10000000000002,278.1999999999998,no-holidays@rw1,89,7.958035714285714,1.0,1.0,1.0
2026-04-26,SE,1,2026-05-03,1.0,72.83964803433791,55.3623966833316,9.975,29.0,42.0,57.0,76.25,114.0,221.27499999999972,no-holidays@rw1,74,8.81285714285714,1.0,1.0,1.0
2026-04-26,SE,2,2026-05-10,1.0,60.17862396536837,41.54536949565762,8.975000000000001,20.0,29.0,43.0,65.0,101.10000000000002,200.24999999999977,no-holidays@rw1,65,9.397678571428571,1.0,1.0,1.0
2026-04-26,SE,3,2026-05-17,1.0,42.570077564588594,26.284372347057197,5.0,11.0,18.0,28.0,45.0,79.0,158.1249999999999,no-holidays@rw1,53,10.822321428571428,0.0,1.0,1.0
2026-04-26,SE-M,0,2026-04-26,1.0,4.470928052701984,4.049035295447905,0.0,1.0,2.0,4.0,6.0,8.0,13.0,no-holidays@rw1,6,0.8642857142857144,1.0,1.0,1.0
2026-04-26,SE-M,1,2026-05-03,1.0,3.4696865316607446,2.7864258759760347,0.0,0.0,1.0,2.0,4.0,7.0,13.0,no-holidays@rw1,2,0.5071428571428572,1.0,1.0,1.0
2026-04-26,SE-M,2,2026-05-10,1.0,3.032524449141239,2.1035933116463035,0.0,0.0,1.0,2.0,4.0,6.0,13.024999999999975,no-holidays@rw1,7,2.3358928571428565,0.0,0.0,1.0
2026-04-26,SE-M,3,2026-05-17,1.0,2.4389227306797268,1.4575171047486477,0.0,0.0,0.0,1.0,3.0,5.0,11.0,no-holidays@rw1,0,0.5785714285714285,1.0,1.0,1.0
2026-04-26,SE-O,0,2026-04-26,1.0,9.769367780406224,9.6027902162933,0.0,3.0,5.0,8.0,12.0,17.0,27.0,no-holidays@rw1,7,1.2357142857142858,1.0,1.0,1.0
2026-04-26,SE-O,1,2026-05-03,1.0,6.979542819916128,6.174287773443401,0.0,1.0,3.0,5.0,9.0,13.0,25.0,no-holidays@rw1,7,1.2357142857142858,1.0,1.0,1.0
2026-04-26,SE-O,2,2026-05-10,1.0,5.8813789099770135,4.492292448742238,0.0,1.0,2.0,4.0,7.0,12.0,24.024999999999977,no-holidays@rw1,7,1.2716071428571427,1.0,1.0,1.0
2026-04-26,SE-O,3,2026-05-17,1.0,4.4544878474718095,2.824205568922988,0.0,0.0,1.0,3.0,5.0,9.0,20.0,no-holidays@rw1,2,0.8285714285714285,1.0,1.0,1.0
2026-05-03,SE,0,2026-05-03,1.0,74.17164794081552,58.51709002068225,12.975,33.0,48.0,60.0,77.0,108.0,238.025,no-holidays@rw1,74,7.821785714285714,1.0,1.0,1.0
2026-05-03,SE,1,2026-05-10,1.0,60.75399225607903,44.621328689601626,10.975,23.90000000000001,34.0,46.0,64.0,96.10000000000002,185.39999999999964,no-holidays@rw1,65,8.45160714285714,0.0,1.0,1.0
2026-05-03,SE,2,2026-05-17,1.0,42.6494180646277,28.74686993413876,7.0,14.0,20.75,30.0,47.0,75.0,150.04999999999995,no-holidays@rw1,53,9.639642857142858,0.0,1.0,1.0
2026-05-03,SE,3,2026-05-24,1.0,32.027512107662936,19.52080187423388,4.0,8.0,13.0,22.0,34.0,62.10000000000002,124.02499999999998,no-holidays@rw1,53,13.760178571428572,0.0,1.0,1.0
2026-05-03,SE-M,0,2026-05-03,1.0,4.014126681952317,3.427652425594467,0.0,1.0,2.0,3.0,6.0,8.0,13.0,no-holidays@rw1,2,0.7214285714285715,1.0,1.0,1.0
2026-05-03,SE-M,1,2026-05-10,1.0,3.527453655186654,2.655482350005688,0.0,0.0,1.0,2.0,4.0,7.0,12.024999999999975,no-holidays@rw1,7,2.0716071428571428,0.0,1.0,1.0
2026-05-03,SE-M,2,2026-05-17,1.0,2.850791584858578,1.874098220063789,0.0,0.0,1.0,2.0,3.0,6.0,12.0,no-holidays@rw1,0,0.9714285714285715,0.0,1.0,1.0
2026-05-03,SE-M,3,2026-05-24,1.0,2.4381625934791877,1.3994062205310676,0.0,0.0,0.0,1.0,3.0,5.0,12.0,no-holidays@rw1,5,1.5857142857142856,0.0,1.0,1.0
2026-05-03,SE-O,0,2026-05-03,1.0,5.749595148335142,5.209331188774008,0.0,1.0,2.0,5.0,7.0,11.0,17.0,no-holidays@rw1,7,1.05,1.0,1.0,1.0
2026-05-03,SE-O,1,2026-05-10,1.0,4.571264192623304,3.651960095470427,0.0,0.9000000000000057,2.0,3.0,6.0,9.0,17.024999999999977,no-holidays@rw1,7,1.495892857142857,0.0,1.0,1.0
2026-05-03,SE-O,2,2026-05-17,1.0,3.2646170614778685,2.229910777522301,0.0,0.0,1.0,2.0,4.0,7.0,13.024999999999975,no-holidays@rw1,2,0.5073214285714285,1.0,1.0,1.0
2026-05-03,SE-O,3,2026-05-24,1.0,2.579919688386628,1.48128579688444,0.0,0.0,1.0,2.0,3.0,6.0,10.0,no-holidays@rw1,6,1.8142857142857143,0.0,1.0,1.0
2026-05-10,SE,0,2026-05-10,1.0,74.23886215158764,56.858866503467965,14.0,34.0,46.0,59.0,77.25,109.20000000000005,242.07499999999996,no-holidays@rw1,65,6.866964285714287,1.0,1.0,1.0
2026-05-10,SE,1,2026-05-17,1.0,53.85684292381577,38.64528803969026,9.0,21.0,29.0,40.0,58.0,88.10000000000002,187.19999999999985,no-holidays@rw1,53,7.118571428571428,1.0,1.0,1.0
2026-05-10,SE,2,2026-05-24,1.0,42.09036291324495,27.77542351816806,6.0,13.0,20.0,30.0,45.0,75.10000000000002,147.17499999999984,no-holidays@rw1,53,10.139821428571427,0.0,1.0,1.0
2026-05-10,SE,3,2026-05-31,1.0,33.72069956606385,20.026115496128515,5.0,9.0,14.0,22.0,37.0,64.0,123.14999999999986,no-holidays@rw1,30,5.201071428571427,1.0,1.0,1.0
2026-05-10,SE-M,0,2026-05-10,1.0,2.842979631471436,2.213076587666989,0.0,0.0,1.0,2.0,4.0,5.0,10.0,no-holidays@rw1,7,2.5714285714285716,0.0,0.0,1.0
2026-05-10,SE-M,1,2026-05-17,1.0,2.0992116603425046,1.4671615136438274,0.0,0.0,0.0,1.0,3.0,4.0,10.0,no-holidays@rw1,0,0.5428571428571428,1.0,1.0,1.0
2026-05-10,SE-M,2,2026-05-24,1.0,1.7079152326291327,1.0755552648140223,0.0,0.0,0.0,1.0,2.0,4.0,8.0,no-holidays@rw1,5,2.028571428571429,0.0,0.0,1.0
2026-05-10,SE-M,3,2026-05-31,1.0,1.4597497974253142,0.8438291450807396,0.0,0.0,0.0,1.0,2.0,3.0,7.0,no-holidays@rw1,1,0.2785714285714286,1.0,1.0,1.0
2026-05-10,SE-O,0,2026-05-10,1.0,5.077454511577358,4.261164085283356,0.0,1.0,2.0,4.0,6.0,9.0,17.0,no-holidays@rw1,7,1.3499999999999999,0.0,1.0,1.0
2026-05-10,SE-O,1,2026-05-17,1.0,3.5741886965843785,2.615115903410593,0.0,0.0,1.0,2.0,4.0,7.0,14.0,no-holidays@rw1,2,0.5142857142857143,1.0,1.0,1.0
2026-05-10,SE-O,2,2026-05-24,1.0,2.798137881514444,1.746772027284973,0.0,0.0,1.0,2.0,3.0,6.0,12.0,no-holidays@rw1,6,1.8285714285714285,0.0,1.0,1.0
2026-05-10,SE-O,3,2026-05-31,1.0,2.315956855712963,1.225731518971371,0.0,0.0,0.0,1.0,3.0,5.0,10.0,no-holidays@rw1,2,0.5714285714285714,1.0,1.0,1.0
2026-05-17,SE,0,2026-05-17,1.0,61.88664857234886,45.49412092158888,10.0,27.0,36.0,48.0,63.0,93.0,214.19999999999985,no-holidays@rw1,53,5.987142857142857,1.0,1.0,1.0
2026-05-17,SE,1,2026-05-24,1.0,51.41669630057066,35.388837017825715,9.0,19.0,27.0,37.0,54.0,83.0,178.0999999999999,no-holidays@rw1,53,7.2507142857142854,1.0,1.0,1.0
2026-05-17,SE,2,2026-05-31,1.0,42.39364963615916,26.798441807788954,6.0,13.0,19.0,29.0,45.0,75.10000000000002,154.1249999999999,no-holidays@rw1,30,4.832321428571428,1.0,1.0,1.0
2026-05-17,SE,3,2026-06-07,1.0,34.97985631645429,19.86298542924566,4.0,8.0,14.0,22.0,37.25,66.10000000000002,134.0999999999999,no-holidays@rw1,19,4.678571428571429,1.0,1.0,1.0
2026-05-17,SE-M,0,2026-05-17,1.0,3.799021983914892,2.84766356356292,0.0,0.0,1.0,3.0,4.0,7.0,13.0,no-holidays@rw1,0,1.2214285714285715,0.0,1.0,1.0
2026-05-17,SE-M,1,2026-05-24,1.0,3.451208822156972,2.310722789115149,0.0,0.0,1.0,2.0,4.0,6.0,13.0,no-holidays@rw1,5,1.1928571428571428,0.0,1.0,1.0
2026-05-17,SE-M,2,2026-05-31,1.0,3.129934474904775,1.858252240142929,0.0,0.0,1.0,2.0,4.0,7.0,13.024999999999975,no-holidays@rw1,1,0.6501785714285714,1.0,1.0,1.0
2026-05-17,SE-M,3,2026-06-07,1.0,2.8562841870717275,1.4913517270462315,0.0,0.0,1.0,2.0,3.0,6.0,14.0,no-holidays@rw1,1,0.5571428571428572,1.0,1.0,1.0
2026-05-17,SE-O,0,2026-05-17,1.0,4.477218470240151,3.4905165382061925,0.0,1.0,2.0,3.0,5.0,8.0,15.0,no-holidays@rw1,2,0.6642857142857144,1.0,1.0,1.0
2026-05-17,SE-O,1,2026-05-24,1.0,3.682141292735901,2.497021437864911,0.0,0.0,1.0,2.0,4.0,7.0,15.0,no-holidays@rw1,6,1.6642857142857144,0.0,1.0,1.0
2026-05-17,SE-O,2,2026-05-31,1.0,3.086001951971158,1.7967362963042408,0.0,0.0,1.0,2.0,3.0,6.0,13.0,no-holidays@rw1,2,0.40714285714285714,1.0,1.0,1.0
2026-05-17,SE-O,3,2026-06-07,1.0,2.6572809091983585,1.3205104260699796,0.0,0.0,0.0,1.0,3.0,5.0,11.0,no-holidays@rw1,2,0.5785714285714285,1.0,1.0,1.0
