school_year,municipality_code,municipality,county_code,population_2024,source,hoststart,hostlov_weeks,hostslut,varstart,sportlov_weeks,pasklov_weeks,varslut
2016/2017,0114,Upplands Väsby,01,50323,municipal,2016-08-24,44,2016-12-22,2017-01-09,9,15,2017-06-15
2016/2017,0117,Österåker,01,49787,municipal,2016-08-22,44,2016-12-21,2017-01-11,9,15,2017-06-14
2016/2017,0120,Värmdö,01,46635,municipal,2016-08-18,44,2016-12-21,2017-01-09,9,15,2017-06-09
2016/2017,0123,Järfälla,01,88950,municipal,2016-08-18,44,2016-12-22,2017-01-09,9,15,2017-06-09
2016/2017,0126,Huddinge,01,114304,municipal,2016-08-17,44,2016-12-21,2017-01-09,9,15,2017-06-09
2016/2017,0127,Botkyrka,01,95905,municipal,2016-08-22,44,2016-12-22,2017-01-10,9,15,2017-06-14
2016/2017,0128,Salem,01,17507,municipal,2016-08-17,44,2016-12-21,2017-01-09,9,15,2017-06-14
2016/2017,0136,Haninge,01,100895,municipal,2016-08-22,44,2016-12-21,2017-01-09,9,15,2017-06-15
2016/2017,0138,Tyresö,01,49179,municipal,2016-08-11,44,2016-12-22,2017-01-09,9,16,2017-06-08
2016/2017,0139,Upplands-Bro,01,32868,municipal,2016-08-22,44,2016-12-21,2017-01-09,9,15,2017-06-14
2016/2017,0140,Nykvarn,01,12342,municipal,2016-08-23,44,2016-12-21,2017-01-10,9,16,2017-06-10
2016/2017,0160,Täby,01,77744,municipal,2016-08-18,44,2016-12-21,2017-01-10,9,15,2017-06-15
2016/2017,0162,Danderyd,01,32425,municipal,2016-08-22,44,2016-12-21,2017-01-10,9,15,2017-06-15
2016/2017,0163,Sollentuna,01,77624,municipal,2016-08-23,44,2016-12-23,2017-01-08,9,15,2017-06-15
2016/2017,0180,Stockholm,01,995574,municipal,,44,2016-12-21,2017-01-09,9,15,2017-06-09
2016/2017,0181,Södertälje,01,102911,municipal,2016-08-17,44,2016-12-20,2017-01-11,9,15,2017-06-14
2016/2017,0182,Nacka,01,112112,municipal,2016-08-22,44,2016-12-22,2017-01-10,9,15,2017-06-14
2016/2017,0183,Sundbyberg,01,56274,municipal,2016-08-14,44,2016-12-21,2017-01-09,9,15,2017-06-09
2016/2017,0184,Solna,01,85789,municipal,2016-08-17,44,2016-12-22,2017-01-11,9,15,2017-06-09
2016/2017,0186,Lidingö,01,48377,municipal,2016-08-18,44,2016-12-21,2017-01-09,9,15,2017-06-09
2016/2017,0187,Vaxholm,01,11822,municipal,2016-08-23,44,2016-12-21,2017-01-10,9,15,2017-06-16
2016/2017,0188,Norrtälje,01,66585,municipal,2016-08-23,44,2016-12-21,2017-01-11,9,16,2017-06-14
2016/2017,0191,Sigtuna,01,52767,municipal,2016-08-17,44,2016-12-21,2017-01-10,9,15,2017-06-13
2016/2017,0192,Nynäshamn,01,30579,municipal,2016-08-23,44,2016-12-21,2017-01-11,9,15,2017-06-15
2016/2017,0330,Knivsta,03,21193,municipal,2016-08-17,44,2016-12-21,2017-01-10,8,15,2017-06-09
2016/2017,0360,Tierp,03,21104,municipal,2016-08-17,44,2016-12-21,2017-01-10,8,15,2017-06-09
2016/2017,0381,Enköping,03,48591,municipal,2016-08-17,44,2016-12-21,2017-01-10,8,15,2017-06-09
2016/2017,0382,Östhammar,03,22138,municipal,2016-08-17,44,2016-12-21,2017-01-10,8,15,2017-06-09
2016/2017,0461,Gnesta,04,11458,municipal,2016-08-18,44,2016-12-20,2017-01-11,9,15,2017-06-13
2016/2017,0480,Nyköping,04,58344,municipal,2016-08-17,44,2016-12-21,2017-01-10,8,15,
2016/2017,0481,Oxelösund,04,12031,municipal,2016-08-19,44,2016-12-22,2017-01-11,8,15,2017-06-09
2016/2017,0482,Flen,04,15362,municipal,2016-08-15,43,2016-12-21,2017-01-10,8,15,2017-06-09
2016/2017,0483,Katrineholm,04,34154,municipal,2016-08-22,44,,2017-01-20,8,16,2017-06-16
2016/2017,0484,Eskilstuna,04,107203,municipal,2016-08-15,44,2016-12-19,2017-01-10,8,15,2017-06-09
2016/2017,0486,Strängnäs,04,39313,municipal,2016-08-17,44,2016-12-22,2017-01-09,8,16,2017-06-09
2016/2017,0488,Trosa,04,14927,municipal,2016-08-22,44,2016-12-22,2017-01-09,8,15,2017-06-09
2016/2017,0509,Ödeshög,05,5237,municipal,2016-08-18,44,2016-12-21,2017-01-10,8,15,2017-06-15
2016/2017,0513,Kinda,05,9957,municipal,2016-08-17,44,2016-12-21,2017-01-10,8,15,2017-06-16
2016/2017,0560,Boxholm,05,5517,municipal,2016-08-18,44,2016-12-21,2017-01-09,8,15,2017-06-15
2016/2017,0562,Finspång,05,21623,municipal,2016-08-17,44,2016-12-21,2017-01-10,8,15,2017-06-15
2016/2017,0563,Valdemarsvik,05,7525,municipal,2016-08-22,44,2016-12-20,2017-01-10,8,15,2017-06-16
2016/2017,0580,Linköping,05,168035,municipal,2016-08-17,44,2016-12-21,2017-01-09,8,15,2017-06-15
2016/2017,0582,Söderköping,05,14789,municipal,2016-08-16,44,2016-12-21,2017-01-09,8,15,2017-06-14
2016/2017,0583,Motala,05,43505,municipal,2016-08-17,44,2016-12-21,2017-01-09,8,15,2017-06-14
2016/2017,0586,Mjölby,05,28695,municipal,2016-08-18,44,2016-12-21,2017-01-09,8,15,2017-06-16
2016/2017,0604,Aneby,06,6797,municipal,2016-08-22,44,2016-12-22,2017-01-10,7,15,2017-06-20
2016/2017,0617,Gnosjö,06,9131,municipal,2016-08-18,44,2016-12-21,2017-01-10,7,15,2017-06-15
2016/2017,0642,Mullsjö,06,7594,municipal,2016-08-22,44,,2017-01-10,7,15,2017-06-16
2016/2017,0643,Habo,06,13456,municipal,2016-08-23,44,2016-12-22,2017-01-10,7,16,2017-06-16
2016/2017,0662,Gislaved,06,28936,municipal,2016-08-17,44,2016-12-21,2017-01-11,7,15,2017-06-13
2016/2017,0682,Nässjö,06,31587,municipal,2016-08-17,44,2016-12-22,2017-01-10,7,15,2017-06-14
2016/2017,0683,Värnamo,06,34542,municipal,2016-08-18,44,2016-12-20,2017-01-09,7,15,2017-06-15
2016/2017,0684,Sävsjö,06,11563,municipal,2016-08-18,44,2016-12-20,2017-01-09,7,15,2017-06-16
2016/2017,0685,Vetlanda,06,27528,municipal,2016-08-22,44,2016-12-22,2017-01-11,7,15,2017-06-16
2016/2017,0760,Uppvidinge,07,9061,municipal,2016-08-22,44,2016-12-21,2017-01-09,8,15,2017-06-16
2016/2017,0761,Lessebo,07,8289,municipal,2016-08-22,44,2016-12-22,2017-01-10,8,15,2017-06-16
2016/2017,0763,Tingsryd,07,11966,municipal,2016-08-22,44,2016-12-21,2017-01-10,8,15,2017-06-16
2016/2017,0764,Alvesta,07,19830,municipal,2016-08-22,44,2016-12-22,2017-01-09,8,15,2017-06-16
2016/2017,0765,Älmhult,07,17653,municipal,2016-08-22,44,2016-12-21,2017-01-09,8,15,2017-06-16
2016/2017,0767,Markaryd,07,9938,municipal,2016-08-17,44,2016-12-22,2017-01-10,8,15,2017-06-09
2016/2017,0781,Ljungby,07,28280,municipal,2016-08-22,44,2016-12-21,2017-01-09,8,15,2017-06-15
2016/2017,0834,Torsås,08,6984,municipal,2016-08-22,44,2016-12-22,2017-01-09,8,16,2017-06-16
2016/2017,0840,Mörbylånga,08,16224,municipal,2016-08-22,44,2016-12-22,2017-01-09,8,15,2017-06-16
2016/2017,0860,Hultsfred,08,13673,municipal,2016-08-22,44,2016-12-22,2017-01-09,8,16,2017-06-16
2016/2017,0861,Mönsterås,08,13069,municipal,2016-08-22,44,2016-12-22,2017-01-09,8,16,2017-06-16
2016/2017,0862,Emmaboda,08,9006,municipal,2016-08-22,44,2016-12-22,2017-01-09,8,16,2017-06-16
2016/2017,0880,Kalmar,08,72704,municipal,2016-08-22,44,2016-12-22,2017-01-09,8,16,2017-06-16
2016/2017,0881,Nybro,08,19951,municipal,2016-08-22,44,2016-12-22,2017-01-10,8,16,2017-06-16
2016/2017,0883,Västervik,08,36447,municipal,2016-08-22,44,2016-12-22,2017-01-09,8,16,2017-06-16
2016/2017,0884,Vimmerby,08,15384,municipal,2016-08-22,44,2016-12-22,2017-01-09,8,16,2017-06-16
2016/2017,0885,Borgholm,08,10666,municipal,2016-08-22,44,2016-12-22,2017-01-09,8,16,
2016/2017,0980,Gotland,09,60971,municipal,2016-08-22,44,2016-12-21,2017-01-09,9,15,2017-06-16
2016/2017,1060,Olofström,10,13000,municipal,2016-08-15,44,2016-12-22,2017-01-11,8,15,2017-06-09
2016/2017,1080,Karlskrona,10,66301,municipal,2016-08-24,44,2016-12-22,2017-01-10,8,15,2017-06-16
2016/2017,1081,Ronneby,10,28741,municipal,2016-08-15,44,2016-12-22,2017-01-11,8,15,
2016/2017,1082,Karlshamn,10,31751,municipal,2016-08-09,44,2016-12-22,2017-01-09,8,15,2017-06-16
2016/2017,1083,Sölvesborg,10,17430,municipal,2016-08-18,44,2016-12-21,2017-01-10,8,16,2017-06-14
2016/2017,1214,Svalöv,12,14543,municipal,2016-08-17,44,2016-12-22,2017-01-10,8,15,2017-06-09
2016/2017,1230,Staffanstorp,12,27303,municipal,2016-08-19,44,2016-12-21,2017-01-09,8,15,2017-06-16
2016/2017,1231,Burlöv,12,20101,municipal,2016-08-15,44,2016-12-20,2017-01-11,8,15,2017-06-16
2016/2017,1233,Vellinge,12,37816,municipal,2016-08-17,44,2016-12-20,2017-01-10,8,15,2017-06-13
2016/2017,1256,Östra Göinge,12,13978,municipal,2016-08-18,44,2016-12-21,2017-01-11,8,15,2017-06-16
2016/2017,1257,Örkelljunga,12,10277,municipal,2016-08-08,44,2016-12-22,2017-01-09,8,15,2017-06-15
2016/2017,1261,Kävlinge,12,32477,municipal,2016-08-18,44,2016-12-21,2017-01-11,8,15,2017-06-14
2016/2017,1262,Lomma,12,24715,municipal,2016-08-18,44,2016-12-21,2017-01-10,8,15,2017-06-13
2016/2017,1263,Svedala,12,23581,municipal,2016-08-18,44,2016-12-20,2017-01-12,8,15,2017-06-16
2016/2017,1264,Skurup,12,17099,municipal,2016-08-23,44,2016-12-22,2017-01-10,8,15,2017-06-16
2016/2017,1265,Sjöbo,12,19337,municipal,2016-08-17,44,2016-12-21,2017-01-11,8,15,2017-06-16
2016/2017,1266,Hörby,12,15562,municipal,2016-08-17,44,2016-12-22,2017-01-10,8,15,2017-06-09
2016/2017,1267,Höör,12,17518,municipal,2016-08-18,44,2016-12-21,2017-01-11,8,15,2017-06-14
2016/2017,1270,Tomelilla,12,13639,municipal,2016-08-22,44,2016-12-21,2017-01-10,8,15,2017-06-16
2016/2017,1272,Bromölla,12,12470,municipal,2016-08-18,44,2016-12-21,2017-01-10,8,16,2017-06-14
2016/2017,1273,Osby,12,12947,municipal,2016-08-23,44,2016-12-22,2017-01-11,8,15,2017-06-16
2016/2017,1275,Perstorp,12,7235,municipal,2016-08-17,44,2016-12-22,2017-01-10,8,15,2017-06-09
2016/2017,1276,Klippan,12,17714,municipal,2016-08-17,44,2016-12-22,2017-01-11,8,15,2017-06-13
2016/2017,1277,Åstorp,12,16449,municipal,2016-08-18,44,2016-12-20,2017-01-10,8,15,2017-06-16
2016/2017,1278,Båstad,12,16026,municipal,2016-08-18,44,2016-12-20,2017-01-11,8,15,2017-06-15
2016/2017,1280,Malmö,12,365644,municipal,2016-08-22,44,2016-12-22,2017-01-09,8,15,2017-06-09
2016/2017,1281,Lund,12,131590,municipal,2016-08-19,44,2016-12-21,2017-01-09,8,15,2017-06-16
2016/2017,1282,Landskrona,12,47309,municipal,2016-08-17,44,2016-12-22,2017-01-11,8,15,2017-06-13
2016/2017,1283,Helsingborg,12,152091,municipal,2016-08-15,44,2016-12-22,2017-01-10,8,15,2017-06-13
2016/2017,1284,Höganäs,12,28430,municipal,2016-08-17,44,2016-12-21,2017-01-10,8,15,
2016/2017,1285,Eslöv,12,34922,municipal,2016-08-17,44,2016-12-21,2017-01-12,8,15,2017-06-16
2016/2017,1286,Ystad,12,32106,municipal,2016-08-17,44,2016-12-20,2017-01-11,8,15,2017-06-16
2016/2017,1290,Kristianstad,12,86379,municipal,2016-08-18,44,2016-12-21,2017-01-11,8,15,2017-06-16
2016/2017,1291,Simrishamn,12,18890,municipal,2016-08-15,44,2016-12-22,2017-01-11,8,15,2017-06-09
2016/2017,1292,Ängelholm,12,45110,municipal,2016-08-17,44,2016-12-22,2017-01-11,8,15,
2016/2017,1293,Hässleholm,12,52114,municipal,2016-08-23,44,2016-12-21,2017-01-10,8,15,2017-06-16
2016/2017,1315,Hylte,13,10196,municipal,2016-08-17,44,2016-12-21,2017-01-11,8,15,2017-06-16
2016/2017,1380,Halmstad,13,106084,municipal,2016-08-22,44,2016-12-22,2017-01-10,8,15,2017-06-16
2016/2017,1381,Laholm,13,26595,municipal,2016-08-17,44,2016-12-21,2017-01-10,8,15,2017-06-16
2016/2017,1382,Falkenberg,13,47337,municipal,2016-08-22,44,2016-12-22,2017-01-11,7,15,2017-06-16
2016/2017,1383,Varberg,13,69070,municipal,2016-08-17,44,2016-12-21,2017-01-11,8,15,2017-06-16
2016/2017,1384,Kungsbacka,13,85792,municipal,2016-08-22,44,2016-12-22,2017-01-09,7,15,2017-06-16
2016/2017,1401,Härryda,14,40003,municipal,2016-08-22,44,2016-12-21,2017-01-09,7,15,2017-06-16
2016/2017,1415,Stenungsund,14,27851,municipal,2016-08-22,44,2016-12-22,2017-01-09,7,15,2017-06-13
2016/2017,1419,Tjörn,14,16092,municipal,2016-08-22,44,2016-12-22,2017-01-10,7,16,2017-06-14
2016/2017,1421,Orust,14,15352,municipal,2016-08-28,44,2016-12-22,2017-01-11,8,15,2017-06-15
2016/2017,1430,Munkedal,14,10354,municipal,2016-08-22,44,2016-12-22,2017-01-11,8,15,2017-06-15
2016/2017,1435,Tanum,14,12773,municipal,2016-08-15,44,2016-12-22,2017-01-09,8,15,2017-06-21
2016/2017,1438,Dals-Ed,14,4606,municipal,2016-08-22,44,2016-12-22,2017-01-11,8,15,2017-06-15
2016/2017,1439,Färgelanda,14,6376,municipal,2016-08-15,44,2016-12-22,2017-01-11,8,15,2017-06-15
2016/2017,1440,Ale,14,32576,municipal,2016-08-18,44,2016-12-21,2017-01-11,7,15,2017-06-14
2016/2017,1441,Lerum,14,43570,municipal,2016-08-16,44,2016-12-20,2017-01-10,7,15,2017-06-09
2016/2017,1442,Vårgårda,14,12474,municipal,2016-08-22,44,2016-12-21,2017-01-10,7,15,2017-06-16
2016/2017,1443,Bollebygd,14,9802,municipal,2016-08-22,44,2016-12-21,2017-01-10,7,15,2017-06-16
2016/2017,1444,Grästorp,14,5555,municipal,2016-08-22,44,2016-12-22,2017-01-11,7,15,2017-06-16
2016/2017,1445,Essunga,14,5560,municipal,2016-08-22,44,2016-12-21,2017-01-11,7,15,2017-06-16
2016/2017,1446,Karlsborg,14,7023,municipal,2016-08-18,44,2016-12-21,2017-01-10,7,15,2017-06-15
2016/2017,1447,Gullspång,14,5031,municipal,2016-08-23,44,2016-12-22,2017-01-11,7,15,2017-06-16
2016/2017,1452,Tranemo,14,11839,municipal,2016-08-22,43,2016-12-21,2017-01-10,7,15,2017-06-16
2016/2017,1460,Bengtsfors,14,9076,municipal,2016-08-16,44,2016-12-21,2017-01-10,9,16,2017-06-09
2016/2017,1461,Mellerud,14,9052,municipal,2016-08-18,44,2016-12-21,2017-01-11,8,15,2017-06-14
2016/2017,1462,Lilla Edet,14,14442,municipal,2016-08-22,44,2016-12-22,2017-01-10,7,15,2017-06-16
2016/2017,1463,Mark,14,35155,municipal,2016-08-16,44,2016-12-21,2017-01-10,7,15,2017-06-09
2016/2017,1465,Svenljunga,14,10747,municipal,2016-08-22,44,2016-12-21,2017-01-10,7,15,2017-06-16
2016/2017,1470,Vara,14,16088,municipal,2016-08-18,44,2016-12-20,2017-01-11,7,15+16,2017-06-14
2016/2017,1472,Tibro,14,11338,municipal,2016-08-22,44,,,7,15,2017-06-16
2016/2017,1473,Töreboda,14,9043,municipal,2016-08-24,44,2016-12-22,2017-01-11,7,15,2017-06-17
2016/2017,1481,Mölndal,14,71420,municipal,2016-08-22,44,2016-12-22,2017-01-09,7,15,2017-06-15
2016/2017,1484,Lysekil,14,13907,municipal,2016-08-22,44,2016-12-22,2017-01-11,8,15,2017-06-15
2016/2017,1485,Uddevalla,14,57010,municipal,2016-08-22,44,2016-12-22,2017-01-09,8,15,2017-06-14
2016/2017,1489,Alingsås,14,42722,municipal,2016-08-22,44,2016-12-20,2017-01-10,7,15,2017-06-16
2016/2017,1490,Borås,14,114872,municipal,2016-08-22,44,2016-12-21,2017-01-10,7,15,2017-06-16
2016/2017,1491,Ulricehamn,14,24985,municipal,2016-08-22,44,2016-12-22,2017-01-10,7,15,2017-06-16
2016/2017,1492,Åmål,14,11906,municipal,2016-08-23,44,2016-12-22,2017-01-10,9,16,2017-06-16
2016/2017,1493,Mariestad,14,24583,municipal,2016-08-24,44,2016-12-22,2017-01-11,7,15,2017-06-16
2016/2017,1494,Lidköping,14,40425,municipal,2016-08-22,44,2016-12-21,2017-01-11,7,15,2017-06-16
2016/2017,1495,Skara,14,18707,municipal,2016-08-22,44,2016-12-22,2017-01-10,7,15,
2016/2017,1496,Skövde,14,57995,municipal,2016-08-22,44,2016-12-21,2017-01-10,7,15,2017-06-15
2016/2017,1497,Hjo,14,9350,municipal,2016-08-22,44,2016-12-21,2017-01-10,7,15,2017-06-15
2016/2017,1498,Tidaholm,14,12805,municipal,2016-08-18,44,2016-12-21,2017-01-11,7,15,2017-06-16
2016/2017,1499,Falköping,14,32806,municipal,2016-08-22,44,2016-12-22,2017-01-11,7,15,2017-06-16
2016/2017,1715,Kil,17,12061,municipal,2016-08-16,44,2016-12-21,2017-01-10,9,16,2017-06-09
2016/2017,1730,Eda,17,8412,municipal,2016-08-18,44,2016-12-22,2017-01-10,9,16,2017-06-13
2016/2017,1737,Torsby,17,11321,municipal,2016-08-18,44,2016-12-22,,9,16,2017-06-08
2016/2017,1760,Storfors,17,3788,municipal,2016-08-19,44,2016-12-22,2017-01-11,9,16,2017-06-15
2016/2017,1762,Munkfors,17,3625,municipal,2016-08-17,44,2016-12-22,2017-01-10,9,16,2017-06-09
2016/2017,1763,Forshaga,17,11520,municipal,2016-08-18,44,2016-12-22,2017-01-10,9,16,2017-06-09
2016/2017,1780,Karlstad,17,98084,municipal,2016-08-24,44,2016-12-22,2017-01-10,9,16,2017-06-16
2016/2017,1782,Filipstad,17,9776,municipal,2016-08-17,44,2016-12-22,2017-01-10,9,16,2017-06-09
2016/2017,1784,Arvika,17,25547,municipal,2016-08-16,44,2016-12-22,2017-01-10,9,16,2017-06-09
2016/2017,1860,Laxå,18,5423,municipal,2016-08-22,44,2016-12-22,2017-01-11,8,15,2017-06-15
2016/2017,1861,Hallsberg,18,16120,municipal,2016-08-22,44,2016-12-22,2017-01-11,8,15,2017-06-15
2016/2017,1880,Örebro,18,160140,municipal,2016-08-17,44,2016-12-21,2017-01-10,8,15,2017-06-13
2016/2017,1882,Askersund,18,11477,municipal,2016-08-18,44,2016-12-21,2017-01-10,8,15,2017-06-13
2016/2017,1883,Karlskoga,18,30180,municipal,2016-08-17,44,2016-12-21,2017-01-09,8,15,
2016/2017,1885,Lindesberg,18,23141,municipal,2016-08-18,44,2016-12-21,2017-01-10,8,16,2017-06-16
2016/2017,1907,Surahammar,19,9845,municipal,2016-08-17,44,2016-12-22,2017-01-11,9,15,2017-06-13
2016/2017,1960,Kungsör,19,8694,municipal,2016-08-22,44,2016-12-22,2017-01-10,9,15,2017-06-15
2016/2017,1962,Norberg,19,5452,municipal,2016-08-18,44,2016-12-21,2017-01-11,9,15,2017-06-14
2016/2017,1980,Västerås,19,160634,municipal,2016-08-17,44,2016-12-22,2017-01-11,9,15,2017-06-13
2016/2017,1981,Sala,19,22843,municipal,2016-08-22,44,2016-12-22,2017-01-17,9,15,2017-06-17
2016/2017,1982,Fagersta,19,13072,municipal,2016-08-18,44,2016-12-21,2017-01-11,9,15,2017-06-14
2016/2017,1983,Köping,19,25729,municipal,2016-08-23,44,2016-12-22,2017-01-10,9,15,2017-06-15
2016/2017,1984,Arboga,19,13980,municipal,2016-08-22,44,2016-12-22,2017-01-10,9,15,2017-06-09
2016/2017,2023,Malung-Sälen,20,10254,municipal,2016-08-17,44,2016-12-21,2017-01-10,9,16,2017-06-14
2016/2017,2026,Gagnef,20,10384,municipal,2016-08-22,44,2016-12-22,2017-01-10,9,16,2017-06-14
2016/2017,2029,Leksand,20,16137,municipal,2016-08-22,44,2016-12-22,2017-01-09,9,16,2017-06-16
2016/2017,2031,Rättvik,20,10998,municipal,2016-08-16,44,2016-12-21,2017-01-10,9,16,2017-06-09
2016/2017,2034,Orsa,20,6851,municipal,2016-08-23,44,2016-12-22,2017-01-11,9,16,2017-06-16
2016/2017,2039,Älvdalen,20,6882,municipal,2016-08-22,44,2016-12-22,2017-01-11,9,16,2017-06-13
2016/2017,2061,Smedjebacken,20,10823,municipal,2016-08-17,44,2016-12-21,2017-01-11,9,16,2017-06-14
2016/2017,2062,Mora,20,20540,municipal,2016-08-16,44,2016-12-22,2017-01-11,9,16,2017-06-09
2016/2017,2080,Falun,20,59945,municipal,2016-08-22,44,2016-12-21,2017-01-10,9,16,2017-06-16
2016/2017,2082,Säter,20,11223,municipal,2016-08-18,44,2016-12-21,2017-01-11,9,16,2017-06-13
2016/2017,2083,Hedemora,20,15281,municipal,2016-08-22,44,2016-12-20,2017-01-10,9,16,2017-06-16
2016/2017,2084,Avesta,20,22417,municipal,2016-08-10,44,2016-12-22,2017-01-09,9,16,2017-06-16
2016/2017,2085,Ludvika,20,26634,municipal,2016-08-17,44,2016-12-21,2017-01-11,9,16,2017-06-14
2016/2017,2104,Hofors,21,9281,municipal,2016-08-18,44,2016-12-21,2017-01-11,9,15,2017-06-14
2016/2017,2121,Ovanåker,21,11341,municipal,2016-08-22,44,2016-12-22,2017-01-11,10,16,2017-06-13
2016/2017,2161,Ljusdal,21,18445,municipal,,44,2016-12-21,2017-01-10,10,16,
2016/2017,2180,Gävle,21,103838,municipal,2016-08-22,44,2016-12-22,2017-01-09,9,15,2017-06-14
2016/2017,2181,Sandviken,21,38360,municipal,2016-08-22,44,2016-12-22,2017-01-09,9,15,2017-06-14
2016/2017,2182,Söderhamn,21,24545,municipal,2016-08-22,44,2016-12-22,2017-01-11,10,16,2017-06-14
2016/2017,2183,Bollnäs,21,26243,municipal,2016-08-22,44,2016-12-22,2017-01-11,10,16,2017-06-14
2016/2017,2184,Hudiksvall,21,37528,municipal,2016-08-22,44,2016-12-22,2017-01-10,10,16,2017-06-16
2016/2017,2260,Ånge,22,9044,municipal,2016-08-23,44,2016-12-20,2017-01-10,10,16,2017-06-15
2016/2017,2262,Timrå,22,17521,municipal,2016-08-24,44,2016-12-22,2017-01-09,10,16,2017-06-14
2016/2017,2280,Härnösand,22,24515,municipal,2016-08-24,44,2016-12-21,2017-01-09,10,16,2017-06-16
2016/2017,2281,Sundsvall,22,99048,municipal,2016-08-24,44,2016-12-22,2017-01-09,10,16,2017-06-15
2016/2017,2282,Kramfors,22,17491,municipal,2016-08-24,44,2016-12-22,2017-01-10,10,16,2017-06-15
2016/2017,2283,Sollefteå,22,18396,municipal,2016-08-22,44,2016-12-22,2017-01-09,10,16,2017-06-14
2016/2017,2284,Örnsköldsvik,22,55443,municipal,2016-08-18,44,2016-12-22,2017-01-10,10,16,2017-06-09
2016/2017,2303,Ragunda,23,5146,municipal,2016-08-25,44,2016-12-21,2017-01-10,10,16,2017-06-16
2016/2017,2305,Bräcke,23,6035,municipal,2016-08-25,44,2016-12-21,2017-01-10,10,16,2017-06-16
2016/2017,2309,Krokom,23,15680,municipal,2016-08-25,44,2016-12-21,2017-01-10,10,16,2017-06-16
2016/2017,2313,Strömsund,23,11023,municipal,2016-08-25,44,2016-12-21,2017-01-09,10,16,2017-06-16
2016/2017,2326,Berg,23,7108,municipal,2016-08-25,44,2016-12-21,2017-01-10,10,16,2017-06-16
2016/2017,2361,Härjedalen,23,10175,municipal,2016-08-25,44,2016-12-21,2017-01-10,10,16,2017-06-16
2016/2017,2380,Östersund,23,64979,municipal,2016-08-25,44,2016-12-21,2017-01-10,10,16,2017-06-16
2016/2017,2401,Nordmaling,24,6942,municipal,2016-08-19,44,2016-12-22,2017-01-10,10,16,2017-06-09
2016/2017,2403,Bjurholm,24,2359,municipal,2016-08-22,44,2016-12-22,2017-01-11,10,16,2017-06-15
2016/2017,2409,Robertsfors,24,6690,municipal,2016-08-22,44,2016-12-22,2017-01-10,10,16,2017-06-14
2016/2017,2418,Malå,24,2962,municipal,2016-08-23,44,2016-12-22,2017-01-11,10,16,2017-06-16
2016/2017,2421,Storuman,24,5577,municipal,2016-08-23,44,2016-12-22,2017-01-11,10,16,2017-06-16
2016/2017,2425,Dorotea,24,2294,municipal,2016-08-22,44,2016-12-22,2017-01-10,10,16,2017-06-09
2016/2017,2460,Vännäs,24,9132,municipal,2016-08-22,44,2016-12-22,2017-01-12,10,16,2017-06-14
2016/2017,2463,Åsele,24,2694,municipal,2016-08-24,44,2016-12-22,2017-01-11,10,16,2017-06-14
2016/2017,2480,Umeå,24,134249,municipal,2016-08-22,44,2016-12-22,2017-01-10,10,16,2017-06-14
2016/2017,2481,Lycksele,24,12118,municipal,2016-08-22,44,2016-12-22,2017-01-09,10,16,2017-06-09
2016/2017,2482,Skellefteå,24,78150,municipal,2016-08-22,44,2016-12-22,2017-01-11,10,16,2017-06-16
2016/2017,2505,Arvidsjaur,25,6089,municipal,2016-08-22,44,2016-12-22,2017-01-09,10,15,2017-06-09
2016/2017,2506,Arjeplog,25,2599,municipal,2016-08-22,44,2016-12-21,2017-01-11,10,15,2017-06-16
2016/2017,2514,Kalix,25,15391,municipal,2016-08-22,44,2016-12-22,2017-01-10,10,16,2017-06-09
2016/2017,2518,Övertorneå,25,4057,municipal,2016-08-18,44,,2017-01-10,10,16,2017-06-09
2016/2017,2560,Älvsbyn,25,7774,municipal,2016-08-24,44,2016-12-22,2017-01-10,10,16,2017-06-16
2016/2017,2580,Luleå,25,79645,municipal,2016-08-24,44,2016-12-22,2017-01-10,10,16,2017-06-16
2016/2017,2581,Piteå,25,42447,municipal,2016-08-24,44,2016-12-22,2017-01-10,10,16,2017-06-16
2016/2017,2582,Boden,25,28049,municipal,2016-08-24,44,2016-12-22,2017-01-10,10,16,2017-06-16
2016/2017,2583,Haparanda,25,9151,municipal,2016-08-24,44,2016-12-21,2017-01-10,10,16,2017-06-16
2016/2017,2584,Kiruna,25,22426,municipal,2016-08-22,44,2016-12-22,2017-01-11,10,15,2017-06-13
2016/2017,01,Stockholm (county summary),01,,county_summary,2016-08-11,44,2016-12-20,2017-01-08,9,15+16,2017-06-08
2016/2017,03,Uppsala (county summary),03,,county_summary,2016-08-17,44,2016-12-21,2017-01-10,8,15,2017-06-09
2016/2017,04,Södermanland (county summary),04,,county_summary,2016-08-15,44,2016-12-19,2017-01-09,8,15,2017-06-09
2016/2017,05,Östergötland (county summary),05,,county_summary,2016-08-16,44,2016-12-20,2017-01-09,8,15,2017-06-14
2016/2017,06,Jönköping (county summary),06,,county_summary,2016-08-17,44,2016-12-20,2017-01-09,7,15,2017-06-13
2016/2017,07,Kronoberg (county summary),07,,county_summary,2016-08-17,44,2016-12-21,2017-01-09,8,15,2017-06-09
2016/2017,08,Kalmar (county summary),08,,county_summary,2016-08-22,44,2016-12-22,2017-01-09,8,16,2017-06-09
2016/2017,09,Gotland (county summary),09,,county_summary,2016-08-22,44,2016-12-21,2017-01-09,9,15,2017-06-16
2016/2017,10,Blekinge (county summary),10,,county_summary,2016-08-09,44,2016-12-21,2017-01-09,8,15+16,2017-06-09
2016/2017,12,Skåne (county summary),12,,county_summary,2016-08-08,44,2016-12-20,2017-01-09,8,15+16,2017-06-09
2016/2017,13,Halland (county summary),13,,county_summary,2016-08-17,44,2016-12-21,2017-01-09,7+8,15,2017-06-16
2016/2017,14,Västra Götaland (county summary),14,,county_summary,2016-08-15,44,2016-12-20,2017-01-09,7+8+9,15+16,2017-06-13
2016/2017,17,Värmland (county summary),17,,county_summary,2016-08-16,44,2016-12-21,2017-01-10,9,16,2017-06-08
2016/2017,18,Örebro (county summary),18,,county_summary,2016-08-15,44,2016-12-21,2017-01-09,8,15+16,2017-06-09
2016/2017,19,Västmanland (county summary),19,,county_summary,2016-08-17,44,2016-12-21,2017-01-10,9,15,2017-06-09
2016/2017,20,Dalarna (county summary),20,,county_summary,2016-08-10,44,2016-12-21,2017-01-09,9,16,2017-06-09
2016/2017,21,Gävleborg (county summary),21,,county_summary,2016-08-18,44,2016-12-21,2017-01-09,9+10,15+16,2017-06-08
2016/2017,22,Västernorrland (county summary),22,,county_summary,2016-08-18,44,2016-12-20,2017-01-09,10,16,2017-06-09
2016/2017,23,Jämtland (county summary),23,,county_summary,2016-08-25,44,2016-12-21,2017-01-09,10,16,2017-06-16
2016/2017,24,Västerbotten (county summary),24,,county_summary,2016-08-19,44,2016-12-22,2017-01-09,8+9+10,16,2017-06-09
2016/2017,25,Norrbotten (county summary),25,,county_summary,2016-08-18,44,2016-12-21,2017-01-09,9+10,15+16,2017-06-09
2017/2018,0114,Upplands Väsby,01,50323,municipal,2017-08-21,44,2017-12-20,2018-01-08,9,14,2018-06-13
2017/2018,0115,Vallentuna,01,35119,municipal,2017-08-22,44,2017-12-21,2018-01-09,9,14,2018-06-13
2017/2018,0117,Österåker,01,49787,municipal,2017-08-21,44,2017-12-21,2018-01-10,9,14,2018-06-13
2017/2018,0120,Värmdö,01,46635,municipal,2017-08-22,44,2017-12-22,2018-01-08,9,14,2018-06-13
2017/2018,0123,Järfälla,01,88950,municipal,2017-08-24,44,2017-12-21,2018-01-08,9,14,2018-06-15
2017/2018,0125,Ekerö,01,28910,municipal,2017-08-17,44,2017-12-21,2018-01-10,9,14,2018-06-08
2017/2018,0126,Huddinge,01,114304,municipal,2017-08-21,44,2017-12-21,2018-01-08,9,14,2018-06-12
2017/2018,0127,Botkyrka,01,95905,municipal,2017-08-21,44,2017-12-21,2018-01-09,9,14,2018-06-13
2017/2018,0128,Salem,01,17507,municipal,2017-08-21,44,2017-12-22,2018-01-08,9,14,2018-06-08
2017/2018,0136,Haninge,01,100895,municipal,2017-08-21,44,2017-12-21,2018-01-09,9,14,2018-06-13
2017/2018,0138,Tyresö,01,49179,municipal,2017-08-21,44,2017-12-21,2018-01-08,9,14,2018-06-13
2017/2018,0139,Upplands-Bro,01,32868,municipal,2017-08-23,44,2017-12-22,2018-01-08,9,14,2018-06-14
2017/2018,0140,Nykvarn,01,12342,municipal,2017-08-22,44,2017-12-20,2018-01-09,9,14,2018-06-14
2017/2018,0160,Täby,01,77744,municipal,2017-08-21,44,2017-12-21,2018-01-09,9,14,2018-06-14
2017/2018,0162,Danderyd,01,32425,municipal,2017-08-21,44,2017-12-21,2018-01-09,9,14,2018-06-15
2017/2018,0163,Sollentuna,01,77624,municipal,2017-08-21,44,2017-12-22,2018-01-08,9,14,2018-06-12
2017/2018,0180,Stockholm,01,995574,municipal,2017-08-16,44,2017-12-22,2018-01-10,9,14,2018-06-12
2017/2018,0181,Södertälje,01,102911,municipal,2017-08-17,44,2017-12-21,2018-01-10,9,14,2018-06-13
2017/2018,0182,Nacka,01,112112,municipal,2017-08-21,44,2017-12-22,2018-01-09,9,14,2018-06-14
2017/2018,0183,Sundbyberg,01,56274,municipal,2017-08-21,44,2017-12-21,2018-01-09,9,14,2018-06-13
2017/2018,0184,Solna,01,85789,municipal,2017-08-21,44,2017-12-22,2018-01-10,9,14,2018-06-13
2017/2018,0186,Lidingö,01,48377,municipal,2017-08-21,44,2017-12-21,2018-01-11,9,14,2018-06-15
2017/2018,0187,Vaxholm,01,11822,municipal,2017-08-22,44,2017-12-21,2018-01-09,9,14,2018-06-15
2017/2018,0188,Norrtälje,01,66585,municipal,2017-08-22,44,2017-12-21,,,,
2017/2018,0191,Sigtuna,01,52767,municipal,2017-08-21,44,2017-12-21,2018-01-09,9,14,2018-06-14
2017/2018,0192,Nynäshamn,01,30579,municipal,2017-08-21,44,2017-12-22,2018-01-10,9,14,2018-06-12
2017/2018,0305,Håbo,03,22973,municipal,2017-08-21,44,2017-12-21,2018-01-09,8,14,2018-06-12
2017/2018,0319,Älvkarleby,03,9552,municipal,2017-08-21,44,2017-12-22,2018-01-09,9,14,2018-06-12
2017/2018,0330,Knivsta,03,21193,municipal,2017-08-21,44,2017-12-21,2018-01-09,8,14,2018-06-12
2017/2018,0331,Heby,03,14345,municipal,2017-08-21,44,2017-12-21,2018-01-09,8,14,2018-06-12
2017/2018,0360,Tierp,03,21104,municipal,2017-08-21,44,2017-12-21,2018-01-09,8,14,2018-06-12
2017/2018,0380,Uppsala,03,248016,municipal,2017-08-21,44,2017-12-21,2018-01-09,8,14,2018-06-12
2017/2018,0381,Enköping,03,48591,municipal,2017-08-21,44,2017-12-21,2018-01-09,8,14,2018-06-12
2017/2018,0382,Östhammar,03,22138,municipal,2017-08-21,44,2017-12-21,2018-01-09,8,14,2018-06-12
2017/2018,0428,Vingåker,04,8750,municipal,2017-08-21,44,2017-12-20,2018-01-08,8,14,2018-06-15
2017/2018,0461,Gnesta,04,11458,municipal,2017-08-23,44,2017-12-21,2018-01-09,8,14,2018-06-15
2017/2018,0480,Nyköping,04,58344,municipal,2017-08-21,44,2017-12-21,2018-01-09,8,14,2018-06-15
2017/2018,0481,Oxelösund,04,12031,municipal,2017-08-21,44,2017-12-21,2018-01-10,8,14,2018-06-11
2017/2018,0482,Flen,04,15362,municipal,2017-08-22,44,2017-12-20,2018-01-10,8,14,2018-06-15
2017/2018,0483,Katrineholm,04,34154,municipal,2017-08-21,44,2017-12-21,2018-01-08,8,14,2018-06-15
2017/2018,0484,Eskilstuna,04,107203,municipal,2017-08-21,44,2017-12-22,2018-01-09,8,14,2018-06-15
2017/2018,0486,Strängnäs,04,39313,municipal,2017-08-22,44,2017-12-21,2018-01-09,8,14,2018-06-15
2017/2018,0488,Trosa,04,14927,municipal,2017-08-21,44,2017-12-22,2018-01-09,8,14,2018-06-08
2017/2018,0509,Ödeshög,05,5237,municipal,2017-08-21,44,2017-12-21,2018-01-09,8,14,2018-06-14
2017/2018,0513,Kinda,05,9957,municipal,2017-08-16,44,2017-12-22,2018-01-09,8,14,2018-06-20
2017/2018,0560,Boxholm,05,5517,municipal,2017-08-21,44,2017-12-22,2018-01-08,8,14,2018-06-14
2017/2018,0561,Åtvidaberg,05,11467,municipal,2017-08-22,44,2017-12-22,2018-01-09,8,14,2018-06-15
2017/2018,0562,Finspång,05,21623,municipal,2017-08-21,44,2017-12-21,2018-01-09,8,14,2018-06-15
2017/2018,0563,Valdemarsvik,05,7525,municipal,2017-08-21,44,2017-12-22,2018-01-09,8,14,2018-06-14
2017/2018,0580,Linköping,05,168035,municipal,2017-08-17,44,2017-12-21,2018-01-08,8,14,2018-06-14
2017/2018,0581,Norrköping,05,144980,municipal,2017-08-21,44,2017-12-22,2018-01-08,8,14,2018-06-14
2017/2018,0582,Söderköping,05,14789,municipal,2017-08-21,44,2017-12-22,2018-01-08,8,14,2018-06-15
2017/2018,0583,Motala,05,43505,municipal,2017-08-21,44,2017-12-22,2018-01-08,8,14,2018-06-13
2017/2018,0584,Vadstena,05,7490,municipal,2017-08-22,44,2017-12-22,2018-01-08,8,14,2018-06-14
2017/2018,0586,Mjölby,05,28695,municipal,2017-08-21,44,2017-12-21,2018-01-08,8,14,2018-06-15
2017/2018,0604,Aneby,06,6797,municipal,2017-08-17,44,2017-12-21,2018-01-09,7,14,2018-06-14
2017/2018,0617,Gnosjö,06,9131,municipal,2017-08-21,44,2017-12-22,2018-01-09,7,14,2018-06-14
2017/2018,0642,Mullsjö,06,7594,municipal,2017-08-21,44,2017-12-22,2018-01-10,7,14,2018-06-15
2017/2018,0643,Habo,06,13456,municipal,2017-08-21,44,2017-12-21,2018-01-09,7,14,2018-06-15
2017/2018,0662,Gislaved,06,28936,municipal,2017-08-16,44,2017-12-21,2018-01-11,7,14,2018-06-14
2017/2018,0665,Vaggeryd,06,14825,municipal,2017-08-22,44,2017-12-21,2018-01-09,7,14,2018-06-15
2017/2018,0680,Jönköping,06,147654,municipal,2017-08-21,,2017-12-21,2018-01-08,,,2018-06-15
2017/2018,0682,Nässjö,06,31587,municipal,2017-08-21,44,2017-12-22,2018-01-09,7,14,2018-06-15
2017/2018,0684,Sävsjö,06,11563,municipal,2017-08-17,44,2017-12-19,2018-01-08,7,14,2018-06-15
2017/2018,0685,Vetlanda,06,27528,municipal,2017-08-23,44,2017-12-22,2018-01-10,7,14,2018-06-15
2017/2018,0686,Eksjö,06,17792,municipal,2017-08-21,44,2017-12-22,2018-01-09,7,14,2018-06-15
2017/2018,0687,Tranås,06,18604,municipal,2017-08-22,44,2017-12-21,2018-01-09,7,14,2018-06-14
2017/2018,0760,Uppvidinge,07,9061,municipal,2017-08-21,44,2017-12-21,2018-01-08,8,13,2018-06-14
2017/2018,0761,Lessebo,07,8289,municipal,2017-08-21,44,2017-12-21,2018-01-09,8,13,2018-06-15
2017/2018,0763,Tingsryd,07,11966,municipal,2017-08-21,44,2017-12-20,2018-01-09,8,13,2018-06-15
2017/2018,0764,Alvesta,07,19830,municipal,2017-08-21,44,2017-12-21,2018-01-09,8,13,2018-06-15
2017/2018,0765,Älmhult,07,17653,municipal,2017-08-21,44,2017-12-21,2018-01-09,8,13,2018-06-15
2017/2018,0767,Markaryd,07,9938,municipal,2017-08-22,44,2017-12-22,2018-01-09,8,13,2018-06-15
2017/2018,0780,Växjö,07,98334,municipal,2017-08-21,44,2017-12-21,2018-01-08,8,13,2018-06-15
2017/2018,0781,Ljungby,07,28280,municipal,2017-08-21,44,2017-12-21,2018-01-08,8,13,2018-06-14
2017/2018,0821,Högsby,08,5321,municipal,2017-08-21,44,2017-12-21,2018-01-08,8,14,2018-06-15
2017/2018,0834,Torsås,08,6984,municipal,2017-08-21,44,2017-12-21,2018-01-08,8,14,2018-06-15
2017/2018,0840,Mörbylånga,08,16224,municipal,2017-08-21,44,2017-12-21,2018-01-08,8,14,2018-06-15
2017/2018,0860,Hultsfred,08,13673,municipal,2017-08-21,44,2017-12-22,2018-01-08,8,14,2018-06-15
2017/2018,0861,Mönsterås,08,13069,municipal,2017-08-21,44,2017-12-21,2018-01-08,8,14,2018-06-15
2017/2018,0862,Emmaboda,08,9006,municipal,2017-08-21,44,2017-12-21,2018-01-09,8,14,2018-06-15
2017/2018,0880,Kalmar,08,72704,municipal,2017-08-21,44,2017-12-21,2018-01-09,8,14,2018-06-15
2017/2018,0881,Nybro,08,19951,municipal,2017-08-21,44,2017-12-21,2018-01-09,8,14,2018-06-15
2017/2018,0882,Oskarshamn,08,26923,municipal,2017-08-21,44,2017-12-21,2018-01-08,8,14,2018-06-15
2017/2018,0883,Västervik,08,36447,municipal,2017-08-21,44,2017-12-21,2018-01-08,8,14,2018-06-15
2017/2018,0884,Vimmerby,08,15384,municipal,2017-08-21,44,2017-12-21,2018-01-08,8,14,2018-06-15
2017/2018,0885,Borgholm,08,10666,municipal,2017-08-21,44,2017-12-21,2018-01-09,8,14,2018-06-15
2017/2018,0980,Gotland,09,60971,municipal,2017-08-21,44,2017-12-21,2018-01-08,9,14,2018-06-14
2017/2018,1060,Olofström,10,13000,municipal,2017-08-22,44,2017-12-22,2018-01-10,8,13,2018-06-15
2017/2018,1080,Karlskrona,10,66301,municipal,2017-08-23,44,2017-12-21,2018-01-09,8,14,2018-06-15
2017/2018,1082,Karlshamn,10,31751,municipal,2017-08-22,44,2017-12-22,2018-01-10,8,13,2018-06-15
2017/2018,1083,Sölvesborg,10,17430,municipal,2017-08-17,44,2017-12-21,2018-01-10,8,14,2018-06-13
2017/2018,1214,Svalöv,12,14543,municipal,2017-08-16,44,2017-12-21,2018-01-09,8,13,2018-06-08
2017/2018,1230,Staffanstorp,12,27303,municipal,2017-08-16,44,2017-12-20,2018-01-10,8,13,2018-06-13
2017/2018,1231,Burlöv,12,20101,municipal,2017-08-16,44,2017-12-21,2018-01-10,8,13,2018-06-15
2017/2018,1233,Vellinge,12,37816,municipal,2017-08-23,44,2017-12-21,2018-01-09,8,13,2018-06-15
2017/2018,1256,Östra Göinge,12,13978,municipal,2017-08-22,44,2017-12-22,2017-01-09,8,14,2018-06-15
2017/2018,1260,Bjuv,12,15985,municipal,2017-08-14,44,2017-12-21,2018-01-09,8,13,2018-06-12
2017/2018,1261,Kävlinge,12,32477,municipal,2017-08-16,44,2017-12-21,2018-01-10,8,13,2018-06-12
2017/2018,1262,Lomma,12,24715,municipal,2017-08-21,44,2017-12-22,2018-01-09,8,13,2018-06-13
2017/2018,1263,Svedala,12,23581,municipal,2017-08-17,44,2017-12-20,2018-01-11,8,13,2018-06-15
2017/2018,1264,Skurup,12,17099,municipal,2017-08-22,44,2017-12-22,2018-01-09,8,13,2018-06-15
2017/2018,1265,Sjöbo,12,19337,municipal,2017-08-17,44,2017-12-20,2018-01-10,8,13,2018-06-15
2017/2018,1266,Hörby,12,15562,municipal,2017-08-16,44,2017-12-21,2018-01-09,8,13,2018-06-08
2017/2018,1267,Höör,12,17518,municipal,2017-08-17,44,2017-12-20,2018-01-10,8,13,2018-06-13
2017/2018,1270,Tomelilla,12,13639,municipal,2017-08-17,44,2017-12-20,2018-01-10,8,13,2018-06-13
2017/2018,1272,Bromölla,12,12470,municipal,2017-08-17,44,2017-12-21,2018-01-10,8,14,2018-06-13
2017/2018,1273,Osby,12,12947,municipal,2017-08-22,44,2017-12-22,2018-01-10,8,14,2018-06-15
2017/2018,1275,Perstorp,12,7235,municipal,2017-08-16,44,2017-12-21,2018-01-09,8,13,2018-06-08
2017/2018,1276,Klippan,12,17714,municipal,2017-08-16,44,2017-12-21,2018-01-09,8,15,2018-06-08
2017/2018,1277,Åstorp,12,16449,municipal,2017-08-21,44,2017-12-21,2018-01-09,8,13,
2017/2018,1278,Båstad,12,16026,municipal,2017-08-16,44,2017-12-20,2018-01-10,8,13,2018-06-13
2017/2018,1280,Malmö,12,365644,municipal,2017-08-16,44,2017-12-22,2018-01-10,8,13,2018-06-15
2017/2018,1281,Lund,12,131590,municipal,2017-08-17,44,2017-12-19,2018-01-08,8,13,2018-06-15
2017/2018,1282,Landskrona,12,47309,municipal,2017-08-17,44,2017-12-22,2018-01-11,8,15,2018-06-13
2017/2018,1283,Helsingborg,12,152091,municipal,2017-08-14,44,2017-12-21,2018-01-09,8,13,2018-06-12
2017/2018,1284,Höganäs,12,28430,municipal,2017-08-17,44,2017-12-22,2018-01-10,8,13,2018-06-13
2017/2018,1285,Eslöv,12,34922,municipal,2017-08-17,44,2017-12-21,2018-01-11,8,13,2018-06-15
2017/2018,1287,Trelleborg,12,47269,municipal,2017-08-21,44,2017-12-21,2018-01-09,8,13,2018-06-15
2017/2018,1290,Kristianstad,12,86379,municipal,2017-08-22,44,2017-12-22,2018-01-09,8,14,2018-06-15
2017/2018,1291,Simrishamn,12,18890,municipal,2017-08-21,44,2017-12-21,2018-01-10,8,13,2018-06-15
2017/2018,1292,Ängelholm,12,45110,municipal,2017-08-16,44,2017-12-21,2018-01-10,8,13,2018-06-12
2017/2018,1293,Hässleholm,12,52114,municipal,2017-08-17,44,2017-12-21,2018-01-09,8,13,2018-06-12
2017/2018,1315,Hylte,13,10196,municipal,2017-08-16,44,2017-12-21,2018-01-10,8,14,2018-06-15
2017/2018,1380,Halmstad,13,106084,municipal,2017-08-21,44,2017-12-21,2018-01-09,8,14,2018-06-15
2017/2018,1381,Laholm,13,26595,municipal,2017-08-17,44,2017-12-21,2018-01-09,8,14,2018-06-14
2017/2018,1382,Falkenberg,13,47337,municipal,2017-08-15,44,2017-12-19,2018-01-10,8,14,2018-06-12
2017/2018,1383,Varberg,13,69070,municipal,2017-08-21,44,2017-12-22,2018-01-10,8,14,2018-06-15
2017/2018,1384,Kungsbacka,13,85792,municipal,2017-08-21,44,2017-12-21,2018-01-09,7,14,2018-06-15
2017/2018,1401,Härryda,14,40003,municipal,2017-08-21,44,2017-12-21,2018-01-08,7,14,2018-06-15
2017/2018,1402,Partille,14,41060,municipal,2017-08-23,44,2017-12-22,2018-01-08,7,14,2018-06-13
2017/2018,1415,Stenungsund,14,27851,municipal,2017-08-21,44,2017-12-21,2018-01-08,7,14,2018-06-12
2017/2018,1419,Tjörn,14,16092,municipal,2017-08-21,44,2017-12-21,2018-01-09,7,14,2018-06-13
2017/2018,1421,Orust,14,15352,municipal,2017-08-21,44,2017-12-21,2018-01-10,8,14,2018-06-14
2017/2018,1427,Sotenäs,14,9104,municipal,2017-08-21,44,2017-12-21,2018-01-10,8,14,2018-06-14
2017/2018,1430,Munkedal,14,10354,municipal,2017-08-21,44,2017-12-21,2018-01-08,8,14,2018-06-14
2017/2018,1435,Tanum,14,12773,municipal,2017-08-21,44,2017-12-21,2018-01-10,8,14,2018-06-14
2017/2018,1438,Dals-Ed,14,4606,municipal,2017-08-21,44,2017-12-21,2018-01-10,8,14,2018-06-15
2017/2018,1439,Färgelanda,14,6376,municipal,2017-08-21,44,2017-12-21,2018-01-10,8,14,2018-06-13
2017/2018,1440,Ale,14,32576,municipal,2017-08-21,44,2017-12-21,2018-01-10,7,14,2018-06-14
2017/2018,1441,Lerum,14,43570,municipal,2017-08-21,44,2017-12-21,2017-01-09,7,14,
2017/2018,1442,Vårgårda,14,12474,municipal,2017-08-21,45,2017-12-21,2018-01-09,7,14,2018-06-15
2017/2018,1443,Bollebygd,14,9802,municipal,2017-08-21,44,2017-12-20,2018-01-09,7,14,2018-06-15
2017/2018,1444,Grästorp,14,5555,municipal,2017-08-24,44,2017-12-22,2018-01-10,7,13,2018-06-15
2017/2018,1445,Essunga,14,5560,municipal,2017-08-22,44,2017-12-21,2018-01-10,7,14,2018-06-15
2017/2018,1446,Karlsborg,14,7023,municipal,2017-08-21,44,2017-12-21,2018-01-10,7,15,2018-06-15
2017/2018,1452,Tranemo,14,11839,municipal,2017-08-21,44,2017-12-20,2018-01-10,7,14,2018-06-15
2017/2018,1460,Bengtsfors,14,9076,municipal,2017-08-16,44,2017-12-21,2018-01-09,9,14,2018-06-08
2017/2018,1461,Mellerud,14,9052,municipal,2017-08-21,44,2017-12-21,2018-01-08,8,13,2018-06-20
2017/2018,1462,Lilla Edet,14,14442,municipal,2017-08-22,44,2017-12-21,2018-01-09,7,14,2018-06-14
2017/2018,1463,Mark,14,35155,municipal,2017-08-22,44,2017-12-21,2018-01-09,7,14,2018-06-14
2017/2018,1465,Svenljunga,14,10747,municipal,2017-08-21,44,2017-12-20,2018-01-09,7,14,2018-06-15
2017/2018,1466,Herrljunga,14,9497,municipal,2017-08-21,44,2017-12-20,2018-01-09,7,14,2018-06-15
2017/2018,1470,Vara,14,16088,municipal,2017-08-21,44,2017-12-19,2018-01-10,7,14,2018-06-15
2017/2018,1471,Götene,14,13286,municipal,2017-08-22,44,2017-12-21,2018-01-09,7,13,2018-06-15
2017/2018,1472,Tibro,14,11338,municipal,2017-08-21,44,2017-12-21,2018-01-08,7,13,2018-06-15
2017/2018,1473,Töreboda,14,9043,municipal,2017-08-24,44,2017-12-22,2018-01-10,7,13,2018-06-14
2017/2018,1480,Göteborg,14,608993,municipal,2017-08-17,44,2017-12-21,2018-01-09,7,14,2018-06-14
2017/2018,1481,Mölndal,14,71420,municipal,2017-08-21,44,2017-12-20,2018-01-09,7,14,2018-06-13
2017/2018,1482,Kungälv,14,50313,municipal,2017-08-21,44,2017-12-22,2018-01-09,7,14,2018-06-12
2017/2018,1484,Lysekil,14,13907,municipal,2017-08-21,44,2017-12-22,2018-01-10,8,14,2018-06-14
2017/2018,1485,Uddevalla,14,57010,municipal,2017-08-21,44,2017-12-21,2018-01-08,8,14,2018-06-14
2017/2018,1486,Strömstad,14,13482,municipal,2017-08-21,44,2017-12-21,2018-01-10,8,14,2018-06-15
2017/2018,1487,Vänersborg,14,40041,municipal,2017-08-23,44,2017-12-21,2018-01-09,8,14,2018-06-15
2017/2018,1488,Trollhättan,14,59003,municipal,2017-08-21,44,2017-12-21,2018-01-08,8,14,2018-06-14
2017/2018,1489,Alingsås,14,42722,municipal,2017-08-21,44,2017-12-20,2018-01-09,7,14,2018-06-15
2017/2018,1490,Borås,14,114872,municipal,2017-08-21,44,2017-12-20,2018-01-09,7,14,2018-06-15
2017/2018,1491,Ulricehamn,14,24985,municipal,2017-08-21,44,2017-12-21,2018-01-09,7,14,2018-06-15
2017/2018,1492,Åmål,14,11906,municipal,2017-08-22,44,2017-12-22,2018-01-10,9,14,2018-06-15
2017/2018,1493,Mariestad,14,24583,municipal,2017-08-24,44,2017-12-22,2018-01-10,7,13,2018-06-15
2017/2018,1494,Lidköping,14,40425,municipal,2017-08-21,44,2017-12-21,2018-01-10,7,13,
2017/2018,1495,Skara,14,18707,municipal,2017-08-21,44,2017-12-20,2018-01-09,7,13,2018-06-15
2017/2018,1496,Skövde,14,57995,municipal,2017-08-21,44,2017-12-21,2018-01-09,7,14,2018-06-14
2017/2018,1497,Hjo,14,9350,municipal,2017-08-22,44,2017-12-22,2018-01-09,7,13,2018-06-14
2017/2018,1498,Tidaholm,14,12805,municipal,2017-08-21,44,2017-12-21,2018-01-08,7,13,2018-06-14
2017/2018,1499,Falköping,14,32806,municipal,2017-08-21,44,2017-12-21,2018-01-10,7,13,2018-06-15
2017/2018,1715,Kil,17,12061,municipal,2017-08-17,44,2017-12-22,2018-01-09,9,14,2018-06-08
2017/2018,1730,Eda,17,8412,municipal,2017-08-22,44,2017-12-22,2018-01-10,9,14,2018-06-15
2017/2018,1737,Torsby,17,11321,municipal,2017-08-16,44,2017-12-22,2018-01-09,9,14,2018-06-07
2017/2018,1760,Storfors,17,3788,municipal,2017-08-15,44,2017-12-22,2018-01-10,9,14,2018-06-08
2017/2018,1761,Hammarö,17,16992,municipal,2017-08-17,44,2017-12-22,2018-01-09,9,14,2018-06-08
2017/2018,1762,Munkfors,17,3625,municipal,2017-08-21,44,2017-12-22,2018-01-09,9,14,2018-06-08
2017/2018,1763,Forshaga,17,11520,municipal,2017-08-17,44,2017-12-21,2018-01-09,9,16,2018-06-08
2017/2018,1764,Grums,17,9004,municipal,2017-08-17,44,2017-12-21,2018-01-09,9,14,2018-06-08
2017/2018,1765,Årjäng,17,9825,municipal,2017-08-21,44,2017-12-20,2018-01-10,9,14,2018-06-14
2017/2018,1766,Sunne,17,13356,municipal,2017-08-15,44,2017-12-22,2018-01-09,9,14,2018-06-08
2017/2018,1780,Karlstad,17,98084,municipal,2017-08-17,44,2017-12-22,2018-01-09,9,14,2018-06-08
2017/2018,1781,Kristinehamn,17,23756,municipal,2017-08-15,44,2017-12-21,2018-01-09,9,14,2018-06-08
2017/2018,1782,Filipstad,17,9776,municipal,2017-08-16,44,2017-12-21,2018-01-09,9,14,2018-06-08
2017/2018,1783,Hagfors,17,11418,municipal,2017-08-14,44,2017-12-22,2018-01-09,9,14,2018-06-08
2017/2018,1784,Arvika,17,25547,municipal,2017-08-21,44,2017-12-22,2018-01-08,9,14,2018-06-08
2017/2018,1785,Säffle,17,14899,municipal,2017-08-22,44,2017-12-22,2018-01-10,9,14,2018-06-15
2017/2018,1814,Lekeberg,18,8606,municipal,2017-08-17,44,2017-12-20,2018-01-09,8,13,2018-06-15
2017/2018,1860,Laxå,18,5423,municipal,2017-08-21,44,2017-12-21,2018-01-10,8,13,2018-06-14
2017/2018,1861,Hallsberg,18,16120,municipal,2017-08-21,44,2017-12-21,2018-01-10,8,13,2018-06-14
2017/2018,1862,Degerfors,18,9278,municipal,2017-08-21,44,2017-12-21,2018-01-09,8,13,2018-06-14
2017/2018,1863,Hällefors,18,6321,municipal,2017-08-16,44,2017-12-21,2018-01-10,8,13,2018-06-14
2017/2018,1864,Ljusnarsberg,18,4369,municipal,2017-08-16,44,2017-12-21,2018-01-09,8,14,2018-06-13
2017/2018,1880,Örebro,18,160140,municipal,2017-08-21,44,2017-12-22,2019-01-09,8,13,2018-06-14
2017/2018,1881,Kumla,18,22681,municipal,2017-08-16,44,2017-12-21,2018-01-10,8,13,2018-06-12
2017/2018,1882,Askersund,18,11477,municipal,2017-08-21,44,2017-12-22,2018-01-10,8,13,2018-06-12
2017/2018,1883,Karlskoga,18,30180,municipal,2017-08-21,44,2017-12-21,2018-01-09,8,13,2018-06-14
2017/2018,1884,Nora,18,10639,municipal,2017-08-17,44,2017-12-20,2018-01-10,8,14,2018-06-13
2017/2018,1885,Lindesberg,18,23141,municipal,2017-08-16,44,2017-12-20,2018-01-09,8,14,2018-06-13
2017/2018,1907,Surahammar,19,9845,municipal,2017-08-16,44,2017-12-21,2018-01-10,9,14,2018-06-12
2017/2018,1960,Kungsör,19,8694,municipal,2017-08-22,44,2017-12-21,2018-01-09,9,14,2018-06-15
2017/2018,1961,Hallstahammar,19,16653,municipal,2017-08-16,44,2017-12-21,2018-01-10,9,14,2018-06-12
2017/2018,1962,Norberg,19,5452,municipal,2017-08-21,44,2017-12-21,2018-01-10,9,14,2018-06-14
2017/2018,1980,Västerås,19,160634,municipal,2017-08-16,44,2017-12-21,2018-01-10,9,14,2018-06-12
2017/2018,1981,Sala,19,22843,municipal,2017-08-22,44,2017-12-21,2018-01-10,9,14,2018-06-15
2017/2018,1982,Fagersta,19,13072,municipal,2017-08-21,44,2017-12-22,2018-01-10,9,14,2018-06-13
2017/2018,1983,Köping,19,25729,municipal,2017-08-22,44,2017-12-21,2018-01-10,9,14,2018-06-15
2017/2018,1984,Arboga,19,13980,municipal,2017-08-22,44,2017-12-21,2018-01-10,9,14,
2017/2018,2021,Vansbro,20,6752,municipal,2017-08-15,44,2017-12-22,2018-01-09,9,14,2018-06-08
2017/2018,2023,Malung-Sälen,20,10254,municipal,2017-08-21,44,2017-12-21,2018-01-09,9,14,2018-06-15
2017/2018,2026,Gagnef,20,10384,municipal,2017-08-21,44,2017-12-22,2018-01-09,9,14,2018-06-12
2017/2018,2029,Leksand,20,16137,municipal,2017-08-17,44,2017-12-22,2018-01-09,9,14,2018-06-08
2017/2018,2031,Rättvik,20,10998,municipal,2017-08-17,44,2017-12-21,2018-01-09,9,14,2018-06-13
2017/2018,2034,Orsa,20,6851,municipal,2017-08-22,44,2017-12-22,2018-01-09,9,14,2018-06-15
2017/2018,2061,Smedjebacken,20,10823,municipal,2017-08-17,44,2017-12-20,2018-01-10,9,14,2018-06-14
2017/2018,2062,Mora,20,20540,municipal,2017-08-23,44,2017-12-22,2018-01-10,9,14,2018-06-14
2017/2018,2080,Falun,20,59945,municipal,2017-08-23,44,2017-12-21,2018-01-09,9,14,2018-06-15
2017/2018,2081,Borlänge,20,51425,municipal,2017-08-21,44,2017-12-22,2018-01-09,9,14,2018-06-08
2017/2018,2082,Säter,20,11223,municipal,2017-08-21,44,2017-12-21,2018-01-10,9,14,2018-06-13
2017/2018,2084,Avesta,20,22417,municipal,2017-08-22,44,2017-12-22,2018-01-09,9,14,2018-06-14
2017/2018,2085,Ludvika,20,26634,municipal,2017-08-16,44,2017-12-21,2018-01-10,9,14,2018-06-12
2017/2018,2101,Ockelbo,21,5715,municipal,2017-08-21,44,2017-12-22,2018-01-08,9,14,2018-06-12
2017/2018,2104,Hofors,21,9281,municipal,2017-08-17,44,2017-12-21,2018-01-10,9,14,2018-06-12
2017/2018,2121,Ovanåker,21,11341,municipal,2017-08-21,44,2017-12-21,2018-01-10,10,14,2018-06-12
2017/2018,2132,Nordanstig,21,9262,municipal,2017-08-21,44,2017-12-21,2018-01-10,10,14,2018-06-14
2017/2018,2161,Ljusdal,21,18445,municipal,2017-08-23,44,2017-12-21,2018-01-10,10,14,2018-06-14
2017/2018,2180,Gävle,21,103838,municipal,2017-08-21,44,2017-12-22,2018-01-08,9,14,2018-06-12
2017/2018,2181,Sandviken,21,38360,municipal,2017-08-21,44,2017-12-22,2018-01-08,9,14,2018-06-12
2017/2018,2182,Söderhamn,21,24545,municipal,2017-08-17,44,2017-12-22,2018-01-10,10,14,2018-06-13
2017/2018,2183,Bollnäs,21,26243,municipal,2017-08-21,44,2017-12-21,2018-01-10,10,14,2018-06-13
2017/2018,2184,Hudiksvall,21,37528,municipal,2017-08-21,44,2017-12-21,2018-01-09,10,14,2018-06-14
2017/2018,2260,Ånge,22,9044,municipal,2017-08-22,44,2017-12-20,2018-01-08,10,14,2018-06-14
2017/2018,2262,Timrå,22,17521,municipal,2017-08-23,44,2017-12-21,2018-01-08,10,14,2018-06-14
2017/2018,2280,Härnösand,22,24515,municipal,2017-08-24,44,2017-12-21,2018-01-08,10,14,2018-06-15
2017/2018,2281,Sundsvall,22,99048,municipal,2017-08-24,44,2017-12-21,2018-01-08,10,14,2018-06-15
2017/2018,2282,Kramfors,22,17491,municipal,2017-08-23,44,2017-12-21,2018-01-09,10,14,2018-06-15
2017/2018,2283,Sollefteå,22,18396,municipal,2017-08-21,44,2017-12-21,2018-01-08,10,14,2018-06-14
2017/2018,2284,Örnsköldsvik,22,55443,municipal,2017-08-17,44,2017-12-21,2018-01-09,10,14,2018-06-08
2017/2018,2303,Ragunda,23,5146,municipal,2017-08-24,44,2017-12-20,2018-01-09,10,14,2018-06-15
2017/2018,2305,Bräcke,23,6035,municipal,2017-08-24,44,2017-12-20,2018-01-09,10,14,2018-06-15
2017/2018,2309,Krokom,23,15680,municipal,2017-08-24,44,2017-12-20,2018-01-09,10,14,2018-06-15
2017/2018,2313,Strömsund,23,11023,municipal,2017-08-24,44,2017-12-20,2018-01-08,10,14,2018-06-15
2017/2018,2321,Åre,23,12693,municipal,,44,2017-12-21,2018-01-10,10,14,2018-06-15
2017/2018,2326,Berg,23,7108,municipal,2017-08-24,44,2017-12-20,2018-01-09,10,14,2018-06-15
2017/2018,2361,Härjedalen,23,10175,municipal,2017-08-24,44,2017-12-20,2018-01-09,10,14,2018-06-15
2017/2018,2380,Östersund,23,64979,municipal,2017-08-24,44,2017-12-20,2018-01-09,10,14,2018-06-15
2017/2018,2403,Bjurholm,24,2359,municipal,2017-08-21,44,2017-12-21,2018-01-10,10,14,2018-06-14
2017/2018,2404,Vindeln,24,5417,municipal,2017-08-22,44,2017-12-21,2018-01-10,10,14,2018-06-14
2017/2018,2409,Robertsfors,24,6690,municipal,2017-08-21,44,2017-12-21,2018-01-09,10,14,2018-06-13
2017/2018,2418,Malå,24,2962,municipal,2017-08-22,44,2017-12-21,2018-01-10,10,14,2018-06-14
2017/2018,2421,Storuman,24,5577,municipal,2017-08-23,44,2017-12-22,2018-01-10,10,14,2018-06-15
2017/2018,2425,Dorotea,24,2294,municipal,2017-08-28,44,2017-12-22,2018-01-09,10,14,2018-06-15
2017/2018,2460,Vännäs,24,9132,municipal,2017-08-22,44,2017-12-22,2018-01-11,10,14,2018-06-15
2017/2018,2462,Vilhelmina,24,6229,municipal,2017-08-28,44,2017-12-22,2018-01-09,10,14,2018-06-15
2017/2018,2463,Åsele,24,2694,municipal,2017-08-23,44,2017-12-21,2018-01-10,10,14,2018-06-15
2017/2018,2480,Umeå,24,134249,municipal,2017-08-21,44,2017-12-21,2018-01-09,10,14,2018-06-13
2017/2018,2481,Lycksele,24,12118,municipal,2017-08-21,44,2017-12-21,2018-01-08,10,14,2018-06-08
2017/2018,2482,Skellefteå,24,78150,municipal,2017-08-22,44,2017-12-22,2018-01-10,10,14,2018-06-14
2017/2018,2505,Arvidsjaur,25,6089,municipal,2017-08-24,44,2017-12-22,2018-01-08,10,14,2018-06-15
2017/2018,2560,Älvsbyn,25,7774,municipal,2017-08-23,44,2017-12-22,2018-01-10,10,14,2018-06-15
2017/2018,2580,Luleå,25,79645,municipal,2017-08-23,44,2017-12-22,2018-01-10,10,14,2018-06-15
2017/2018,2581,Piteå,25,42447,municipal,2017-08-23,44,2017-12-22,2018-01-10,10,14,2018-06-15
2017/2018,2582,Boden,25,28049,municipal,2017-08-23,44,2017-12-22,2018-01-10,10,14,2018-06-15
2017/2018,2583,Haparanda,25,9151,municipal,2017-08-22,44,2017-12-22,2018-01-09,10,14,2018-06-13
2017/2018,2584,Kiruna,25,22426,municipal,2017-08-24,44,2017-12-21,2018-01-10,10,14,2018-06-15
2017/2018,01,Stockholm (county summary),01,,county_summary,2017-08-16,44,2017-12-20,2018-01-08,9,14,2018-06-08
2017/2018,03,Uppsala (county summary),03,,county_summary,2017-08-21,44,2017-12-21,2018-01-09,8+9,14,2018-06-12
2017/2018,04,Södermanland (county summary),04,,county_summary,2017-08-21,44,2017-12-20,2018-01-08,8,14,2018-06-08
2017/2018,05,Östergötland (county summary),05,,county_summary,2017-08-16,44,2017-12-21,2018-01-08,8,14,2018-06-13
2017/2018,06,Jönköping (county summary),06,,county_summary,2017-08-16,44,2017-12-19,2018-01-08,7,14,2018-06-14
2017/2018,07,Kronoberg (county summary),07,,county_summary,2017-08-21,44,2017-12-20,2018-01-08,8,13,2018-06-14
2017/2018,08,Kalmar (county summary),08,,county_summary,2017-08-21,44,2017-12-21,2018-01-08,8,14,2018-06-15
2017/2018,09,Gotland (county summary),09,,county_summary,2017-08-21,44,2017-12-21,2018-01-08,9,14,2018-06-14
2017/2018,10,Blekinge (county summary),10,,county_summary,2017-08-17,44,2017-12-21,2018-01-09,8,13+14,2018-06-13
2017/2018,12,Skåne (county summary),12,,county_summary,2017-08-14,44,2017-12-20,2018-01-09,8,13+14+15,2018-06-08
2017/2018,13,Halland (county summary),13,,county_summary,2017-08-16,44,2017-12-21,2018-01-09,7+8,14,2018-06-12
2017/2018,14,Västra Götaland (county summary),14,,county_summary,2017-08-16,44+45,2017-12-19,2018-01-08,7+8+9,13+14+15,
2017/2018,17,Värmland (county summary),17,,county_summary,2017-08-15,44,2017-12-20,2018-01-08,9,14+15+16,
2017/2018,18,Örebro (county summary),18,,county_summary,2017-08-16,44,2017-12-20,2018-01-09,8,13+14,2018-06-12
2017/2018,19,Västmanland (county summary),19,,county_summary,2017-08-16,44,2017-12-21,2018-01-09,9,14,2018-06-12
2017/2018,20,Dalarna (county summary),20,,county_summary,2017-08-15,44,2017-12-20,2018-01-09,9,14,2018-06-08
2017/2018,21,Gävleborg (county summary),21,,county_summary,2017-08-17,44,2017-12-21,2018-01-08,9+10,14,2018-06-12
2017/2018,22,Västernorrland (county summary),22,,county_summary,2017-08-17,44,2017-12-21,2018-01-08,10,14,2018-06-08
2017/2018,23,Jämtland (county summary),23,,county_summary,2017-08-24,44,2017-12-20,2018-01-08,10,14,2018-06-15
2017/2018,24,Västerbotten (county summary),24,,county_summary,2017-08-21,44,2017-12-21,2018-01-08,10,14,2018-06-08
2017/2018,25,Norrbotten (county summary),25,,county_summary,2017-08-23,44,2017-12-21,2018-01-08,10,14,2018-06-13
2018/2019,0114,Upplands Väsby,01,50323,municipal,2018-08-22,44,2018-12-21,2019-01-07,9,16,2019-06-07
2018/2019,0115,Vallentuna,01,35119,municipal,2018-08-21,44,2018-12-21,2019-01-08,9,16,2019-06-12
2018/2019,0117,Österåker,01,49787,municipal,2018-08-22,44,2018-12-21,2019-01-09,9,16,2019-06-12
2018/2019,0120,Värmdö,01,46635,municipal,2018-08-22,44,2018-12-21,2019-01-08,9,16,2019-06-12
2018/2019,0123,Järfälla,01,88950,municipal,2018-08-23,44,2018-12-20,2019-01-07,9,16,2019-06-14
2018/2019,0125,Ekerö,01,28910,municipal,2018-08-16,44,2018-12-21,2019-01-09,9,16,2019-06-05
2018/2019,0126,Huddinge,01,114304,municipal,2018-08-20,44,2018-12-20,2019-01-08,9,16,2019-06-12
2018/2019,0127,Botkyrka,01,95905,municipal,2018-08-20,44,2018-12-19,2019-01-08,9,16,2019-06-13
2018/2019,0128,Salem,01,17507,municipal,2018-08-20,44,2018-12-21,2019-01-07,9,16,2019-06-12
2018/2019,0136,Haninge,01,100895,municipal,2018-08-20,44,2018-12-20,2019-01-07,9,16,2019-06-12
2018/2019,0138,Tyresö,01,49179,municipal,2018-08-10,44,2018-12-20,2019-01-07,9,16,2019-06-11
2018/2019,0139,Upplands-Bro,01,32868,municipal,2018-08-22,44,2018-12-21,2019-01-07,9,16,2019-06-13
2018/2019,0140,Nykvarn,01,12342,municipal,2018-08-22,44,2018-12-21,2019-01-08,9,16,2019-06-11
2018/2019,0160,Täby,01,77744,municipal,2018-08-21,44,2018-12-20,2019-01-09,9,16,2019-06-14
2018/2019,0162,Danderyd,01,32425,municipal,2018-08-20,44,2018-12-20,2019-01-08,9,16,2019-06-12
2018/2019,0163,Sollentuna,01,77624,municipal,2018-08-20,44,2018-12-21,2019-01-08,9,16,2019-06-12
2018/2019,0180,Stockholm,01,995574,municipal,2018-08-20,44,2018-12-21,2019-01-09,9,16,2019-06-11
2018/2019,0181,Södertälje,01,102911,municipal,2018-08-15,44,2018-12-21,2019-01-10,9,16,2019-06-12
2018/2019,0182,Nacka,01,112112,municipal,2018-08-20,44,2018-12-21,2019-01-09,9,16,2019-06-13
2018/2019,0183,Sundbyberg,01,56274,municipal,2018-08-20,44,2018-12-21,2019-01-08,9,16,2019-06-11
2018/2019,0184,Solna,01,85789,municipal,2018-08-21,44,2018-12-21,2019-01-09,9,16,2019-06-13
2018/2019,0186,Lidingö,01,48377,municipal,2018-08-22,44,2018-12-21,2019-01-10,9,16,2019-06-14
2018/2019,0187,Vaxholm,01,11822,municipal,2018-08-21,44,2018-12-21,2019-01-08,9,16,2019-06-13
2018/2019,0188,Norrtälje,01,66585,municipal,2018-08-22,44,2018-12-20,2019-01-09,9,17,2019-06-12
2018/2019,0191,Sigtuna,01,52767,municipal,2018-08-20,44,,2019-01-08,9,16,2019-06-12
2018/2019,0192,Nynäshamn,01,30579,municipal,2018-08-21,44,2018-12-20,2019-01-09,9,16,2019-06-12
2018/2019,0305,Håbo,03,22973,municipal,2018-08-20,44,2018-12-20,2019-01-08,8,16,2019-06-12
2018/2019,0330,Knivsta,03,21193,municipal,2018-08-20,44,2018-12-20,2019-01-08,8,16,2019-06-12
2018/2019,0331,Heby,03,14345,municipal,2018-08-20,44,2018-12-20,2019-01-08,8,16,2019-06-12
2018/2019,0360,Tierp,03,21104,municipal,2018-08-20,44,2018-12-20,2019-01-08,8,16,2019-06-12
2018/2019,0380,Uppsala,03,248016,municipal,2018-08-20,44,2018-12-20,2019-01-08,8,16,2019-06-12
2018/2019,0381,Enköping,03,48591,municipal,2018-08-20,44,2018-12-20,2019-01-08,8,16,2019-06-07
2018/2019,0382,Östhammar,03,22138,municipal,2018-08-20,44,2018-12-20,2019-01-08,8,16,2019-06-12
2018/2019,0461,Gnesta,04,11458,municipal,2018-08-20,44,2018-12-21,2019-01-09,9,16,2019-06-13
2018/2019,0480,Nyköping,04,58344,municipal,2018-08-20,44,2018-12-21,2019-01-08,8,16,2019-06-14
2018/2019,0481,Oxelösund,04,12031,municipal,2018-08-22,44,2018-12-21,2019-01-09,8,16,2019-06-12
2018/2019,0482,Flen,04,15362,municipal,2018-08-21,44,2018-12-20,2019-01-09,8,16,2019-06-13
2018/2019,0483,Katrineholm,04,34154,municipal,2018-08-15,44,2018-12-21,2019-01-09,8,16,2019-06-07
2018/2019,0484,Eskilstuna,04,107203,municipal,2018-08-20,44,2018-12-20,2019-01-08,8,16,2019-06-13
2018/2019,0486,Strängnäs,04,39313,municipal,2018-08-22,44,2018-12-21,2019-01-08,8,16,2019-06-14
2018/2019,0488,Trosa,04,14927,municipal,2018-08-20,44,2018-12-21,2019-01-08,8,16,2019-06-13
2018/2019,0509,Ödeshög,05,5237,municipal,2018-08-20,44,2018-12-20,2019-01-08,8,16,2019-06-13
2018/2019,0513,Kinda,05,9957,municipal,2018-08-14,44,2018-12-20,2019-01-08,8,16,2019-06-13
2018/2019,0560,Boxholm,05,5517,municipal,2018-08-20,44,2018-12-20,2019-01-07,8,16,2019-06-14
2018/2019,0561,Åtvidaberg,05,11467,municipal,2018-08-21,44,2018-12-20,2019-01-08,8,16,2019-06-14
2018/2019,0562,Finspång,05,21623,municipal,2018-08-16,44,2018-12-20,2019-01-09,8,16,2019-06-13
2018/2019,0563,Valdemarsvik,05,7525,municipal,2018-08-20,44,2018-12-21,2019-01-08,8,16,2019-06-13
2018/2019,0580,Linköping,05,168035,municipal,2018-08-16,44,2018-12-20,2019-01-07,8,16,2019-06-13
2018/2019,0581,Norrköping,05,144980,municipal,2018-08-20,44,2018-12-21,2019-01-07,8,16,2019-06-13
2018/2019,0582,Söderköping,05,14789,municipal,2018-08-16,44,2018-12-20,2019-01-07,8,16,2019-06-13
2018/2019,0583,Motala,05,43505,municipal,2018-08-20,44,2018-12-21,2019-01-07,8,16,2019-06-13
2018/2019,0584,Vadstena,05,7490,municipal,2018-08-16,44,2018-12-20,2019-01-08,8,16,2019-06-13
2018/2019,0586,Mjölby,05,28695,municipal,2018-08-21,44,2018-12-21,2019-01-07,8,16,2019-06-14
2018/2019,0604,Aneby,06,6797,municipal,2018-08-16,44,2018-12-21,2019-01-08,7,16,2019-06-12
2018/2019,0617,Gnosjö,06,9131,municipal,2018-08-16,44,2018-12-20,2019-01-08,7,16,2019-06-12
2018/2019,0642,Mullsjö,06,7594,municipal,2018-08-21,44,2018-12-21,2019-01-09,7,16,2019-06-14
2018/2019,0643,Habo,06,13456,municipal,2018-08-21,44,2018-12-21,2019-01-08,7,16,2019-06-14
2018/2019,0662,Gislaved,06,28936,municipal,2018-08-20,44,2018-12-20,2019-01-09,7,16,2019-06-12
2018/2019,0665,Vaggeryd,06,14825,municipal,2018-08-21,44,2018-12-21,2019-01-09,7,16,2019-06-13
2018/2019,0680,Jönköping,06,147654,municipal,2018-08-21,44,2018-12-21,2019-01-07,7,16,2019-06-14
2018/2019,0682,Nässjö,06,31587,municipal,2018-08-20,44,2018-12-21,2019-01-08,7,16,2019-06-14
2018/2019,0683,Värnamo,06,34542,municipal,2018-08-20,44,2018-12-21,2019-01-07,7,16,2019-06-13
2018/2019,0684,Sävsjö,06,11563,municipal,2018-08-21,44,2018-12-21,2019-01-07,7,16,2019-06-14
2018/2019,0685,Vetlanda,06,27528,municipal,2018-08-22,44,2018-12-21,2019-01-09,7,16,2019-06-14
2018/2019,0686,Eksjö,06,17792,municipal,2018-08-21,44,2018-12-21,2019-01-08,7,16,2019-06-14
2018/2019,0687,Tranås,06,18604,municipal,2018-08-20,44,2018-12-20,2019-01-07,7,16,2019-06-14
2018/2019,0760,Uppvidinge,07,9061,municipal,2018-08-20,44,2018-12-20,2019-01-07,8,16,2019-06-13
2018/2019,0761,Lessebo,07,8289,municipal,2018-08-21,44,2018-12-21,2019-01-08,8,16,2019-06-14
2018/2019,0763,Tingsryd,07,11966,municipal,2018-08-20,44,2018-12-19,2019-01-08,8,16,2019-06-14
2018/2019,0764,Alvesta,07,19830,municipal,2018-08-20,44,2018-12-20,2019-01-08,8,16,2019-06-14
2018/2019,0765,Älmhult,07,17653,municipal,2018-08-20,44,2018-12-20,2019-01-08,8,16,2019-06-14
2018/2019,0767,Markaryd,07,9938,municipal,2018-08-21,44,2018-12-21,2019-01-08,8,16,2019-06-14
2018/2019,0780,Växjö,07,98334,municipal,2018-08-20,44,2018-12-20,2019-01-08,8,16,2019-06-14
2018/2019,0781,Ljungby,07,28280,municipal,2018-08-20,44,2018-12-20,2019-01-08,8,16,2019-06-13
2018/2019,0834,Torsås,08,6984,municipal,2018-08-20,44,2018-12-20,2019-01-08,8,17,2019-06-14
2018/2019,0840,Mörbylånga,08,16224,municipal,2018-08-20,44,2018-12-20,2019-01-07,8,17,2019-06-14
2018/2019,0860,Hultsfred,08,13673,municipal,2018-08-20,44,2018-12-20,2019-01-07,8,17,2019-06-14
2018/2019,0861,Mönsterås,08,13069,municipal,2018-08-20,44,2018-12-20,2019-01-07,8,17,2019-06-14
2018/2019,0862,Emmaboda,08,9006,municipal,2018-08-20,44,2018-12-20,2019-01-08,8,17,2019-06-14
2018/2019,0880,Kalmar,08,72704,municipal,2018-08-20,44,2018-12-20,2019-01-07,8,17,2019-06-14
2018/2019,0881,Nybro,08,19951,municipal,2018-08-20,44,2018-12-20,2019-01-08,8,17,2019-06-14
2018/2019,0882,Oskarshamn,08,26923,municipal,2018-08-20,44,2018-12-20,2019-01-08,8,17,2019-06-14
2018/2019,0883,Västervik,08,36447,municipal,2018-08-20,44,2018-12-20,2019-01-07,8,17,2019-06-14
2018/2019,0884,Vimmerby,08,15384,municipal,2018-08-20,44,2018-12-20,2019-01-07,8,17,2019-06-14
2018/2019,0885,Borgholm,08,10666,municipal,2018-08-20,44,2018-12-20,2019-01-07,8,17,2019-06-14
2018/2019,0980,Gotland,09,60971,municipal,2018-08-20,44,2018-12-21,2019-01-07,9,16,2019-06-11
2018/2019,1060,Olofström,10,13000,municipal,2018-08-21,44,2018-12-21,2019-01-09,8,16,2019-06-14
2018/2019,1080,Karlskrona,10,66301,municipal,2018-08-22,44,2018-12-20,2019-01-08,8,16,2019-06-14
2018/2019,1081,Ronneby,10,28741,municipal,2018-08-21,44,2018-12-21,2019-01-09,8,16,2019-06-14
2018/2019,1082,Karlshamn,10,31751,municipal,2018-08-21,44,2018-12-21,2019-01-09,8,16,2019-06-14
2018/2019,1214,Svalöv,12,14543,municipal,2018-08-22,44,2018-12-21,2019-01-08,8,16,2019-06-13
2018/2019,1230,Staffanstorp,12,27303,municipal,2018-08-16,44,2018-12-20,2019-01-10,8,16,2019-06-13
2018/2019,1231,Burlöv,12,20101,municipal,2018-08-15,44,2018-12-21,2019-01-09,8,16,2019-06-14
2018/2019,1233,Vellinge,12,37816,municipal,2018-08-20,44,2018-12-20,2019-01-09,8,16,2019-06-13
2018/2019,1256,Östra Göinge,12,13978,municipal,2018-08-21,44,2018-12-21,2019-01-08,8,16,2019-06-14
2018/2019,1257,Örkelljunga,12,10277,municipal,2018-08-16,44,2018-12-20,2019-01-08,8,16,2019-06-12
2018/2019,1260,Bjuv,12,15985,municipal,2018-08-13,44,2018-12-21,2019-01-08,8,16,2019-06-05
2018/2019,1261,Kävlinge,12,32477,municipal,2018-08-21,44,2018-12-21,2019-01-09,8,16,2019-06-14
2018/2019,1262,Lomma,12,24715,municipal,2018-08-20,44,2018-12-21,2019-01-09,8,16,2019-06-13
2018/2019,1263,Svedala,12,23581,municipal,2018-08-16,44,2018-12-20,2019-01-10,8,16,2019-06-14
2018/2019,1264,Skurup,12,17099,municipal,2018-08-21,44,2018-12-21,2019-01-08,8,16,2019-06-14
2018/2019,1265,Sjöbo,12,19337,municipal,2018-08-20,44,2018-12-21,2019-01-09,8,16,2019-06-14
2018/2019,1266,Hörby,12,15562,municipal,2018-08-22,44,2018-12-21,2019-01-09,8,16,2019-06-13
2018/2019,1267,Höör,12,17518,municipal,2018-08-20,44,2018-12-21,2019-01-09,8,16,2019-06-12
2018/2019,1270,Tomelilla,12,13639,municipal,2018-08-20,44,2018-12-21,2019-01-09,8,16,2019-06-15
2018/2019,1272,Bromölla,12,12470,municipal,2018-08-16,44,2018-12-21,2019-01-09,8,16,2019-06-11
2018/2019,1273,Osby,12,12947,municipal,2018-08-20,44,2018-12-21,2019-01-09,8,16,2019-06-16
2018/2019,1275,Perstorp,12,7235,municipal,2018-08-20,44,2018-12-21,2019-01-08,8,16,2019-06-07
2018/2019,1276,Klippan,12,17714,municipal,2018-08-15,44,2018-12-21,2019-01-09,8,16,2019-06-11
2018/2019,1277,Åstorp,12,16449,municipal,2018-08-20,44,2018-12-21,2019-01-08,8,16,2019-06-14
2018/2019,1278,Båstad,12,16026,municipal,2018-08-16,44,2018-12-21,2019-01-09,8,16,2019-06-11
2018/2019,1280,Malmö,12,365644,municipal,2018-08-16,44,2018-12-21,2019-01-09,8,16,2019-06-14
2018/2019,1281,Lund,12,131590,municipal,2018-08-16,44,2018-12-20,2019-01-07,8,16,2019-06-12
2018/2019,1282,Landskrona,12,47309,municipal,2018-08-22,44,2018-12-21,2019-01-08,8,15,2019-06-14
2018/2019,1283,Helsingborg,12,152091,municipal,2018-08-14,44,2018-12-21,2019-01-08,8,16,2019-06-05
2018/2019,1284,Höganäs,12,28430,municipal,2018-08-16,44,2018-12-20,2019-01-09,8,16,2019-06-12
2018/2019,1285,Eslöv,12,34922,municipal,2018-08-16,44,2018-12-21,2019-01-10,8,16,2019-06-13
2018/2019,1286,Ystad,12,32106,municipal,2018-08-22,44,2018-12-21,2019-01-09,8,16,2019-06-18
2018/2019,1287,Trelleborg,12,47269,municipal,2018-08-22,44,2018-12-21,2019-01-08,8,16,2019-06-14
2018/2019,1290,Kristianstad,12,86379,municipal,2018-08-21,44,2018-12-21,2019-01-08,8,16,2019-06-14
2018/2019,1291,Simrishamn,12,18890,municipal,2018-08-20,44,2018-12-20,2019-01-09,8,16,2019-06-14
2018/2019,1292,Ängelholm,12,45110,municipal,2018-08-15,44,2018-12-21,2019-01-09,8,16,2019-06-11
2018/2019,1293,Hässleholm,12,52114,municipal,2018-08-21,44,2018-12-21,2019-01-08,8,16,2019-06-14
2018/2019,1315,Hylte,13,10196,municipal,2018-08-21,44,2018-12-21,2019-01-08,8,16,2019-06-14
2018/2019,1380,Halmstad,13,106084,municipal,2018-08-21,44,2018-12-21,2019-01-07,8,16,2019-06-13
2018/2019,1381,Laholm,13,26595,municipal,2018-08-20,44,2018-12-21,2019-01-08,8,16,2019-06-14
2018/2019,1382,Falkenberg,13,47337,municipal,2018-08-21,44,2018-12-21,2019-01-09,8,16,2019-06-13
2018/2019,1383,Varberg,13,69070,municipal,2018-08-20,44,2018-12-21,2019-01-08,8,16,2019-06-14
2018/2019,1384,Kungsbacka,13,85792,municipal,2018-08-20,44,2018-12-21,2019-01-08,7,16,2019-06-12
2018/2019,1401,Härryda,14,40003,municipal,2018-08-20,44,2018-12-21,2019-01-08,7,16,2019-06-12
2018/2019,1402,Partille,14,41060,municipal,2018-08-22,44,2018-12-21,2019-01-07,7,16,2019-06-12
2018/2019,1407,Öckerö,14,12771,municipal,2018-08-20,44,2018-12-21,2019-01-09,7,16,2019-06-14
2018/2019,1415,Stenungsund,14,27851,municipal,2018-08-22,44,2018-12-20,2019-01-08,7,16,2019-06-13
2018/2019,1419,Tjörn,14,16092,municipal,2018-08-20,44,2018-12-20,2019-01-08,7,16,2019-06-12
2018/2019,1421,Orust,14,15352,municipal,2018-08-20,44,2018-12-21,2019-01-09,8,16,
2018/2019,1427,Sotenäs,14,9104,municipal,2018-08-20,44,2018-12-21,2019-01-09,8,16,2019-06-12
2018/2019,1430,Munkedal,14,10354,municipal,2018-08-20,44,2018-12-21,2019-01-09,8,16,2019-06-12
2018/2019,1435,Tanum,14,12773,municipal,2018-08-20,44,2018-12-21,2019-01-09,8,16,2019-06-12
2018/2019,1438,Dals-Ed,14,4606,municipal,2018-08-20,44,2018-12-21,2019-01-09,8,17,2019-06-12
2018/2019,1439,Färgelanda,14,6376,municipal,2018-08-20,44,2018-12-21,2019-01-09,8,16,2019-06-12
2018/2019,1440,Ale,14,32576,municipal,2018-08-20,44,2018-12-21,2019-01-09,7,16,2019-06-12
2018/2019,1441,Lerum,14,43570,municipal,2018-08-21,44,2018-12-21,2019-01-08,7,16,2019-06-12
2018/2019,1442,Vårgårda,14,12474,municipal,2018-08-22,44,2018-12-21,2019-01-08,7,16,2019-06-14
2018/2019,1443,Bollebygd,14,9802,municipal,2018-08-22,44,2018-12-21,2019-01-08,7,16,2019-06-14
2018/2019,1444,Grästorp,14,5555,municipal,2018-08-23,44,2018-12-21,2019-01-09,7,16,2019-06-14
2018/2019,1445,Essunga,14,5560,municipal,2018-08-21,44,2018-12-20,2019-01-09,7,16,2019-06-14
2018/2019,1446,Karlsborg,14,7023,municipal,2018-08-20,44,2018-12-21,2019-01-08,7,16,2019-06-13
2018/2019,1447,Gullspång,14,5031,municipal,2018-08-21,44,2018-12-21,2019-01-09,7,16,2019-06-14
2018/2019,1452,Tranemo,14,11839,municipal,2018-08-22,44,2018-12-21,2019-01-08,7,16,2019-06-14
2018/2019,1460,Bengtsfors,14,9076,municipal,2018-08-14,44,2018-12-20,2019-01-09,9,17,2019-06-05
2018/2019,1461,Mellerud,14,9052,municipal,2018-08-20,44,2018-12-21,2019-01-09,8,16,2019-06-12
2018/2019,1462,Lilla Edet,14,14442,municipal,2018-08-21,44,2018-12-21,2019-01-08,,,
2018/2019,1463,Mark,14,35155,municipal,2018-08-22,44,2018-12-21,2019-01-08,7,16,2019-06-13
2018/2019,1465,Svenljunga,14,10747,municipal,2018-08-22,44,2018-12-21,2019-01-08,7,16,2019-06-14
2018/2019,1466,Herrljunga,14,9497,municipal,2018-08-22,44,2018-12-21,2019-01-08,7,16,2019-06-14
2018/2019,1470,Vara,14,16088,municipal,2018-08-21,44,2018-12-21,2019-01-08,7,16,2019-06-14
2018/2019,1471,Götene,14,13286,municipal,2018-08-21,44,2018-12-20,2019-01-08,7,16,2019-06-14
2018/2019,1472,Tibro,14,11338,municipal,2018-08-20,44,2018-12-20,2019-01-09,7,16,2019-06-14
2018/2019,1473,Töreboda,14,9043,municipal,2018-08-22,44,2018-12-21,2019-01-09,7,16,2019-06-14
2018/2019,1480,Göteborg,14,608993,municipal,2018-08-20,44,2018-12-21,2019-01-08,7,16,2019-06-13
2018/2019,1481,Mölndal,14,71420,municipal,2018-08-20,44,2018-12-20,2019-01-08,7,16,2019-06-13
2018/2019,1482,Kungälv,14,50313,municipal,2018-08-22,44,2018-12-21,2019-01-08,,,2019-06-12
2018/2019,1484,Lysekil,14,13907,municipal,2018-08-20,44,2018-12-21,2019-01-09,8,16,2019-06-13
2018/2019,1485,Uddevalla,14,57010,municipal,2018-08-20,44,2018-12-21,2019-01-07,8,16,2019-06-12
2018/2019,1486,Strömstad,14,13482,municipal,2018-08-21,44,2018-12-21,2019-01-09,8,16,2019-06-13
2018/2019,1487,Vänersborg,14,40041,municipal,2018-08-22,44,2018-12-20,2019-01-08,8,16,2019-06-14
2018/2019,1488,Trollhättan,14,59003,municipal,2018-08-20,44,2018-12-20,2019-01-07,8,16,2019-06-13
2018/2019,1489,Alingsås,14,42722,municipal,2018-08-20,44,2018-12-19,2019-01-08,7,16,2019-06-14
2018/2019,1490,Borås,14,114872,municipal,2018-08-22,44,2018-12-21,2019-01-08,7,16,2019-06-14
2018/2019,1491,Ulricehamn,14,24985,municipal,2018-08-22,44,2018-12-21,,,,
2018/2019,1492,Åmål,14,11906,municipal,2018-08-21,44,2018-12-21,2019-01-09,9,17,2019-06-14
2018/2019,1493,Mariestad,14,24583,municipal,2018-08-22,44,2018-12-21,2019-01-08,7,16,2019-06-14
2018/2019,1494,Lidköping,14,40425,municipal,2018-08-20,44,2018-12-21,2019-01-10,7,16,2019-06-14
2018/2019,1495,Skara,14,18707,municipal,2018-08-20,44,2018-12-21,,,,
2018/2019,1496,Skövde,14,57995,municipal,2018-08-20,44,2018-12-20,2019-01-08,7,16,2019-06-13
2018/2019,1497,Hjo,14,9350,municipal,2018-08-21,44,2018-12-21,2019-01-08,7,16,2019-06-13
2018/2019,1498,Tidaholm,14,12805,municipal,2018-08-20,44,2018-12-20,2019-01-07,7,16,2019-06-13
2018/2019,1715,Kil,17,12061,municipal,2018-08-16,44,2018-12-21,2019-01-08,9,17,2019-06-05
2018/2019,1730,Eda,17,8412,municipal,2018-08-20,44,2018-12-21,2019-01-07,9,17,2019-06-07
2018/2019,1737,Torsby,17,11321,municipal,2018-08-22,44,2018-12-21,2019-01-08,9,17,2019-06-13
2018/2019,1760,Storfors,17,3788,municipal,2018-08-20,44,2018-12-21,2019-01-09,9,17,2019-06-14
2018/2019,1761,Hammarö,17,16992,municipal,2018-08-15,44,2018-12-21,2019-01-08,9,17,2019-06-07
2018/2019,1762,Munkfors,17,3625,municipal,2018-08-15,44,2018-12-21,2019-01-09,9,17,2019-06-12
2018/2019,1763,Forshaga,17,11520,municipal,2018-08-16,44,2018-12-20,2019-01-08,9,17,2019-06-07
2018/2019,1764,Grums,17,9004,municipal,2018-08-16,44,2018-12-21,2019-01-08,9,17,2019-06-07
2018/2019,1765,Årjäng,17,9825,municipal,2018-08-21,41,2018-12-20,2019-01-09,9,17,2019-06-13
2018/2019,1766,Sunne,17,13356,municipal,2018-08-20,44,2018-12-21,2019-01-08,9,17,2019-06-12
2018/2019,1780,Karlstad,17,98084,municipal,2018-08-15,44,2018-12-21,2019-01-08,9,17,2019-06-07
2018/2019,1781,Kristinehamn,17,23756,municipal,2018-08-16,44,2018-12-21,2019-01-08,9,17,2019-06-07
2018/2019,1782,Filipstad,17,9776,municipal,2018-08-23,44,2018-12-21,2019-01-08,9,17,2019-06-14
2018/2019,1783,Hagfors,17,11418,municipal,2018-08-15,44,2018-12-21,2019-01-09,9,17,2019-06-12
2018/2019,1784,Arvika,17,25547,municipal,2018-08-21,44,2018-12-21,2019-01-09,9,17,2019-06-12
2018/2019,1785,Säffle,17,14899,municipal,2018-08-22,44,2018-12-20,2019-01-09,9,17,2019-06-14
2018/2019,1814,Lekeberg,18,8606,municipal,2018-08-20,44,2018-12-20,2019-01-09,8,16,2019-06-14
2018/2019,1860,Laxå,18,5423,municipal,2018-08-20,44,2018-12-20,2019-01-09,8,16,2019-06-13
2018/2019,1861,Hallsberg,18,16120,municipal,2018-08-20,44,2018-12-21,2019-01-09,8,16,2019-06-13
2018/2019,1862,Degerfors,18,9278,municipal,2018-08-20,44,2018-12-20,,,,
2018/2019,1880,Örebro,18,160140,municipal,2018-08-20,44,2018-12-21,2019-01-08,8,16,2019-06-13
2018/2019,1881,Kumla,18,22681,municipal,2018-08-16,44,2018-12-21,2019-01-08,8,16,2019-06-11
2018/2019,1882,Askersund,18,11477,municipal,2018-08-09,44,2018-12-19,2019-01-09,8,15,2019-06-11
2018/2019,1883,Karlskoga,18,30180,municipal,2018-08-20,44,2018-12-20,2019-01-08,8,16,2019-06-13
2018/2019,1885,Lindesberg,18,23141,municipal,2018-08-20,44,2018-12-20,2019-01-08,8,17,2019-06-14
2018/2019,1904,Skinnskatteberg,19,4256,municipal,2018-08-21,44,2018-12-21,2019-01-09,9,16,2019-06-14
2018/2019,1907,Surahammar,19,9845,municipal,2018-08-20,44,2018-12-21,2019-01-09,9,16,2019-06-13
2018/2019,1961,Hallstahammar,19,16653,municipal,2018-08-20,44,2018-12-21,2019-01-09,9,16,2019-06-13
2018/2019,1962,Norberg,19,5452,municipal,2018-08-21,44,2018-12-21,2019-01-09,9,16,2019-06-14
2018/2019,1980,Västerås,19,160634,municipal,2018-08-20,44,2018-12-21,2019-01-09,9,16,2019-06-13
2018/2019,1981,Sala,19,22843,municipal,2018-08-21,44,2018-12-20,2019-01-09,9,16,2019-06-14
2018/2019,1982,Fagersta,19,13072,municipal,2018-08-21,44,2018-12-21,2019-01-09,10,16,2019-06-14
2018/2019,1983,Köping,19,25729,municipal,2018-08-22,44,2018-12-21,2019-01-09,9,16,2019-06-14
2018/2019,1984,Arboga,19,13980,municipal,2018-08-22,44,2018-12-21,2019-01-09,9,16,2019-06-14
2018/2019,2021,Vansbro,20,6752,municipal,2018-08-20,44,2018-12-21,2019-01-08,9,17,2019-06-14
2018/2019,2023,Malung-Sälen,20,10254,municipal,2018-08-20,44,2018-12-20,2019-01-08,9,17,2019-06-14
2018/2019,2026,Gagnef,20,10384,municipal,2018-08-20,44,2018-12-21,2019-01-08,9,17,2019-06-11
2018/2019,2029,Leksand,20,16137,municipal,2018-08-20,44,2018-12-20,2019-01-08,9,17,2019-06-14
2018/2019,2031,Rättvik,20,10998,municipal,2018-08-22,44,2018-12-21,2019-01-08,9,17,2019-06-13
2018/2019,2034,Orsa,20,6851,municipal,2018-08-21,44,2018-12-21,2019-01-08,9,17,2019-06-14
2018/2019,2061,Smedjebacken,20,10823,municipal,2018-08-16,44,2018-12-20,2019-01-09,9,16,2019-06-12
2018/2019,2062,Mora,20,20540,municipal,2018-08-22,44,2018-12-21,2019-01-09,9,17,2019-06-13
2018/2019,2080,Falun,20,59945,municipal,2018-08-22,44,2018-12-21,,,,
2018/2019,2081,Borlänge,20,51425,municipal,2018-08-22,44,2018-12-20,2019-01-09,9,17,2019-06-13
2018/2019,2082,Säter,20,11223,municipal,2018-08-22,44,2018-12-21,2019-01-09,9,17,2019-06-14
2018/2019,2083,Hedemora,20,15281,municipal,2018-08-17,44,2018-12-21,2019-01-08,9,17,2019-06-07
2018/2019,2084,Avesta,20,22417,municipal,2018-08-21,44,2018-12-21,2019-01-08,9,17,2019-06-13
2018/2019,2085,Ludvika,20,26634,municipal,2018-08-14,44,2018-12-21,2019-01-09,9,16,2019-06-05
2018/2019,2104,Hofors,21,9281,municipal,2018-08-20,44,2018-12-21,2019-01-09,9,16,2019-06-12
2018/2019,2121,Ovanåker,21,11341,municipal,2018-08-20,44,2018-12-21,2019-01-10,10,17,2019-06-11
2018/2019,2132,Nordanstig,21,9262,municipal,2018-08-20,44,2018-12-20,2019-01-08,10,17,2019-06-20
2018/2019,2161,Ljusdal,21,18445,municipal,2018-08-22,44,2018-12-20,2019-01-09,10,17,2019-06-13
2018/2019,2180,Gävle,21,103838,municipal,2018-08-20,44,2018-12-21,2019-01-07,9,16,2019-06-11
2018/2019,2181,Sandviken,21,38360,municipal,2018-08-20,44,2018-12-21,2019-01-07,9,16,2019-06-11
2018/2019,2182,Söderhamn,21,24545,municipal,2018-08-22,44,2018-12-21,2019-01-09,10,17,2019-06-13
2018/2019,2183,Bollnäs,21,26243,municipal,2018-08-20,44,2018-12-21,2019-01-09,10,17,2019-06-11
2018/2019,2184,Hudiksvall,21,37528,municipal,2018-08-20,44,2018-12-20,2019-01-08,10,17,2019-06-13
2018/2019,2262,Timrå,22,17521,municipal,2018-08-22,44,2018-12-20,2019-01-07,10,17,2019-06-13
2018/2019,2280,Härnösand,22,24515,municipal,2018-08-23,44,2018-12-20,2019-01-07,10,17,2019-06-14
2018/2019,2281,Sundsvall,22,99048,municipal,2018-08-22,44,2018-12-21,2019-01-08,10,17,2019-06-14
2018/2019,2282,Kramfors,22,17491,municipal,2018-08-20,44,2018-12-21,2019-01-08,10,17,2019-06-12
2018/2019,2283,Sollefteå,22,18396,municipal,2018-08-20,44,2018-12-20,2019-01-07,10,17,2019-06-13
2018/2019,2284,Örnsköldsvik,22,55443,municipal,2018-08-22,44,2018-12-21,2019-01-08,10,17,2019-06-14
2018/2019,2303,Ragunda,23,5146,municipal,2018-08-23,44,2018-12-19,2019-01-08,10,17,2019-06-14
2018/2019,2305,Bräcke,23,6035,municipal,2018-08-23,44,2018-12-19,2019-01-08,10,17,2019-06-14
2018/2019,2309,Krokom,23,15680,municipal,2018-08-23,44,2018-12-19,2019-01-08,10,17,2019-06-14
2018/2019,2313,Strömsund,23,11023,municipal,2018-08-23,44,2018-12-19,2019-01-08,10,17,2019-06-14
2018/2019,2321,Åre,23,12693,municipal,2018-08-23,44,2018-12-19,2019-01-08,10,17,2019-06-14
2018/2019,2326,Berg,23,7108,municipal,2018-08-23,44,2018-12-19,2019-01-08,10,17,2019-06-14
2018/2019,2361,Härjedalen,23,10175,municipal,2018-08-23,44,2018-12-19,2019-01-08,10,17,2019-06-14
2018/2019,2380,Östersund,23,64979,municipal,2018-08-23,44,2018-12-19,2019-01-07,10,17,2019-06-14
2018/2019,2403,Bjurholm,24,2359,municipal,2018-08-20,44,2018-12-20,2019-01-08,10,16,2019-06-12
2018/2019,2404,Vindeln,24,5417,municipal,2018-08-22,44,2018-12-21,2019-01-09,10,16,2019-06-13
2018/2019,2417,Norsjö,24,3968,municipal,2018-08-21,44,2018-12-21,2019-01-09,10,16,2019-06-12
2018/2019,2421,Storuman,24,5577,municipal,2018-08-22,44,2018-12-21,2019-01-09,10,16,2019-06-14
2018/2019,2422,Sorsele,24,2357,municipal,2018-08-20,44,2018-12-21,2019-01-10,10,16,2019-06-13
2018/2019,2425,Dorotea,24,2294,municipal,2018-08-27,44,2018-12-21,2019-01-08,10,17,2019-06-14
2018/2019,2460,Vännäs,24,9132,municipal,2018-08-21,44,2018-12-21,2019-01-10,10,16,2019-06-13
2018/2019,2462,Vilhelmina,24,6229,municipal,2018-08-27,44,2018-12-21,2019-01-08,10,16,2019-06-14
2018/2019,2480,Umeå,24,134249,municipal,2018-08-21,44,2018-12-21,2019-01-09,10,16,2019-06-13
2018/2019,2481,Lycksele,24,12118,municipal,2018-08-20,44,2018-12-20,2019-01-10,10,16,2019-06-14
2018/2019,2482,Skellefteå,24,78150,municipal,2018-08-21,44,2018-12-21,2019-01-08,10,16,2019-06-13
2018/2019,2510,Jokkmokk,25,4701,municipal,2018-08-23,44,2018-12-21,2019-01-09,10,16,2019-06-14
2018/2019,2514,Kalix,25,15391,municipal,2018-08-22,44,2018-12-21,2019-01-10,10,16,2019-06-14
2018/2019,2518,Övertorneå,25,4057,municipal,2018-08-21,44,2018-12-21,2019-01-08,10,16,2019-06-12
2018/2019,2523,Gällivare,25,17233,municipal,2018-08-22,44,2018-12-21,2019-01-09,10,16,2019-06-14
2018/2019,2560,Älvsbyn,25,7774,municipal,2018-08-23,44,2018-12-21,2019-01-09,10,16,2019-06-14
2018/2019,2580,Luleå,25,79645,municipal,2018-08-23,44,2018-12-21,2019-01-09,10,16,2019-06-14
2018/2019,2581,Piteå,25,42447,municipal,2018-08-23,44,2018-12-21,2019-01-09,10,16,2019-06-14
2018/2019,2582,Boden,25,28049,municipal,2018-08-23,44,2018-12-21,2019-01-09,10,16,2019-06-14
2018/2019,2583,Haparanda,25,9151,municipal,2018-08-21,44,2018-12-20,2019-01-08,10,17,2019-06-12
2018/2019,2584,Kiruna,25,22426,municipal,2018-08-27,44,2018-12-21,2019-01-08,10,16,2019-06-14
2018/2019,01,Stockholm (county summary),01,,county_summary,2018-08-10,44,2018-12-19,2019-01-07,9,16+17,2019-06-05
2018/2019,03,Uppsala (county summary),03,,county_summary,2018-08-20,44,2018-12-20,2019-01-08,8,16,2019-06-07
2018/2019,04,Södermanland (county summary),04,,county_summary,2018-08-15,44,2018-12-20,2019-01-08,8+9,16,2019-06-07
2018/2019,05,Östergötland (county summary),05,,county_summary,2018-08-14,44,2018-12-20,2019-01-07,8,16,2019-06-13
2018/2019,06,Jönköping (county summary),06,,county_summary,2018-08-16,44,2018-12-20,2019-01-07,7,16,2019-06-12
2018/2019,07,Kronoberg (county summary),07,,county_summary,2018-08-20,44,2018-12-20,2019-01-07,8,16,2019-06-13
2018/2019,08,Kalmar (county summary),08,,county_summary,2018-08-20,44,2018-12-20,2019-01-07,8,17,2019-06-14
2018/2019,09,Gotland (county summary),09,,county_summary,2018-08-20,44,2018-12-21,2019-01-07,9,16,2019-06-11
2018/2019,10,Blekinge (county summary),10,,county_summary,2018-08-21,44,2018-12-20,2019-01-08,8,16,2019-06-14
2018/2019,12,Skåne (county summary),12,,county_summary,2018-08-13,44,2018-12-20,2019-01-07,8,15+16,2019-06-05
2018/2019,13,Halland (county summary),13,,county_summary,2018-08-20,44,2018-12-21,2019-01-08,7+8,16,2019-06-12
2018/2019,14,Västra Götaland (county summary),14,,county_summary,2018-08-14,44,2018-12-19,2019-01-07,7+8+9,16+17,2019-06-05
2018/2019,17,Värmland (county summary),17,,county_summary,2018-08-15,41+42+43+44,2018-12-20,2019-01-07,9,17,2019-06-07
2018/2019,18,Örebro (county summary),18,,county_summary,2018-08-09,44,2018-12-19,2019-01-08,8,15+16+17,2019-06-11
2018/2019,19,Västmanland (county summary),19,,county_summary,2018-08-20,44,2018-12-20,2019-01-09,9+10,16,2019-06-13
2018/2019,20,Dalarna (county summary),20,,county_summary,2018-08-14,44,2018-12-20,2019-01-08,9,16+17,2019-06-05
2018/2019,21,Gävleborg (county summary),21,,county_summary,2018-08-20,44,2018-12-20,2019-01-07,9+10,16+17,2019-06-11
2018/2019,22,Västernorrland (county summary),22,,county_summary,2018-08-20,44,2018-12-20,2019-01-07,10,17,2019-06-12
2018/2019,23,Jämtland (county summary),23,,county_summary,2018-08-23,44,2018-12-19,2019-01-07,10,17,2019-06-14
2018/2019,24,Västerbotten (county summary),24,,county_summary,2018-08-20,44,2018-12-20,2019-01-08,10,16,2019-06-12
2018/2019,25,Norrbotten (county summary),25,,county_summary,2018-08-21,44,2018-12-20,2019-01-08,10,16+17,2019-06-12
2019/2020,0114,Upplands Väsby,01,50323,municipal,2019-08-22,44,2019-12-20,2020-01-07,9,15,2020-06-10
2019/2020,0115,Vallentuna,01,35119,municipal,2019-08-21,44,2019-12-19,2020-01-08,9,16,2020-06-11
2019/2020,0117,Österåker,01,49787,municipal,2019-08-22,44,2019-12-20,2020-01-09,9,16,2020-06-10
2019/2020,0120,Värmdö,01,46635,municipal,2019-08-20,44,2019-12-20,2020-01-08,9,15,2020-06-09
2019/2020,0123,Järfälla,01,88950,municipal,2019-08-22,44,2019-12-19,2020-01-07,9,16,2020-06-11
2019/2020,0125,Ekerö,01,28910,municipal,2019-08-19,44,2019-12-20,2020-01-08,9,15,2020-06-05
2019/2020,0126,Huddinge,01,114304,municipal,2019-08-20,44,2019-12-18,2020-01-07,9,15,2020-06-10
2019/2020,0127,Botkyrka,01,95905,municipal,2019-08-19,44,2019-12-18,2020-01-08,9,16,2020-06-10
2019/2020,0128,Salem,01,17507,municipal,2019-08-12,44,2019-12-19,2020-01-08,9,15,2020-06-10
2019/2020,0136,Haninge,01,100895,municipal,2019-08-19,44,2019-12-19,2020-01-07,9,15,2020-06-09
2019/2020,0138,Tyresö,01,49179,municipal,2019-08-20,44,2019-12-19,2020-01-07,9,15,2020-06-09
2019/2020,0139,Upplands-Bro,01,32868,municipal,2019-08-21,44,2019-12-20,2020-01-09,9,15,2020-06-10
2019/2020,0140,Nykvarn,01,12342,municipal,2019-08-20,44,2019-12-20,2020-01-08,9,16,2020-06-09
2019/2020,0160,Täby,01,77744,municipal,2019-08-19,44,2019-12-20,2020-01-08,9,16,2020-06-09
2019/2020,0162,Danderyd,01,32425,municipal,2019-08-19,44,2019-12-19,2020-01-08,9,15,2020-06-10
2019/2020,0163,Sollentuna,01,77624,municipal,2019-08-20,44,2019-12-20,2020-01-08,9,15,2020-06-11
2019/2020,0180,Stockholm,01,995574,municipal,2019-08-19,44,2019-12-19,2020-01-08,9,15,2020-06-09
2019/2020,0181,Södertälje,01,102911,municipal,2019-08-15,44,2019-12-20,2020-01-09,9,15,2020-06-09
2019/2020,0182,Nacka,01,112112,municipal,2019-08-19,44,2019-12-20,2020-01-08,9,15,2020-06-09
2019/2020,0183,Sundbyberg,01,56274,municipal,2019-08-19,44,,2020-01-08,9,15,2020-06-09
2019/2020,0184,Solna,01,85789,municipal,2019-08-21,44,2019-12-20,2020-01-07,9,15,2020-06-11
2019/2020,0186,Lidingö,01,48377,municipal,2019-08-22,44,2019-12-20,2020-01-09,9,15,2020-06-12
2019/2020,0187,Vaxholm,01,11822,municipal,2019-08-20,44,2019-12-20,2020-01-07,9,16,2020-06-10
2019/2020,0188,Norrtälje,01,66585,municipal,2019-08-20,44,2019-12-20,2020-01-08,9,16,2020-06-11
2019/2020,0191,Sigtuna,01,52767,municipal,2019-08-19,44,2019-12-19,2020-01-08,9,15,2020-06-10
2019/2020,0192,Nynäshamn,01,30579,municipal,2019-08-20,44,2019-12-20,2020-01-08,9,15,2020-06-05
2019/2020,0305,Håbo,03,22973,municipal,2019-08-19,44,2019-12-20,2020-01-09,8,15,2020-06-09
2019/2020,0330,Knivsta,03,21193,municipal,2019-08-19,44,2019-12-20,2020-01-09,8,15,2020-06-09
2019/2020,0331,Heby,03,14345,municipal,2019-08-19,44,2019-12-20,2020-01-09,8,15,2020-06-09
2019/2020,0360,Tierp,03,21104,municipal,2019-08-19,44,2019-12-20,2020-01-09,8,15,2020-06-09
2019/2020,0380,Uppsala,03,248016,municipal,2019-08-19,44,2019-12-20,2020-01-09,8,15,2020-06-09
2019/2020,0381,Enköping,03,48591,municipal,2019-08-19,44,2019-12-20,2020-01-09,8,15,2020-06-09
2019/2020,0382,Östhammar,03,22138,municipal,2019-08-19,44,2019-12-20,2020-01-09,8,15,2020-06-09
2019/2020,0428,Vingåker,04,8750,municipal,2019-08-14,44,2019-12-20,2020-01-09,8,15,2020-06-05
2019/2020,0461,Gnesta,04,11458,municipal,2019-08-20,44,2019-12-20,2020-01-09,8,15,2020-06-10
2019/2020,0480,Nyköping,04,58344,municipal,2019-08-19,44,2019-12-19,2020-01-07,8,15,2020-06-11
2019/2020,0481,Oxelösund,04,12031,municipal,2019-08-22,44,2019-12-19,2020-01-08,8,15,2020-06-10
2019/2020,0482,Flen,04,15362,municipal,2019-08-21,44,2019-12-20,2020-01-09,8,15,2020-06-10
2019/2020,0483,Katrineholm,04,34154,municipal,2019-08-14,44,2019-12-20,2020-01-09,8,15,2020-06-05
2019/2020,0484,Eskilstuna,04,107203,municipal,2019-08-19,44,2019-12-19,2020-01-08,8,15,2020-06-11
2019/2020,0486,Strängnäs,04,39313,municipal,2019-08-22,44,2019-12-20,2020-01-08,8,16,2020-06-12
2019/2020,0488,Trosa,04,14927,municipal,2019-08-19,44,2019-12-20,2020-01-08,8,,2020-06-10
2019/2020,0509,Ödeshög,05,5237,municipal,2019-08-20,44,2019-12-20,2020-01-08,8,15,2020-06-11
2019/2020,0512,Ydre,05,3626,municipal,2019-08-21,44,2019-12-20,2020-01-07,7,15,2020-06-12
2019/2020,0513,Kinda,05,9957,municipal,2019-08-15,44,2019-12-29,2020-01-08,8,15,2020-06-11
2019/2020,0560,Boxholm,05,5517,municipal,2019-08-19,44,2019-12-19,2020-01-08,8,15,2020-06-12
2019/2020,0561,Åtvidaberg,05,11467,municipal,2019-08-21,44,2019-12-19,2020-01-08,8,15,2020-06-14
2019/2020,0562,Finspång,05,21623,municipal,2019-08-21,44,2019-12-20,2020-01-08,8,15,2020-06-11
2019/2020,0563,Valdemarsvik,05,7525,municipal,2019-08-19,44,2019-12-20,2020-01-07,8,15,2020-06-11
2019/2020,0580,Linköping,05,168035,municipal,2019-08-15,44,2019-12-19,2020-01-07,8,15,2020-06-11
2019/2020,0581,Norrköping,05,144980,municipal,2019-08-19,44,2019-12-19,2020-01-07,8,15,2020-06-11
2019/2020,0582,Söderköping,05,14789,municipal,2019-08-19,44,2019-12-19,2020-01-07,8,15,2020-06-12
2019/2020,0583,Motala,05,43505,municipal,2019-08-19,44,2019-12-20,2020-01-07,8,15,2020-06-10
2019/2020,0584,Vadstena,05,7490,municipal,2019-08-20,44,2019-12-20,2020-01-07,8,15,2020-06-11
2019/2020,0586,Mjölby,05,28695,municipal,2019-08-20,44,2019-12-20,2020-01-08,8,15,2020-06-12
2019/2020,0604,Aneby,06,6797,municipal,2019-08-19,44,2019-12-20,2020-01-08,7,15,2020-06-11
2019/2020,0617,Gnosjö,06,9131,municipal,2019-08-15,44,2019-12-19,2020-01-08,7,15,2020-06-09
2019/2020,0642,Mullsjö,06,7594,municipal,2019-08-20,44,2019-12-20,2020-01-09,7,15,2020-06-12
2019/2020,0643,Habo,06,13456,municipal,2019-08-20,44,2019-12-19,2020-01-08,7,15,2020-06-12
2019/2020,0662,Gislaved,06,28936,municipal,2019-08-20,44,2019-12-19,2020-01-09,7,16,2020-06-11
2019/2020,0665,Vaggeryd,06,14825,municipal,2019-08-20,44,2019-12-20,2020-01-08,7,15,2020-06-11
2019/2020,0680,Jönköping,06,147654,municipal,2019-08-21,44,2019-12-20,2020-01-07,7,15,2020-06-12
2019/2020,0682,Nässjö,06,31587,municipal,2019-08-20,44,2019-12-20,2020-01-08,7,15,2020-06-12
2019/2020,0683,Värnamo,06,34542,municipal,2019-08-19,43,2019-12-20,2020-01-07,7,15,2020-06-10
2019/2020,0684,Sävsjö,06,11563,municipal,2019-08-20,44,2019-12-20,2020-01-08,7,15,2020-06-12
2019/2020,0685,Vetlanda,06,27528,municipal,2019-08-21,44,2019-12-20,2020-01-09,7,16,2020-06-12
2019/2020,0686,Eksjö,06,17792,municipal,2019-08-20,44,2019-12-21,2020-01-08,7,15,2020-06-12
2019/2020,0760,Uppvidinge,07,9061,municipal,2019-08-19,44,2019-12-20,2020-01-07,8,15,2020-06-12
2019/2020,0761,Lessebo,07,8289,municipal,2019-08-21,44,2019-12-20,2020-01-08,8,15,2020-06-12
2019/2020,0763,Tingsryd,07,11966,municipal,2019-08-21,44,2019-12-20,2020-01-09,8,15,2020-06-12
2019/2020,0764,Alvesta,07,19830,municipal,2019-08-20,44,2019-12-19,2020-01-08,8,15,2020-06-12
2019/2020,0765,Älmhult,07,17653,municipal,2019-08-19,44,2019-12-20,2020-01-08,8,15,2020-06-12
2019/2020,0767,Markaryd,07,9938,municipal,2019-08-21,44,2019-12-20,2020-01-08,8,15,2020-06-12
2019/2020,0780,Växjö,07,98334,municipal,2019-08-15,44,2019-12-20,2020-01-08,8,15,2020-06-09
2019/2020,0781,Ljungby,07,28280,municipal,2019-08-21,44,2019-12-20,2020-01-08,8,15,2020-06-12
2019/2020,0821,Högsby,08,5321,municipal,2019-08-19,44,2019-12-20,2020-01-08,8,16,2020-06-12
2019/2020,0834,Torsås,08,6984,municipal,2019-08-20,44,2019-12-20,2020-01-07,8,16,2020-06-12
2019/2020,0840,Mörbylånga,08,16224,municipal,2019-08-20,44,2019-12-20,2020-01-09,8,16,2020-06-12
2019/2020,0860,Hultsfred,08,13673,municipal,2019-08-20,44,2019-12-19,2020-01-08,8,16,2020-06-12
2019/2020,0861,Mönsterås,08,13069,municipal,2019-08-20,44,2019-12-20,2020-01-07,8,16,2020-06-12
2019/2020,0862,Emmaboda,08,9006,municipal,2019-08-20,44,2019-12-20,2020-01-08,8,16,2020-06-12
2019/2020,0880,Kalmar,08,72704,municipal,2019-08-20,44,2019-12-20,2020-01-08,8,16,2020-06-12
2019/2020,0881,Nybro,08,19951,municipal,2019-08-20,44,2019-12-20,2020-01-09,8,16,2020-06-12
2019/2020,0882,Oskarshamn,08,26923,municipal,2019-08-20,44,2019-12-20,2020-01-08,8,16,2020-06-12
2019/2020,0883,Västervik,08,36447,municipal,2019-08-20,44,2019-12-20,2020-01-08,8,16,2020-06-12
2019/2020,0884,Vimmerby,08,15384,municipal,2019-08-20,44,2019-12-20,2020-01-08,8,16,2020-06-12
2019/2020,0885,Borgholm,08,10666,municipal,2019-08-20,44,2019-12-20,2020-01-08,8,16,2020-06-12
2019/2020,0980,Gotland,09,60971,municipal,2019-08-20,44,2019-12-20,2020-01-07,9,15,2020-06-10
2019/2020,1060,Olofström,10,13000,municipal,2019-08-20,44,2019-12-20,2020-01-09,8,16,2020-06-12
2019/2020,1080,Karlskrona,10,66301,municipal,2019-08-21,44,2019-12-20,2020-01-08,8,15,2020-06-10
2019/2020,1081,Ronneby,10,28741,municipal,2019-08-20,44,2019-12-20,2020-01-09,8,16,2020-06-12
2019/2020,1082,Karlshamn,10,31751,municipal,2019-08-20,44,2019-12-20,2020-01-09,8,16,2020-06-12
2019/2020,1083,Sölvesborg,10,17430,municipal,2019-08-21,44,2019-12-20,2020-01-09,8,15,2020-06-11
2019/2020,1214,Svalöv,12,14543,municipal,2019-08-21,44,2019-12-20,2020-01-08,8,15,2020-06-10
2019/2020,1230,Staffanstorp,12,27303,municipal,2019-08-20,44,2019-12-20,2020-01-09,8,15,2020-06-09
2019/2020,1231,Burlöv,12,20101,municipal,2019-08-21,44,2019-12-20,2020-01-08,8,15,2020-06-12
2019/2020,1233,Vellinge,12,37816,municipal,2019-08-20,44,2019-12-20,2020-01-13,8,15,2020-06-12
2019/2020,1256,Östra Göinge,12,13978,municipal,2019-08-21,44,2019-12-20,2020-01-08,8,15,2020-06-12
2019/2020,1257,Örkelljunga,12,10277,municipal,2019-08-15,44,2019-12-20,2020-01-08,8,15,2020-06-05
2019/2020,1260,Bjuv,12,15985,municipal,2019-08-19,44,2019-12-20,2020-01-09,8,15,2020-06-12
2019/2020,1261,Kävlinge,12,32477,municipal,2019-08-20,44,2019-12-20,2020-01-09,8,15,2020-06-12
2019/2020,1262,Lomma,12,24715,municipal,2019-08-15,44,2019-12-20,2020-01-09,8,15,2020-06-11
2019/2020,1263,Svedala,12,23581,municipal,2019-08-15,44,2019-12-20,2020-01-13,8,16,2020-06-12
2019/2020,1264,Skurup,12,17099,municipal,2019-08-21,44,2019-12-20,2020-01-08,8,15,2020-06-12
2019/2020,1265,Sjöbo,12,19337,municipal,2019-08-15,44,2019-12-20,2020-01-08,8,15,2020-06-12
2019/2020,1266,Hörby,12,15562,municipal,2019-08-21,44,2019-12-29,2020-01-09,8,15,2020-06-11
2019/2020,1267,Höör,12,17518,municipal,2019-08-20,44,2019-12-19,2020-01-09,8,15,2020-06-11
2019/2020,1270,Tomelilla,12,13639,municipal,2019-08-19,44,2019-12-20,2020-01-09,8,15,2020-06-11
2019/2020,1272,Bromölla,12,12470,municipal,2019-08-21,44,2019-12-20,2020-01-08,8,15,2020-06-12
2019/2020,1273,Osby,12,12947,municipal,2019-08-21,44,2019-12-20,2020-01-08,8,15,2020-06-12
2019/2020,1275,Perstorp,12,7235,municipal,2019-08-19,44,2019-12-20,2020-01-09,8,15,2020-06-10
2019/2020,1276,Klippan,12,17714,municipal,2019-08-19,44,2019-12-20,2020-01-09,8,15,2020-06-10
2019/2020,1277,Åstorp,12,16449,municipal,2019-08-16,44,2019-12-20,2020-01-10,8,15,2020-06-12
2019/2020,1278,Båstad,12,16026,municipal,2019-08-20,44,2019-12-20,2020-01-09,8,15,2020-06-12
2019/2020,1280,Malmö,12,365644,municipal,2019-08-15,44,2019-12-20,2020-01-09,8,15,2020-06-11
2019/2020,1281,Lund,12,131590,municipal,2019-08-19,44,2019-12-18,2020-01-07,8,15,2020-06-12
2019/2020,1282,Landskrona,12,47309,municipal,2019-08-19,44,2019-12-20,2020-01-08,8,15,2020-06-12
2019/2020,1283,Helsingborg,12,152091,municipal,2019-08-19,44,2019-12-20,2020-01-08,8,15,2020-06-09
2019/2020,1284,Höganäs,12,28430,municipal,2019-08-15,44,2019-12-20,2020-01-09,8,15,2020-06-09
2019/2020,1285,Eslöv,12,34922,municipal,2019-08-15,44,2019-12-20,2020-01-13,8,15,2020-06-11
2019/2020,1286,Ystad,12,32106,municipal,2019-08-20,44,2019-12-20,2020-01-09,8,15,2020-06-12
2019/2020,1287,Trelleborg,12,47269,municipal,2019-08-21,44,2019-12-20,2020-01-09,8,15,2020-06-12
2019/2020,1290,Kristianstad,12,86379,municipal,2019-08-21,44,2019-12-20,2020-01-08,8,15,2020-06-12
2019/2020,1291,Simrishamn,12,18890,municipal,2019-08-20,44,2019-12-19,2020-01-09,8,15,2020-06-12
2019/2020,1292,Ängelholm,12,45110,municipal,2019-08-15,44,2019-12-20,2020-01-09,8,15,2020-06-09
2019/2020,1293,Hässleholm,12,52114,municipal,2019-08-21,44,2019-12-20,2020-01-08,8,15,2020-06-12
2019/2020,1315,Hylte,13,10196,municipal,2019-08-21,44,2019-12-20,2020-01-08,8,15,2020-06-12
2019/2020,1380,Halmstad,13,106084,municipal,2019-08-19,44,2019-12-20,2020-01-08,8,15,2020-06-11
2019/2020,1381,Laholm,13,26595,municipal,2019-08-19,44,2019-12-20,2020-01-09,8,15,2020-06-12
2019/2020,1382,Falkenberg,13,47337,municipal,2019-08-20,44,2019-12-20,2020-01-09,8,15,2020-06-11
2019/2020,1383,Varberg,13,69070,municipal,2019-08-19,44,2019-12-20,2020-01-09,7,15,2020-06-12
2019/2020,1384,Kungsbacka,13,85792,municipal,2019-08-19,44,2019-12-20,2020-01-07,7,15,2020-06-10
2019/2020,1401,Härryda,14,40003,municipal,2019-08-19,44,2019-12-20,2020-01-07,7,15,2020-06-10
2019/2020,1402,Partille,14,41060,municipal,2019-08-22,44,2019-12-20,2020-01-07,7,15,2020-06-10
2019/2020,1407,Öckerö,14,12771,municipal,2019-08-22,44,2019-12-20,2020-01-08,7,15,2020-06-11
2019/2020,1415,Stenungsund,14,27851,municipal,2019-08-22,44,2019-12-20,2020-01-08,7,16,2020-06-11
2019/2020,1419,Tjörn,14,16092,municipal,2019-08-21,44,2019-12-20,2020-01-08,7,15,2020-06-10
2019/2020,1421,Orust,14,15352,municipal,2019-08-19,44,2019-12-20,2020-01-07,8,15,2020-06-09
2019/2020,1427,Sotenäs,14,9104,municipal,2019-08-19,44,2019-12-20,2020-01-09,8,15,2020-06-09
2019/2020,1430,Munkedal,14,10354,municipal,2019-08-19,44,2019-12-20,2020-01-09,8,15,2020-06-09
2019/2020,1435,Tanum,14,12773,municipal,2019-08-19,44,2019-12-20,2020-01-09,8,15,2020-06-09
2019/2020,1438,Dals-Ed,14,4606,municipal,2019-08-19,44,2019-12-20,2020-01-09,8,16,2020-06-09
2019/2020,1439,Färgelanda,14,6376,municipal,2019-08-19,44,2019-12-20,2020-01-09,8,15,2020-06-09
2019/2020,1440,Ale,14,32576,municipal,2019-08-19,44,2019-12-20,2020-01-13,7,15,2020-06-11
2019/2020,1441,Lerum,14,43570,municipal,2019-08-21,44,2019-12-20,2020-01-08,7,15,2020-06-10
2019/2020,1442,Vårgårda,14,12474,municipal,2019-08-21,44,2019-12-20,2020-01-08,7,15,2020-06-10
2019/2020,1443,Bollebygd,14,9802,municipal,2019-08-22,44,2019-12-20,2020-01-08,7,15,2020-06-12
2019/2020,1444,Grästorp,14,5555,municipal,2019-08-22,44,2019-12-20,2020-01-09,7,15,2020-06-12
2019/2020,1445,Essunga,14,5560,municipal,2019-08-21,44,2019-12-19,2020-01-09,7,15,2020-06-12
2019/2020,1446,Karlsborg,14,7023,municipal,2019-08-21,44,2019-12-20,2020-01-08,7,15,2020-06-11
2019/2020,1452,Tranemo,14,11839,municipal,2019-08-22,44,2019-12-20,2020-01-09,7,15,2020-06-12
2019/2020,1460,Bengtsfors,14,9076,municipal,2019-08-20,44,2019-12-19,2020-01-09,9,16,2020-06-12
2019/2020,1461,Mellerud,14,9052,municipal,2019-08-21,44,2019-12-20,2020-01-09,8,15,2020-06-11
2019/2020,1462,Lilla Edet,14,14442,municipal,2019-08-19,44,2019-12-19,2020-01-09,7,16,2020-06-10
2019/2020,1463,Mark,14,35155,municipal,2019-08-21,44,2019-12-20,2020-01-08,7,15,2020-06-10
2019/2020,1465,Svenljunga,14,10747,municipal,2019-08-21,44,2019-12-20,2020-01-08,7,15,2020-06-10
2019/2020,1466,Herrljunga,14,9497,municipal,2019-08-21,44,2019-12-20,2020-01-08,7,15,2020-06-10
2019/2020,1470,Vara,14,16088,municipal,2019-08-21,44,2019-12-20,2020-01-08,7,15,2020-06-12
2019/2020,1471,Götene,14,13286,municipal,2019-08-21,44,2019-12-20,2020-01-08,7,15,2020-06-12
2019/2020,1472,Tibro,14,11338,municipal,2019-08-21,44,2019-12-20,2020-01-08,7,,2020-06-12
2019/2020,1473,Töreboda,14,9043,municipal,2019-08-20,44,2019-12-20,2020-01-08,7,15,2020-06-11
2019/2020,1480,Göteborg,14,608993,municipal,2019-08-20,44,2019-12-20,2020-01-08,7,15,2020-06-12
2019/2020,1481,Mölndal,14,71420,municipal,2019-08-19,44,2019-12-20,2020-01-08,7,15,2020-06-09
2019/2020,1482,Kungälv,14,50313,municipal,2019-08-21,44,2019-12-20,2020-01-08,7,15,2020-06-10
2019/2020,1485,Uddevalla,14,57010,municipal,2019-08-19,44,2019-12-20,2020-01-07,8,15,2020-06-09
2019/2020,1486,Strömstad,14,13482,municipal,2019-08-19,44,2019-12-20,2020-01-09,8,15,2020-06-10
2019/2020,1487,Vänersborg,14,40041,municipal,2019-08-19,44,2019-12-19,2020-01-09,8,16,2020-06-10
2019/2020,1488,Trollhättan,14,59003,municipal,2019-08-19,44,2019-12-19,2020-01-07,8,16,2020-06-10
2019/2020,1489,Alingsås,14,42722,municipal,2019-08-20,44,2019-12-19,2020-01-08,7,15,2020-06-11
2019/2020,1490,Borås,14,114872,municipal,2019-08-21,44,2019-12-20,2020-01-08,7,15,2020-06-10
2019/2020,1491,Ulricehamn,14,24985,municipal,2019-08-21,44,2019-12-20,2020-01-08,9,15,2020-06-10
2019/2020,1492,Åmål,14,11906,municipal,2019-08-19,44,2019-12-20,2020-01-09,8,16,2020-06-11
2019/2020,1493,Mariestad,14,24583,municipal,2019-08-21,44,2019-12-20,2020-01-08,7,15,2020-06-12
2019/2020,1494,Lidköping,14,40425,municipal,2019-08-21,44,2019-12-20,2020-01-09,7,15,2020-06-12
2019/2020,1495,Skara,14,18707,municipal,2019-08-19,44,2019-12-20,2020-01-07,7,15,2020-06-12
2019/2020,1496,Skövde,14,57995,municipal,2019-08-20,44,2019-12-20,2020-01-08,7,15,2020-06-11
2019/2020,1497,Hjo,14,9350,municipal,2019-08-20,44,2019-12-19,2020-01-08,7,15,2020-06-11
2019/2020,1498,Tidaholm,14,12805,municipal,2019-08-19,44,2019-12-19,2020-01-08,7,15,2020-06-11
2019/2020,1499,Falköping,14,32806,municipal,2019-08-20,44,2019-12-20,2020-01-09,7,15,2020-06-11
2019/2020,1715,Kil,17,12061,municipal,2019-08-21,44,2019-12-20,2020-01-09,9,16,2020-06-10
2019/2020,1730,Eda,17,8412,municipal,2019-08-19,44,2019-12-20,2020-01-08,9,16,2020-06-10
2019/2020,1737,Torsby,17,11321,municipal,2019-08-19,44,2019-12-20,2020-01-09,9,16,2020-06-11
2019/2020,1760,Storfors,17,3788,municipal,2019-08-19,44,2019-12-20,2020-01-09,9,16,2020-06-12
2019/2020,1761,Hammarö,17,16992,municipal,2019-08-21,44,2019-12-20,2020-01-08,9,16,2020-06-12
2019/2020,1762,Munkfors,17,3625,municipal,2019-08-20,44,2019-12-29,2020-01-09,9,16,2020-06-12
2019/2020,1763,Forshaga,17,11520,municipal,2019-08-22,44,2019-12-20,2020-01-08,9,16,2020-06-12
2019/2020,1764,Grums,17,9004,municipal,2019-08-22,44,2019-12-20,2020-01-08,9,16,2020-06-12
2019/2020,1766,Sunne,17,13356,municipal,2019-08-20,44,2019-12-20,2020-01-08,9,16,2020-06-11
2019/2020,1780,Karlstad,17,98084,municipal,2019-08-22,44,2019-12-19,2020-01-08,9,16,2020-06-12
2019/2020,1781,Kristinehamn,17,23756,municipal,2019-08-21,44,2019-12-20,2020-01-08,9,16,2020-06-12
2019/2020,1782,Filipstad,17,9776,municipal,2019-08-22,44,2019-12-20,2020-01-08,9,16,2020-06-12
2019/2020,1783,Hagfors,17,11418,municipal,2019-08-19,44,2019-12-20,2020-01-09,9,16,2020-06-12
2019/2020,1784,Arvika,17,25547,municipal,2019-08-21,44,2019-12-20,2020-01-09,9,16,2020-06-10
2019/2020,1785,Säffle,17,14899,municipal,2019-08-21,44,2019-12-19,2020-01-09,9,16,2020-06-12
2019/2020,1814,Lekeberg,18,8606,municipal,2019-08-21,44,2019-12-20,2020-01-09,8,15,2020-06-12
2019/2020,1860,Laxå,18,5423,municipal,2019-08-19,44,2019-12-19,2020-01-09,8,15,2020-06-11
2019/2020,1861,Hallsberg,18,16120,municipal,2019-08-20,44,2019-12-20,2020-01-09,8,15,2020-06-11
2019/2020,1862,Degerfors,18,9278,municipal,2019-08-19,44,2019-12-20,2020-01-08,8,16,2020-06-10
2019/2020,1880,Örebro,18,160140,municipal,2019-08-19,44,2019-12-20,2020-01-08,8,15,2020-06-10
2019/2020,1881,Kumla,18,22681,municipal,2019-08-19,44,2019-12-20,2020-01-08,8,15,2020-06-10
2019/2020,1882,Askersund,18,11477,municipal,2019-08-20,44,2019-12-19,2020-01-09,8,15,2020-06-10
2019/2020,1883,Karlskoga,18,30180,municipal,2019-08-20,44,2019-12-20,2020-01-09,8,15,2020-06-11
2019/2020,1884,Nora,18,10639,municipal,2019-08-19,44,2019-12-20,2020-01-07,8,15,2020-06-11
2019/2020,1885,Lindesberg,18,23141,municipal,2019-08-20,44,2019-12-19,2020-01-08,8,16,2020-06-12
2019/2020,1907,Surahammar,19,9845,municipal,2019-08-19,44,2019-12-20,2020-01-09,9,15,2020-06-10
2019/2020,1960,Kungsör,19,8694,municipal,2019-08-21,44,2019-12-19,2020-01-09,9,15,2020-06-12
2019/2020,1961,Hallstahammar,19,16653,municipal,2019-08-19,44,2019-12-20,2020-01-09,9,15,2020-06-10
2019/2020,1962,Norberg,19,5452,municipal,2019-08-21,44,2019-12-19,2020-01-09,9,15,2020-06-12
2019/2020,1980,Västerås,19,160634,municipal,2019-08-19,44,2019-12-20,2020-01-09,9,15,2020-06-10
2019/2020,1981,Sala,19,22843,municipal,2019-08-20,44,2019-12-20,2020-01-08,9,15,2020-06-09
2019/2020,1982,Fagersta,19,13072,municipal,2019-08-21,44,2019-12-19,2020-01-09,9,15,2020-06-12
2019/2020,1983,Köping,19,25729,municipal,2019-08-21,44,2019-12-19,2020-01-09,9,15,2020-06-12
2019/2020,1984,Arboga,19,13980,municipal,2019-08-21,44,2019-12-19,2020-01-09,9,15,2020-06-12
2019/2020,2023,Malung-Sälen,20,10254,municipal,2019-08-19,44,2019-12-20,2020-01-09,9,16,2020-06-12
2019/2020,2026,Gagnef,20,10384,municipal,2019-08-19,44,2019-12-20,2020-01-07,9,16,2020-06-09
2019/2020,2029,Leksand,20,16137,municipal,2019-08-19,44,2019-12-20,2020-01-09,9,16,2020-06-10
2019/2020,2031,Rättvik,20,10998,municipal,2019-08-20,44,2019-12-20,2020-01-09,9,16,2020-06-11
2019/2020,2034,Orsa,20,6851,municipal,2019-08-19,44,2019-12-20,2020-01-09,9,16,2020-06-12
2019/2020,2039,Älvdalen,20,6882,municipal,2019-08-19,44,2019-12-20,2020-01-09,9,16,2020-06-11
2019/2020,2061,Smedjebacken,20,10823,municipal,2019-08-19,44,2019-12-20,2020-01-09,9,16,2020-06-12
2019/2020,2062,Mora,20,20540,municipal,2019-08-10,44,2019-12-20,2020-01-09,9,16,2020-06-11
2019/2020,2080,Falun,20,59945,municipal,2019-08-19,44,2019-12-19,2020-01-13,9,16,2020-06-12
2019/2020,2081,Borlänge,20,51425,municipal,2019-08-21,44,2019-12-20,2020-01-09,9,16,2020-06-11
2019/2020,2082,Säter,20,11223,municipal,2019-08-20,44,2019-12-20,2020-01-09,9,15,2020-06-12
2019/2020,2083,Hedemora,20,15281,municipal,2019-08-21,44,2019-12-20,2020-01-09,9,16,2020-06-12
2019/2020,2084,Avesta,20,22417,municipal,2019-08-19,44,2019-12-20,2020-01-09,9,16,2020-06-12
2019/2020,2085,Ludvika,20,26634,municipal,2019-08-19,44,2019-12-20,,9,16,2020-06-12
2019/2020,2101,Ockelbo,21,5715,municipal,2019-08-22,44,2019-12-20,2020-01-07,9,16,2020-06-11
2019/2020,2104,Hofors,21,9281,municipal,2019-08-19,44,2019-12-20,2020-01-09,9,15,2020-06-09
2019/2020,2121,Ovanåker,21,11341,municipal,2019-08-21,44,2019-12-20,2020-01-09,10,16,2020-06-11
2019/2020,2132,Nordanstig,21,9262,municipal,2019-08-19,44,2019-12-20,2020-01-08,10,16,2020-06-11
2019/2020,2161,Ljusdal,21,18445,municipal,2019-08-21,44,2019-12-20,2020-01-09,10,16,2020-06-11
2019/2020,2180,Gävle,21,103838,municipal,2019-08-22,44,2019-12-20,2020-01-07,9,16,2020-06-11
2019/2020,2181,Sandviken,21,38360,municipal,2019-08-22,44,2019-12-20,2020-01-07,9,16,2020-06-11
2019/2020,2182,Söderhamn,21,24545,municipal,2019-08-23,44,2019-12-20,2020-01-09,10,16,2020-06-12
2019/2020,2183,Bollnäs,21,26243,municipal,2019-08-19,44,2019-12-20,2020-01-08,10,16,2020-06-05
2019/2020,2184,Hudiksvall,21,37528,municipal,2019-08-19,44,2019-12-19,2020-01-08,10,16,2020-06-11
2019/2020,2260,Ånge,22,9044,municipal,2019-08-22,44,2019-12-20,2020-01-07,10,16,2020-06-11
2019/2020,2262,Timrå,22,17521,municipal,2019-08-22,44,2019-12-19,2020-01-07,10,16,2020-06-12
2019/2020,2280,Härnösand,22,24515,municipal,2019-08-22,44,2019-12-19,2020-01-07,10,16,2020-06-12
2019/2020,2281,Sundsvall,22,99048,municipal,2019-08-22,44,2019-12-20,2020-01-07,10,16,2020-06-12
2019/2020,2282,Kramfors,22,17491,municipal,2019-08-21,44,2019-12-20,2020-01-08,10,16,2020-06-10
2019/2020,2283,Sollefteå,22,18396,municipal,2019-08-21,44,2019-12-20,2020-01-07,10,16,2020-06-11
2019/2020,2284,Örnsköldsvik,22,55443,municipal,2019-08-22,44,2019-12-19,2020-01-08,10,16,2020-06-12
2019/2020,2303,Ragunda,23,5146,municipal,2019-08-22,44,2019-12-18,2020-01-08,10,16,2020-06-12
2019/2020,2305,Bräcke,23,6035,municipal,2019-08-22,44,2019-12-19,2020-01-07,10,16,2020-06-12
2019/2020,2309,Krokom,23,15680,municipal,2019-08-22,44,2019-12-18,2020-01-08,10,16,2020-06-12
2019/2020,2313,Strömsund,23,11023,municipal,2019-08-22,44,2019-12-18,2020-01-08,10,16,2020-06-12
2019/2020,2321,Åre,23,12693,municipal,2019-08-22,44,2019-12-18,2020-01-08,10,16,2020-06-12
2019/2020,2326,Berg,23,7108,municipal,2019-08-22,44,2019-12-18,2020-01-07,10,16,2020-06-12
2019/2020,2361,Härjedalen,23,10175,municipal,2019-08-22,44,2019-12-18,2020-01-09,10,16,2020-06-12
2019/2020,2380,Östersund,23,64979,municipal,2019-08-22,44,2019-12-18,2020-01-08,10,16,2020-06-12
2019/2020,2401,Nordmaling,24,6942,municipal,2019-08-19,44,2019-12-20,2020-01-09,10,16,2020-06-10
2019/2020,2403,Bjurholm,24,2359,municipal,2019-08-19,44,2019-12-20,2020-01-08,10,16,2020-06-10
2019/2020,2404,Vindeln,24,5417,municipal,2019-08-21,44,2019-12-19,2020-01-09,10,16,2020-06-11
2019/2020,2409,Robertsfors,24,6690,municipal,2019-08-19,44,2019-12-20,2020-01-09,10,16,2020-06-08
2019/2020,2417,Norsjö,24,3968,municipal,2019-08-20,44,2019-12-20,2020-01-08,10,16,2020-06-05
2019/2020,2418,Malå,24,2962,municipal,2019-08-20,44,2019-12-19,2020-01-09,10,16,2020-06-10
2019/2020,2421,Storuman,24,5577,municipal,2019-08-22,44,2019-12-20,2020-01-09,10,16,2020-06-12
2019/2020,2422,Sorsele,24,2357,municipal,2019-08-19,44,2019-12-20,2020-01-09,10,16,2020-06-11
2019/2020,2425,Dorotea,24,2294,municipal,2019-08-26,44,2019-12-20,2020-01-09,10,16,2020-06-12
2019/2020,2460,Vännäs,24,9132,municipal,2019-08-20,44,2019-12-20,2020-01-10,10,16,2020-06-11
2019/2020,2462,Vilhelmina,24,6229,municipal,2019-08-26,44,2019-12-20,2020-01-08,10,16,2020-06-12
2019/2020,2480,Umeå,24,134249,municipal,2019-08-19,44,2019-12-20,2020-01-08,10,16,2020-06-10
2019/2020,2481,Lycksele,24,12118,municipal,2019-08-19,44,2019-12-20,2020-01-13,10,16,2020-06-10
2019/2020,2482,Skellefteå,24,78150,municipal,2019-08-21,44,2019-12-20,2020-01-09,10,16,2020-06-11
2019/2020,2505,Arvidsjaur,25,6089,municipal,2019-08-22,44,2019-12-20,2020-01-08,10,16,2020-06-11
2019/2020,2506,Arjeplog,25,2599,municipal,2019-08-21,44,2019-12-20,2020-01-13,10,16,2020-06-11
2019/2020,2510,Jokkmokk,25,4701,municipal,2019-08-21,44,2019-12-20,2020-01-09,10,16,2020-06-12
2019/2020,2514,Kalix,25,15391,municipal,2019-08-22,44,2019-12-20,2020-01-09,10,16,2020-06-12
2019/2020,2518,Övertorneå,25,4057,municipal,2019-08-22,44,2019-12-20,2020-01-09,10,16,2020-06-12
2019/2020,2521,Pajala,25,5857,municipal,2019-08-26,44,2019-12-20,2020-01-09,10,16,2020-06-12
2019/2020,2523,Gällivare,25,17233,municipal,2019-08-22,44,2019-12-20,2020-01-09,10,16,2020-06-12
2019/2020,2560,Älvsbyn,25,7774,municipal,2019-08-22,44,2019-12-20,2020-01-09,10,16,2020-06-12
2019/2020,2580,Luleå,25,79645,municipal,2019-08-22,44,2019-12-20,2020-01-09,10,16,2020-06-12
2019/2020,2581,Piteå,25,42447,municipal,2019-08-22,44,2019-12-20,2020-01-09,10,16,2020-06-12
2019/2020,2582,Boden,25,28049,municipal,2019-08-22,44,2019-12-20,2020-01-09,10,16,2020-06-12
2019/2020,2583,Haparanda,25,9151,municipal,2019-08-21,44,2019-12-20,2020-01-08,10,16,2020-06-09
2019/2020,2584,Kiruna,25,22426,municipal,2019-08-26,44,2019-12-20,2020-01-09,10,16,2020-06-12
2019/2020,01,Stockholm (county summary),01,,county_summary,2019-08-12,44,2019-12-18,2020-01-07,9,15+16,2020-06-05
2019/2020,03,Uppsala (county summary),03,,county_summary,2019-08-19,44,2019-12-20,2020-01-09,8,15,2020-06-09
2019/2020,04,Södermanland (county summary),04,,county_summary,2019-08-14,44,2019-12-19,2020-01-07,8,15+16,2020-06-05
2019/2020,05,Östergötland (county summary),05,,county_summary,2019-08-15,44,2019-12-19,2020-01-07,8,14+15,2020-06-10
2019/2020,06,Jönköping (county summary),06,,county_summary,2019-08-15,44,2019-12-19,2020-01-07,7,15+16,2020-06-09
2019/2020,07,Kronoberg (county summary),07,,county_summary,2019-08-15,44,2019-12-19,2020-01-07,8,15,2020-06-09
2019/2020,08,Kalmar (county summary),08,,county_summary,2019-08-19,44,2019-12-19,2020-01-07,8,16,2020-06-12
2019/2020,09,Gotland (county summary),09,,county_summary,2019-08-20,44,2019-12-20,2020-01-07,9,15,2020-06-10
2019/2020,10,Blekinge (county summary),10,,county_summary,2019-08-20,44,2019-12-20,2020-01-08,8,15+16,2020-06-10
2019/2020,12,Skåne (county summary),12,,county_summary,2019-08-15,44,2019-12-18,2020-01-07,8,15+16,2020-06-05
2019/2020,13,Halland (county summary),13,,county_summary,2019-08-19,44,2019-12-20,2020-01-07,7+8,15,2020-06-10
2019/2020,14,Västra Götaland (county summary),14,,county_summary,2019-08-19,44,2019-12-19,2020-01-07,7+8+9,15+16,2020-06-09
2019/2020,17,Värmland (county summary),17,,county_summary,2019-08-19,44,2019-12-19,2020-01-08,9,16,2020-06-10
2019/2020,18,Örebro (county summary),18,,county_summary,2019-08-19,44,2019-12-19,2020-01-07,8,15+16,2020-06-10
2019/2020,19,Västmanland (county summary),19,,county_summary,2019-08-19,44,2019-12-19,2020-01-08,9,15,2020-06-09
2019/2020,20,Dalarna (county summary),20,,county_summary,2019-08-19,44,2019-12-19,2020-01-07,9,15+16,2020-06-09
2019/2020,21,Gävleborg (county summary),21,,county_summary,2019-08-19,44,2019-12-19,2020-01-07,9+10,15+16,2020-06-05
2019/2020,22,Västernorrland (county summary),22,,county_summary,2019-08-21,44,2019-12-19,2020-01-07,10,16,2020-06-10
2019/2020,23,Jämtland (county summary),23,,county_summary,2019-08-22,44,2019-12-18,2020-01-07,10,16,2020-06-12
2019/2020,24,Västerbotten (county summary),24,,county_summary,2019-08-19,44,2019-12-19,2020-01-08,10,16,2020-06-05
2019/2020,25,Norrbotten (county summary),25,,county_summary,2019-08-21,44,2019-12-20,2020-01-08,10,16,2020-06-09
2020/2021,0114,Upplands Väsby,01,50323,municipal,2020-08-26,44,2020-12-18,2021-01-07,9,14,2021-06-16
2020/2021,0115,Vallentuna,01,35119,municipal,2020-08-20,44,2020-12-18,2021-01-08,9,14,2021-06-11
2020/2021,0120,Värmdö,01,46635,municipal,2020-08-19,44,2020-12-18,2021-01-11,9,14,2021-06-11
2020/2021,0123,Järfälla,01,88950,municipal,2020-08-20,44,2020-12-17,2021-01-07,9,14,2021-06-11
2020/2021,0125,Ekerö,01,28910,municipal,2020-08-17,44,2020-12-18,2021-01-12,9,14,2021-06-09
2020/2021,0126,Huddinge,01,114304,municipal,2020-08-20,44,2020-12-18,2021-01-07,9,13,2021-06-10
2020/2021,0136,Haninge,01,100895,municipal,2020-08-19,44,2020-12-18,2021-01-07,9,14,2021-06-10
2020/2021,0140,Nykvarn,01,12342,municipal,2020-08-19,44,2020-12-18,2021-01-12,9,14,2021-06-11
2020/2021,0160,Täby,01,77744,municipal,2020-08-17,44,2020-12-18,2021-01-08,9,14,2021-06-11
2020/2021,0162,Danderyd,01,32425,municipal,2020-08-19,44,2020-12-18,2021-01-12,9,14,2021-06-15
2020/2021,0163,Sollentuna,01,77624,municipal,2020-08-19,44,2020-12-22,2021-01-11,9,14,2021-06-10
2020/2021,0180,Stockholm,01,995574,municipal,2020-08-19,44,2020-12-18,2021-01-11,9,14,2021-06-11
2020/2021,0181,Södertälje,01,102911,municipal,2020-08-17,44,2020-12-18,2021-01-11,9,14,2021-06-11
2020/2021,0183,Sundbyberg,01,56274,municipal,2020-08-18,44,2020-12-18,2021-01-12,9,14,2021-06-11
2020/2021,0186,Lidingö,01,48377,municipal,2020-08-20,44,2020-12-18,2021-01-11,9,14,2021-06-11
2020/2021,0187,Vaxholm,01,11822,municipal,2020-08-20,44,2020-12-18,2021-01-12,9,14,2021-06-15
2020/2021,0188,Norrtälje,01,66585,municipal,2020-08-19,44,2020-12-22,2021-01-11,9,14,2021-06-10
2020/2021,0192,Nynäshamn,01,30579,municipal,2020-08-19,44,2020-12-18,2021-01-12,9,14,2021-06-11
2020/2021,0319,Älvkarleby,03,9552,municipal,2020-08-20,44,2020-12-22,2021-01-07,9,14,2021-06-09
2020/2021,0331,Heby,03,14345,municipal,2020-08-17,44,2020-12-18,2021-01-12,8,13,2021-06-10
2020/2021,0380,Uppsala,03,248016,municipal,2020-08-17,44,2020-12-18,2021-01-12,8,13,2021-06-10
2020/2021,0381,Enköping,03,48591,municipal,2020-08-17,44,2020-12-18,2021-01-12,8,13,2021-06-10
2020/2021,0428,Vingåker,04,8750,municipal,2020-08-18,44,2020-12-18,2021-01-11,8,14,2021-06-11
2020/2021,0461,Gnesta,04,11458,municipal,2020-08-17,44,2020-12-18,2021-01-11,9,14,2021-06-10
2020/2021,0480,Nyköping,04,58344,municipal,2020-08-18,44,2020-12-17,2021-01-11,8,14,2021-06-11
2020/2021,0483,Katrineholm,04,34154,municipal,2020-08-11,44,2020-12-18,2021-01-11,8,14,2021-06-04
2020/2021,0484,Eskilstuna,04,107203,municipal,2020-08-17,44,2020-12-18,2021-01-08,8,14,2021-06-10
2020/2021,0486,Strängnäs,04,39313,municipal,2020-08-17,44,2020-12-21,2021-01-11,8,14,2021-06-09
2020/2021,0512,Ydre,05,3626,municipal,2020-08-18,44,2020-12-18,2021-01-08,7,14,2021-06-11
2020/2021,0560,Boxholm,05,5517,municipal,2020-08-18,44,2020-12-18,2021-01-07,8,14,2021-06-11
2020/2021,0580,Linköping,05,168035,municipal,2020-08-19,44,2020-12-22,2021-01-07,8,14,2021-06-10
2020/2021,0581,Norrköping,05,144980,municipal,2020-08-18,44,2020-12-22,2021-01-08,8,14,2021-06-10
2020/2021,0582,Söderköping,05,14789,municipal,2020-08-19,44,2020-12-22,2021-01-07,8,14,2021-06-10
2020/2021,0584,Vadstena,05,7490,municipal,2020-08-19,44,2020-12-22,2021-01-07,8,14,2021-06-10
2020/2021,0586,Mjölby,05,28695,municipal,2020-08-19,44,2020-12-22,2021-01-07,8,13,2021-06-10
2020/2021,0617,Gnosjö,06,9131,municipal,2020-08-19,44,2020-12-18,2021-01-11,7,14,2021-06-15
2020/2021,0643,Habo,06,13456,municipal,2020-08-18,44,2020-12-22,2021-01-12,7,14,2021-06-11
2020/2021,0662,Gislaved,06,28936,municipal,2020-08-19,44,2020-12-22,2021-01-12,7,14,2021-06-11
2020/2021,0680,Jönköping,06,147654,municipal,2020-08-21,44,2020-12-20,2021-01-07,7,15,2021-06-12
2020/2021,0682,Nässjö,06,31587,municipal,2020-08-18,44,2020-12-22,2021-01-11,7,14,2021-06-11
2020/2021,0683,Värnamo,06,34542,municipal,2020-08-19,44,2020-12-22,2021-01-07,7,14,2021-06-10
2020/2021,0684,Sävsjö,06,11563,municipal,2020-08-20,44,2020-12-22,2021-01-07,7,14,2021-06-11
2020/2021,0686,Eksjö,06,17792,municipal,2020-08-19,44,2020-12-22,2021-01-08,7,14,2021-06-11
2020/2021,0763,Tingsryd,07,11966,municipal,2020-08-19,44,,2021-01-11,8,14,2021-06-11
2020/2021,0764,Alvesta,07,19830,municipal,2020-08-18,44,2020-12-18,2021-01-08,8,13,2021-06-11
2020/2021,0767,Markaryd,07,9938,municipal,2020-08-19,44,2020-12-22,2021-01-11,8,13,2021-06-11
2020/2021,0781,Ljungby,07,28280,municipal,2020-08-18,44,2020-12-22,2021-01-12,8,13,2021-06-11
2020/2021,0840,Mörbylånga,08,16224,municipal,2020-08-19,44,2020-12-18,2021-01-12,8,14,2021-06-18
2020/2021,0860,Hultsfred,08,13673,municipal,2020-08-19,44,2020-12-18,2021-01-12,8,14,2021-06-18
2020/2021,0880,Kalmar,08,72704,municipal,2020-08-18,44,2020-12-18,2021-01-07,8,14,2021-06-11
2020/2021,0881,Nybro,08,19951,municipal,2020-08-18,44,2020-12-18,2021-01-07,8,14,2021-06-11
2020/2021,0882,Oskarshamn,08,26923,municipal,2020-08-17,44,2020-12-23,2021-01-07,8,13,2021-06-11
2020/2021,0884,Vimmerby,08,15384,municipal,2020-08-18,44,2020-12-18,2021-01-07,8,14,2021-06-11
2020/2021,0980,Gotland,09,60971,municipal,2020-08-18,44,2020-12-18,2021-01-07,9,14,2021-06-10
2020/2021,1080,Karlskrona,10,66301,municipal,2020-08-18,44,2020-12-18,2021-01-12,8,13,2021-06-11
2020/2021,1081,Ronneby,10,28741,municipal,2020-08-19,44,2020-12-22,2021-01-11,8,14,2021-06-11
2020/2021,1214,Svalöv,12,14543,municipal,2020-08-19,44,,2021-01-11,8,13,2021-06-15
2020/2021,1230,Staffanstorp,12,27303,municipal,2020-08-17,44,2020-12-18,2021-01-11,8,13,2021-06-15
2020/2021,1231,Burlöv,12,20101,municipal,2020-08-18,44,2020-12-18,2021-01-11,8,13,2021-06-11
2020/2021,1260,Bjuv,12,15985,municipal,2020-08-17,44,2020-12-18,2021-01-13,8,13,2021-06-15
2020/2021,1261,Kävlinge,12,32477,municipal,2020-08-19,44,2020-12-18,2021-01-11,8,13,2021-06-15
2020/2021,1262,Lomma,12,24715,municipal,2020-08-20,44,2020-12-22,2021-01-11,8,13,2021-06-16
2020/2021,1263,Svedala,12,23581,municipal,2020-08-13,44,2020-12-18,2021-01-13,8,13,2021-06-11
2020/2021,1264,Skurup,12,17099,municipal,2020-08-26,44,2020-12-22,2021-01-11,8,13,2021-06-17
2020/2021,1265,Sjöbo,12,19337,municipal,2020-08-19,44,2020-12-18,2021-01-13,8,13,2021-06-17
2020/2021,1267,Höör,12,17518,municipal,2020-08-19,44,2020-12-18,2021-01-11,8,13,2021-06-11
2020/2021,1270,Tomelilla,12,13639,municipal,2020-08-19,44,,2021-01-11,8,13,2021-06-15
2020/2021,1272,Bromölla,12,12470,municipal,2020-08-17,44,2020-12-18,2021-01-11,8,14,2021-06-11
2020/2021,1273,Osby,12,12947,municipal,,44,2020-12-18,,8,13,2021-06-10
2020/2021,1277,Åstorp,12,16449,municipal,2020-08-20,44,2020-12-18,2021-01-07,8,13,2021-06-18
2020/2021,1278,Båstad,12,16026,municipal,2020-08-19,44,2020-12-18,2021-01-11,8,13,2021-06-15
2020/2021,1280,Malmö,12,365644,municipal,2020-08-17,44,2020-12-22,2021-01-11,8,13,2021-06-11
2020/2021,1282,Landskrona,12,47309,municipal,2020-08-17,44,2020-12-18,2021-01-08,8,13,2021-06-11
2020/2021,1284,Höganäs,12,28430,municipal,2020-08-19,44,2020-12-18,2021-01-11,8,13,2021-06-15
2020/2021,1285,Eslöv,12,34922,municipal,2020-08-17,44,2020-12-18,2021-01-11,8,13,2021-06-11
2020/2021,1290,Kristianstad,12,86379,municipal,2020-08-19,44,2020-12-18,2021-01-13,8,14,2021-06-18
2020/2021,1291,Simrishamn,12,18890,municipal,2020-08-17,44,2020-12-18,2021-01-11,8,13,2021-06-17
2020/2021,1292,Ängelholm,12,45110,municipal,2020-08-13,44,2020-12-18,2021-01-11,8,13,2021-06-09
2020/2021,1380,Halmstad,13,106084,municipal,2020-08-17,44,2020-12-18,2021-01-11,8,14,2021-06-10
2020/2021,1382,Falkenberg,13,47337,municipal,2020-08-17,44,2020-12-18,2021-01-11,8,15,2021-06-10
2020/2021,1384,Kungsbacka,13,85792,municipal,2020-08-17,44,,2021-01-07,7,14,2021-06-10
2020/2021,1402,Partille,14,41060,municipal,2020-08-20,44,2020-12-18,2021-01-07,7,14,2021-06-10
2020/2021,1407,Öckerö,14,12771,municipal,2020-08-19,44,2020-12-18,2021-01-11,7,14,2021-06-11
2020/2021,1415,Stenungsund,14,27851,municipal,2020-08-24,44,2020-12-22,2021-01-11,7,14,2021-06-11
2020/2021,1419,Tjörn,14,16092,municipal,2020-08-20,44,2020-12-22,2021-01-11,7,14,2021-06-10
2020/2021,1421,Orust,14,15352,municipal,2020-08-19,44,2020-12-18,2021-01-11,8,14,2021-06-11
2020/2021,1438,Dals-Ed,14,4606,municipal,2020-08-17,44,2020-12-18,2021-01-12,8,14,2021-06-10
2020/2021,1441,Lerum,14,43570,municipal,2020-08-19,44,2020-12-18,2021-01-11,7,14,2021-06-11
2020/2021,1442,Vårgårda,14,12474,municipal,2020-08-18,44,2020-12-18,2021-01-11,7,14,2021-06-11
2020/2021,1443,Bollebygd,14,9802,municipal,2020-08-18,44,2020-12-18,2021-01-11,7,14,2021-06-11
2020/2021,1445,Essunga,14,5560,municipal,2020-08-18,44,2020-12-18,2021-01-11,7,14,2021-06-16
2020/2021,1452,Tranemo,14,11839,municipal,2020-08-19,44,2020-12-18,2021-01-11,7,14,2021-06-11
2020/2021,1461,Mellerud,14,9052,municipal,2020-08-21,44,2020-12-20,2021-01-09,8,15,2021-06-11
2020/2021,1462,Lilla Edet,14,14442,municipal,2020-08-17,44,2020-12-18,2021-01-13,7,14,2021-06-11
2020/2021,1463,Mark,14,35155,municipal,2020-08-17,44,2020-12-18,2021-01-11,7,14,2021-06-11
2020/2021,1465,Svenljunga,14,10747,municipal,2020-08-18,44,2020-12-22,2021-01-11,7,14,2021-06-11
2020/2021,1470,Vara,14,16088,municipal,2020-08-20,44,2020-12-22,2021-01-11,7,13,2021-06-11
2020/2021,1471,Götene,14,13286,municipal,2020-08-21,44,2020-12-20,2021-01-08,7,15,2021-06-12
2020/2021,1472,Tibro,14,11338,municipal,2020-08-17,44,2020-12-18,2021-01-11,7,13,2021-06-10
2020/2021,1485,Uddevalla,14,57010,municipal,2020-08-17,44,2020-12-18,2021-01-07,8,14,2021-06-11
2020/2021,1486,Strömstad,14,13482,municipal,2020-08-17,44,2020-12-18,2021-01-11,8,14,2021-06-10
2020/2021,1487,Vänersborg,14,40041,municipal,2020-08-18,44,2020-12-18,2021-01-11,8,14,2021-06-09
2020/2021,1488,Trollhättan,14,59003,municipal,2020-08-17,44,2020-12-18,2021-01-08,8,14,2021-06-10
2020/2021,1489,Alingsås,14,42722,municipal,2020-08-18,44,2020-12-21,2021-01-08,7,14,2021-06-16
2020/2021,1490,Borås,14,114872,municipal,2020-08-18,44,2020-12-18,2021-01-12,7,13,2021-06-11
2020/2021,1492,Åmål,14,11906,municipal,2020-08-17,44,2020-12-18,2021-01-07,9,14,2021-06-10
2020/2021,1493,Mariestad,14,24583,municipal,2020-08-20,44,2020-12-18,2021-01-07,7,13,2021-06-11
2020/2021,1494,Lidköping,14,40425,municipal,2020-08-18,44,2020-12-18,2021-01-11,7,13,2021-06-11
2020/2021,1495,Skara,14,18707,municipal,2020-08-17,44,2020-12-22,2021-01-11,7,13,2021-06-11
2020/2021,1497,Hjo,14,9350,municipal,2020-08-18,44,2020-12-22,2021-01-11,7,13,2021-06-10
2020/2021,1498,Tidaholm,14,12805,municipal,2020-08-17,44,2020-12-18,2021-01-07,7,13,2021-06-10
2020/2021,1499,Falköping,14,32806,municipal,2020-08-19,44,2020-12-22,2021-01-11,7,13,2021-06-10
2020/2021,1730,Eda,17,8412,municipal,2020-08-18,44,2020-12-18,2021-01-07,9,14,2021-06-10
2020/2021,1737,Torsby,17,11321,municipal,2020-08-18,44,2020-12-18,2021-01-11,9,14,2021-06-10
2020/2021,1760,Storfors,17,3788,municipal,2020-08-19,44,2020-12-22,2021-01-11,9,14,2021-06-11
2020/2021,1762,Munkfors,17,3625,municipal,2020-08-17,44,2020-12-18,2021-01-11,9,14,2021-06-11
2020/2021,1780,Karlstad,17,98084,municipal,2020-08-18,44,2020-12-22,2021-01-11,9,14,2021-06-11
2020/2021,1784,Arvika,17,25547,municipal,2020-08-18,44,2020-12-18,2021-01-11,9,14,2021-06-09
2020/2021,1860,Laxå,18,5423,municipal,2020-08-18,44,2020-12-22,2021-01-11,8,13,2021-06-09
2020/2021,1864,Ljusnarsberg,18,4369,municipal,2020-08-18,44,2020-12-22,2021-01-12,8,15,2021-06-11
2020/2021,1880,Örebro,18,160140,municipal,2020-08-17,44,2020-12-22,2021-01-12,8,13,2021-06-09
2020/2021,1882,Askersund,18,11477,municipal,2020-08-20,44,2020-12-18,2021-01-11,8,13,2021-06-11
2020/2021,1885,Lindesberg,18,23141,municipal,2020-08-18,44,2020-12-22,2021-01-11,8,14,2021-06-11
2020/2021,1960,Kungsör,19,8694,municipal,2020-08-18,44,2020-12-18,2021-01-11,9,14,2021-06-11
2020/2021,1961,Hallstahammar,19,16653,municipal,2020-08-18,44,,2021-01-11,9,14,2021-06-10
2020/2021,1962,Norberg,19,5452,municipal,2020-08-18,44,2020-12-18,2021-01-07,9,14,2021-06-11
2020/2021,2021,Vansbro,20,6752,municipal,2020-08-18,44,2020-12-18,2021-01-07,9,14,2021-06-11
2020/2021,2023,Malung-Sälen,20,10254,municipal,2020-08-18,44,2020-12-18,2021-01-07,9,14,2021-06-11
2020/2021,2026,Gagnef,20,10384,municipal,2020-08-18,44,2020-12-18,2021-01-11,9,14,2021-06-11
2020/2021,2031,Rättvik,20,10998,municipal,2020-08-20,44,2020-12-20,2021-01-09,9,16,2021-06-11
2020/2021,2034,Orsa,20,6851,municipal,2020-08-18,44,2020-12-18,2021-01-11,9,14,2021-06-11
2020/2021,2062,Mora,20,20540,municipal,2020-08-18,44,2020-12-18,2021-01-11,9,14,2021-06-11
2020/2021,2084,Avesta,20,22417,municipal,2020-08-18,44,2020-12-18,2021-01-11,9,14,2021-06-10
2020/2021,2085,Ludvika,20,26634,municipal,2020-08-18,44,2020-12-18,2021-01-11,9,14,2021-06-10
2020/2021,2104,Hofors,21,9281,municipal,2020-08-17,44,2020-12-18,2021-01-13,9,14,2021-06-11
2020/2021,2121,Ovanåker,21,11341,municipal,2020-08-13,44,2020-12-18,2021-01-11,10,14,2021-06-09
2020/2021,2161,Ljusdal,21,18445,municipal,2020-08-17,44,2020-12-18,2021-01-12,10,14,2021-06-11
2020/2021,2180,Gävle,21,103838,municipal,2020-08-20,44,2020-12-22,2021-01-07,9,14,2021-06-09
2020/2021,2181,Sandviken,21,38360,municipal,2020-08-20,44,2020-12-22,2021-01-07,9,14,2021-06-09
2020/2021,2183,Bollnäs,21,26243,municipal,2020-08-19,44,2020-12-22,2021-01-11,10,14,2021-06-08
2020/2021,2260,Ånge,22,9044,municipal,2020-08-20,44,2020-12-21,2021-01-07,10,14,2021-06-10
2020/2021,2262,Timrå,22,17521,municipal,2020-08-19,44,2020-12-18,2021-01-11,10,14,2021-06-11
2020/2021,2280,Härnösand,22,24515,municipal,2020-08-20,44,2020-12-18,2021-01-07,10,14,2021-06-10
2020/2021,2305,Bräcke,23,6035,municipal,2020-08-20,44,2020-12-18,2021-01-11,10,14,2021-06-11
2020/2021,2309,Krokom,23,15680,municipal,2020-08-20,44,2020-12-18,2021-01-11,10,14,2021-06-11
2020/2021,2313,Strömsund,23,11023,municipal,2020-08-20,44,2020-12-18,2021-01-11,10,14,2021-06-11
2020/2021,2326,Berg,23,7108,municipal,2020-08-20,44,2020-12-18,2021-01-11,10,14,2021-06-11
2020/2021,2361,Härjedalen,23,10175,municipal,2020-08-20,44,2020-12-18,2021-01-11,10,14,2021-06-11
2020/2021,2380,Östersund,23,64979,municipal,2020-08-20,44,2020-12-18,2021-01-11,10,14,2021-06-11
2020/2021,2401,Nordmaling,24,6942,municipal,2020-08-20,44,2020-12-18,2021-01-09,10,14,2021-06-12
2020/2021,2418,Malå,24,2962,municipal,2020-08-18,44,2020-12-18,2021-01-11,10,14,2021-06-09
2020/2021,2421,Storuman,24,5577,municipal,2020-08-25,44,2020-12-22,2021-01-12,10,14,2021-06-17
2020/2021,2422,Sorsele,24,2357,municipal,2020-08-17,44,2020-12-18,2021-01-11,10,14,2021-06-15
2020/2021,2462,Vilhelmina,24,6229,municipal,2020-08-24,44,2020-12-22,2021-01-12,10,14,2021-06-11
2020/2021,2463,Åsele,24,2694,municipal,2020-08-19,44,2020-12-18,2021-01-11,10,14,2021-06-11
2020/2021,2480,Umeå,24,134249,municipal,2020-08-18,44,2020-12-18,2021-01-13,10,14,2021-06-15
2020/2021,2482,Skellefteå,24,78150,municipal,2020-08-20,44,2020-12-22,2021-01-13,10,14,2021-06-15
2020/2021,2506,Arjeplog,25,2599,municipal,2020-08-19,44,2020-12-22,2021-01-12,10,14,2021-06-09
2020/2021,2510,Jokkmokk,25,4701,municipal,2020-08-21,44,2020-12-20,2021-01-09,10,16,2021-06-12
2020/2021,2580,Luleå,25,79645,municipal,2020-08-20,44,2020-12-22,2021-01-11,10,14,2021-06-11
2020/2021,2581,Piteå,25,42447,municipal,2020-08-20,44,2020-12-22,2021-01-07,10,14,2021-06-17
2020/2021,2582,Boden,25,28049,municipal,2020-08-20,44,2020-12-22,,10,14,2021-06-11
2020/2021,2583,Haparanda,25,9151,municipal,2020-08-24,44,2020-12-18,2021-01-11,10,14,2021-06-15
2020/2021,2584,Kiruna,25,22426,municipal,2020-08-24,44,2020-12-18,2021-01-07,10,14,2021-06-11
2020/2021,01,Stockholm (county summary),01,,county_summary,2020-08-17,44,2020-12-17,2021-01-07,9,13+14,2021-06-09
2020/2021,03,Uppsala (county summary),03,,county_summary,2020-08-17,44,2020-12-18,2021-01-07,8+9,13+14,2021-06-09
2020/2021,04,Södermanland (county summary),04,,county_summary,2020-08-11,44,2020-12-17,2021-01-08,8,15+16,2021-06-04
2020/2021,05,Östergötland (county summary),05,,county_summary,2020-08-18,44,2020-12-18,2021-01-07,7+8,13+14+15,2021-06-10
2020/2021,06,Jönköping (county summary),06,,county_summary,2020-08-18,44,2020-12-18,2021-01-07,7,14+15,2021-06-10
2020/2021,07,Kronoberg (county summary),07,,county_summary,2020-08-18,44,2020-12-18,2021-01-08,8,13+14,2021-06-11
2020/2021,08,Kalmar (county summary),08,,county_summary,2020-08-17,44,2020-12-18,2021-01-07,8,13+14,
2020/2021,09,Gotland (county summary),09,,county_summary,2020-08-18,44,2020-12-18,2021-01-07,9,14,2021-06-10
2020/2021,10,Blekinge (county summary),10,,county_summary,2020-08-18,44,2020-12-18,2021-01-11,8,13+14,2021-06-11
2020/2021,12,Skåne (county summary),12,,county_summary,2020-08-13,44,2020-12-18,2021-01-07,8,13+14,2021-06-09
2020/2021,13,Halland (county summary),13,,county_summary,2020-08-17,44,2020-12-18,2021-01-07,7+8,14+15,2021-06-10
2020/2021,14,Västra Götaland (county summary),14,,county_summary,2020-08-17,44,2020-12-18,2021-01-07,7+8+9,13+14+15,2021-06-09
2020/2021,17,Värmland (county summary),17,,county_summary,2020-08-17,44,2020-12-18,2021-01-07,9,16,2021-06-09
2020/2021,18,Örebro (county summary),18,,county_summary,2020-08-17,44,2020-12-18,2021-01-11,8,13+14+15,2021-06-09
2020/2021,19,Västmanland (county summary),19,,county_summary,2020-08-18,44,2020-12-18,2021-01-07,9,14,2021-06-10
2020/2021,20,Dalarna (county summary),20,,county_summary,2020-08-18,44,2020-12-18,2021-01-07,9,14+15+16,2021-06-10
2020/2021,21,Gävleborg (county summary),21,,county_summary,2020-08-13,44,2020-12-18,2021-01-07,9+10,14,2021-06-08
2020/2021,22,Västernorrland (county summary),22,,county_summary,2020-08-21,44,2020-12-19,2021-01-07,10,16,2021-06-10
2020/2021,23,Jämtland (county summary),23,,county_summary,2020-08-20,44,2020-12-18,2021-01-11,10,14,2021-06-11
2020/2021,24,Västerbotten (county summary),24,,county_summary,2020-08-18,44,2020-12-18,2021-01-09,10,14,2021-06-09
2020/2021,25,Norrbotten (county summary),25,,county_summary,2020-08-20,44,2020-12-18,2021-01-07,10,14+15+16,2021-06-11
2021/2022,0114,Upplands Väsby,01,50323,municipal,2021-08-25,44,2021-12-21,2022-01-10,9,15,2022-06-16
2021/2022,0115,Vallentuna,01,35119,municipal,2021-08-19,44,2021-12-21,2022-01-11,9,15,2022-06-14
2021/2022,0117,Österåker,01,49787,municipal,2021-08-18,44,2021-12-22,2022-01-11,9,15,2022-06-09
2021/2022,0120,Värmdö,01,46635,municipal,2021-08-19,44,2021-12-22,2022-01-11,9,15,2022-06-09
2021/2022,0123,Järfälla,01,88950,municipal,2021-08-19,44,2021-12-21,2022-01-10,9,15,2022-06-10
2021/2022,0125,Ekerö,01,28910,municipal,2021-08-17,44,2021-12-17,2022-01-11,9,15,2022-06-10
2021/2022,0126,Huddinge,01,114304,municipal,2021-08-18,45,2021-12-21,2022-01-10,9,15,2022-06-09
2021/2022,0127,Botkyrka,01,95905,municipal,2021-08-19,44,2021-12-22,2022-01-11,9,15,2022-06-10
2021/2022,0128,Salem,01,17507,municipal,2021-08-17,44,2021-12-22,2022-01-12,9,16,2022-06-10
2021/2022,0136,Haninge,01,100895,municipal,2021-08-18,44,2021-12-21,2022-01-10,9,15,2022-06-10
2021/2022,0138,Tyresö,01,49179,municipal,2021-08-18,44,2021-12-22,2022-01-11,9,15,2022-06-10
2021/2022,0139,Upplands-Bro,01,32868,municipal,2021-08-24,44,2021-12-22,2022-01-12,9,15,2022-06-16
2021/2022,0140,Nykvarn,01,12342,municipal,2021-08-18,44,2021-12-21,2022-01-11,9,16,2022-06-10
2021/2022,0160,Täby,01,77744,municipal,2021-08-17,44,2021-12-21,2022-01-11,9,15,2022-06-10
2021/2022,0162,Danderyd,01,32425,municipal,2021-08-17,44,2021-12-21,2022-01-11,9,15,2022-06-10
2021/2022,0163,Sollentuna,01,77624,municipal,2021-08-18,44,2021-12-22,2022-01-11,9,15,2022-06-09
2021/2022,0180,Stockholm,01,995574,municipal,2021-08-18,44,2021-12-22,2022-01-10,9,15,2022-06-10
2021/2022,0181,Södertälje,01,102911,municipal,2021-08-17,44,2021-12-22,2022-01-11,9,15,2022-06-10
2021/2022,0182,Nacka,01,112112,municipal,2021-08-17,44,2021-12-21,2022-01-11,9,15,2022-06-10
2021/2022,0183,Sundbyberg,01,56274,municipal,2021-08-17,44,2021-12-17,2022-01-11,9,15,2022-06-09
2021/2022,0184,Solna,01,85789,municipal,2021-08-18,44,2021-12-22,2022-01-12,9,15,2022-06-10
2021/2022,0186,Lidingö,01,48377,municipal,2021-08-19,44,2021-12-21,2022-01-11,9,15,2022-06-14
2021/2022,0187,Vaxholm,01,11822,municipal,2021-08-17,44,2021-12-21,2022-01-11,9,15,2022-06-09
2021/2022,0188,Norrtälje,01,66585,municipal,2021-08-16,44,2021-12-22,2022-01-12,9,16,2022-06-09
2021/2022,0191,Sigtuna,01,52767,municipal,2021-08-16,44,2021-12-22,2022-01-11,9,15,2022-06-10
2021/2022,0192,Nynäshamn,01,30579,municipal,2021-08-18,44,2021-12-22,2022-01-11,9,15,2022-06-08
2021/2022,0305,Håbo,03,22973,municipal,2021-08-16,44,2021-12-17,2022-01-11,8,15,2022-06-09
2021/2022,0319,Älvkarleby,03,9552,municipal,2021-08-18,44,2021-12-22,2022-01-10,9,15,2022-06-09
2021/2022,0330,Knivsta,03,21193,municipal,2021-08-18,44,2021-12-21,2022-01-11,8,15,2022-06-10
2021/2022,0331,Heby,03,14345,municipal,2021-08-18,44,2021-12-21,2022-01-11,8,15,2022-06-10
2021/2022,0360,Tierp,03,21104,municipal,2021-08-16,44,2021-12-17,2022-01-11,8,15,2022-06-10
2021/2022,0380,Uppsala,03,248016,municipal,2021-08-16,44,2021-12-17,2022-01-11,8,15,2022-06-09
2021/2022,0381,Enköping,03,48591,municipal,2021-08-18,44,2021-12-21,2022-01-11,8,15,2022-06-10
2021/2022,0382,Östhammar,03,22138,municipal,2021-08-16,44,2021-12-17,2022-01-11,8,15,2022-06-09
2021/2022,0428,Vingåker,04,8750,municipal,2021-08-16,44,2021-12-21,2022-01-12,8,16,2022-06-10
2021/2022,0461,Gnesta,04,11458,municipal,2021-08-18,44,2021-12-21,2022-01-12,8,15,2022-06-15
2021/2022,0480,Nyköping,04,58344,municipal,2021-08-17,44,2021-12-22,2022-01-11,8,15,2022-06-10
2021/2022,0481,Oxelösund,04,12031,municipal,2021-08-18,44,2021-12-21,2022-01-11,8,15,2022-06-10
2021/2022,0482,Flen,04,15362,municipal,2021-08-17,44,2021-12-21,2022-01-12,8,15,2022-06-10
2021/2022,0483,Katrineholm,04,34154,municipal,2021-08-16,44,2021-12-21,2022-01-12,8,15,2022-06-10
2021/2022,0484,Eskilstuna,04,107203,municipal,2021-08-16,44,2021-12-21,2022-01-10,8,15,2022-06-09
2021/2022,0486,Strängnäs,04,39313,municipal,2021-08-18,44,2021-12-21,2022-01-10,8,16,2022-06-10
2021/2022,0488,Trosa,04,14927,municipal,2021-08-16,44,2021-12-21,2022-01-11,8,15,2022-06-09
2021/2022,0509,Ödeshög,05,5237,municipal,2021-08-16,44,2021-12-22,2022-01-12,8,15,2022-06-09
2021/2022,0512,Ydre,05,3626,municipal,2021-08-17,44,2021-12-22,2022-01-07,7,15,2022-06-10
2021/2022,0513,Kinda,05,9957,municipal,2021-08-16,44,2021-12-22,2022-01-10,8,15,2022-06-09
2021/2022,0560,Boxholm,05,5517,municipal,2021-08-18,44,2021-12-22,2022-01-07,8,15,2022-06-10
2021/2022,0561,Åtvidaberg,05,11467,municipal,2021-08-17,44,2021-12-21,2022-01-10,8,16,2022-06-10
2021/2022,0562,Finspång,05,21623,municipal,2021-08-17,44,2021-12-22,2022-01-10,8,15,2022-06-10
2021/2022,0563,Valdemarsvik,05,7525,municipal,2021-08-16,44,2021-12-22,2022-01-10,8,15,2022-06-10
2021/2022,0580,Linköping,05,168035,municipal,2021-08-16,44,2021-12-22,2022-01-10,8,15,2022-06-09
2021/2022,0581,Norrköping,05,144980,municipal,2021-08-16,44,2021-12-21,2022-01-07,8,15,2022-06-09
2021/2022,0582,Söderköping,05,14789,municipal,2021-08-16,44,2021-12-21,2022-01-10,8,15,2022-06-09
2021/2022,0583,Motala,05,43505,municipal,2021-08-16,44,2021-12-22,2022-01-07,8,15,2022-06-09
2021/2022,0584,Vadstena,05,7490,municipal,2021-08-23,44,2021-12-22,2022-01-10,8,15,2022-06-16
2021/2022,0586,Mjölby,05,28695,municipal,2021-08-16,44,2021-12-21,2022-01-10,8,15,2022-06-10
2021/2022,0604,Aneby,06,6797,municipal,2021-08-19,44,2021-12-22,2022-01-11,7,15,2022-06-10
2021/2022,0617,Gnosjö,06,9131,municipal,2021-08-19,44,2021-12-22,2022-01-12,7,15,2022-06-15
2021/2022,0642,Mullsjö,06,7594,municipal,2021-08-23,44,2021-12-22,2022-01-11,7,15,2022-06-17
2021/2022,0643,Habo,06,13456,municipal,2021-08-24,44,2021-12-22,2022-01-11,7,15,2022-06-17
2021/2022,0662,Gislaved,06,28936,municipal,2021-08-19,44,2021-12-21,2022-01-12,7,15,2022-06-15
2021/2022,0665,Vaggeryd,06,14825,municipal,2021-08-24,44,2021-12-22,2022-01-12,7,15,2022-06-16
2021/2022,0680,Jönköping,06,147654,municipal,2021-08-21,44,2021-12-21,2022-01-10,7,15,2022-06-17
2021/2022,0682,Nässjö,06,31587,municipal,2021-08-17,44,2021-12-22,2022-01-10,7,15,2022-06-11
2021/2022,0683,Värnamo,06,34542,municipal,2021-08-16,44,2021-12-22,2022-01-10,7,15,2022-06-09
2021/2022,0684,Sävsjö,06,11563,municipal,2021-08-23,44,2021-12-21,2022-01-10,7,15,2022-06-17
2021/2022,0685,Vetlanda,06,27528,municipal,2021-08-17,44,2021-12-22,2022-01-12,7,15,2022-06-10
2021/2022,0686,Eksjö,06,17792,municipal,2021-08-18,44,2021-12-22,2022-01-11,7,15,2022-06-14
2021/2022,0687,Tranås,06,18604,municipal,2021-08-17,44,2021-12-22,2022-01-11,7,15,2022-06-10
2021/2022,0760,Uppvidinge,07,9061,municipal,2021-08-16,44,2021-12-21,2022-01-07,8,15,2022-06-09
2021/2022,0761,Lessebo,07,8289,municipal,2021-08-16,44,2021-12-21,2022-01-11,8,15,2022-06-10
2021/2022,0763,Tingsryd,07,11966,municipal,2021-08-16,44,2021-12-21,2022-01-12,8,15,2022-06-10
2021/2022,0764,Alvesta,07,19830,municipal,2021-08-18,44,2021-12-22,2022-01-11,8,15,2022-06-10
2021/2022,0765,Älmhult,07,17653,municipal,2021-08-16,44,2021-12-21,2022-01-11,8,15,2022-06-10
2021/2022,0767,Markaryd,07,9938,municipal,2021-08-17,44,2021-12-22,2022-01-11,8,15,2022-06-10
2021/2022,0780,Växjö,07,98334,municipal,2021-08-16,44,2021-12-21,2022-01-10,8,15,2022-06-10
2021/2022,0781,Ljungby,07,28280,municipal,2021-08-17,44,2021-12-22,2022-01-11,8,15,2022-06-10
2021/2022,0821,Högsby,08,5321,municipal,2021-08-23,44,2021-12-22,2022-01-11,8,16,2022-06-17
2021/2022,0834,Torsås,08,6984,municipal,2021-08-23,44,2021-12-22,2022-01-11,8,16,2022-06-17
2021/2022,0840,Mörbylånga,08,16224,municipal,2021-08-23,44,2021-12-22,2022-01-11,8,16,2022-06-17
2021/2022,0860,Hultsfred,08,13673,municipal,2021-08-23,44,2021-12-22,2022-01-11,8,16,2022-06-17
2021/2022,0861,Mönsterås,08,13069,municipal,2021-08-23,44,2021-12-22,2022-01-11,8,16,2022-06-17
2021/2022,0862,Emmaboda,08,9006,municipal,2021-08-23,44,2021-12-22,2022-01-11,8,15,2022-06-17
2021/2022,0880,Kalmar,08,72704,municipal,2021-08-23,44,2021-12-22,2022-01-11,8,16,2022-06-17
2021/2022,0881,Nybro,08,19951,municipal,2021-08-23,44,2021-12-22,2022-01-11,8,16,2022-06-17
2021/2022,0882,Oskarshamn,08,26923,municipal,2021-08-23,44,2021-12-22,2022-01-11,8,16,2022-06-17
2021/2022,0883,Västervik,08,36447,municipal,2021-08-23,44,2021-12-22,2022-01-11,8,16,2022-06-17
2021/2022,0884,Vimmerby,08,15384,municipal,2021-08-23,44,2021-12-22,2022-01-11,8,16,2022-06-17
2021/2022,0885,Borgholm,08,10666,municipal,2021-08-23,44,2021-12-22,2022-01-11,8,16,2022-06-17
2021/2022,0980,Gotland,09,60971,municipal,2021-08-23,44,2021-12-22,2022-01-07,9,15,2022-06-14
2021/2022,1060,Olofström,10,13000,municipal,2021-08-18,44,2021-12-22,2022-01-12,8,16,2022-06-14
2021/2022,1080,Karlskrona,10,66301,municipal,2021-08-23,44,2021-12-22,2022-01-11,8,16,2022-06-14
2021/2022,1081,Ronneby,10,28741,municipal,2021-08-18,44,2021-12-22,2022-01-12,8,16,2022-06-14
2021/2022,1082,Karlshamn,10,31751,municipal,2021-08-18,44,2021-12-22,2022-01-12,8,16,2022-06-14
2021/2022,1083,Sölvesborg,10,17430,municipal,2021-08-18,44,2021-12-22,2022-01-12,8,16,2022-06-14
2021/2022,1214,Svalöv,12,14543,municipal,2021-08-18,44,2021-12-22,2022-01-11,8,15,2022-06-10
2021/2022,1230,Staffanstorp,12,27303,municipal,2021-08-18,44,2021-12-22,2022-01-12,8,15,2022-06-16
2021/2022,1231,Burlöv,12,20101,municipal,2021-08-19,44,2021-12-21,2022-01-10,8,15,2022-06-14
2021/2022,1233,Vellinge,12,37816,municipal,2021-08-19,44,2021-12-22,2022-01-12,8,15,2022-06-15
2021/2022,1256,Östra Göinge,12,13978,municipal,2021-08-23,44,2021-12-21,2022-01-10,8,15,2022-06-17
2021/2022,1257,Örkelljunga,12,10277,municipal,2021-08-16,44,2021-12-21,2022-01-11,8,15,2022-06-10
2021/2022,1260,Bjuv,12,15985,municipal,2021-08-17,44,2021-12-21,2022-01-11,8,15,2022-06-15
2021/2022,1261,Kävlinge,12,32477,municipal,2021-08-18,44,2021-12-21,2022-01-12,8,15,2022-06-15
2021/2022,1262,Lomma,12,24715,municipal,2021-08-19,44,2021-12-22,2022-01-12,8,15,2022-06-16
2021/2022,1263,Svedala,12,23581,municipal,2021-08-19,44,2021-12-22,2022-01-13,8,15,2022-06-17
2021/2022,1264,Skurup,12,17099,municipal,2021-08-24,44,2021-12-22,2022-01-11,8,15,2022-06-17
2021/2022,1265,Sjöbo,12,19337,municipal,2021-08-17,44,2021-12-21,2022-01-12,8,15,2022-06-14
2021/2022,1266,Hörby,12,15562,municipal,2021-08-19,44,2021-12-21,2022-01-11,8,15,2022-06-16
2021/2022,1267,Höör,12,17518,municipal,2021-08-18,44,2021-12-22,2022-01-12,8,15,2022-06-10
2021/2022,1270,Tomelilla,12,13639,municipal,2021-08-17,44,2021-12-17,2022-01-12,8,15,2022-06-16
2021/2022,1272,Bromölla,12,12470,municipal,2021-08-18,44,2021-12-21,2022-01-12,8,15,2022-06-15
2021/2022,1273,Osby,12,12947,municipal,2021-08-18,44,2021-12-21,2022-01-12,8,15,2022-06-14
2021/2022,1275,Perstorp,12,7235,municipal,2021-08-18,44,2021-12-21,2022-01-12,8,15,2022-06-14
2021/2022,1276,Klippan,12,17714,municipal,2021-08-16,44,2021-12-21,2022-01-11,8,15,2022-06-10
2021/2022,1277,Åstorp,12,16449,municipal,2021-08-18,44,2021-12-22,2022-01-10,8,15,2022-06-10
2021/2022,1278,Båstad,12,16026,municipal,2021-08-18,44,2021-12-21,2022-01-11,8,15,2022-06-14
2021/2022,1280,Malmö,12,365644,municipal,2021-08-17,44,2021-12-22,2022-01-11,8,15,2022-06-14
2021/2022,1281,Lund,12,131590,municipal,2021-08-16,44,2021-12-21,2022-01-10,8,15,2022-06-10
2021/2022,1282,Landskrona,12,47309,municipal,2021-08-19,44,2021-12-22,2022-01-10,8,15,2022-06-14
2021/2022,1283,Helsingborg,12,152091,municipal,2021-08-16,44,2021-12-21,2022-01-11,8,15,2022-06-10
2021/2022,1284,Höganäs,12,28430,municipal,2021-08-17,43,2021-12-21,2022-01-15,9,15,2022-06-15
2021/2022,1285,Eslöv,12,34922,municipal,2021-08-18,44,2021-12-21,2022-01-12,8,15,2022-06-15
2021/2022,1286,Ystad,12,32106,municipal,2021-08-24,44,2021-12-22,2022-01-11,8,15,2022-06-17
2021/2022,1287,Trelleborg,12,47269,municipal,2021-08-16,44,2021-12-20,2022-01-11,8,15,2022-06-10
2021/2022,1290,Kristianstad,12,86379,municipal,2021-08-19,44,2021-12-21,2022-01-13,8,15,2022-06-17
2021/2022,1291,Simrishamn,12,18890,municipal,2021-08-23,44,2021-12-21,2022-01-12,8,15,2022-06-17
2021/2022,1292,Ängelholm,12,45110,municipal,2021-08-18,44,2021-12-21,2022-01-12,8,15,2022-06-15
2021/2022,1293,Hässleholm,12,52114,municipal,2021-08-16,44,2021-12-22,2022-01-12,8,15,2022-06-10
2021/2022,1315,Hylte,13,10196,municipal,2021-08-16,44,2021-12-21,2022-01-11,8,15,2022-06-10
2021/2022,1380,Halmstad,13,106084,municipal,2021-08-17,44,2021-12-22,2022-01-10,8,15,2022-06-09
2021/2022,1381,Laholm,13,26595,municipal,2021-08-16,44,2021-12-22,2022-01-11,8,15,2022-06-10
2021/2022,1382,Falkenberg,13,47337,municipal,2021-08-11,44,2021-12-22,2022-01-12,8,15,2022-06-14
2021/2022,1383,Varberg,13,69070,municipal,2021-08-17,44,2021-12-21,2022-01-12,8,15,2022-06-15
2021/2022,1384,Kungsbacka,13,85792,municipal,2021-08-18,44,2021-12-17,2022-01-17,7,15,2022-06-17
2021/2022,1401,Härryda,14,40003,municipal,2021-08-18,44,2021-12-21,2022-01-10,7,15,2022-06-10
2021/2022,1402,Partille,14,41060,municipal,2021-08-18,44,2021-12-21,2022-01-12,7,15,2022-06-10
2021/2022,1407,Öckerö,14,12771,municipal,2021-08-25,44,2021-12-22,2022-01-12,7,15,2022-06-17
2021/2022,1415,Stenungsund,14,27851,municipal,2021-08-19,44,2021-12-22,2022-01-10,7,15,2022-06-09
2021/2022,1419,Tjörn,14,16092,municipal,2021-08-19,44,2021-12-22,2022-01-11,7,15,2022-06-10
2021/2022,1421,Orust,14,15352,municipal,2021-08-19,44,2021-12-21,2022-01-12,8,15,2022-06-15
2021/2022,1427,Sotenäs,14,9104,municipal,2021-08-19,44,2021-12-21,2022-01-12,8,15,2022-06-14
2021/2022,1430,Munkedal,14,10354,municipal,2021-08-19,44,2021-12-21,2022-01-12,8,15,2022-06-14
2021/2022,1435,Tanum,14,12773,municipal,2021-08-19,44,2021-12-21,2022-01-12,8,15,2022-06-14
2021/2022,1438,Dals-Ed,14,4606,municipal,2021-08-18,44,2021-12-21,2022-01-13,8,16,2022-06-14
2021/2022,1439,Färgelanda,14,6376,municipal,2021-08-19,44,2021-12-21,2022-01-12,8,15,2022-06-14
2021/2022,1440,Ale,14,32576,municipal,2021-08-23,44,2021-12-22,2022-01-12,7,15,2022-06-15
2021/2022,1441,Lerum,14,43570,municipal,2021-08-18,44,2021-12-21,2022-01-10,7,15,2022-06-09
2021/2022,1442,Vårgårda,14,12474,municipal,2021-08-17,44,2021-12-21,2022-01-11,7,15,2022-06-10
2021/2022,1443,Bollebygd,14,9802,municipal,2021-08-17,44,2021-12-21,2022-01-11,7,15,2022-06-10
2021/2022,1444,Grästorp,14,5555,municipal,2021-08-18,44,2021-12-22,2022-01-11,7,15,2022-06-10
2021/2022,1445,Essunga,14,5560,municipal,2021-08-18,44,2021-12-22,2022-01-11,7,15,2022-06-10
2021/2022,1446,Karlsborg,14,7023,municipal,2021-08-19,44,2021-12-17,2022-01-12,7,15,2022-06-16
2021/2022,1447,Gullspång,14,5031,municipal,2021-08-18,44,2021-12-22,2022-01-11,7,15,2022-06-10
2021/2022,1452,Tranemo,14,11839,municipal,2021-08-17,44,2021-12-21,2022-01-12,7,15,2022-06-10
2021/2022,1460,Bengtsfors,14,9076,municipal,2021-08-18,44,2021-12-21,2022-01-11,9,16,2022-06-10
2021/2022,1461,Mellerud,14,9052,municipal,2021-08-16,44,2021-12-21,2022-01-13,8,16,2022-06-08
2021/2022,1462,Lilla Edet,14,14442,municipal,2021-08-18,44,2021-12-22,2022-01-12,7,15,2022-06-10
2021/2022,1463,Mark,14,35155,municipal,2021-08-16,44,2021-12-21,2022-01-11,7,15,2022-06-10
2021/2022,1465,Svenljunga,14,10747,municipal,2021-08-17,44,2021-12-21,2022-01-12,7,15,2022-06-10
2021/2022,1466,Herrljunga,14,9497,municipal,2021-08-17,44,2021-12-21,2022-01-11,7,15,2022-06-10
2021/2022,1470,Vara,14,16088,municipal,2021-08-19,44,2021-12-22,2022-01-11,7,15,2022-06-10
2021/2022,1471,Götene,14,13286,municipal,2021-08-18,44,2021-12-21,2022-01-10,7,15,2022-06-15
2021/2022,1472,Tibro,14,11338,municipal,2021-08-23,44,2021-12-17,2022-01-10,7,15,2022-06-16
2021/2022,1473,Töreboda,14,9043,municipal,2021-08-18,44,2021-12-22,2022-01-11,7,15,2022-06-09
2021/2022,1480,Göteborg,14,608993,municipal,2021-08-18,44,2021-12-22,2022-01-11,7,15,2022-06-14
2021/2022,1481,Mölndal,14,71420,municipal,2021-08-23,44,2021-12-22,2022-01-10,7,15,2022-06-14
2021/2022,1482,Kungälv,14,50313,municipal,2021-08-18,44,2021-12-22,2022-01-11,7,15,2022-06-10
2021/2022,1484,Lysekil,14,13907,municipal,2021-08-19,44,2021-12-21,2022-01-12,8,15,2022-06-10
2021/2022,1485,Uddevalla,14,57010,municipal,2021-08-19,44,2021-12-21,2022-01-12,8,15,2022-06-14
2021/2022,1486,Strömstad,14,13482,municipal,2021-08-19,44,2021-12-21,2022-01-12,8,15,2022-06-14
2021/2022,1487,Vänersborg,14,40041,municipal,2021-08-17,44,2021-12-21,2022-01-11,8,15,2022-06-09
2021/2022,1488,Trollhättan,14,59003,municipal,2021-08-18,44,2021-12-22,2022-01-10,8,15,2022-06-10
2021/2022,1489,Alingsås,14,42722,municipal,2021-08-16,44,2021-12-21,2022-01-11,7,15,2022-06-10
2021/2022,1490,Borås,14,114872,municipal,2021-08-16,44,2021-12-17,2022-01-11,7,15,2022-06-10
2021/2022,1491,Ulricehamn,14,24985,municipal,2021-08-17,44,2021-12-21,2022-01-11,7,15,2022-06-10
2021/2022,1492,Åmål,14,11906,municipal,2021-08-17,44,2021-12-21,2022-01-10,9,16,2022-06-09
2021/2022,1493,Mariestad,14,24583,municipal,2021-08-18,44,2021-12-22,2022-01-11,7,15,2022-06-10
2021/2022,1494,Lidköping,14,40425,municipal,2021-08-16,44,2021-12-21,2022-01-12,7,15,2022-06-10
2021/2022,1495,Skara,14,18707,municipal,2021-08-17,44,2021-12-22,2022-01-11,7,15,2022-06-09
2021/2022,1496,Skövde,14,57995,municipal,2021-08-23,44,2021-12-22,2022-01-10,7,15,2022-06-16
2021/2022,1497,Hjo,14,9350,municipal,2021-08-18,44,2021-12-22,2022-01-10,7,15,2022-06-09
2021/2022,1498,Tidaholm,14,12805,municipal,2021-08-16,44,2021-12-21,2022-01-10,7,15,2022-06-09
2021/2022,1499,Falköping,14,32806,municipal,2021-08-16,44,2021-12-22,2022-01-11,7,15,2022-06-09
2021/2022,1715,Kil,17,12061,municipal,2021-08-16,44,2021-12-21,2022-01-10,9,16,2022-06-10
2021/2022,1730,Eda,17,8412,municipal,2021-08-18,44,2021-12-21,2022-01-12,9,16,2022-06-10
2021/2022,1737,Torsby,17,11321,municipal,2021-08-16,44,2021-12-22,2022-01-12,9,16,2022-06-09
2021/2022,1760,Storfors,17,3788,municipal,2021-08-16,44,2021-12-22,2022-01-12,9,16,2022-06-10
2021/2022,1761,Hammarö,17,16992,municipal,2021-08-18,44,2021-12-22,2022-01-11,9,16,2022-06-10
2021/2022,1762,Munkfors,17,3625,municipal,2021-08-16,44,2021-12-17,2022-01-10,9,16,2022-06-10
2021/2022,1763,Forshaga,17,11520,municipal,2021-08-19,44,2021-12-22,2022-01-11,9,16,2022-06-10
2021/2022,1764,Grums,17,9004,municipal,2021-08-17,44,2021-12-22,2022-01-10,9,16,2022-06-06
2021/2022,1765,Årjäng,17,9825,municipal,2021-08-18,41,2021-12-21,2022-01-12,9,16,2022-06-10
2021/2022,1766,Sunne,17,13356,municipal,2021-08-18,44,2021-12-22,2022-01-10,9,16,2022-06-10
2021/2022,1780,Karlstad,17,98084,municipal,2021-08-16,44,2021-12-21,2022-01-10,9,16,2022-06-10
2021/2022,1781,Kristinehamn,17,23756,municipal,2021-08-17,44,2021-12-22,2022-01-11,9,16,2022-06-10
2021/2022,1782,Filipstad,17,9776,municipal,2021-08-19,44,2021-12-22,2022-01-10,9,16,2022-06-16
2021/2022,1783,Hagfors,17,11418,municipal,2021-08-16,44,2021-12-17,2022-01-10,9,16,2022-06-10
2021/2022,1784,Arvika,17,25547,municipal,2021-08-18,44,2021-12-21,2022-01-12,9,16,2022-06-10
2021/2022,1785,Säffle,17,14899,municipal,2021-08-17,44,2021-12-21,2022-01-11,9,16,2022-06-10
2021/2022,1814,Lekeberg,18,8606,municipal,2021-08-19,44,2021-12-22,2022-01-10,8,15,2022-06-10
2021/2022,1860,Laxå,18,5423,municipal,2021-08-17,44,2021-12-21,2022-01-11,8,15,2022-06-10
2021/2022,1861,Hallsberg,18,16120,municipal,2021-08-16,44,2021-12-22,2022-01-12,8,15,2022-06-09
2021/2022,1862,Degerfors,18,9278,municipal,2021-08-16,44,2021-12-21,2022-01-11,8,15,2022-06-09
2021/2022,1863,Hällefors,18,6321,municipal,2021-08-18,44,2021-12-22,2022-01-10,8,15,2022-06-10
2021/2022,1864,Ljusnarsberg,18,4369,municipal,2021-08-17,44,2021-12-22,2022-01-11,8,16,2022-06-10
2021/2022,1880,Örebro,18,160140,municipal,2021-08-23,44,2021-12-22,2022-01-10,8,15,2022-06-16
2021/2022,1881,Kumla,18,22681,municipal,2021-08-18,44,2021-12-22,2022-01-12,8,15,2022-06-14
2021/2022,1882,Askersund,18,11477,municipal,2021-08-18,44,2021-12-21,2022-01-12,8,15,2022-06-10
2021/2022,1883,Karlskoga,18,30180,municipal,2021-08-13,44,2021-12-21,2022-01-10,8,15,2022-06-09
2021/2022,1884,Nora,18,10639,municipal,2021-08-16,44,2021-12-20,2022-01-11,8,15,2022-06-09
2021/2022,1885,Lindesberg,18,23141,municipal,2021-08-17,44,2021-12-22,2022-01-11,8,16,2022-06-10
2021/2022,1904,Skinnskatteberg,19,4256,municipal,2021-08-18,44,2021-12-17,2022-01-12,9,15,2022-06-14
2021/2022,1907,Surahammar,19,9845,municipal,2021-08-19,44,2021-12-17,2022-01-10,9,15,2022-06-15
2021/2022,1960,Kungsör,19,8694,municipal,2021-08-17,44,2021-12-21,2022-01-11,9,15,2022-06-10
2021/2022,1961,Hallstahammar,19,16653,municipal,2021-08-19,44,2021-12-17,2022-01-10,9,15,2022-06-15
2021/2022,1962,Norberg,19,5452,municipal,2021-08-18,44,2021-12-17,2022-01-12,9,15,2022-06-14
2021/2022,1980,Västerås,19,160634,municipal,2021-08-18,44,2021-12-22,2022-01-10,9,15,2022-06-10
2021/2022,1981,Sala,19,22843,municipal,2021-08-17,44,2021-12-17,2022-01-10,9,15,2022-06-10
2021/2022,1982,Fagersta,19,13072,municipal,2021-08-18,44,2021-12-22,2022-01-12,9,15,2022-06-14
2021/2022,1983,Köping,19,25729,municipal,2021-08-17,44,2021-12-21,2022-01-10,9,15,2022-06-10
2021/2022,1984,Arboga,19,13980,municipal,2021-08-17,44,2021-12-21,2022-01-11,9,15,2022-06-10
2021/2022,2021,Vansbro,20,6752,municipal,2021-08-17,44,2021-12-21,2022-01-10,9,16,2022-06-10
2021/2022,2023,Malung-Sälen,20,10254,municipal,2021-08-17,44,2021-12-21,2022-01-10,9,16,2022-06-10
2021/2022,2026,Gagnef,20,10384,municipal,2021-08-17,44,2021-12-22,2022-01-12,9,16,2022-06-10
2021/2022,2029,Leksand,20,16137,municipal,2021-08-17,44,2021-12-21,2022-01-12,9,16,2022-06-09
2021/2022,2031,Rättvik,20,10998,municipal,2021-08-17,44,2021-12-21,2022-01-12,9,16,2022-06-10
2021/2022,2034,Orsa,20,6851,municipal,2021-08-17,44,2021-12-21,2022-01-11,9,16,2022-06-10
2021/2022,2039,Älvdalen,20,6882,municipal,2021-08-17,44,2021-12-21,2022-01-11,9,15,2022-06-10
2021/2022,2061,Smedjebacken,20,10823,municipal,2021-08-17,44,2021-12-21,2022-01-11,9,16,2022-06-10
2021/2022,2062,Mora,20,20540,municipal,2021-08-17,44,2021-12-21,2022-01-11,9,16,2022-06-10
2021/2022,2080,Falun,20,59945,municipal,2021-08-17,44,2021-12-21,2022-01-10,9,16,2022-06-10
2021/2022,2081,Borlänge,20,51425,municipal,2021-08-18,44,2021-12-21,2022-01-12,9,16,2022-06-09
2021/2022,2082,Säter,20,11223,municipal,2021-08-17,44,2021-12-21,2022-01-10,9,16,2022-06-10
2021/2022,2083,Hedemora,20,15281,municipal,2021-08-18,44,2021-12-21,2022-01-12,9,16,2022-06-10
2021/2022,2084,Avesta,20,22417,municipal,2021-08-17,44,2021-12-21,2022-01-10,9,16,2022-06-10
2021/2022,2085,Ludvika,20,26634,municipal,2021-08-17,44,2021-12-21,2022-01-12,9,16,2022-06-09
2021/2022,2101,Ockelbo,21,5715,municipal,2021-08-18,44,2021-12-21,2022-01-10,9,14,2022-06-09
2021/2022,2104,Hofors,21,9281,municipal,2021-08-18,44,2021-12-22,2022-01-12,9,15,2022-06-10
2021/2022,2121,Ovanåker,21,11341,municipal,2021-08-18,44,2021-12-22,2022-01-12,10,16,2022-06-14
2021/2022,2132,Nordanstig,21,9262,municipal,2021-08-16,44,2021-12-17,2022-01-12,10,16,2022-06-09
2021/2022,2161,Ljusdal,21,18445,municipal,2021-08-24,44,2021-12-22,2022-01-12,10,16,2022-06-16
2021/2022,2180,Gävle,21,103838,municipal,2021-08-18,44,2021-12-22,2022-01-10,9,15,2022-06-09
2021/2022,2181,Sandviken,21,38360,municipal,2021-08-18,44,2021-12-22,2022-01-10,9,15,2022-06-09
2021/2022,2182,Söderhamn,21,24545,municipal,2021-08-16,44,2021-12-21,2022-01-12,10,16,2022-06-08
2021/2022,2183,Bollnäs,21,26243,municipal,2021-08-17,44,2021-12-22,2022-01-12,10,16,2022-06-08
2021/2022,2184,Hudiksvall,21,37528,municipal,2021-08-24,44,2021-12-22,2022-01-11,10,16,2022-06-16
2021/2022,2260,Ånge,22,9044,municipal,2021-08-19,44,2021-12-21,2022-01-10,10,16,2022-06-09
2021/2022,2262,Timrå,22,17521,municipal,2021-08-25,44,2021-12-21,2022-01-10,10,16,2022-06-16
2021/2022,2280,Härnösand,22,24515,municipal,2021-08-24,44,2021-12-21,2022-01-11,10,16,2022-06-15
2021/2022,2281,Sundsvall,22,99048,municipal,2021-08-23,44,2021-12-22,2022-01-11,10,15,2022-06-10
2021/2022,2282,Kramfors,22,17491,municipal,2021-08-19,44,2021-12-22,2022-01-11,10,16,2022-06-09
2021/2022,2283,Sollefteå,22,18396,municipal,2021-08-19,44,2021-12-22,2022-01-07,10,16,2022-06-09
2021/2022,2284,Örnsköldsvik,22,55443,municipal,2021-08-20,44,2021-12-22,2022-01-11,10,16,2022-06-09
2021/2022,2303,Ragunda,23,5146,municipal,2021-08-26,44,2021-12-21,2022-01-11,10,16,2022-06-17
2021/2022,2305,Bräcke,23,6035,municipal,2021-08-26,44,2021-12-21,2022-01-11,10,16,2022-06-17
2021/2022,2309,Krokom,23,15680,municipal,2021-08-26,44,2021-12-20,2022-01-11,10,16,2022-06-17
2021/2022,2313,Strömsund,23,11023,municipal,2021-08-26,44,2021-12-21,2022-01-11,10,16,2022-06-17
2021/2022,2321,Åre,23,12693,municipal,2021-08-26,44,2021-12-21,2022-01-11,10,16,2022-06-17
2021/2022,2326,Berg,23,7108,municipal,2021-08-26,44,2021-12-21,2022-01-11,10,16,2022-06-17
2021/2022,2361,Härjedalen,23,10175,municipal,2021-08-26,44,2021-12-21,2022-01-11,10,16,2022-06-17
2021/2022,2380,Östersund,23,64979,municipal,2021-08-26,44,2021-12-21,2022-01-11,10,16,2022-06-17
2021/2022,2401,Nordmaling,24,6942,municipal,2021-08-23,44,2021-12-22,2022-01-11,10,16,2022-06-14
2021/2022,2403,Bjurholm,24,2359,municipal,2021-08-23,44,2021-12-22,2022-01-12,10,16,2022-06-15
2021/2022,2404,Vindeln,24,5417,municipal,2021-08-24,44,2021-12-22,2022-01-12,9,16,2022-06-15
2021/2022,2409,Robertsfors,24,6690,municipal,2021-08-18,44,2021-12-17,2022-01-12,10,16,2022-06-13
2021/2022,2418,Malå,24,2962,municipal,2021-08-24,44,2021-12-22,2022-01-12,10,16,2022-06-15
2021/2022,2421,Storuman,24,5577,municipal,2021-08-24,44,2021-12-22,2022-01-12,10,16,2022-06-17
2021/2022,2422,Sorsele,24,2357,municipal,2021-08-24,44,2021-12-21,2022-01-11,10,16,2022-06-16
2021/2022,2425,Dorotea,24,2294,municipal,2021-08-23,44,2021-12-17,2022-01-12,10,16,2022-06-17
2021/2022,2460,Vännäs,24,9132,municipal,2021-08-24,44,2021-12-22,2022-01-13,10,16,2022-06-16
2021/2022,2462,Vilhelmina,24,6229,municipal,2021-08-23,44,2021-12-22,2022-01-11,10,16,2022-06-10
2021/2022,2463,Åsele,24,2694,municipal,2021-08-25,44,2021-12-22,2022-01-12,10,16,2022-06-17
2021/2022,2480,Umeå,24,134249,municipal,2021-08-23,44,2021-12-22,2022-01-11,10,16,2022-06-14
2021/2022,2481,Lycksele,24,12118,municipal,2021-08-23,44,2021-12-22,2022-01-12,10,16,2022-06-14
2021/2022,2482,Skellefteå,24,78150,municipal,2021-08-24,44,2021-12-21,2022-01-10,10,16,2022-06-16
2021/2022,2505,Arvidsjaur,25,6089,municipal,2021-08-19,44,,2022-01-12,10,15,2022-06-10
2021/2022,2506,Arjeplog,25,2599,municipal,2021-08-25,44,2021-12-22,2022-01-12,10,16,2022-06-15
2021/2022,2510,Jokkmokk,25,4701,municipal,2021-08-19,44,2021-12-22,2022-01-11,10,15,2022-06-10
2021/2022,2513,Överkalix,25,3201,municipal,2021-08-18,44,2021-12-22,2022-01-12,10,15,2022-06-10
2021/2022,2514,Kalix,25,15391,municipal,2021-08-18,44,2021-12-22,2022-01-12,10,15,2022-06-10
2021/2022,2521,Pajala,25,5857,municipal,2021-08-20,44,2021-12-22,2022-01-11,10,15,2022-06-10
2021/2022,2523,Gällivare,25,17233,municipal,2021-08-25,44,2021-12-22,2022-01-12,10,15,2022-06-17
2021/2022,2560,Älvsbyn,25,7774,municipal,2021-08-18,44,2021-12-22,2022-01-12,10,15,2022-06-10
2021/2022,2580,Luleå,25,79645,municipal,2021-08-18,44,2021-12-22,2022-01-12,10,15,2022-06-10
2021/2022,2581,Piteå,25,42447,municipal,2021-08-18,44,2021-12-22,2022-01-12,10,15,2022-06-10
2021/2022,2582,Boden,25,28049,municipal,2021-08-18,44,2021-12-22,2022-01-12,10,15,2022-06-10
2021/2022,2583,Haparanda,25,9151,municipal,2021-08-19,44,2021-12-22,2022-01-12,10,16,2022-06-14
2021/2022,2584,Kiruna,25,22426,municipal,2021-08-25,44,2021-12-22,2022-01-10,10,15,2022-06-14
2021/2022,01,Stockholm (county summary),01,,county_summary,2021-08-16,44+45,2021-12-17,2022-01-10,9,15+16,2022-06-09
2021/2022,03,Uppsala (county summary),03,,county_summary,2021-08-16,44,2021-12-17,2022-01-10,8+9,15,2022-06-09
2021/2022,04,Södermanland (county summary),04,,county_summary,2021-08-16,44,2021-12-21,2022-01-10,8,15+16,2022-06-09
2021/2022,05,Östergötland (county summary),05,,county_summary,2021-08-16,44,2021-12-21,2022-01-07,7+8,15+16,2022-06-09
2021/2022,06,Jönköping (county summary),06,,county_summary,2021-08-17,44,2021-12-21,2022-01-10,7,15,2022-06-09
2021/2022,07,Kronoberg (county summary),07,,county_summary,2021-08-16,44,2021-12-21,2022-01-07,8,15,2022-06-09
2021/2022,08,Kalmar (county summary),08,,county_summary,2021-08-23,44,2021-12-22,2022-01-11,8,15+16,2022-06-17
2021/2022,09,Gotland (county summary),09,,county_summary,2021-08-23,44,2021-12-22,2022-01-07,9,15,2022-06-14
2021/2022,10,Blekinge (county summary),10,,county_summary,2021-08-18,44,2021-12-22,2022-01-12,8,16,2022-06-14
2021/2022,12,Skåne (county summary),12,,county_summary,2021-08-16,43+44,2021-12-17,2022-01-10,8+9,15,2022-06-10
2021/2022,13,Halland (county summary),13,,county_summary,2021-08-11,44,2021-12-17,2022-01-10,7+8+9+10,15+16,2022-06-09
2021/2022,14,Västra Götaland (county summary),14,,county_summary,2021-08-16,44,2021-12-17,2022-01-10,7+8+9,15+16,2022-06-08
2021/2022,17,Värmland (county summary),17,,county_summary,2021-08-16,41+42+43+44,2021-12-17,2022-01-10,9,16,2022-06-06
2021/2022,18,Örebro (county summary),18,,county_summary,2021-08-13,44,2021-12-20,2022-01-10,8,15+16,2022-06-09
2021/2022,19,Västmanland (county summary),19,,county_summary,2021-08-17,44,2021-12-17,2022-01-10,9,15,2022-06-10
2021/2022,20,Dalarna (county summary),20,,county_summary,2021-08-17,44,2021-12-21,2022-01-10,9,16,2022-06-09
2021/2022,21,Gävleborg (county summary),21,,county_summary,2021-08-16,44,2021-12-17,2022-01-10,9+10,15+16,2022-06-08
2021/2022,22,Västernorrland (county summary),22,,county_summary,2021-08-19,43+44,2021-12-21,2022-01-07,10,15+16,2022-06-09
2021/2022,23,Jämtland (county summary),23,,county_summary,2021-08-26,44,2021-12-21,2022-01-11,10,16,2022-06-17
2021/2022,24,Västerbotten (county summary),24,,county_summary,2021-08-18,44,2021-12-17,2022-01-11,9+10,16,2022-06-10
2021/2022,25,Norrbotten (county summary),25,,county_summary,2021-08-18,44,2021-12-22,2022-01-10,10,15+16,2022-06-10
2022/2023,0115,Vallentuna,01,35119,municipal,2022-08-18,44,2022-12-22,2023-01-10,9,15,2023-06-13
2022/2023,0117,Österåker,01,49787,municipal,2022-08-18,44,2022-12-21,2023-01-11,9,15,2023-06-13
2022/2023,0120,Värmdö,01,46635,municipal,2022-08-16,44,2022-12-21,2023-01-10,9,15,2023-06-09
2022/2023,0125,Ekerö,01,28910,municipal,2022-08-16,44,2022-12-21,2023-01-11,9,15,2023-06-09
2022/2023,0126,Huddinge,01,114304,municipal,2022-08-17,44,2022-12-21,2023-01-09,9,15,2023-06-09
2022/2023,0127,Botkyrka,01,95905,municipal,2022-08-18,44,2022-12-21,2023-01-10,9,15,2023-06-14
2022/2023,0128,Salem,01,17507,municipal,2022-08-16,44,2022-12-21,2023-01-10,9,15,2023-06-14
2022/2023,0136,Haninge,01,100895,municipal,2022-08-18,44,2022-12-21,2023-01-09,9,15,2023-06-13
2022/2023,0138,Tyresö,01,49179,municipal,2022-08-18,44,2022-12-22,2023-01-10,9,15,2023-06-14
2022/2023,0140,Nykvarn,01,12342,municipal,2022-08-17,44,2022-12-20,2023-01-10,9,15,2023-06-13
2022/2023,0160,Täby,01,77744,municipal,2022-08-17,44,2022-12-21,2023-01-10,9,15,2023-06-13
2022/2023,0162,Danderyd,01,32425,municipal,2022-08-18,44,2022-12-21,2023-01-10,9,15,2023-06-13
2022/2023,0163,Sollentuna,01,77624,municipal,2022-08-18,44,2022-12-22,2023-01-11,9,15,2023-06-13
2022/2023,0180,Stockholm,01,995574,municipal,2022-08-18,44,2022-12-22,2023-01-09,9,15,2023-06-13
2022/2023,0181,Södertälje,01,102911,municipal,2022-08-18,44,2022-12-22,2023-01-10,9,15,2023-06-13
2022/2023,0182,Nacka,01,112112,municipal,2022-08-16,44,2022-12-20,2023-01-10,9,15,2023-06-12
2022/2023,0183,Sundbyberg,01,56274,municipal,2022-08-16,44,2022-12-20,2023-01-10,9,15,2023-06-09
2022/2023,0184,Solna,01,85789,municipal,2022-08-18,44,2022-12-22,2023-01-11,9,15,2023-06-13
2022/2023,0186,Lidingö,01,48377,municipal,2022-08-22,44,2022-12-21,2023-01-10,9,15,2023-06-15
2022/2023,0187,Vaxholm,01,11822,municipal,2022-08-22,44,2022-12-21,2023-01-10,9,15,2023-06-14
2022/2023,0188,Norrtälje,01,66585,municipal,2022-08-15,44,2022-12-22,2023-01-10,9,15,2023-06-08
2022/2023,0191,Sigtuna,01,52767,municipal,2022-08-16,44,2022-12-22,2023-01-10,9,15,2023-06-09
2022/2023,0192,Nynäshamn,01,30579,municipal,2022-08-18,44,2022-12-22,2023-01-10,9,15,2023-06-09
2022/2023,0305,Håbo,03,22973,municipal,2022-08-16,44,2022-12-21,2023-01-10,8,14,2023-06-09
2022/2023,0319,Älvkarleby,03,9552,municipal,2022-08-22,44,2022-12-23,2023-01-09,9,15,2023-06-09
2022/2023,0330,Knivsta,03,21193,municipal,2022-08-16,44,2022-12-21,2023-01-10,8,14,2023-06-09
2022/2023,0331,Heby,03,14345,municipal,2022-08-16,44,2022-12-21,2023-01-10,8,14,2023-06-09
2022/2023,0360,Tierp,03,21104,municipal,2022-08-16,44,2022-12-21,2023-01-10,8,15,2023-06-09
2022/2023,0380,Uppsala,03,248016,municipal,2022-08-16,44,2022-12-21,2023-01-10,8,14,2023-06-09
2022/2023,0381,Enköping,03,48591,municipal,2022-08-16,44,2022-12-21,2023-01-10,8,14,2023-06-09
2022/2023,0382,Östhammar,03,22138,municipal,2022-08-16,44,2022-12-21,2023-01-10,8,14,2023-06-09
2022/2023,0428,Vingåker,04,8750,municipal,2022-08-15,44,2022-12-21,2023-01-11,8,14,2023-06-09
2022/2023,0461,Gnesta,04,11458,municipal,2022-08-18,44,2022-12-22,2023-01-11,9,15,2023-06-15
2022/2023,0480,Nyköping,04,58344,municipal,2022-08-16,44,2022-12-22,2023-01-10,8,15,2023-06-09
2022/2023,0481,Oxelösund,04,12031,municipal,2022-08-17,44,2022-12-21,2023-01-10,8,15,2023-06-09
2022/2023,0482,Flen,04,15362,municipal,2022-08-16,44,2022-12-21,2023-01-11,8,15,2023-06-09
2022/2023,0483,Katrineholm,04,34154,municipal,2022-08-15,44,2022-12-21,2023-01-11,8,14,2023-06-09
2022/2023,0484,Eskilstuna,04,107203,municipal,2022-08-15,44,2022-12-22,2023-01-09,8,15,2023-06-08
2022/2023,0486,Strängnäs,04,39313,municipal,2022-08-16,44,2022-12-21,2023-01-09,8,15,2023-06-09
2022/2023,0488,Trosa,04,14927,municipal,2022-08-18,44,2022-12-22,2023-01-10,8,14,2023-06-14
2022/2023,0509,Ödeshög,05,5237,municipal,2022-08-15,44,2022-12-22,2023-01-09,8,15,2023-06-08
2022/2023,0560,Boxholm,05,5517,municipal,2022-08-17,44,2022-12-20,2023-01-09,8,15,2023-06-15
2022/2023,0562,Finspång,05,21623,municipal,2022-08-17,44,2022-12-20,2023-01-10,8,15,2023-06-15
2022/2023,0580,Linköping,05,168035,municipal,2022-08-17,44,2022-12-20,2023-01-09,8,15,2023-06-15
2022/2023,0581,Norrköping,05,144980,municipal,2022-08-17,44,2022-12-20,2023-01-09,8,15,2023-06-15
2022/2023,0582,Söderköping,05,14789,municipal,2022-08-16,44,2022-12-21,2023-01-10,8,15,2023-06-14
2022/2023,0583,Motala,05,43505,municipal,2022-08-17,44,2022-12-20,2023-01-09,8,15,2023-06-16
2022/2023,0584,Vadstena,05,7490,municipal,2022-08-17,44,2022-12-20,2023-01-09,8,15,2023-06-15
2022/2023,0586,Mjölby,05,28695,municipal,2022-08-16,44,2022-12-20,2023-01-11,8,15,2023-06-16
2022/2023,0604,Aneby,06,6797,municipal,2022-08-18,44,2022-12-22,2023-01-09,7,15,2023-06-15
2022/2023,0617,Gnosjö,06,9131,municipal,2022-08-18,44,2022-12-21,2023-01-11,7,15,2023-06-15
2022/2023,0642,Mullsjö,06,7594,municipal,2022-08-22,44,2022-12-22,2023-01-10,7,14,2023-06-16
2022/2023,0643,Habo,06,13456,municipal,2022-08-23,44,2022-12-22,2023-01-10,7,14,2023-06-16
2022/2023,0662,Gislaved,06,28936,municipal,2022-08-18,44,2022-12-20,2023-01-11,7,15,2023-06-15
2022/2023,0665,Vaggeryd,06,14825,municipal,2022-08-23,44,2022-12-22,2023-01-10,7,14,2023-06-15
2022/2023,0680,Jönköping,06,147654,municipal,2022-08-22,44,2022-12-22,2023-01-09,7,14,2023-06-16
2022/2023,0682,Nässjö,06,31587,municipal,2022-08-18,44,2022-12-22,2023-01-11,7,15,2023-06-16
2022/2023,0683,Värnamo,06,34542,municipal,2022-08-18,44,2022-12-22,2023-01-09,7,15,2023-06-15
2022/2023,0684,Sävsjö,06,11563,municipal,2022-08-22,44,2022-12-22,2023-01-09,7,15,2023-06-16
2022/2023,0685,Vetlanda,06,27528,municipal,2022-08-18,44,2022-12-22,2023-01-11,7,15,2023-06-15
2022/2023,0686,Eksjö,06,17792,municipal,2022-08-17,44,2022-12-22,2023-01-10,7,15,2023-06-14
2022/2023,0687,Tranås,06,18604,municipal,2022-08-16,44,2022-12-21,2023-01-11,7,15,2023-06-14
2022/2023,0760,Uppvidinge,07,9061,municipal,2022-08-17,44,2022-12-21,2023-01-09,8,14,2023-06-14
2022/2023,0761,Lessebo,07,8289,municipal,2022-08-17,44,,2023-01-20,8,14,2023-06-14
2022/2023,0763,Tingsryd,07,11966,municipal,2022-08-17,44,2022-12-21,2023-01-11,8,14,2023-06-14
2022/2023,0764,Alvesta,07,19830,municipal,2022-08-17,44,2022-12-21,2023-01-10,8,14,2023-06-13
2022/2023,0765,Älmhult,07,17653,municipal,2022-08-17,44,2022-12-21,2023-01-11,8,14,2023-06-16
2022/2023,0767,Markaryd,07,9938,municipal,2022-08-18,44,2022-12-20,2023-01-10,8,14,2023-06-16
2022/2023,0780,Växjö,07,98334,municipal,2022-08-16,44,2022-12-21,2023-01-11,8,14,2023-06-13
2022/2023,0781,Ljungby,07,28280,municipal,2022-08-18,44,2022-12-21,2023-01-10,8,14,2023-06-15
2022/2023,0834,Torsås,08,6984,municipal,2022-08-22,44,2022-12-22,2023-01-09,8,15,2023-06-16
2022/2023,0840,Mörbylånga,08,16224,municipal,2022-08-22,44,2022-12-22,2023-01-09,8,15,2023-06-16
2022/2023,0860,Hultsfred,08,13673,municipal,2022-08-22,44,2022-12-22,2023-01-09,8,15,2023-06-16
2022/2023,0861,Mönsterås,08,13069,municipal,2022-08-22,44,2022-12-22,2023-01-09,8,15,2023-06-16
2022/2023,0862,Emmaboda,08,9006,municipal,2022-08-22,44,2022-12-22,2023-01-11,8,15,2023-06-16
2022/2023,0880,Kalmar,08,72704,municipal,2022-08-22,44,2022-12-22,2023-01-09,8,15,2023-06-16
2022/2023,0881,Nybro,08,19951,municipal,2022-08-22,44,2022-12-22,2023-01-09,8,15,2023-06-16
2022/2023,0882,Oskarshamn,08,26923,municipal,2022-08-22,44,2022-12-22,2023-01-09,8,15,2023-06-16
2022/2023,0883,Västervik,08,36447,municipal,2022-08-22,44,2022-12-22,2023-01-09,8,15,2023-06-16
2022/2023,0884,Vimmerby,08,15384,municipal,2022-08-22,44,2022-12-22,2023-01-09,8,15,2023-06-16
2022/2023,0885,Borgholm,08,10666,municipal,2022-08-22,44,2022-12-22,2023-01-09,8,15,2023-06-16
2022/2023,0980,Gotland,09,60971,municipal,2022-08-22,44,2022-12-22,2023-01-10,9,15,2023-06-15
2022/2023,1060,Olofström,10,13000,municipal,2022-08-17,44,2022-12-22,2023-01-11,8,15,2023-06-14
2022/2023,1080,Karlskrona,10,66301,municipal,2022-08-15,44,2022-12-21,2023-01-10,8,15,2023-06-09
2022/2023,1081,Ronneby,10,28741,municipal,2022-08-17,44,2022-12-22,2023-01-11,8,15,2023-06-14
2022/2023,1082,Karlshamn,10,31751,municipal,2022-08-17,44,2022-12-22,2023-01-11,8,15,2023-06-14
2022/2023,1083,Sölvesborg,10,17430,municipal,2022-08-17,44,2022-12-22,2023-01-11,8,16,2023-06-14
2022/2023,1214,Svalöv,12,14543,municipal,2022-08-17,44,2022-12-22,2023-01-11,8,14,2023-06-13
2022/2023,1230,Staffanstorp,12,27303,municipal,2022-08-17,44,2022-12-22,2023-01-11,8,14,2023-06-16
2022/2023,1231,Burlöv,12,20101,municipal,2022-08-18,44,2022-12-21,2023-01-11,8,14,2023-06-14
2022/2023,1233,Vellinge,12,37816,municipal,2022-08-18,44,2022-12-21,2023-01-10,8,14,2023-06-15
2022/2023,1256,Östra Göinge,12,13978,municipal,2022-08-15,44,2022-12-22,2023-01-10,8,15,2023-06-09
2022/2023,1257,Örkelljunga,12,10277,municipal,2022-08-15,44,2022-12-22,2023-01-10,8,14,2023-06-09
2022/2023,1260,Bjuv,12,15985,municipal,2022-08-15,44,2022-12-22,2023-01-11,8,14,2023-06-12
2022/2023,1261,Kävlinge,12,32477,municipal,2022-08-17,44,2022-12-20,2023-01-11,8,14,2023-06-15
2022/2023,1262,Lomma,12,24715,municipal,2022-08-18,44,2022-12-22,2023-01-11,8,14,2023-06-15
2022/2023,1263,Svedala,12,23581,municipal,2022-08-18,44,2022-12-21,2023-01-10,8,14,2023-06-16
2022/2023,1264,Skurup,12,17099,municipal,2022-08-17,44,2022-12-21,2023-01-11,8,14,2023-06-14
2022/2023,1265,Sjöbo,12,19337,municipal,2022-08-16,44,2022-12-22,2023-01-10,8,14,2023-06-09
2022/2023,1266,Hörby,12,15562,municipal,2022-08-19,44,2022-12-22,2023-01-10,8,14,2023-06-14
2022/2023,1267,Höör,12,17518,municipal,2022-08-16,44,2022-12-22,2023-01-11,8,14,2023-06-09
2022/2023,1270,Tomelilla,12,13639,municipal,2022-08-16,44,2022-12-20,2023-01-12,8,14,2023-06-15
2022/2023,1272,Bromölla,12,12470,municipal,2022-08-16,44,2022-12-22,2023-01-10,8,15,2023-06-13
2022/2023,1273,Osby,12,12947,municipal,2022-08-18,44,2022-12-22,2023-01-10,8,15,2023-06-14
2022/2023,1275,Perstorp,12,7235,municipal,2022-08-17,44,2022-12-21,2023-01-11,8,14,2023-06-14
2022/2023,1276,Klippan,12,17714,municipal,2022-08-17,44,2022-12-21,2023-01-11,8,14,2023-06-13
2022/2023,1277,Åstorp,12,16449,municipal,2022-08-22,44,2022-12-22,2023-01-11,8,14,2023-06-16
2022/2023,1278,Båstad,12,16026,municipal,2022-08-17,44,2022-12-21,2023-01-10,8,15,2023-06-14
2022/2023,1280,Malmö,12,365644,municipal,2022-08-18,44,2022-12-22,2023-01-11,8,14,2023-06-16
2022/2023,1281,Lund,12,131590,municipal,2022-08-17,44,2022-12-21,2023-01-09,8,14,2023-06-14
2022/2023,1282,Landskrona,12,47309,municipal,2022-08-17,44,2022-12-22,2023-01-12,8,14,2023-06-14
2022/2023,1283,Helsingborg,12,152091,municipal,2022-08-15,44,2022-12-21,2023-01-10,8,15,2023-06-09
2022/2023,1285,Eslöv,12,34922,municipal,2022-08-17,44,2022-12-21,2023-01-12,8,14,2023-06-15
2022/2023,1286,Ystad,12,32106,municipal,2022-08-18,44,2022-12-21,2023-01-11,8,14,2023-06-16
2022/2023,1287,Trelleborg,12,47269,municipal,2022-08-15,44,2022-12-20,2023-01-11,8,14,2023-06-16
2022/2023,1290,Kristianstad,12,86379,municipal,2022-08-16,44,2022-12-22,2023-01-09,8,15,2023-06-09
2022/2023,1291,Simrishamn,12,18890,municipal,2022-08-22,44,2022-12-20,2023-01-11,8,14,2023-06-16
2022/2023,1292,Ängelholm,12,45110,municipal,2022-08-17,44,2022-12-21,2023-01-10,8,14,2023-06-14
2022/2023,1293,Hässleholm,12,52114,municipal,2022-08-16,44,2022-12-22,2023-01-09,8,15,2023-06-14
2022/2023,1315,Hylte,13,10196,municipal,2022-08-15,44,2022-12-22,2023-01-10,8,15,2023-06-09
2022/2023,1380,Halmstad,13,106084,municipal,2022-08-15,44,2022-12-22,2023-01-09,8,14,2023-06-08
2022/2023,1381,Laholm,13,26595,municipal,2022-08-17,44,2022-12-22,2023-01-10,8,15,2023-06-13
2022/2023,1382,Falkenberg,13,47337,municipal,2022-08-18,44,2022-12-21,2023-01-11,8,15,2023-06-15
2022/2023,1383,Varberg,13,69070,municipal,2022-08-18,44,2022-12-22,2023-01-11,8,15,2023-06-15
2022/2023,1384,Kungsbacka,13,85792,municipal,2022-08-16,44,2022-12-20,2023-01-10,7,15,2023-06-16
2022/2023,1401,Härryda,14,40003,municipal,2022-08-17,44,2022-12-21,2023-01-09,7,15,2023-06-09
2022/2023,1402,Partille,14,41060,municipal,2022-08-22,44,2022-12-22,2023-01-09,7,15,2023-06-15
2022/2023,1407,Öckerö,14,12771,municipal,2022-08-22,44,2022-12-21,2023-01-11,7,15,2023-06-16
2022/2023,1415,Stenungsund,14,27851,municipal,2022-08-22,44,2022-12-22,2023-01-10,7,15,2023-06-14
2022/2023,1419,Tjörn,14,16092,municipal,2022-08-18,44,2022-12-22,2023-01-10,7,15,2023-06-09
2022/2023,1421,Orust,14,15352,municipal,2022-08-18,44,2022-12-20,2023-01-11,8,15,2023-06-15
2022/2023,1435,Tanum,14,12773,municipal,2022-08-16,44,2022-12-22,2023-01-11,8,15,2023-06-09
2022/2023,1438,Dals-Ed,14,4606,municipal,2022-08-15,44,2022-12-22,2023-01-11,8,15,2023-06-09
2022/2023,1440,Ale,14,32576,municipal,2022-08-22,44,2022-12-22,2023-01-11,7,15,2023-06-15
2022/2023,1441,Lerum,14,43570,municipal,2022-08-17,44,2022-12-20,2023-01-10,7,15,2023-06-13
2022/2023,1442,Vårgårda,14,12474,municipal,2022-08-16,44,2022-12-21,2023-01-10,7,15,2023-06-09
2022/2023,1443,Bollebygd,14,9802,municipal,2022-08-16,44,2022-12-21,2023-01-10,7,15,2023-06-09
2022/2023,1444,Grästorp,14,5555,municipal,2022-08-23,44,2022-12-21,2023-01-10,7,14,2023-06-16
2022/2023,1445,Essunga,14,5560,municipal,2022-08-16,44,2022-12-22,2023-01-11,7,14,2023-06-14
2022/2023,1446,Karlsborg,14,7023,municipal,2022-08-23,44,2022-12-22,2023-01-10,7,14,2023-06-15
2022/2023,1447,Gullspång,14,5031,municipal,2022-08-24,44,2022-12-22,2023-01-10,7,14,2023-06-16
2022/2023,1452,Tranemo,14,11839,municipal,2022-08-16,44,2022-12-21,2023-01-10,7,15,2023-06-09
2022/2023,1462,Lilla Edet,14,14442,municipal,2022-08-17,44,2022-12-22,2023-01-10,7,15,2023-06-09
2022/2023,1463,Mark,14,35155,municipal,2022-08-16,44,2022-12-21,2023-01-10,7,15,2023-06-09
2022/2023,1465,Svenljunga,14,10747,municipal,2022-08-16,44,2022-12-21,2023-01-10,7,15,2023-06-09
2022/2023,1466,Herrljunga,14,9497,municipal,2022-08-16,44,2022-12-21,2023-01-10,7,15,2023-06-09
2022/2023,1470,Vara,14,16088,municipal,2022-08-16,44,2022-12-22,2023-01-11,7,14,2023-06-09
2022/2023,1471,Götene,14,13286,municipal,2022-08-16,44,2022-12-22,2023-01-11,7,14,2023-06-09
2022/2023,1472,Tibro,14,11338,municipal,2022-08-23,44,2022-12-22,2023-01-10,7,14,2023-06-15
2022/2023,1473,Töreboda,14,9043,municipal,2022-08-23,44,2022-12-22,2023-01-10,7,14,2023-06-15
2022/2023,1480,Göteborg,14,608993,municipal,2022-08-17,44,2022-12-22,2023-01-10,7,15,2023-06-13
2022/2023,1481,Mölndal,14,71420,municipal,2022-08-22,44,2022-12-22,2023-01-10,7,15,2023-06-13
2022/2023,1482,Kungälv,14,50313,municipal,2022-08-22,44,2022-12-22,2023-01-10,7,15,2023-06-13
2022/2023,1484,Lysekil,14,13907,municipal,2022-08-16,44,2022-12-22,2023-01-11,8,15,2023-06-09
2022/2023,1485,Uddevalla,14,57010,municipal,2022-08-16,44,2022-12-22,2023-01-09,8,15,2023-06-09
2022/2023,1487,Vänersborg,14,40041,municipal,2022-08-22,44,2022-12-21,2023-01-10,8,15,2023-06-14
2022/2023,1488,Trollhättan,14,59003,municipal,2022-08-17,44,2022-12-22,2023-01-09,8,15,2023-06-09
2022/2023,1489,Alingsås,14,42722,municipal,2022-08-18,44,2022-12-21,2023-01-10,7,15,2023-06-14
2022/2023,1491,Ulricehamn,14,24985,municipal,2022-08-16,44,2022-12-21,2023-01-10,7,15,2023-06-09
2022/2023,1492,Åmål,14,11906,municipal,2022-08-16,44,2022-12-21,2023-01-10,9,15,2023-06-08
2022/2023,1493,Mariestad,14,24583,municipal,2022-08-24,44,2022-12-22,2023-01-10,7,14,2023-06-16
2022/2023,1494,Lidköping,14,40425,municipal,2022-08-18,44,2022-12-20,2023-01-11,7,14,2023-06-16
2022/2023,1495,Skara,14,18707,municipal,2022-08-22,44,2022-12-22,2023-01-10,7,14,2023-06-15
2022/2023,1496,Skövde,14,57995,municipal,2022-08-22,44,2022-12-22,2023-01-09,7,14,2023-06-15
2022/2023,1497,Hjo,14,9350,municipal,2022-08-23,44,2022-12-22,2023-01-10,7,14,2023-06-15
2022/2023,1498,Tidaholm,14,12805,municipal,2022-08-22,44,2022-12-22,2023-01-10,7,14,2023-06-15
2022/2023,1499,Falköping,14,32806,municipal,2022-08-22,44,2022-12-22,2023-01-11,7,14,2023-06-15
2022/2023,1715,Kil,17,12061,municipal,2022-08-15,44,2022-12-22,2023-01-10,9,15,2023-06-09
2022/2023,1730,Eda,17,8412,municipal,2022-08-17,44,2022-12-22,2023-01-11,9,15,2023-06-09
2022/2023,1737,Torsby,17,11321,municipal,2022-08-16,44,2022-12-22,2023-01-11,9,15,2023-06-08
2022/2023,1760,Storfors,17,3788,municipal,2022-08-08,44,2022-12-22,2023-01-09,9,15,2023-06-15
2022/2023,1761,Hammarö,17,16992,municipal,2022-08-16,44,2022-12-22,2023-01-10,9,15,2023-06-09
2022/2023,1762,Munkfors,17,3625,municipal,2022-08-15,44,2022-12-22,2023-01-10,9,15,2023-06-09
2022/2023,1765,Årjäng,17,9825,municipal,2022-08-17,41,2022-12-21,2023-01-09,9,15,2023-06-13
2022/2023,1766,Sunne,17,13356,municipal,2022-08-16,44,2022-12-22,2023-01-10,9,15,2023-06-09
2022/2023,1780,Karlstad,17,98084,municipal,2022-08-15,44,2022-12-22,2023-01-10,9,15,2023-06-09
2022/2023,1781,Kristinehamn,17,23756,municipal,2022-08-16,44,2022-12-21,2023-01-10,9,15,2023-06-15
2022/2023,1782,Filipstad,17,9776,municipal,2022-08-17,44,2022-12-22,2023-01-10,9,15,2023-06-09
2022/2023,1783,Hagfors,17,11418,municipal,2022-08-15,44,2022-12-22,2023-01-10,9,15,2023-06-09
2022/2023,1784,Arvika,17,25547,municipal,2022-08-17,44,2022-12-22,2023-01-11,9,15,2023-06-09
2022/2023,1785,Säffle,17,14899,municipal,2022-08-16,44,2022-12-21,2023-01-11,9,15,2023-06-09
2022/2023,1814,Lekeberg,18,8606,municipal,2022-08-18,44,2022-12-21,2023-01-10,8,14,2023-06-09
2022/2023,1860,Laxå,18,5423,municipal,2022-08-18,44,2022-12-21,2023-01-11,8,14,2023-06-14
2022/2023,1861,Hallsberg,18,16120,municipal,2022-08-18,44,2022-12-22,2023-01-11,8,14,2023-06-13
2022/2023,1862,Degerfors,18,9278,municipal,2022-08-16,44,2022-12-22,2023-01-11,8,15,2023-06-13
2022/2023,1863,Hällefors,18,6321,municipal,2022-08-18,44,2022-12-21,2023-01-10,8,14,2023-06-16
2022/2023,1880,Örebro,18,160140,municipal,2022-08-18,44,2022-12-22,2023-01-10,8,14,2023-06-13
2022/2023,1881,Kumla,18,22681,municipal,2022-08-17,44,2022-12-21,2023-01-11,8,14,2023-06-14
2022/2023,1882,Askersund,18,11477,municipal,2022-08-16,44,2022-12-22,2023-01-11,8,14,2023-06-09
2022/2023,1883,Karlskoga,18,30180,municipal,2022-08-15,44,2022-12-22,2023-01-09,8,15,2023-06-08
2022/2023,1885,Lindesberg,18,23141,municipal,2022-08-15,44,2022-12-21,2023-01-10,8,15,2023-06-09
2022/2023,1907,Surahammar,19,9845,municipal,2022-08-17,44,2022-12-22,2023-01-10,9,14,2023-06-09
2022/2023,1960,Kungsör,19,8694,municipal,2022-08-16,44,2022-12-21,2023-01-10,9,15,2023-06-09
2022/2023,1961,Hallstahammar,19,16653,municipal,2022-08-15,44,2022-12-20,2023-01-10,9,14,2023-06-13
2022/2023,1962,Norberg,19,5452,municipal,2022-08-17,44,2022-12-16,2023-01-11,9,15,2023-06-14
2022/2023,1980,Västerås,19,160634,municipal,2022-08-16,44,2022-12-22,2023-01-10,9,14,2023-06-09
2022/2023,1981,Sala,19,22843,municipal,2022-08-16,44,2022-12-22,2023-01-11,9,15,2023-06-09
2022/2023,1982,Fagersta,19,13072,municipal,2022-08-22,44,2022-12-21,2023-01-11,9,15,2023-06-16
2022/2023,1983,Köping,19,25729,municipal,2022-08-16,44,2022-12-21,2023-01-09,9,15,2023-06-09
2022/2023,1984,Arboga,19,13980,municipal,2022-08-16,44,2022-12-21,2023-01-10,9,15,2023-06-09
2022/2023,2023,Malung-Sälen,20,10254,municipal,2022-08-15,44,2022-12-21,2023-01-09,9,15,2023-06-09
2022/2023,2026,Gagnef,20,10384,municipal,2022-08-15,44,2022-12-21,2023-01-11,9,15,2023-06-09
2022/2023,2029,Leksand,20,16137,municipal,2022-08-15,44,2022-12-21,2023-01-09,9,15,2023-06-09
2022/2023,2031,Rättvik,20,10998,municipal,2022-08-15,44,2022-12-15,2023-01-11,9,15,2023-06-09
2022/2023,2034,Orsa,20,6851,municipal,2022-08-15,44,2022-12-21,2023-01-09,9,15,2023-06-09
2022/2023,2039,Älvdalen,20,6882,municipal,2022-08-15,44,2022-12-21,2023-01-11,9,15,2023-06-09
2022/2023,2061,Smedjebacken,20,10823,municipal,2022-08-15,44,2022-12-21,2023-01-10,9,15,2023-06-09
2022/2023,2062,Mora,20,20540,municipal,2022-08-15,44,2022-12-21,2023-01-11,9,15,2023-06-09
2022/2023,2080,Falun,20,59945,municipal,2022-08-15,45,2022-12-21,2023-01-09,9,15,2023-06-09
2022/2023,2081,Borlänge,20,51425,municipal,2022-08-18,44,2022-12-21,2023-01-09,9,14,2023-06-09
2022/2023,2082,Säter,20,11223,municipal,2022-08-16,44,2022-12-21,2023-01-11,9,15,2023-06-09
2022/2023,2083,Hedemora,20,15281,municipal,2022-08-17,44,2022-12-21,2023-01-11,9,15,2023-06-09
2022/2023,2085,Ludvika,20,26634,municipal,2022-08-16,44,2022-12-22,2023-01-11,9,15,2023-06-08
2022/2023,2104,Hofors,21,9281,municipal,2022-08-17,44,2022-12-22,2023-01-10,9,15,2023-06-09
2022/2023,2121,Ovanåker,21,11341,municipal,2022-08-22,44,2022-12-22,2023-01-10,10,15,2023-06-15
2022/2023,2132,Nordanstig,21,9262,municipal,2022-08-22,44,2022-12-21,2023-01-11,10,15,2023-06-15
2022/2023,2161,Ljusdal,21,18445,municipal,2022-08-16,44,2022-12-22,2023-01-11,10,15,2023-06-08
2022/2023,2180,Gävle,21,103838,municipal,2022-08-23,44,2022-12-22,2023-01-09,9,15,2023-06-15
2022/2023,2181,Sandviken,21,38360,municipal,2022-08-23,44,2022-12-22,2023-01-09,9,15,2023-06-15
2022/2023,2182,Söderhamn,21,24545,municipal,2022-08-16,44,2022-12-20,2023-01-09,7,15,2023-06-15
2022/2023,2183,Bollnäs,21,26243,municipal,2022-08-17,44,2022-12-22,2023-01-11,10,15,2023-06-08
2022/2023,2184,Hudiksvall,21,37528,municipal,2022-08-23,44,2022-12-21,2023-01-10,10,15,2023-06-15
2022/2023,2260,Ånge,22,9044,municipal,2022-08-23,44,2022-12-21,2023-01-09,10,15,2023-06-15
2022/2023,2262,Timrå,22,17521,municipal,2022-08-24,44,2022-12-21,2023-01-09,10,15,2023-06-15
2022/2023,2280,Härnösand,22,24515,municipal,2022-08-25,44,2022-12-22,2023-01-09,10,15,2023-06-16
2022/2023,2281,Sundsvall,22,99048,municipal,2022-08-24,44,2022-12-22,2023-01-10,10,15,2023-06-16
2022/2023,2282,Kramfors,22,17491,municipal,2022-08-18,44,2022-12-21,2023-01-10,10,15,2023-06-09
2022/2023,2283,Sollefteå,22,18396,municipal,2022-08-17,44,2022-12-22,2023-01-09,10,16,2023-06-08
2022/2023,2284,Örnsköldsvik,22,55443,municipal,2022-08-17,44,2022-12-22,2023-01-10,10,15,2023-06-08
2022/2023,2303,Ragunda,23,5146,municipal,2022-08-25,44,2022-12-21,2023-01-10,10,15,2023-06-16
2022/2023,2305,Bräcke,23,6035,municipal,2022-08-25,44,2022-12-21,2023-01-10,10,15,2023-06-16
2022/2023,2309,Krokom,23,15680,municipal,2022-08-25,44,2022-12-21,2023-01-09,10,15,2023-06-16
2022/2023,2313,Strömsund,23,11023,municipal,2022-08-25,44,2022-12-21,2023-01-10,10,15,2023-06-16
2022/2023,2321,Åre,23,12693,municipal,2022-08-25,44,2022-12-21,2023-01-10,10,15,2023-06-16
2022/2023,2326,Berg,23,7108,municipal,2022-08-25,44,2022-12-21,2023-01-10,10,15,2023-06-16
2022/2023,2361,Härjedalen,23,10175,municipal,2022-08-25,44,2022-12-21,2023-01-10,10,15,2023-06-16
2022/2023,2380,Östersund,23,64979,municipal,2022-08-25,44,2022-12-21,2023-01-10,10,15,2023-06-16
2022/2023,2403,Bjurholm,24,2359,municipal,2022-08-22,44,2022-12-22,2023-01-10,10,15,2023-06-13
2022/2023,2404,Vindeln,24,5417,municipal,2022-08-23,44,2022-12-22,2023-01-11,10,15,2023-06-15
2022/2023,2409,Robertsfors,24,6690,municipal,2022-08-22,44,2022-12-22,2023-01-11,10,15,2023-06-13
2022/2023,2417,Norsjö,24,3968,municipal,2022-08-22,44,2022-12-22,2023-01-10,10,15,2023-06-12
2022/2023,2418,Malå,24,2962,municipal,2022-08-23,44,2022-12-22,2023-01-11,10,15,2023-06-14
2022/2023,2421,Storuman,24,5577,municipal,2022-08-22,44,2022-12-21,2023-01-11,10,15,2023-06-16
2022/2023,2422,Sorsele,24,2357,municipal,2022-08-23,44,2022-12-21,2023-01-11,10,15,2023-06-16
2022/2023,2425,Dorotea,24,2294,municipal,2022-08-22,44,2022-12-22,2023-01-10,10,15,2023-06-09
2022/2023,2460,Vännäs,24,9132,municipal,2022-08-23,44,2022-12-22,2023-01-11,10,15,2023-06-15
2022/2023,2462,Vilhelmina,24,6229,municipal,2022-08-22,44,2022-12-22,2023-01-09,10,15,2023-06-09
2022/2023,2463,Åsele,24,2694,municipal,2022-08-24,44,2022-12-22,2023-01-11,10,15,2023-06-16
2022/2023,2480,Umeå,24,134249,municipal,2022-08-22,44,2022-12-22,2023-01-09,10,15,2023-06-13
2022/2023,2481,Lycksele,24,12118,municipal,2022-08-22,44,2022-12-22,2023-01-11,10,15,2023-06-14
2022/2023,2482,Skellefteå,24,78150,municipal,2022-08-22,44,2022-12-22,2023-01-11,10,15,2023-06-16
2022/2023,2505,Arvidsjaur,25,6089,municipal,2022-08-25,44,2022-12-22,2023-01-11,10,15,2023-06-16
2022/2023,2510,Jokkmokk,25,4701,municipal,2022-08-24,44,2022-12-22,2023-01-10,10,15,2023-06-16
2022/2023,2513,Överkalix,25,3201,municipal,2022-08-18,44,2022-12-22,2023-01-11,10,15,2023-06-14
2022/2023,2514,Kalix,25,15391,municipal,2022-08-24,44,2022-12-22,2023-01-11,10,14,2023-06-16
2022/2023,2521,Pajala,25,5857,municipal,2022-08-22,44,2022-12-21,2023-01-12,10,15,2023-06-16
2022/2023,2523,Gällivare,25,17233,municipal,2022-08-23,44,2022-12-22,2023-01-11,10,15,2023-06-16
2022/2023,2560,Älvsbyn,25,7774,municipal,2022-08-17,44,2022-12-22,2023-01-11,10,15,2023-06-09
2022/2023,2581,Piteå,25,42447,municipal,2022-08-17,44,2022-12-22,2023-01-11,10,15,2023-06-09
2022/2023,2582,Boden,25,28049,municipal,2022-08-17,44,2022-12-22,2023-01-11,10,15,2023-06-09
2022/2023,2583,Haparanda,25,9151,municipal,2022-08-17,44,2022-12-21,2023-01-11,10,15,2023-06-14
2022/2023,2584,Kiruna,25,22426,municipal,2022-08-24,44,2022-12-22,2023-01-10,10,15,2023-06-15
2022/2023,01,Stockholm (county summary),01,,county_summary,2022-08-15,44,2022-12-20,2023-01-09,9,,2023-06-08
2022/2023,03,Uppsala (county summary),03,,county_summary,2022-08-16,44,2022-12-21,2023-01-09,7+8+9,14+15,2023-06-09
2022/2023,04,Södermanland (county summary),04,,county_summary,2022-08-15,44,2022-12-21,2023-01-09,8+9,14+15,2023-06-08
2022/2023,05,Östergötland (county summary),05,,county_summary,2022-08-15,44,2022-12-20,2023-01-09,8,15,2023-06-08
2022/2023,06,Jönköping (county summary),06,,county_summary,2022-08-16,44,2022-12-20,2023-01-09,7,14+15,2023-06-14
2022/2023,07,Kronoberg (county summary),07,,county_summary,2022-08-16,44,2022-12-20,2023-01-09,8,14,2023-06-13
2022/2023,08,Kalmar (county summary),08,,county_summary,2022-08-22,44,2022-12-22,2023-01-09,8,15,2023-06-16
2022/2023,09,Gotland (county summary),09,,county_summary,2022-08-22,44,2022-12-22,2023-01-10,9,15,2023-06-15
2022/2023,10,Blekinge (county summary),10,,county_summary,2022-08-15,44,2022-12-21,2023-01-10,8,15,2023-06-09
2022/2023,12,Skåne (county summary),12,,county_summary,2022-08-15,44,2022-12-20,2023-01-09,8,14+15,2023-06-09
2022/2023,13,Halland (county summary),13,,county_summary,2022-08-15,44,2022-12-20,2023-01-09,7+8+9+10,14+15,2023-06-08
2022/2023,14,Västra Götaland (county summary),14,,county_summary,2022-08-15,44,2022-12-20,2023-01-09,7+8+9,14+15,2023-06-08
2022/2023,17,Värmland (county summary),17,,county_summary,2022-08-08,41+42+43+44,2022-12-21,2023-01-09,9,15,2023-06-08
2022/2023,18,Örebro (county summary),18,,county_summary,2022-08-15,44,2022-12-21,2023-01-09,8,14+15,2023-06-09
2022/2023,19,Västmanland (county summary),19,,county_summary,2022-08-16,44,2022-12-16,2023-01-09,9,14+15,2023-06-09
2022/2023,20,Dalarna (county summary),20,,county_summary,2022-08-15,44+45,2022-12-15,2023-01-09,9,14+15,2023-06-08
2022/2023,21,Gävleborg (county summary),21,,county_summary,2022-08-16,44,2022-12-20,2023-01-09,7+8+9+10,15,2023-06-08
2022/2023,22,Västernorrland (county summary),22,,county_summary,2022-08-17,44,2022-12-21,2023-01-09,10,15,2023-06-08
2022/2023,23,Jämtland (county summary),23,,county_summary,2022-08-25,44,2022-12-21,2023-01-09,10,15,2023-06-16
2022/2023,24,Västerbotten (county summary),24,,county_summary,2022-08-22,44,2022-12-21,2023-01-09,10,15,2023-06-09
2022/2023,25,Norrbotten (county summary),25,,county_summary,2022-08-17,44,2022-12-21,2023-01-10,10,14+15,2023-06-09
2023/2024,0114,Upplands Väsby,01,50323,municipal,2023-08-17,44,2023-12-21,2024-01-10,9,14,2024-06-11
2023/2024,0115,Vallentuna,01,35119,municipal,2023-08-21,44,2023-12-21,2024-01-09,9,14,2024-06-13
2023/2024,0117,Österåker,01,49787,municipal,2023-08-21,44,2023-12-21,2024-01-10,9,14,2024-06-12
2023/2024,0120,Värmdö,01,46635,municipal,2023-08-21,44,2023-12-21,2024-01-09,9,14,2024-06-12
2023/2024,0123,Järfälla,01,88950,municipal,2023-08-21,44,2023-12-20,2024-01-08,9,14,2024-06-12
2023/2024,0125,Ekerö,01,28910,municipal,2023-08-22,44,2023-12-22,2024-01-10,9,14,2024-06-12
2023/2024,0126,Huddinge,01,114304,municipal,2023-08-22,44,2023-12-21,2024-01-09,9,14,2024-06-12
2023/2024,0127,Botkyrka,01,95905,municipal,2023-08-21,44,2023-12-21,2024-01-09,9,14,2024-06-12
2023/2024,0128,Salem,01,17507,municipal,2023-08-16,44,2023-12-21,2024-01-10,9,14,2024-06-12
2023/2024,0136,Haninge,01,100895,municipal,2023-08-21,44,2023-12-21,2024-01-09,9,14,2024-06-12
2023/2024,0138,Tyresö,01,49179,municipal,2023-08-17,44,2023-12-21,2024-01-08,9,14,2024-06-12
2023/2024,0139,Upplands-Bro,01,32868,municipal,2023-08-22,44,2023-12-22,2024-01-10,9,14,2024-06-12
2023/2024,0140,Nykvarn,01,12342,municipal,2023-08-17,44,2023-12-19,2024-01-09,9,14,2024-06-12
2023/2024,0160,Täby,01,77744,municipal,2023-08-17,44,2023-12-20,2024-01-09,9,14,2024-06-12
2023/2024,0162,Danderyd,01,32425,municipal,2023-08-17,44,2023-12-20,2024-01-09,9,14,2024-06-11
2023/2024,0163,Sollentuna,01,77624,municipal,2023-08-23,44,2023-12-21,2024-01-09,9,14,2024-06-13
2023/2024,0180,Stockholm,01,995574,municipal,2023-08-23,44,2023-12-21,2024-01-08,9,14,2024-06-12
2023/2024,0181,Södertälje,01,102911,municipal,2023-08-18,44,2023-12-21,2024-01-15,9,14,2024-06-12
2023/2024,0182,Nacka,01,112112,municipal,2023-08-21,44,2023-12-21,2024-01-09,9,14,2024-06-12
2023/2024,0183,Sundbyberg,01,56274,municipal,2023-08-18,44,2023-12-20,2024-01-10,9,15,2024-06-13
2023/2024,0184,Solna,01,85789,municipal,2023-08-21,44,2023-12-21,2024-01-10,9,14,2024-06-13
2023/2024,0186,Lidingö,01,48377,municipal,2023-08-22,44,2023-12-21,2024-01-09,9,14,2024-06-13
2023/2024,0187,Vaxholm,01,11822,municipal,2023-08-21,44,2023-12-20,2024-01-09,9,14,2024-06-12
2023/2024,0188,Norrtälje,01,66585,municipal,2023-08-15,44,2023-12-21,2024-01-09,9,14,2024-06-05
2023/2024,0191,Sigtuna,01,52767,municipal,2023-08-21,44,2023-12-21,2024-01-09,9,14,2024-06-13
2023/2024,0192,Nynäshamn,01,30579,municipal,2023-08-17,44,2023-12-21,2024-01-09,9,14,2024-06-05
2023/2024,0305,Håbo,03,22973,municipal,2023-08-17,44,2023-12-21,2024-01-10,8,14,2024-06-12
2023/2024,0319,Älvkarleby,03,9552,municipal,2023-08-17,44,2023-12-21,2024-01-09,9,14,2024-06-11
2023/2024,0330,Knivsta,03,21193,municipal,2023-08-17,44,2023-12-21,2024-01-10,8,14,2024-06-13
2023/2024,0331,Heby,03,14345,municipal,2023-08-17,44,2023-12-21,2024-01-10,8,14,2024-06-12
2023/2024,0360,Tierp,03,21104,municipal,2023-08-17,44,2023-12-21,2024-01-10,8,14,2024-06-12
2023/2024,0380,Uppsala,03,248016,municipal,2023-08-17,44,2023-12-21,2024-01-10,8,14,2024-06-12
2023/2024,0381,Enköping,03,48591,municipal,2023-08-17,44,2023-12-21,2024-01-10,8,14,2024-06-07
2023/2024,0382,Östhammar,03,22138,municipal,2023-08-17,44,2023-12-21,2024-01-10,8,14,2024-06-11
2023/2024,0428,Vingåker,04,8750,municipal,2023-08-14,44,2023-12-20,2024-01-09,8,14,2024-06-05
2023/2024,0461,Gnesta,04,11458,municipal,2023-08-21,44,2023-12-22,2024-01-09,8,14,2024-06-13
2023/2024,0480,Nyköping,04,58344,municipal,2023-08-22,44,2023-12-21,2024-01-09,8,14,2024-06-14
2023/2024,0481,Oxelösund,04,12031,municipal,2023-08-21,44,2023-12-21,2024-01-09,8,14,2024-06-12
2023/2024,0483,Katrineholm,04,34154,municipal,2023-08-14,44,2023-12-20,2024-01-09,8,14,2024-06-05
2023/2024,0484,Eskilstuna,04,107203,municipal,2023-08-14,44,2023-12-21,2024-01-09,8,14,2024-06-05
2023/2024,0486,Strängnäs,04,39313,municipal,2023-08-16,44,2023-12-21,2024-01-08,8,14,2024-06-07
2023/2024,0488,Trosa,04,14927,municipal,,44,2023-12-17,2024-01-09,8,14,2024-06-11
2023/2024,0509,Ödeshög,05,5237,municipal,2023-08-16,44,2023-12-19,2024-01-10,8,14,2024-06-13
2023/2024,0512,Ydre,05,3626,municipal,2023-08-16,44,2023-12-21,2024-01-09,7,14,2024-06-12
2023/2024,0560,Boxholm,05,5517,municipal,2023-08-17,44,2023-12-20,2024-01-08,8,14,2024-06-13
2023/2024,0562,Finspång,05,21623,municipal,2023-08-16,44,2023-12-19,2024-01-08,8,14,2024-06-13
2023/2024,0563,Valdemarsvik,05,7525,municipal,2023-08-16,44,2023-12-19,2024-01-08,8,14,2024-06-13
2023/2024,0580,Linköping,05,168035,municipal,2023-08-17,44,2023-12-20,2024-01-08,8,14,2024-06-13
2023/2024,0581,Norrköping,05,144980,municipal,2023-08-16,44,2023-12-19,2024-01-08,8,14,2024-06-13
2023/2024,0582,Söderköping,05,14789,municipal,2023-08-16,44,2023-12-19,2024-01-09,8,14,2024-06-14
2023/2024,0583,Motala,05,43505,municipal,2023-08-14,44,2023-12-21,2024-01-09,8,14,2024-06-05
2023/2024,0584,Vadstena,05,7490,municipal,2023-08-16,44,2023-12-19,2024-01-08,8,14,2024-06-13
2023/2024,0586,Mjölby,05,28695,municipal,2023-08-17,44,2023-12-20,2024-01-08,8,14,2024-06-13
2023/2024,0604,Aneby,06,6797,municipal,2023-08-17,44,2023-12-22,2024-01-09,7,14,2024-06-12
2023/2024,0617,Gnosjö,06,9131,municipal,2023-08-17,44,2023-12-21,2024-01-10,7,14,2024-06-13
2023/2024,0642,Mullsjö,06,7594,municipal,2023-08-21,44,2023-12-21,2024-01-10,7,14,2024-06-14
2023/2024,0643,Habo,06,13456,municipal,2023-08-22,44,2023-12-22,2024-01-09,7,14,2024-06-14
2023/2024,0662,Gislaved,06,28936,municipal,2023-08-17,44,2023-12-20,2024-01-10,7,14,2024-06-13
2023/2024,0665,Vaggeryd,06,14825,municipal,2023-08-22,44,2023-12-21,2024-01-09,7,14,2024-06-13
2023/2024,0680,Jönköping,06,147654,municipal,2023-08-21,44,2023-12-21,2024-01-08,7,14,2024-06-14
2023/2024,0682,Nässjö,06,31587,municipal,2023-08-17,44,2023-12-22,2024-01-10,7,14,2024-06-13
2023/2024,0683,Värnamo,06,34542,municipal,2023-08-16,44,2023-12-21,2024-01-08,7,14,2024-06-13
2023/2024,0684,Sävsjö,06,11563,municipal,2023-08-17,44,2023-12-22,2024-01-09,7,14,2024-06-12
2023/2024,0685,Vetlanda,06,27528,municipal,2023-08-21,44,2023-12-22,2024-01-10,7,14,2024-06-14
2023/2024,0686,Eksjö,06,17792,municipal,2023-08-16,44,2023-12-22,2024-01-09,7,14,2024-06-11
2023/2024,0687,Tranås,06,18604,municipal,2023-08-16,44,2023-12-21,2024-01-09,7,14,2024-06-12
2023/2024,0760,Uppvidinge,07,9061,municipal,2023-08-17,44,2023-12-20,2024-01-09,8,13,2024-06-13
2023/2024,0761,Lessebo,07,8289,municipal,2023-08-16,44,2023-12-21,2024-01-09,8,13,2024-06-14
2023/2024,0763,Tingsryd,07,11966,municipal,2023-08-17,44,2023-12-21,2024-01-10,8,13,2024-06-12
2023/2024,0764,Alvesta,07,19830,municipal,2023-08-22,44,2023-12-21,2024-01-09,8,13,2024-06-14
2023/2024,0765,Älmhult,07,17653,municipal,2023-08-17,44,2023-12-21,2024-01-10,8,13,2024-06-14
2023/2024,0767,Markaryd,07,9938,municipal,2023-08-22,44,2023-12-22,2024-01-09,8,13,2024-06-14
2023/2024,0780,Växjö,07,98334,municipal,2023-08-22,44,2023-12-22,2024-01-09,8,13,2024-06-14
2023/2024,0781,Ljungby,07,28280,municipal,2023-08-21,44,2023-12-21,2024-01-09,8,14,2024-06-14
2023/2024,0840,Mörbylånga,08,16224,municipal,2023-08-21,44,2023-12-21,2024-01-08,8,14,2024-06-14
2023/2024,0860,Hultsfred,08,13673,municipal,2023-08-21,44,2023-12-21,2024-01-08,8,14,2024-06-14
2023/2024,0861,Mönsterås,08,13069,municipal,2023-08-21,44,2023-12-21,2024-01-08,8,14,2024-06-14
2023/2024,0862,Emmaboda,08,9006,municipal,2023-08-21,44,2023-12-21,2024-01-09,8,14,2024-06-14
2023/2024,0880,Kalmar,08,72704,municipal,2023-08-21,44,2023-12-21,2024-01-08,8,14,2024-06-14
2023/2024,0881,Nybro,08,19951,municipal,2023-08-21,44,2023-12-21,2024-01-09,8,14,2024-06-14
2023/2024,0883,Västervik,08,36447,municipal,2023-08-21,44,2023-12-21,2024-01-08,8,14,2024-06-14
2023/2024,0884,Vimmerby,08,15384,municipal,2023-08-21,44,2023-12-21,2024-01-08,8,14,2024-06-14
2023/2024,0885,Borgholm,08,10666,municipal,2023-08-21,44,2023-12-21,2024-01-08,8,14,2024-06-14
2023/2024,0980,Gotland,09,60971,municipal,2023-08-21,44,2023-12-21,2024-01-08,9,14,2024-06-12
2023/2024,1060,Olofström,10,13000,municipal,2023-08-17,44,2023-12-21,2024-01-10,8,14,2024-06-12
2023/2024,1080,Karlskrona,10,66301,municipal,2023-08-17,44,2023-12-21,2024-01-10,8,14,2024-06-12
2023/2024,1081,Ronneby,10,28741,municipal,2023-08-17,44,2023-12-21,2024-01-10,8,14,2024-06-12
2023/2024,1082,Karlshamn,10,31751,municipal,2023-08-17,44,2023-12-21,2024-01-10,8,14,2024-06-12
2023/2024,1083,Sölvesborg,10,17430,municipal,2023-08-17,44,2023-12-21,2024-01-10,8,14,2024-06-12
2023/2024,1214,Svalöv,12,14543,municipal,2023-08-16,44,2023-12-21,2024-01-10,8,14,2024-06-11
2023/2024,1230,Staffanstorp,12,27303,municipal,2023-08-16,44,2023-12-21,2024-01-10,8,13,2024-06-13
2023/2024,1231,Burlöv,12,20101,municipal,2023-08-17,44,2023-12-20,2024-01-10,8,13,2024-06-12
2023/2024,1233,Vellinge,12,37816,municipal,2023-08-15,44,2023-12-21,2024-01-10,8,13,2024-06-11
2023/2024,1256,Östra Göinge,12,13978,municipal,2023-08-15,44,2023-12-22,2024-01-09,8,14,2024-06-05
2023/2024,1260,Bjuv,12,15985,municipal,2023-08-16,44,2023-12-20,2024-01-10,8,13,
2023/2024,1261,Kävlinge,12,32477,municipal,2023-08-16,44,2023-12-20,2024-01-10,8,13,2024-06-13
2023/2024,1262,Lomma,12,24715,municipal,2023-08-17,44,2023-12-21,2024-01-10,8,13,2024-06-13
2023/2024,1263,Svedala,12,23581,municipal,2023-08-17,44,2023-12-21,2024-01-11,8,13,2024-06-14
2023/2024,1264,Skurup,12,17099,municipal,2023-08-17,44,2023-12-22,2024-01-10,8,13,2024-06-11
2023/2024,1265,Sjöbo,12,19337,municipal,2023-08-16,44,2023-12-20,2024-01-10,8,13,2024-06-13
2023/2024,1266,Hörby,12,15562,municipal,2023-08-16,44,2023-12-21,2024-01-10,8,13,2024-06-07
2023/2024,1267,Höör,12,17518,municipal,2023-08-17,44,2023-12-21,2024-01-10,8,13,2024-06-12
2023/2024,1270,Tomelilla,12,13639,municipal,2023-08-17,44,2023-12-21,2024-01-11,8,13,2024-06-13
2023/2024,1273,Osby,12,12947,municipal,2023-08-16,44,2023-12-21,2024-01-10,8,14,2024-06-12
2023/2024,1275,Perstorp,12,7235,municipal,2023-08-16,44,2023-12-21,2024-01-10,8,13,2024-06-13
2023/2024,1277,Åstorp,12,16449,municipal,2023-08-17,44,2023-12-20,2024-01-10,8,13,2024-06-14
2023/2024,1278,Båstad,12,16026,municipal,2023-08-16,44,2023-12-20,2024-01-10,8,13,2024-06-13
2023/2024,1280,Malmö,12,365644,municipal,2023-08-17,44,2023-12-22,2024-01-10,8,13,2024-06-13
2023/2024,1281,Lund,12,131590,municipal,2023-08-17,44,2023-12-22,2024-01-09,8,14,2024-06-14
2023/2024,1282,Landskrona,12,47309,municipal,2023-08-15,44,2023-12-22,2024-01-09,8,13,2024-06-05
2023/2024,1284,Höganäs,12,28430,municipal,2023-08-16,44,2023-12-22,2024-01-09,8,13,2024-06-10
2023/2024,1285,Eslöv,12,34922,municipal,2023-08-16,44,2023-12-21,2024-01-11,8,13,2024-06-12
2023/2024,1286,Ystad,12,32106,municipal,2023-08-17,44,2023-12-20,2024-01-10,8,13,2024-06-14
2023/2024,1287,Trelleborg,12,47269,municipal,2023-08-15,44,2023-12-19,2024-01-10,8,13,2024-06-14
2023/2024,1290,Kristianstad,12,86379,municipal,2023-08-15,44,2023-12-22,2024-01-09,8,14,2024-06-05
2023/2024,1291,Simrishamn,12,18890,municipal,2023-08-16,44,2023-12-19,2024-01-11,8,13,2024-06-13
2023/2024,1292,Ängelholm,12,45110,municipal,2023-08-16,44,2023-12-20,2024-01-10,8,14,2024-06-12
2023/2024,1293,Hässleholm,12,52114,municipal,2023-08-16,44,2023-12-22,2024-01-10,8,14,2024-06-12
2023/2024,1315,Hylte,13,10196,municipal,2023-08-16,44,2023-12-22,2024-01-09,8,14,2024-06-12
2023/2024,1380,Halmstad,13,106084,municipal,2023-08-16,44,2023-12-21,2024-01-10,8,14,2024-06-12
2023/2024,1381,Laholm,13,26595,municipal,2023-08-17,44,2023-12-22,2024-01-09,8,14,2024-06-11
2023/2024,1382,Falkenberg,13,47337,municipal,2023-08-17,44,2023-12-20,2024-01-10,8,15,2024-06-13
2023/2024,1383,Varberg,13,69070,municipal,2023-08-17,44,2023-12-21,2024-01-10,8,14,2024-06-13
2023/2024,1384,Kungsbacka,13,85792,municipal,2023-08-21,44,2023-12-22,2024-01-08,7,14,2024-06-14
2023/2024,1401,Härryda,14,40003,municipal,2023-08-16,44,2023-12-19,2024-01-09,7,14,2024-06-12
2023/2024,1402,Partille,14,41060,municipal,2023-08-21,44,2023-12-21,2024-01-10,7,14,2024-06-12
2023/2024,1407,Öckerö,14,12771,municipal,2023-08-21,44,2023-12-20,2024-01-10,7,14,2024-06-14
2023/2024,1415,Stenungsund,14,27851,municipal,2023-08-23,44,2023-12-21,2024-01-09,7,14,2024-06-13
2023/2024,1419,Tjörn,14,16092,municipal,2023-08-22,44,2023-12-21,2024-01-10,7,14,2024-06-13
2023/2024,1421,Orust,14,15352,municipal,2023-08-18,44,2023-12-21,2024-01-10,8,14,2024-06-14
2023/2024,1430,Munkedal,14,10354,municipal,2023-08-21,44,2023-12-22,2024-01-10,8,13,2024-06-12
2023/2024,1435,Tanum,14,12773,municipal,2023-08-21,44,2023-12-22,2024-01-10,8,13,2024-06-12
2023/2024,1438,Dals-Ed,14,4606,municipal,2023-08-21,44,2023-12-21,2024-01-10,8,14,2024-06-13
2023/2024,1439,Färgelanda,14,6376,municipal,2023-08-21,44,2023-12-22,2024-01-08,8,13,2024-06-12
2023/2024,1440,Ale,14,32576,municipal,2023-08-22,44,2023-12-22,2024-01-11,7,15,2024-06-15
2023/2024,1441,Lerum,14,43570,municipal,2023-08-21,44,2023-12-21,2024-01-09,7,14,2024-06-12
2023/2024,1442,Vårgårda,14,12474,municipal,2023-08-22,44,2023-12-21,2024-01-09,7,14,2024-06-14
2023/2024,1443,Bollebygd,14,9802,municipal,2023-08-22,44,2023-12-21,2024-01-09,7,14,2024-06-14
2023/2024,1444,Grästorp,14,5555,municipal,2023-08-22,44,2023-12-20,2024-01-09,7,13,2024-06-16
2023/2024,1445,Essunga,14,5560,municipal,2023-08-21,44,2023-12-21,2024-01-10,7,13,2024-06-14
2023/2024,1446,Karlsborg,14,7023,municipal,2023-08-22,44,2023-12-21,2024-01-09,7,13,2024-06-13
2023/2024,1447,Gullspång,14,5031,municipal,2023-08-23,44,2023-12-21,2024-01-09,7,13,2024-06-14
2023/2024,1452,Tranemo,14,11839,municipal,2023-08-22,44,2023-12-21,2024-01-09,7,14,2024-06-14
2023/2024,1462,Lilla Edet,14,14442,municipal,2023-08-22,44,2023-12-22,2024-01-09,7,14,2024-06-13
2023/2024,1463,Mark,14,35155,municipal,2023-08-22,44,2023-12-21,2024-01-09,7,14,2024-06-14
2023/2024,1465,Svenljunga,14,10747,municipal,2023-08-22,44,2023-12-21,2024-01-09,7,14,2024-06-13
2023/2024,1466,Herrljunga,14,9497,municipal,2023-08-15,44,2023-12-21,2024-01-09,7,14,2024-06-05
2023/2024,1470,Vara,14,16088,municipal,2023-08-22,44,2023-12-21,2024-01-09,7,13,2024-06-14
2023/2024,1471,Götene,14,13286,municipal,2023-08-22,44,2023-12-21,2024-01-10,7,13,2024-06-14
2023/2024,1472,Tibro,14,11338,municipal,2023-08-22,44,2023-12-21,2024-01-09,7,13,2024-06-13
2023/2024,1473,Töreboda,14,9043,municipal,2023-08-23,44,2023-12-21,2024-01-09,7,13,2024-06-13
2023/2024,1480,Göteborg,14,608993,municipal,2023-08-17,44,2023-12-22,2024-01-09,7,14,2024-06-14
2023/2024,1481,Mölndal,14,71420,municipal,2023-08-21,44,2023-12-21,2024-01-09,7,14,2024-06-11
2023/2024,1482,Kungälv,14,50313,municipal,2023-08-21,44,2023-12-21,2024-01-09,7,14,2024-06-12
2023/2024,1485,Uddevalla,14,57010,municipal,2023-08-21,44,2023-12-22,2024-01-08,8,13,2024-06-12
2023/2024,1486,Strömstad,14,13482,municipal,2023-08-21,44,2023-12-22,2024-01-10,8,13,2024-06-12
2023/2024,1487,Vänersborg,14,40041,municipal,2023-08-22,44,2023-12-21,2024-01-09,8,14,2024-06-13
2023/2024,1488,Trollhättan,14,59003,municipal,2023-08-21,44,2023-12-20,2024-01-09,8,14,2024-06-13
2023/2024,1489,Alingsås,14,42722,municipal,2023-08-21,44,2023-12-22,2024-01-09,7,14,2024-06-12
2023/2024,1492,Åmål,14,11906,municipal,2023-08-21,44,2023-12-21,2024-01-09,9,14,2024-06-14
2023/2024,1493,Mariestad,14,24583,municipal,2023-08-23,44,2023-12-21,2024-01-09,7,13,2024-06-14
2023/2024,1494,Lidköping,14,40425,municipal,2023-08-17,44,2023-12-19,2024-01-10,7,13,2024-06-14
2023/2024,1495,Skara,14,18707,municipal,2023-08-21,44,2023-12-21,2024-01-09,7,13,2024-06-13
2023/2024,1496,Skövde,14,57995,municipal,2023-08-21,44,2023-12-21,2024-01-08,7,13,2024-06-13
2023/2024,1497,Hjo,14,9350,municipal,2023-08-22,44,2023-12-22,2024-01-09,7,13,2024-06-13
2023/2024,1498,Tidaholm,14,12805,municipal,2023-08-21,44,2023-12-21,2024-01-09,7,13,2024-06-13
2023/2024,1499,Falköping,14,32806,municipal,2023-08-16,44,2023-12-22,2024-01-10,7,13,2024-06-11
2023/2024,1715,Kil,17,12061,municipal,2023-08-15,44,2023-12-21,2024-01-09,9,14,2024-06-07
2023/2024,1730,Eda,17,8412,municipal,2023-08-17,44,2023-12-20,2024-01-10,9,14,2024-06-11
2023/2024,1737,Torsby,17,11321,municipal,2023-08-16,44,2023-12-22,2024-01-10,9,14,2024-06-07
2023/2024,1760,Storfors,17,3788,municipal,2023-08-16,44,2023-12-22,2024-01-11,9,14,2024-06-07
2023/2024,1761,Hammarö,17,16992,municipal,2023-08-17,44,2023-12-22,2024-01-09,9,14,2024-06-07
2023/2024,1762,Munkfors,17,3625,municipal,2023-08-14,44,2023-12-22,2024-01-09,9,14,2024-06-05
2023/2024,1763,Forshaga,17,11520,municipal,2023-08-16,44,2023-12-20,2024-01-09,9,14,2024-06-07
2023/2024,1764,Grums,17,9004,municipal,2023-08-15,44,2023-12-22,2024-01-09,9,14,2024-06-05
2023/2024,1766,Sunne,17,13356,municipal,2023-08-14,44,2023-12-21,2024-01-09,9,14,2024-06-05
2023/2024,1780,Karlstad,17,98084,municipal,2023-08-16,44,2023-12-21,2024-01-08,9,14,2024-06-07
2023/2024,1781,Kristinehamn,17,23756,municipal,2023-08-14,44,2023-12-20,2024-01-10,9,14,2024-06-07
2023/2024,1782,Filipstad,17,9776,municipal,2023-08-15,44,2023-12-21,2024-01-10,9,14,2024-06-05
2023/2024,1783,Hagfors,17,11418,municipal,2023-08-14,44,2023-12-22,2024-01-09,9,14,2024-06-05
2023/2024,1784,Arvika,17,25547,municipal,2023-08-17,44,2023-12-20,2024-01-10,9,14,2024-06-11
2023/2024,1785,Säffle,17,14899,municipal,2023-08-14,44,2023-12-21,2024-01-10,9,14,2024-06-07
2023/2024,1814,Lekeberg,18,8606,municipal,2023-08-17,44,2023-12-21,2024-01-10,8,13,2024-06-11
2023/2024,1860,Laxå,18,5423,municipal,2023-08-22,44,2023-12-21,2024-01-10,8,14,2024-06-14
2023/2024,1861,Hallsberg,18,16120,municipal,2023-08-17,44,2023-12-22,2024-01-10,8,13,2024-06-12
2023/2024,1862,Degerfors,18,9278,municipal,2023-08-16,44,2023-12-20,2024-01-09,8,14,2024-06-12
2023/2024,1863,Hällefors,18,6321,municipal,2023-08-21,44,2023-12-22,2024-01-10,8,13,2024-06-14
2023/2024,1881,Kumla,18,22681,municipal,2023-08-16,44,2023-12-20,2024-01-10,8,13,2024-06-12
2023/2024,1882,Askersund,18,11477,municipal,2023-08-22,44,2023-12-21,2024-01-10,8,13,2024-06-12
2023/2024,1883,Karlskoga,18,30180,municipal,2023-08-16,44,2023-12-21,2024-01-09,8,14,2024-06-12
2023/2024,1885,Lindesberg,18,23141,municipal,2023-08-16,44,2023-12-22,2024-01-09,8,14,2024-06-07
2023/2024,1907,Surahammar,19,9845,municipal,2023-08-17,44,2023-12-22,2024-01-10,9,14,2024-06-05
2023/2024,1961,Hallstahammar,19,16653,municipal,2023-08-16,44,2023-12-21,2024-01-09,9,14,2024-06-11
2023/2024,1962,Norberg,19,5452,municipal,2023-08-17,44,2023-12-19,2024-01-10,9,14,2024-06-12
2023/2024,1980,Västerås,19,160634,municipal,2023-08-16,44,2023-12-21,2024-01-09,9,14,2024-06-11
2023/2024,1981,Sala,19,22843,municipal,2023-08-22,44,2023-12-21,2024-01-10,9,14,2024-06-14
2023/2024,1982,Fagersta,19,13072,municipal,2023-08-16,44,2023-12-21,2024-01-09,9,14,2024-06-11
2023/2024,1983,Köping,19,25729,municipal,2023-08-15,44,2023-12-21,2024-01-10,9,14,2024-06-07
2023/2024,1984,Arboga,19,13980,municipal,2023-08-15,44,2023-12-21,2024-01-09,9,14,2024-06-05
2023/2024,2023,Malung-Sälen,20,10254,municipal,2023-08-21,44,2023-12-21,2024-01-09,9,14,2024-06-14
2023/2024,2026,Gagnef,20,10384,municipal,2023-08-22,44,2023-12-22,2024-01-10,9,14,2024-06-13
2023/2024,2029,Leksand,20,16137,municipal,2023-08-21,44,2023-12-20,2024-01-10,9,14,2024-06-14
2023/2024,2031,Rättvik,20,10998,municipal,2023-08-21,44,2023-12-22,2024-01-10,9,14,2024-06-14
2023/2024,2034,Orsa,20,6851,municipal,2023-08-22,44,2023-12-21,2024-01-10,9,14,2024-06-14
2023/2024,2039,Älvdalen,20,6882,municipal,2023-08-22,44,2023-12-21,2024-01-10,9,14,2024-06-14
2023/2024,2061,Smedjebacken,20,10823,municipal,2023-08-21,44,2023-12-22,2024-01-09,9,14,2024-06-13
2023/2024,2062,Mora,20,20540,municipal,2023-08-22,44,2023-12-21,2024-01-10,9,14,2024-06-14
2023/2024,2081,Borlänge,20,51425,municipal,2023-08-23,44,2023-12-21,2024-01-09,9,14,2024-06-12
2023/2024,2082,Säter,20,11223,municipal,2023-08-21,44,2023-12-21,2024-01-10,9,14,2024-06-11
2023/2024,2084,Avesta,20,22417,municipal,2023-08-22,44,2023-12-21,2024-01-10,9,14,2024-06-09
2023/2024,2101,Ockelbo,21,5715,municipal,2023-08-17,44,2023-12-20,2024-01-08,9,14,2024-06-11
2023/2024,2104,Hofors,21,9281,municipal,2023-08-21,44,2023-12-22,2024-01-08,9,14,2024-06-11
2023/2024,2121,Ovanåker,21,11341,municipal,2023-08-21,44,2023-12-21,2024-01-10,10,14,2024-06-14
2023/2024,2132,Nordanstig,21,9262,municipal,2023-08-21,44,2023-12-21,2024-01-10,10,14,2024-06-12
2023/2024,2161,Ljusdal,21,18445,municipal,2023-08-21,44,2023-12-21,2024-01-10,10,14,2024-06-14
2023/2024,2180,Gävle,21,103838,municipal,2023-08-17,44,2023-12-20,2024-01-08,9,14,2024-06-11
2023/2024,2181,Sandviken,21,38360,municipal,2023-08-21,44,2023-12-22,2024-01-08,9,14,2024-06-11
2023/2024,2183,Bollnäs,21,26243,municipal,2023-08-17,44,2023-12-21,2024-01-11,10,14,2024-06-11
2023/2024,2184,Hudiksvall,21,37528,municipal,2023-08-22,44,2023-12-21,2024-01-09,10,14,2024-06-11
2023/2024,2260,Ånge,22,9044,municipal,2023-08-23,44,2023-12-21,2024-01-08,10,14,2024-06-13
2023/2024,2262,Timrå,22,17521,municipal,2023-08-23,44,2023-12-20,2024-01-08,10,14,2024-06-14
2023/2024,2280,Härnösand,22,24515,municipal,2023-08-24,44,2023-12-21,2024-01-08,10,14,2024-06-14
2023/2024,2281,Sundsvall,22,99048,municipal,2023-08-24,44,2023-12-22,2024-01-09,10,14,2024-06-14
2023/2024,2282,Kramfors,22,17491,municipal,2023-08-23,44,2023-12-22,2024-01-09,10,14,2024-06-13
2023/2024,2283,Sollefteå,22,18396,municipal,2023-08-22,44,2023-12-21,2024-01-09,10,14,2024-06-13
2023/2024,2284,Örnsköldsvik,22,55443,municipal,2023-08-22,44,2023-12-21,2024-01-09,10,14,2024-06-11
2023/2024,2303,Ragunda,23,5146,municipal,2023-08-24,44,2023-12-20,2024-01-09,10,14,2024-06-14
2023/2024,2309,Krokom,23,15680,municipal,2023-08-24,44,2023-12-20,2024-01-09,10,14,2024-06-14
2023/2024,2313,Strömsund,23,11023,municipal,2023-08-24,44,2023-12-20,2024-01-09,10,14,2024-06-14
2023/2024,2326,Berg,23,7108,municipal,2023-08-24,44,2023-12-20,2024-01-09,10,14,2024-06-14
2023/2024,2361,Härjedalen,23,10175,municipal,2023-08-24,44,2023-12-20,2024-01-09,10,14,2024-06-14
2023/2024,2380,Östersund,23,64979,municipal,2023-08-24,44,2023-12-20,2024-01-09,10,14,2024-06-14
2023/2024,2401,Nordmaling,24,6942,municipal,2023-08-21,44,2023-12-21,2024-01-10,10,14,2024-06-12
2023/2024,2404,Vindeln,24,5417,municipal,2023-08-22,44,2023-12-22,2024-01-10,10,14,2024-06-12
2023/2024,2409,Robertsfors,24,6690,municipal,2023-08-21,44,2023-12-22,2024-01-10,10,14,2024-06-11
2023/2024,2417,Norsjö,24,3968,municipal,2023-08-07,44,2023-12-22,2024-01-10,10,14,2024-06-11
2023/2024,2421,Storuman,24,5577,municipal,2023-08-23,44,2023-12-22,2024-01-10,10,14,2024-06-14
2023/2024,2422,Sorsele,24,2357,municipal,2023-08-22,43,2023-12-21,2024-01-10,10,14,2024-06-13
2023/2024,2460,Vännäs,24,9132,municipal,2023-08-22,44,2023-12-22,2024-01-10,10,14,2024-06-12
2023/2024,2462,Vilhelmina,24,6229,municipal,2023-08-23,44,2023-12-20,2024-01-09,10,14,2024-06-14
2023/2024,2480,Umeå,24,134249,municipal,2023-08-21,44,2023-12-21,2024-01-09,10,14,2024-06-19
2023/2024,2482,Skellefteå,24,78150,municipal,2023-08-22,44,2023-12-22,2024-01-10,10,14,2024-06-13
2023/2024,2505,Arvidsjaur,25,6089,municipal,2023-08-24,44,2023-12-21,2024-01-10,10,14,2024-06-14
2023/2024,2506,Arjeplog,25,2599,municipal,2023-08-17,44,2023-12-20,2024-01-10,10,14,2024-06-12
2023/2024,2510,Jokkmokk,25,4701,municipal,2023-08-23,44,2023-12-21,2024-01-09,10,14,2024-06-14
2023/2024,2513,Överkalix,25,3201,municipal,2023-08-21,44,2023-12-21,2024-01-11,10,14,2024-06-14
2023/2024,2514,Kalix,25,15391,municipal,2023-08-21,44,2023-12-22,2024-01-11,10,14,2024-06-14
2023/2024,2518,Övertorneå,25,4057,municipal,2023-08-22,44,2023-12-22,2024-01-10,10,14,2024-06-14
2023/2024,2521,Pajala,25,5857,municipal,2023-08-21,44,2023-12-21,2024-01-10,10,14,2024-06-14
2023/2024,2523,Gällivare,25,17233,municipal,2023-08-22,44,2023-12-21,2024-01-10,10,14,2024-06-14
2023/2024,2560,Älvsbyn,25,7774,municipal,2023-08-21,44,2023-12-22,2024-01-11,10,14,2024-06-12
2023/2024,2580,Luleå,25,79645,municipal,2023-08-21,44,2023-12-22,2024-01-11,10,14,2024-06-12
2023/2024,2581,Piteå,25,42447,municipal,2023-08-21,44,2023-12-22,2024-01-11,10,14,2024-06-12
2023/2024,2583,Haparanda,25,9151,municipal,2023-08-17,44,2023-12-22,2024-01-10,10,14,2024-06-12
2023/2024,2584,Kiruna,25,22426,municipal,2023-08-23,44,2023-12-21,2024-01-09,10,14,2024-06-13
2023/2024,01,Stockholm (county summary),01,,county_summary,2023-08-15,44,2023-12-20,2024-01-09,9,14+15,2024-06-05
2023/2024,03,Uppsala (county summary),03,,county_summary,2023-08-17,44,2023-12-21,2024-01-09,8+9,14,2024-06-07
2023/2024,04,Södermanland (county summary),04,,county_summary,2023-08-14,44,2023-12-20,2024-01-08,8,14,2024-06-05
2023/2024,05,Östergötland (county summary),05,,county_summary,2023-08-14,44,2023-12-19,2024-01-08,7+8,14,2024-06-05
2023/2024,06,Jönköping (county summary),06,,county_summary,2023-08-16,44,2023-12-20,2024-01-08,7,14,2024-06-11
2023/2024,07,Kronoberg (county summary),07,,county_summary,2023-08-16,44,2023-12-20,2024-01-09,8,13+14,2024-06-12
2023/2024,08,Kalmar (county summary),08,,county_summary,2023-08-21,44,2023-12-21,2024-01-08,8,14,2024-06-14
2023/2024,09,Gotland (county summary),09,,county_summary,2023-08-21,44,2023-12-21,2024-01-08,9,14,2024-06-12
2023/2024,10,Blekinge (county summary),10,,county_summary,2023-08-17,44,2023-12-21,2024-01-10,8,14,2024-06-12
2023/2024,12,Skåne (county summary),12,,county_summary,2023-08-15,44,2023-12-19,2024-01-08,8,13+14,2024-06-05
2023/2024,13,Halland (county summary),13,,county_summary,2023-08-16,44,2023-12-20,2024-01-08,7+8,14+15,2024-06-11
2023/2024,14,Västra Götaland (county summary),14,,county_summary,2023-08-15,44,2023-12-19,2024-01-08,7+8+9,13+14+15,2024-06-05
2023/2024,17,Värmland (county summary),17,,county_summary,2023-08-14,44,2023-12-20,2024-01-08,9,14,2024-06-05
2023/2024,18,Örebro (county summary),18,,county_summary,2023-08-16,44,2023-12-20,2024-01-09,8,13+14,2024-06-07
2023/2024,19,Västmanland (county summary),19,,county_summary,2023-08-15,44,2023-12-19,2024-01-09,9,14,2024-06-05
2023/2024,20,Dalarna (county summary),20,,county_summary,2023-08-21,44,2023-12-20,2024-01-09,9,14,2024-06-09
2023/2024,21,Gävleborg (county summary),21,,county_summary,2023-08-17,44,2023-12-20,2024-01-08,9+10,14,2024-06-11
2023/2024,22,Västernorrland (county summary),22,,county_summary,2023-08-22,44,2023-12-20,2024-01-08,10,14,2024-06-11
2023/2024,23,Jämtland (county summary),23,,county_summary,2023-08-23,44,2023-12-20,2024-01-09,10,14,2024-06-14
2023/2024,24,Västerbotten (county summary),24,,county_summary,2023-08-07,43+44,2023-12-20,2024-01-09,10,14,2024-06-11
2023/2024,25,Norrbotten (county summary),25,,county_summary,2023-08-17,44,2023-12-20,2024-01-09,10,14,2024-06-12
2024/2025,0115,Vallentuna,01,35119,municipal,2024-08-20,44,2024-12-20,2025-01-08,9,16,2025-06-13
2024/2025,0117,Österåker,01,49787,municipal,2024-08-19,44,2024-12-20,2025-01-08,9,16,2025-06-11
2024/2025,0120,Värmdö,01,46635,municipal,2024-08-19,44,2024-12-20,2025-01-08,9,16,2025-06-10
2024/2025,0123,Järfälla,01,88950,municipal,2024-08-21,44,2024-12-20,2025-01-07,9,16,2025-06-12
2024/2025,0125,Ekerö,01,28910,municipal,2024-08-19,44,2024-12-20,2025-01-09,9,16,2025-06-11
2024/2025,0126,Huddinge,01,114304,municipal,2024-08-19,44,2024-12-19,2025-01-08,9,16,2025-06-12
2024/2025,0127,Botkyrka,01,95905,municipal,2024-08-19,44,2024-12-20,2025-01-08,9,16,2025-06-11
2024/2025,0128,Salem,01,17507,municipal,2024-08-14,44,2024-12-20,2025-01-07,9,16,2025-06-11
2024/2025,0136,Haninge,01,100895,municipal,2024-08-19,44,2024-12-20,2025-01-08,9,16,2025-06-11
2024/2025,0139,Upplands-Bro,01,32868,municipal,2024-08-19,44,2024-12-20,2025-01-08,9,16,2025-06-11
2024/2025,0140,Nykvarn,01,12342,municipal,2024-08-20,44,2024-12-20,2025-01-08,9,16,2025-06-12
2024/2025,0160,Täby,01,77744,municipal,2024-08-15,44,2024-12-19,2025-01-08,9,16,2025-06-11
2024/2025,0163,Sollentuna,01,77624,municipal,2024-08-19,44,2024-12-20,2025-01-08,9,16,2025-06-11
2024/2025,0180,Stockholm,01,995574,municipal,2024-08-19,44,2024-12-20,2025-01-07,9,16,2025-06-11
2024/2025,0181,Södertälje,01,102911,municipal,2024-08-19,44,2024-12-20,2025-01-08,9,16,2025-06-12
2024/2025,0182,Nacka,01,112112,municipal,2024-08-19,44,2024-12-20,2025-01-08,9,16,2025-06-12
2024/2025,0183,Sundbyberg,01,56274,municipal,2024-08-20,44,2024-12-20,2025-01-08,9,16,2025-06-12
2024/2025,0184,Solna,01,85789,municipal,2024-08-19,44,2024-12-20,2025-01-07,9,16,2025-06-12
2024/2025,0186,Lidingö,01,48377,municipal,2024-08-20,44,2024-12-20,2025-01-08,9,16,2025-06-12
2024/2025,0187,Vaxholm,01,11822,municipal,2024-08-20,44,2024-12-20,2025-01-08,9,16,2025-06-11
2024/2025,0188,Norrtälje,01,66585,municipal,2024-08-19,44,2024-12-20,2025-01-08,9,16,2025-06-12
2024/2025,0191,Sigtuna,01,52767,municipal,2024-08-19,44,2024-12-20,2025-01-08,9,16,2025-06-12
2024/2025,0192,Nynäshamn,01,30579,municipal,2024-08-20,44,2024-12-20,2025-01-08,9,16,2025-06-10
2024/2025,0330,Knivsta,03,21193,municipal,2024-08-15,44,2024-12-18,2025-01-09,8,16,2025-06-13
2024/2025,0360,Tierp,03,21104,municipal,2024-08-20,44,2024-12-20,2025-01-08,8,16,2025-06-12
2024/2025,0380,Uppsala,03,248016,municipal,2024-08-20,44,2024-12-20,2025-01-08,8,16,2025-06-12
2024/2025,0381,Enköping,03,48591,municipal,2024-08-20,44,2024-12-20,2025-01-08,8,16,2025-06-12
2024/2025,0428,Vingåker,04,8750,municipal,2024-08-19,44,,2025-01-08,8,16,2025-06-13
2024/2025,0480,Nyköping,04,58344,municipal,2024-08-20,44,2024-12-20,2025-01-08,8,16,2025-06-13
2024/2025,0481,Oxelösund,04,12031,municipal,2024-08-19,44,2024-12-20,2025-01-09,8,16,2025-06-12
2024/2025,0482,Flen,04,15362,municipal,2024-08-19,44,2024-12-20,2025-01-13,8,17,2025-06-13
2024/2025,0483,Katrineholm,04,34154,municipal,2024-08-19,44,2024-12-19,2025-01-09,8,16,2025-06-13
2024/2025,0484,Eskilstuna,04,107203,municipal,2024-08-19,44,2024-12-20,2025-01-08,8,16,2025-06-12
2024/2025,0486,Strängnäs,04,39313,municipal,2024-08-21,44,2024-12-20,2025-01-07,8,17,2025-06-13
2024/2025,0488,Trosa,04,14927,municipal,2024-08-19,44,2024-12-20,2025-01-08,8,16,2025-06-12
2024/2025,0509,Ödeshög,05,5237,municipal,2024-08-15,44,2024-12-20,2025-01-09,8,17,2025-06-12
2024/2025,0560,Boxholm,05,5517,municipal,2024-08-15,44,2024-12-19,2025-01-07,8,16,2025-06-12
2024/2025,0562,Finspång,05,21623,municipal,2024-08-19,44,2024-12-20,2025-01-07,8,16,2025-06-13
2024/2025,0581,Norrköping,05,144980,municipal,2024-08-15,44,2024-12-20,2025-01-08,8,16,2025-06-12
2024/2025,0582,Söderköping,05,14789,municipal,2024-08-15,44,2024-12-19,2025-01-08,8,16,2025-06-13
2024/2025,0583,Motala,05,43505,municipal,2024-08-15,44,2024-12-20,2025-01-08,8,16,2025-06-12
2024/2025,0584,Vadstena,05,7490,municipal,2024-08-15,44,2024-12-20,2025-01-08,8,16,2025-06-12
2024/2025,0586,Mjölby,05,28695,municipal,2024-08-15,44,2024-12-19,2025-01-07,8,16,2025-06-12
2024/2025,0617,Gnosjö,06,9131,municipal,2024-08-15,44,2024-12-20,2025-01-09,7,16,2025-06-12
2024/2025,0642,Mullsjö,06,7594,municipal,2024-08-12,44,2024-12-20,2025-01-07,7,16,2025-06-13
2024/2025,0643,Habo,06,13456,municipal,2024-08-19,44,2024-12-20,2025-01-08,7,16,2025-06-13
2024/2025,0662,Gislaved,06,28936,municipal,2024-08-15,44,2024-12-20,2025-01-09,7,16,2025-06-13
2024/2025,0665,Vaggeryd,06,14825,municipal,2024-08-20,44,2024-12-20,2025-01-08,7,16,2025-06-12
2024/2025,0680,Jönköping,06,147654,municipal,2024-08-19,44,2024-12-20,2025-01-07,7,16,2025-06-13
2024/2025,0682,Nässjö,06,31587,municipal,2024-08-15,44,2024-12-20,2025-01-08,7,16,2025-06-13
2024/2025,0683,Värnamo,06,34542,municipal,2024-08-15,44,2024-12-20,2025-01-08,7,16,2025-06-12
2024/2025,0684,Sävsjö,06,11563,municipal,2024-08-19,44,2024-12-20,2025-01-07,7,16,2025-06-13
2024/2025,0686,Eksjö,06,17792,municipal,2024-08-15,44,2024-12-20,2025-01-09,7,16,2025-06-12
2024/2025,0763,Tingsryd,07,11966,municipal,2024-08-19,44,2024-12-20,2025-01-09,8,16,2025-06-13
2024/2025,0764,Alvesta,07,19830,municipal,2024-08-19,44,2024-12-20,2025-01-07,8,16,2025-06-13
2024/2025,0765,Älmhult,07,17653,municipal,2024-08-19,44,2024-12-20,2025-01-08,8,16,2025-06-13
2024/2025,0767,Markaryd,07,9938,municipal,2024-08-20,44,2024-12-20,2025-01-07,8,16,2025-06-13
2024/2025,0780,Växjö,07,98334,municipal,2024-08-20,44,2024-12-20,2025-01-08,8,16,2025-06-13
2024/2025,0781,Ljungby,07,28280,municipal,2024-08-19,44,2024-12-20,2025-01-08,8,16,2025-06-13
2024/2025,0821,Högsby,08,5321,municipal,2024-08-19,44,2024-12-20,2025-01-07,8,17,2025-06-13
2024/2025,0840,Mörbylånga,08,16224,municipal,2024-08-19,44,2024-12-20,2025-01-07,8,17,2025-06-13
2024/2025,0860,Hultsfred,08,13673,municipal,2024-08-19,44,2024-12-20,2025-01-07,8,17,2025-06-13
2024/2025,0862,Emmaboda,08,9006,municipal,2024-08-19,44,2024-12-20,2025-01-09,8,17,2025-06-13
2024/2025,0880,Kalmar,08,72704,municipal,2024-08-19,44,2024-12-20,2025-01-07,8,17,2025-06-13
2024/2025,0881,Nybro,08,19951,municipal,2024-08-19,44,2024-12-20,2025-01-08,8,17,2025-06-13
2024/2025,0883,Västervik,08,36447,municipal,2024-08-19,44,2024-12-20,2025-01-07,8,17,2025-06-13
2024/2025,0884,Vimmerby,08,15384,municipal,2024-08-19,44,2024-12-20,2025-01-07,8,17,2025-06-13
2024/2025,0885,Borgholm,08,10666,municipal,2024-08-19,44,2024-12-20,2025-01-07,8,17,2025-06-13
2024/2025,0980,Gotland,09,60971,municipal,2024-08-19,44,2024-12-20,2025-01-08,9,16,2025-06-11
2024/2025,1060,Olofström,10,13000,municipal,2024-08-15,44,2024-12-20,2025-01-09,8,16,2025-06-11
2024/2025,1080,Karlskrona,10,66301,municipal,2024-08-15,44,2024-12-20,2025-01-09,8,16,2025-06-11
2024/2025,1082,Karlshamn,10,31751,municipal,2024-08-15,44,2024-12-20,2025-01-09,8,17,2025-06-11
2024/2025,1083,Sölvesborg,10,17430,municipal,2024-08-15,44,2024-12-20,2025-01-09,8,16,2025-06-12
2024/2025,1214,Svalöv,12,14543,municipal,2024-08-14,44,2024-12-20,2025-01-09,8,16,2025-06-10
2024/2025,1230,Staffanstorp,12,27303,municipal,2024-08-19,44,2024-12-20,2025-01-08,8,16,2025-06-13
2024/2025,1231,Burlöv,12,20101,municipal,2024-08-19,44,2024-12-20,2025-01-08,8,16,2025-06-13
2024/2025,1233,Vellinge,12,37816,municipal,2024-08-15,44,2024-12-20,2025-01-09,8,16,2025-06-10
2024/2025,1256,Östra Göinge,12,13978,municipal,2024-08-13,44,2024-12-20,2025-01-08,8,16,2025-06-05
2024/2025,1257,Örkelljunga,12,10277,municipal,2024-08-14,44,2024-12-12,2025-01-08,8,16,2025-06-10
2024/2025,1260,Bjuv,12,15985,municipal,2024-08-14,44,2024-12-20,2025-01-08,8,16,2025-06-10
2024/2025,1261,Kävlinge,12,32477,municipal,2024-08-14,44,2024-12-19,2025-01-09,8,16,2025-06-12
2024/2025,1263,Svedala,12,23581,municipal,2024-08-15,44,2024-12-20,2025-01-13,8,16,2025-06-13
2024/2025,1265,Sjöbo,12,19337,municipal,2024-08-15,44,2024-12-19,2025-01-09,8,16,2025-06-12
2024/2025,1266,Hörby,12,15562,municipal,2024-08-21,44,2024-12-20,2025-01-08,8,16,2025-06-12
2024/2025,1267,Höör,12,17518,municipal,2024-08-15,44,2024-12-20,2025-01-09,8,16,2025-06-12
2024/2025,1270,Tomelilla,12,13639,municipal,2024-08-15,44,2024-12-20,2025-01-09,8,16,2025-06-12
2024/2025,1272,Bromölla,12,12470,municipal,2024-08-14,44,2024-12-20,2025-01-09,8,16,2025-06-10
2024/2025,1276,Klippan,12,17714,municipal,2024-08-15,44,2024-12-20,2025-01-09,8,16,2025-06-10
2024/2025,1277,Åstorp,12,16449,municipal,2024-08-15,44,2024-12-20,2025-01-09,8,16,2025-06-13
2024/2025,1278,Båstad,12,16026,municipal,2024-08-15,44,2024-12-19,2025-01-08,8,16,2025-06-12
2024/2025,1280,Malmö,12,365644,municipal,2024-08-15,44,2024-12-20,2025-01-09,8,16,2025-06-13
2024/2025,1281,Lund,12,131590,municipal,2024-08-19,44,2024-12-20,2025-01-07,8,16,2025-06-13
2024/2025,1282,Landskrona,12,47309,municipal,2024-08-15,44,2024-12-20,2025-01-09,8,16,2025-06-12
2024/2025,1283,Helsingborg,12,152091,municipal,2024-08-12,44,2024-12-20,2025-01-07,8,16,2025-06-05
2024/2025,1284,Höganäs,12,28430,municipal,2024-08-12,44,2024-12-20,2025-01-08,8,16,2025-06-09
2024/2025,1285,Eslöv,12,34922,municipal,2024-08-14,44,2024-12-20,2025-01-10,8,16,2025-06-11
2024/2025,1286,Ystad,12,32106,municipal,2024-08-19,44,2024-12-20,2025-01-08,8,16,2025-06-10
2024/2025,1287,Trelleborg,12,47269,municipal,2024-08-14,44,2024-12-18,2025-01-09,8,16,2025-06-13
2024/2025,1290,Kristianstad,12,86379,municipal,2024-08-13,44,2024-12-20,2025-01-08,8,16,2025-06-05
2024/2025,1291,Simrishamn,12,18890,municipal,2024-08-21,44,2024-12-20,2025-01-09,8,16,2025-06-13
2024/2025,1292,Ängelholm,12,45110,municipal,2024-08-15,44,2024-12-20,2025-01-09,8,16,2025-06-11
2024/2025,1293,Hässleholm,12,52114,municipal,2024-08-19,44,2024-12-20,2025-01-09,8,16,2025-06-13
2024/2025,1315,Hylte,13,10196,municipal,2024-08-14,44,2024-12-20,2025-01-09,8,16,2025-06-11
2024/2025,1380,Halmstad,13,106084,municipal,2024-08-14,44,2024-12-20,2025-01-09,8,16,2025-06-11
2024/2025,1382,Falkenberg,13,47337,municipal,2024-08-15,44,2024-12-20,2025-01-09,8,16,2025-06-12
2024/2025,1383,Varberg,13,69070,municipal,2024-08-16,44,2024-12-20,2025-01-09,8,16,2025-06-13
2024/2025,1384,Kungsbacka,13,85792,municipal,2024-08-19,44,2024-12-20,2025-01-08,7,16,2025-06-13
2024/2025,1401,Härryda,14,40003,municipal,2024-08-21,44,2024-12-20,2025-01-08,7,16,2025-06-13
2024/2025,1402,Partille,14,41060,municipal,2024-08-19,44,2024-12-20,2025-01-09,7,16,2025-06-11
2024/2025,1407,Öckerö,14,12771,municipal,2024-08-20,44,2024-12-20,2025-01-09,7,16,2025-06-13
2024/2025,1415,Stenungsund,14,27851,municipal,2024-08-21,44,2024-12-20,2025-01-08,7,16,2025-06-12
2024/2025,1419,Tjörn,14,16092,municipal,2024-08-20,44,2024-12-20,2025-01-08,7,16,2025-06-12
2024/2025,1430,Munkedal,14,10354,municipal,2024-08-20,44,2024-12-20,2025-01-07,8,16,2025-06-13
2024/2025,1438,Dals-Ed,14,4606,municipal,2024-08-19,44,2024-12-20,2025-01-09,8,17,2025-06-12
2024/2025,1439,Färgelanda,14,6376,municipal,2024-08-19,44,2024-12-20,2025-01-07,8,16,2025-06-13
2024/2025,1440,Ale,14,32576,municipal,2024-08-19,44,2024-12-20,2025-01-09,7,16,2025-06-12
2024/2025,1441,Lerum,14,43570,municipal,2024-08-19,44,2024-12-20,2025-01-08,7,16,2025-06-11
2024/2025,1442,Vårgårda,14,12474,municipal,2024-08-21,44,2024-12-20,2025-01-08,7,16,2025-06-13
2024/2025,1444,Grästorp,14,5555,municipal,2024-08-20,44,2024-12-19,2025-01-08,7,16,2025-06-15
2024/2025,1445,Essunga,14,5560,municipal,2024-08-19,44,2024-12-20,2025-01-09,7,16,2025-06-12
2024/2025,1446,Karlsborg,14,7023,municipal,2024-08-20,44,2024-12-19,2025-01-07,7,16,2025-06-12
2024/2025,1447,Gullspång,14,5031,municipal,2024-08-19,44,2024-12-20,2025-01-09,7,16,2025-06-12
2024/2025,1452,Tranemo,14,11839,municipal,2024-08-19,44,2024-12-20,2025-01-08,7,16,2025-06-12
2024/2025,1461,Mellerud,14,9052,municipal,2024-08-20,44,2024-12-20,2025-01-09,8,16,2025-06-13
2024/2025,1462,Lilla Edet,14,14442,municipal,2024-08-20,44,2024-12-20,2025-01-07,7,16,2025-06-13
2024/2025,1463,Mark,14,35155,municipal,2024-08-20,44,2024-12-20,2025-01-08,7,16,2025-06-13
2024/2025,1465,Svenljunga,14,10747,municipal,2024-08-22,44,2024-12-20,2025-01-08,7,16,2025-06-13
2024/2025,1466,Herrljunga,14,9497,municipal,2024-08-20,44,2024-12-20,2025-01-08,7,16,2025-06-13
2024/2025,1470,Vara,14,16088,municipal,2024-08-20,44,2024-12-20,2025-01-09,7,16,2025-06-13
2024/2025,1471,Götene,14,13286,municipal,2024-08-19,44,2024-12-19,2025-01-09,7,16,2025-06-13
2024/2025,1472,Tibro,14,11338,municipal,2024-08-19,44,2024-12-20,2025-01-08,7,16,2025-06-12
2024/2025,1473,Töreboda,14,9043,municipal,2024-08-21,44,2024-12-20,2025-01-08,7,16,2025-06-12
2024/2025,1480,Göteborg,14,608993,municipal,2024-08-12,44,2024-12-20,2025-01-09,7,16,2025-06-13
2024/2025,1481,Mölndal,14,71420,municipal,2024-08-20,44,2024-12-19,2025-01-08,7,16,2025-06-12
2024/2025,1482,Kungälv,14,50313,municipal,2024-08-20,44,2024-12-20,2025-01-08,7,16,2025-06-12
2024/2025,1485,Uddevalla,14,57010,municipal,2024-08-19,44,2024-12-20,2025-01-07,8,16,2025-06-13
2024/2025,1487,Vänersborg,14,40041,municipal,2024-08-20,44,2024-12-20,2025-01-09,8,16,2025-06-12
2024/2025,1488,Trollhättan,14,59003,municipal,2024-08-19,44,2024-12-20,2025-01-08,8,16,2025-06-12
2024/2025,1489,Alingsås,14,42722,municipal,2024-08-19,44,2024-12-20,2025-01-08,7,16,2025-06-12
2024/2025,1490,Borås,14,114872,municipal,2024-08-21,44,2024-12-20,2025-01-08,7,16,2025-06-13
2024/2025,1492,Åmål,14,11906,municipal,2024-08-19,44,2024-12-20,2025-01-09,9,17,2025-06-13
2024/2025,1493,Mariestad,14,24583,municipal,2024-08-21,44,2024-12-20,2025-01-08,7,16,2025-06-13
2024/2025,1494,Lidköping,14,40425,municipal,2024-08-19,44,2024-12-20,2025-01-09,7,16,2025-06-13
2024/2025,1495,Skara,14,18707,municipal,2024-08-14,44,2024-12-19,2025-01-08,7,16,2025-06-10
2024/2025,1496,Skövde,14,57995,municipal,2024-08-19,44,2024-12-20,2025-01-07,7,16,2025-06-12
2024/2025,1497,Hjo,14,9350,municipal,2024-08-19,44,2024-12-20,2025-01-08,7,16,2025-06-12
2024/2025,1498,Tidaholm,14,12805,municipal,2024-08-19,44,2024-12-20,2025-01-08,7,16,2025-06-12
2024/2025,1499,Falköping,14,32806,municipal,2024-08-19,44,2024-12-20,2025-01-08,7,16,2025-06-13
2024/2025,1715,Kil,17,12061,municipal,2024-08-19,44,2024-12-20,2025-01-08,9,17,2025-06-13
2024/2025,1730,Eda,17,8412,municipal,2024-08-19,44,2024-12-20,2025-01-09,9,17,2025-06-13
2024/2025,1737,Torsby,17,11321,municipal,2024-08-19,44,2024-12-20,2025-01-09,9,17,2025-06-13
2024/2025,1760,Storfors,17,3788,municipal,2024-08-19,44,2024-12-20,2025-01-08,9,17,2025-06-13
2024/2025,1761,Hammarö,17,16992,municipal,2024-08-24,44,2024-12-20,2025-01-08,9,17,2025-06-13
2024/2025,1763,Forshaga,17,11520,municipal,2024-08-19,44,2024-12-19,2025-01-08,9,17,2025-06-13
2024/2025,1764,Grums,17,9004,municipal,2024-08-19,44,2024-12-20,2025-01-09,9,17,2025-06-13
2024/2025,1766,Sunne,17,13356,municipal,2024-08-19,44,2024-12-20,2025-01-08,9,17,2025-06-13
2024/2025,1780,Karlstad,17,98084,municipal,2024-08-19,44,2024-12-20,2025-01-07,9,17,2025-06-12
2024/2025,1781,Kristinehamn,17,23756,municipal,2024-08-21,44,2024-12-20,2025-01-09,9,17,2025-06-13
2024/2025,1783,Hagfors,17,11418,municipal,2024-08-19,44,2024-12-20,2025-01-08,9,17,2025-06-13
2024/2025,1784,Arvika,17,25547,municipal,2024-08-20,44,2024-12-20,2025-01-09,9,17,2025-06-12
2024/2025,1785,Säffle,17,14899,municipal,2024-08-19,44,2024-12-20,2025-01-09,9,17,2025-06-13
2024/2025,1814,Lekeberg,18,8606,municipal,2024-08-15,44,2024-12-20,2025-01-09,8,16,2025-06-10
2024/2025,1860,Laxå,18,5423,municipal,2024-08-20,44,2024-12-20,2025-01-09,8,16,2025-06-13
2024/2025,1861,Hallsberg,18,16120,municipal,2024-08-15,44,2024-12-20,2025-01-09,8,16,2025-06-11
2024/2025,1862,Degerfors,18,9278,municipal,2024-08-15,44,2024-12-18,2025-01-08,8,16,2025-06-12
2024/2025,1863,Hällefors,18,6321,municipal,2024-08-15,44,2024-12-20,2025-01-08,8,16,2025-06-11
2024/2025,1880,Örebro,18,160140,municipal,2024-08-15,44,2024-12-20,2025-01-08,8,16,2025-06-10
2024/2025,1881,Kumla,18,22681,municipal,2024-08-14,44,2024-12-18,2025-01-09,8,16,2025-06-12
2024/2025,1882,Askersund,18,11477,municipal,2024-08-20,44,2024-12-20,2025-01-09,8,16,2025-06-12
2024/2025,1883,Karlskoga,18,30180,municipal,2024-08-15,44,2024-12-19,2025-01-08,8,16,2025-06-12
2024/2025,1884,Nora,18,10639,municipal,2024-08-21,44,2024-12-20,2025-01-09,8,16,2025-06-12
2024/2025,1885,Lindesberg,18,23141,municipal,2024-08-15,44,2024-12-20,2025-01-08,8,17,2025-06-11
2024/2025,1907,Surahammar,19,9845,municipal,2024-08-14,44,2024-12-20,2025-01-08,9,16,2025-06-10
2024/2025,1960,Kungsör,19,8694,municipal,2024-08-13,44,2024-12-20,2025-01-09,9,17,2025-06-05
2024/2025,1980,Västerås,19,160634,municipal,2024-08-14,44,2024-12-20,2025-01-08,9,16,2025-06-10
2024/2025,1981,Sala,19,22843,municipal,2024-08-19,44,2024-12-20,2025-01-09,9,16,2025-06-10
2024/2025,1982,Fagersta,19,13072,municipal,2024-08-19,44,2024-12-20,2025-01-09,9,16,2025-06-12
2024/2025,1983,Köping,19,25729,municipal,2024-08-20,44,2024-12-20,2025-01-09,9,17,2025-06-13
2024/2025,1984,Arboga,19,13980,municipal,2024-08-15,44,2024-12-20,2025-01-09,9,17,2025-06-10
2024/2025,2023,Malung-Sälen,20,10254,municipal,2024-08-19,44,2024-12-20,2025-01-08,9,17,2025-06-13
2024/2025,2026,Gagnef,20,10384,municipal,2024-08-20,44,2024-12-20,2025-01-08,9,17,2025-06-13
2024/2025,2029,Leksand,20,16137,municipal,2024-08-19,44,2024-12-20,2025-01-07,9,17,2025-06-13
2024/2025,2039,Älvdalen,20,6882,municipal,2024-08-19,44,2024-12-20,2025-01-09,9,17,2025-06-12
2024/2025,2061,Smedjebacken,20,10823,municipal,2024-08-19,44,2024-12-20,2025-01-08,9,17,2025-06-12
2024/2025,2062,Mora,20,20540,municipal,2024-08-19,44,2024-12-20,2025-01-09,9,17,2025-06-13
2024/2025,2080,Falun,20,59945,municipal,2024-08-19,44,2024-12-20,2025-01-08,9,17,2025-06-13
2024/2025,2081,Borlänge,20,51425,municipal,2024-08-21,44,2024-12-20,2025-01-08,9,17,2025-06-12
2024/2025,2082,Säter,20,11223,municipal,2024-08-19,44,2024-12-20,2025-01-09,9,17,2025-06-11
2024/2025,2084,Avesta,20,22417,municipal,2024-08-20,44,2024-12-20,2025-01-07,9,17,2025-06-13
2024/2025,2085,Ludvika,20,26634,municipal,2024-08-19,44,2024-12-20,2025-01-09,9,17,2025-06-12
2024/2025,2101,Ockelbo,21,5715,municipal,2024-08-20,44,2024-12-20,2025-01-07,9,16,2025-06-12
2024/2025,2121,Ovanåker,21,11341,municipal,2024-08-19,44,2024-12-20,2025-01-09,10,17,2025-06-13
2024/2025,2132,Nordanstig,21,9262,municipal,2024-08-19,44,2024-12-20,2025-01-09,10,16,2025-06-12
2024/2025,2161,Ljusdal,21,18445,municipal,2024-08-19,44,2024-12-20,2025-01-09,10,17,2025-06-11
2024/2025,2180,Gävle,21,103838,municipal,2024-08-20,44,2024-12-20,2025-01-07,9,16,2025-06-12
2024/2025,2182,Söderhamn,21,24545,municipal,2024-08-19,44,2024-12-20,2025-01-09,10,17,2025-06-10
2024/2025,2183,Bollnäs,21,26243,municipal,2024-08-19,44,2024-12-20,2025-01-09,10,17,2025-06-11
2024/2025,2184,Hudiksvall,21,37528,municipal,2024-08-20,44,2024-12-20,2025-01-08,10,17,2025-06-12
2024/2025,2260,Ånge,22,9044,municipal,2024-08-21,44,2024-12-20,2025-01-07,10,17,2025-06-12
2024/2025,2262,Timrå,22,17521,municipal,2024-08-21,44,2024-12-20,2025-01-08,10,17,2025-06-13
2024/2025,2280,Härnösand,22,24515,municipal,2024-08-21,44,2024-12-20,2025-01-07,10,17,2025-06-12
2024/2025,2282,Kramfors,22,17491,municipal,2024-08-21,44,2024-12-20,2025-01-08,10,17,2025-06-12
2024/2025,2283,Sollefteå,22,18396,municipal,2024-08-20,44,2024-12-20,2025-01-08,10,17,2025-06-12
2024/2025,2284,Örnsköldsvik,22,55443,municipal,2024-08-21,44,2024-12-20,2025-01-07,10,17,2025-06-11
2024/2025,2303,Ragunda,23,5146,municipal,2024-08-22,44,2024-12-18,2025-01-08,10,17,2025-06-13
2024/2025,2305,Bräcke,23,6035,municipal,2024-08-22,44,2024-12-18,2025-01-07,10,17,2025-06-13
2024/2025,2309,Krokom,23,15680,municipal,2024-08-22,44,2024-12-19,2025-01-08,10,17,2025-06-13
2024/2025,2313,Strömsund,23,11023,municipal,2024-08-22,44,2024-12-18,2025-01-08,10,17,2025-06-13
2024/2025,2321,Åre,23,12693,municipal,2024-08-22,44,2024-12-18,2025-01-08,10,17,2025-06-13
2024/2025,2326,Berg,23,7108,municipal,2024-08-22,44,2024-12-18,2025-01-08,10,17,2025-06-13
2024/2025,2361,Härjedalen,23,10175,municipal,2024-08-22,44,2024-12-18,2025-01-08,10,17,2025-06-13
2024/2025,2380,Östersund,23,64979,municipal,2024-08-22,44,2024-12-18,2025-01-08,10,17,2025-06-13
2024/2025,2403,Bjurholm,24,2359,municipal,2024-08-19,44,2024-12-20,2025-01-08,10,16,2025-06-10
2024/2025,2409,Robertsfors,24,6690,municipal,2024-08-19,44,2024-12-20,2025-01-09,10,16,2025-06-10
2024/2025,2417,Norsjö,24,3968,municipal,2024-08-21,44,2024-12-20,2025-01-09,10,16,2025-06-12
2024/2025,2418,Malå,24,2962,municipal,2024-08-19,44,2024-12-20,2025-01-09,10,16,2025-06-10
2024/2025,2421,Storuman,24,5577,municipal,2024-08-20,44,2024-12-20,2025-01-09,10,16,2025-06-13
2024/2025,2422,Sorsele,24,2357,municipal,2024-08-20,44,2024-12-20,2025-01-09,10,16,2025-06-11
2024/2025,2460,Vännäs,24,9132,municipal,2024-08-20,44,2024-12-20,2025-01-09,10,16,2025-06-13
2024/2025,2462,Vilhelmina,24,6229,municipal,2024-08-21,44,2024-12-19,2025-01-08,10,17,2025-06-13
2024/2025,2480,Umeå,24,134249,municipal,2024-08-19,44,2024-12-20,2025-01-08,10,16,2025-06-12
2024/2025,2481,Lycksele,24,12118,municipal,2024-08-19,44,2024-12-20,2025-01-09,10,16,2025-06-10
2024/2025,2482,Skellefteå,24,78150,municipal,2024-08-20,44,2024-12-20,2025-01-08,10,16,2025-06-13
2024/2025,2505,Arvidsjaur,25,6089,municipal,2024-08-21,44,2024-12-20,2025-01-09,10,16,2025-06-12
2024/2025,2510,Jokkmokk,25,4701,municipal,2024-08-21,44,2024-12-20,2025-01-08,10,16,2025-06-13
2024/2025,2514,Kalix,25,15391,municipal,2024-08-19,44,2024-12-20,2025-01-09,10,16,2025-06-13
2024/2025,2518,Övertorneå,25,4057,municipal,2024-08-20,44,2024-12-20,2025-01-09,10,16,2025-06-13
2024/2025,2521,Pajala,25,5857,municipal,2024-08-22,44,2024-12-20,2025-01-09,10,16,2025-06-13
2024/2025,2523,Gällivare,25,17233,municipal,2024-08-20,44,2024-12-20,2025-01-09,10,16,2025-06-13
2024/2025,2580,Luleå,25,79645,municipal,2024-08-20,44,2024-12-20,2025-01-09,10,16,2025-06-13
2024/2025,2581,Piteå,25,42447,municipal,2024-08-20,44,2024-12-20,2025-01-09,10,16,2025-06-13
2024/2025,2582,Boden,25,28049,municipal,2024-08-20,44,2024-12-20,2025-01-09,10,16,2025-06-13
2024/2025,2584,Kiruna,25,22426,municipal,2024-08-21,44,2024-12-20,2025-01-08,10,16,2025-06-12
2024/2025,01,Stockholm (county summary),01,,county_summary,2024-08-14,44,2024-12-19,2025-01-07,9,16,2025-06-10
2024/2025,03,Uppsala (county summary),03,,county_summary,2024-08-15,44,2024-12-18,2025-01-08,8,16,2025-06-12
2024/2025,04,Södermanland (county summary),04,,county_summary,2024-08-19,44,2024-12-19,2025-01-07,8,16+17,2025-06-12
2024/2025,05,Östergötland (county summary),05,,county_summary,2024-08-15,44,2024-12-19,2025-01-07,8,16,2025-06-12
2024/2025,06,Jönköping (county summary),06,,county_summary,2024-08-15,44,2024-12-20,2025-01-07,7,16,2025-06-12
2024/2025,07,Kronoberg (county summary),07,,county_summary,2024-08-19,44,2024-12-20,2025-01-07,8,16,2025-06-13
2024/2025,08,Kalmar (county summary),08,,county_summary,2024-08-19,44,2024-12-20,2025-01-07,8,17,2025-06-13
2024/2025,09,Gotland (county summary),09,,county_summary,2024-08-19,44,2024-12-20,2025-01-08,9,16,2025-06-11
2024/2025,10,Blekinge (county summary),10,,county_summary,2024-08-15,44,2024-12-20,2025-01-09,8,16+17,2025-06-11
2024/2025,12,Skåne (county summary),12,,county_summary,2024-08-12,44,2024-12-18,2025-01-07,8,16,2025-06-05
2024/2025,13,Halland (county summary),13,,county_summary,2024-08-14,44,2024-12-20,2025-01-08,7+8,16,2025-06-11
2024/2025,14,Västra Götaland (county summary),14,,county_summary,2024-08-12,44,2024-12-19,2025-01-07,7+8+9,16+17,2025-06-10
2024/2025,17,Värmland (county summary),17,,county_summary,2024-08-19,44,2024-12-19,2025-01-07,9,17,2025-06-12
2024/2025,18,Örebro (county summary),18,,county_summary,2024-08-14,44,2024-12-18,2025-01-08,8,16+17,2025-06-10
2024/2025,19,Västmanland (county summary),19,,county_summary,2024-08-13,44,2024-12-20,2025-01-08,9,16+17,2025-06-05
2024/2025,20,Dalarna (county summary),20,,county_summary,2024-08-19,44,2024-12-20,2025-01-07,9,17,2025-06-11
2024/2025,21,Gävleborg (county summary),21,,county_summary,2024-08-19,44,2024-12-20,2025-01-07,9+10,16+17,2025-06-10
2024/2025,22,Västernorrland (county summary),22,,county_summary,2024-08-20,44,2024-12-20,2025-01-07,10,17,2025-06-11
2024/2025,23,Jämtland (county summary),23,,county_summary,2024-08-22,44,2024-12-18,2025-01-07,10,17,2025-06-13
2024/2025,24,Västerbotten (county summary),24,,county_summary,2024-08-19,44,2024-12-19,2025-01-08,10,16+17,2025-06-10
2024/2025,25,Norrbotten (county summary),25,,county_summary,2024-08-19,44,2024-12-20,2025-01-08,10,16,2025-06-12
2025/2026,0115,Vallentuna,01,35119,municipal,2025-08-19,44,2025-12-19,2026-01-08,9,15,2026-06-11
2025/2026,0117,Österåker,01,49787,municipal,2025-08-20,44,2025-12-19,2026-01-08,9,15,2026-06-11
2025/2026,0120,Värmdö,01,46635,municipal,2025-08-18,44,2025-12-19,2026-01-12,9,15,2026-06-11
2025/2026,0125,Ekerö,01,28910,municipal,2025-08-19,44,2025-12-19,2026-01-12,9,15,2026-06-11
2025/2026,0126,Huddinge,01,114304,municipal,2025-08-18,44,2025-12-18,2026-01-08,9,15,2026-06-10
2025/2026,0127,Botkyrka,01,95905,municipal,2025-08-20,44,2025-12-18,2026-01-08,9,15,2026-06-11
2025/2026,0128,Salem,01,17507,municipal,2025-08-18,44,2025-12-19,2026-01-09,9,15,2026-06-11
2025/2026,0136,Haninge,01,100895,municipal,2025-08-18,44,2025-12-19,2026-01-13,9,15,2026-06-12
2025/2026,0138,Tyresö,01,49179,municipal,2025-08-19,44,2025-12-19,2026-01-07,9,15,2026-06-11
2025/2026,0139,Upplands-Bro,01,32868,municipal,2025-08-19,44,2025-12-19,2026-01-08,9,15,2026-06-10
2025/2026,0140,Nykvarn,01,12342,municipal,2025-08-19,44,2025-12-19,2026-01-08,9,15,2026-06-10
2025/2026,0160,Täby,01,77744,municipal,2025-08-18,44,2025-12-19,2026-01-08,9,15,2026-06-10
2025/2026,0162,Danderyd,01,32425,municipal,2025-08-19,44,2025-12-19,2026-01-08,9,15,2026-06-11
2025/2026,0163,Sollentuna,01,77624,municipal,2025-08-19,44,2025-12-19,2026-01-08,9,15,2026-06-11
2025/2026,0180,Stockholm,01,995574,municipal,2025-08-19,44,2025-12-19,2026-01-07,9,15,2026-06-11
2025/2026,0181,Södertälje,01,102911,municipal,2025-08-18,44,2025-12-19,2026-01-08,9,15,2026-06-11
2025/2026,0182,Nacka,01,112112,municipal,2025-08-18,44,2025-12-19,2026-01-08,9,15,2026-06-10
2025/2026,0183,Sundbyberg,01,56274,municipal,2025-08-21,44,2025-12-19,2026-01-07,9,15,2026-06-11
2025/2026,0184,Solna,01,85789,municipal,2025-08-19,44,2025-12-19,2026-01-09,9,15,2026-06-11
2025/2026,0186,Lidingö,01,48377,municipal,2025-08-20,44,2025-12-19,2026-01-08,9,15,2026-06-11
2025/2026,0187,Vaxholm,01,11822,municipal,2025-08-21,44,2025-12-19,2026-01-08,9,15,2026-06-11
2025/2026,0188,Norrtälje,01,66585,municipal,2025-08-19,44,2025-12-19,2026-01-09,9,15,2026-06-11
2025/2026,0191,Sigtuna,01,52767,municipal,2025-08-19,44,2025-12-19,2026-01-08,9,15,2026-06-11
2025/2026,0192,Nynäshamn,01,30579,municipal,2025-08-19,44,2025-12-19,2026-01-08,9,15,2026-06-09
2025/2026,0305,Håbo,03,22973,municipal,2025-08-19,44,2025-12-19,2026-01-08,8,14,2026-06-11
2025/2026,0319,Älvkarleby,03,9552,municipal,2025-08-20,44,2025-12-19,2026-01-07,9,15,2026-06-11
2025/2026,0330,Knivsta,03,21193,municipal,2025-08-18,44,2025-12-19,2026-01-09,8,14,2026-06-12
2025/2026,0331,Heby,03,14345,municipal,2025-08-19,44,2025-12-19,2026-01-08,8,14,2026-06-11
2025/2026,0360,Tierp,03,21104,municipal,2025-08-19,44,2025-12-19,2026-01-08,8,14,2026-06-11
2025/2026,0380,Uppsala,03,248016,municipal,2025-08-19,44,2025-12-19,2026-01-08,8,14,2026-06-11
2025/2026,0381,Enköping,03,48591,municipal,2025-08-19,44,2025-12-19,2026-01-08,8,14,2026-06-11
2025/2026,0382,Östhammar,03,22138,municipal,2025-08-18,44,2025-12-19,2026-01-08,8,14,2026-06-09
2025/2026,0428,Vingåker,04,8750,municipal,2025-08-18,44,2025-12-18,2026-01-12,8,15,2026-06-12
2025/2026,0461,Gnesta,04,11458,municipal,2025-08-19,44,2025-12-19,2026-01-08,8,15,2026-06-12
2025/2026,0480,Nyköping,04,58344,municipal,2025-08-19,44,2025-12-19,2026-01-08,8,15,2026-06-12
2025/2026,0481,Oxelösund,04,12031,municipal,2025-08-19,44,2025-12-18,2026-01-08,8,15,2026-06-11
2025/2026,0482,Flen,04,15362,municipal,2025-08-18,44,2025-12-19,2026-01-12,8,14,2026-06-05
2025/2026,0483,Katrineholm,04,34154,municipal,2025-08-16,44,2025-12-18,2026-01-12,8,15,2026-06-12
2025/2026,0484,Eskilstuna,04,107203,municipal,2025-08-19,44,2025-12-19,2026-01-08,8,15,2026-06-13
2025/2026,0486,Strängnäs,04,39313,municipal,2025-08-20,44,2025-12-19,2026-01-08,8,15,2026-06-12
2025/2026,0488,Trosa,04,14927,municipal,2025-08-18,44,2025-12-19,2026-01-08,8,15,2026-06-11
2025/2026,0509,Ödeshög,05,5237,municipal,2025-08-14,44,2025-12-18,2026-01-09,8,15,2026-06-11
2025/2026,0512,Ydre,05,3626,municipal,2025-08-14,44,2025-12-18,2026-01-08,7,15,2026-06-11
2025/2026,0513,Kinda,05,9957,municipal,2025-08-14,44,2025-12-19,2026-01-09,8,15,2026-06-11
2025/2026,0560,Boxholm,05,5517,municipal,2025-08-18,44,2025-12-19,2026-01-07,8,15,2026-06-11
2025/2026,0561,Åtvidaberg,05,11467,municipal,2025-08-19,44,2025-12-19,2026-01-08,8,15,2026-06-11
2025/2026,0562,Finspång,05,21623,municipal,2025-08-19,44,2025-12-19,2026-01-07,8,15,2026-06-12
2025/2026,0563,Valdemarsvik,05,7525,municipal,2025-08-18,44,2025-12-19,2026-01-07,8,15,2026-06-12
2025/2026,0580,Linköping,05,168035,municipal,2025-08-18,44,2025-12-19,2026-01-07,8,15,2026-06-11
2025/2026,0581,Norrköping,05,144980,municipal,2025-08-18,44,2025-12-19,2026-01-07,8,15,2026-06-11
2025/2026,0582,Söderköping,05,14789,municipal,2025-08-18,44,2025-12-19,2026-01-08,8,15,2026-06-12
2025/2026,0583,Motala,05,43505,municipal,2025-08-18,44,2025-12-19,2026-01-07,8,15,2026-06-11
2025/2026,0584,Vadstena,05,7490,municipal,2025-08-14,44,2025-12-18,2026-01-07,8,15,2026-06-10
2025/2026,0586,Mjölby,05,28695,municipal,2025-08-18,44,2025-12-19,2026-01-07,8,15,2026-06-11
2025/2026,0604,Aneby,06,6797,municipal,2025-08-14,44,2025-12-19,2026-01-08,7,16,2026-06-10
2025/2026,0617,Gnosjö,06,9131,municipal,2025-08-14,44,2025-12-19,2026-01-09,7,15,2026-06-10
2025/2026,0642,Mullsjö,06,7594,municipal,2025-08-18,44,2025-12-19,2026-01-09,7,15,2026-06-12
2025/2026,0643,Habo,06,13456,municipal,2025-08-19,44,2025-12-19,2026-01-08,7,15,2026-06-11
2025/2026,0662,Gislaved,06,28936,municipal,2025-08-14,44,2025-12-19,2026-01-12,7,15,2026-06-11
2025/2026,0665,Vaggeryd,06,14825,municipal,2025-08-19,44,2025-12-19,2026-01-08,7,15,2026-06-11
2025/2026,0680,Jönköping,06,147654,municipal,2025-08-19,44,2025-12-19,2026-01-07,7,15,2026-06-12
2025/2026,0682,Nässjö,06,31587,municipal,2025-08-15,44,2025-12-19,2026-01-08,7,15,2026-06-12
2025/2026,0683,Värnamo,06,34542,municipal,2025-08-18,44,2025-12-19,2026-01-07,7,15,2026-06-11
2025/2026,0684,Sävsjö,06,11563,municipal,2025-08-15,44,2025-12-19,2026-01-09,7,15,2026-06-12
2025/2026,0685,Vetlanda,06,27528,municipal,2025-08-18,44,2025-12-19,2026-01-09,7,15,2026-06-12
2025/2026,0686,Eksjö,06,17792,municipal,2025-08-14,44,2025-12-19,2026-01-09,7,15,2026-06-11
2025/2026,0687,Tranås,06,18604,municipal,2025-08-13,44,2025-12-18,2026-01-08,7,15,2026-06-10
2025/2026,0760,Uppvidinge,07,9061,municipal,2025-08-19,44,2025-12-22,2026-01-07,8,14,2026-06-11
2025/2026,0761,Lessebo,07,8289,municipal,2025-08-18,44,2025-12-19,2026-01-08,8,14,2026-06-12
2025/2026,0763,Tingsryd,07,11966,municipal,2025-08-19,44,2025-12-19,2026-01-08,8,14,2026-06-12
2025/2026,0764,Alvesta,07,19830,municipal,2025-08-19,44,2025-12-19,2026-01-07,8,14,2026-06-12
2025/2026,0765,Älmhult,07,17653,municipal,2025-08-19,44,2025-12-19,2026-01-08,8,14,2026-06-12
2025/2026,0767,Markaryd,07,9938,municipal,2025-08-20,44,2025-12-19,2026-01-08,8,14,2026-06-12
2025/2026,0780,Växjö,07,98334,municipal,2025-08-19,44,2025-12-19,2026-01-08,8,14,2026-06-12
2025/2026,0781,Ljungby,07,28280,municipal,2025-08-19,44,2025-12-19,2026-01-08,8,14,2026-06-11
2025/2026,0821,Högsby,08,5321,municipal,2025-08-19,44,2025-12-19,2026-01-07,8,15,2026-06-12
2025/2026,0834,Torsås,08,6984,municipal,2025-08-19,44,2025-12-19,2026-01-07,8,15,2026-06-12
2025/2026,0840,Mörbylånga,08,16224,municipal,2025-08-19,44,2025-12-19,2026-01-07,8,15,2026-06-12
2025/2026,0860,Hultsfred,08,13673,municipal,2025-08-19,44,2025-12-19,2026-01-07,8,15,2026-06-12
2025/2026,0861,Mönsterås,08,13069,municipal,2025-08-19,44,2025-12-19,2026-01-08,8,15,2026-06-12
2025/2026,0862,Emmaboda,08,9006,municipal,2025-08-19,44,2025-12-19,2026-01-09,8,15,2026-06-12
2025/2026,0880,Kalmar,08,72704,municipal,2025-08-19,44,2025-12-19,2026-01-07,8,15,2026-06-12
2025/2026,0881,Nybro,08,19951,municipal,2025-08-19,44,2025-12-19,2026-01-08,8,15,2026-06-12
2025/2026,0882,Oskarshamn,08,26923,municipal,2025-08-19,44,2025-12-19,2026-01-07,8,15,2026-06-12
2025/2026,0883,Västervik,08,36447,municipal,2025-08-19,44,2025-12-19,2026-01-07,8,15,2026-06-12
2025/2026,0884,Vimmerby,08,15384,municipal,2025-08-19,44,2025-12-19,2026-01-07,8,15,2026-06-12
2025/2026,0885,Borgholm,08,10666,municipal,2025-08-19,44,2025-12-19,2026-01-08,8,15,2026-06-12
2025/2026,0980,Gotland,09,60971,municipal,2025-08-20,44,2025-12-19,2026-01-07,9,15,2026-06-11
2025/2026,1060,Olofström,10,13000,municipal,2025-08-14,44,2025-12-19,2026-01-12,8,15,2026-06-10
2025/2026,1080,Karlskrona,10,66301,municipal,2025-08-14,44,2025-12-19,2026-01-12,8,15,2026-06-10
2025/2026,1081,Ronneby,10,28741,municipal,2025-08-14,44,2025-12-19,2026-01-12,8,15,2026-06-10
2025/2026,1082,Karlshamn,10,31751,municipal,2025-08-14,44,2025-12-19,2026-01-12,8,15,2026-06-10
2025/2026,1083,Sölvesborg,10,17430,municipal,2025-08-14,44,2025-12-19,2026-01-08,8,15,2026-06-09
2025/2026,1214,Svalöv,12,14543,municipal,2025-08-20,44,2025-12-19,2026-01-08,8,14,2026-06-12
2025/2026,1230,Staffanstorp,12,27303,municipal,2025-08-18,44,2025-12-19,2026-01-09,8,14,2026-06-12
2025/2026,1231,Burlöv,12,20101,municipal,2025-08-18,44,2025-12-19,2026-01-08,8,14,2026-06-12
2025/2026,1233,Vellinge,12,37816,municipal,2025-08-14,44,2025-12-19,2026-01-08,8,14,2026-06-11
2025/2026,1256,Östra Göinge,12,13978,municipal,2025-08-12,44,2025-12-19,2026-01-08,8,15,2026-06-05
2025/2026,1257,Örkelljunga,12,10277,municipal,2025-08-13,44,2025-12-19,2026-01-12,8,14,2026-06-09
2025/2026,1260,Bjuv,12,15985,municipal,2025-08-13,44,2025-12-19,2026-01-08,8,14,2026-06-05
2025/2026,1261,Kävlinge,12,32477,municipal,2025-08-13,44,2025-12-19,2026-01-12,8,14,2026-06-10
2025/2026,1262,Lomma,12,24715,municipal,2025-08-13,44,2025-12-19,2026-01-12,8,14,2026-06-11
2025/2026,1263,Svedala,12,23581,municipal,2025-08-14,44,2025-12-19,2026-01-12,8,14,2026-06-12
2025/2026,1264,Skurup,12,17099,municipal,2025-08-14,44,2025-12-22,2026-01-08,8,14,2026-06-09
2025/2026,1265,Sjöbo,12,19337,municipal,2025-08-18,44,2025-12-19,2026-01-09,8,14,2026-06-11
2025/2026,1266,Hörby,12,15562,municipal,2025-08-20,44,2025-12-19,2026-01-08,8,14,2026-06-11
2025/2026,1267,Höör,12,17518,municipal,2025-08-14,44,2025-12-19,2026-01-09,8,14,2026-06-10
2025/2026,1270,Tomelilla,12,13639,municipal,2025-08-14,44,2025-12-19,2026-01-08,8,14,2026-06-12
2025/2026,1272,Bromölla,12,12470,municipal,2025-08-13,44,2025-12-22,2026-01-09,8,15,2026-06-09
2025/2026,1273,Osby,12,12947,municipal,2025-08-18,44,2025-12-19,2026-01-08,8,15,2026-06-11
2025/2026,1276,Klippan,12,17714,municipal,2025-08-14,44,2025-12-19,2026-01-09,8,14,2026-06-09
2025/2026,1277,Åstorp,12,16449,municipal,2025-08-14,44,2025-12-19,2026-01-08,8,14,2026-06-11
2025/2026,1278,Båstad,12,16026,municipal,2025-08-14,44,2025-12-19,2026-01-09,8,14,2026-06-10
2025/2026,1280,Malmö,12,365644,municipal,2025-08-14,44,2025-12-19,2026-01-09,8,14,2026-06-12
2025/2026,1281,Lund,12,131590,municipal,2025-08-19,44,2025-12-19,2026-01-07,8,14,2026-06-12
2025/2026,1282,Landskrona,12,47309,municipal,2025-08-19,44,2025-12-19,2026-01-08,8,14,2026-06-12
2025/2026,1283,Helsingborg,12,152091,municipal,2025-08-13,44,2025-12-19,2026-01-07,8,14,2026-06-05
2025/2026,1284,Höganäs,12,28430,municipal,2025-08-13,44,2025-12-19,2026-01-08,8,14,2026-06-05
2025/2026,1285,Eslöv,12,34922,municipal,2025-08-13,44,2025-12-19,2026-01-12,8,14,2026-06-10
2025/2026,1286,Ystad,12,32106,municipal,2025-08-19,44,2025-12-19,2026-01-08,8,14,2026-06-10
2025/2026,1287,Trelleborg,12,47269,municipal,2025-08-18,44,2025-12-19,2026-01-09,8,14,2026-06-12
2025/2026,1290,Kristianstad,12,86379,municipal,2025-08-12,44,2025-12-19,2026-01-08,8,15,2026-06-05
2025/2026,1291,Simrishamn,12,18890,municipal,2025-08-20,44,2025-12-19,2026-01-09,8,14,2026-06-12
2025/2026,1292,Ängelholm,12,45110,municipal,2025-08-14,44,2025-12-19,2026-01-12,8,14,2026-06-11
2025/2026,1293,Hässleholm,12,52114,municipal,2025-08-19,44,2025-12-19,2026-01-09,8,15,2026-06-12
2025/2026,1315,Hylte,13,10196,municipal,2025-08-12,44,2025-12-19,2026-01-08,8,15,2026-06-09
2025/2026,1380,Halmstad,13,106084,municipal,2025-08-13,44,2025-12-19,2026-01-09,8,15,2026-06-10
2025/2026,1381,Laholm,13,26595,municipal,2025-08-18,44,2025-12-19,2026-01-08,8,15,2026-06-11
2025/2026,1382,Falkenberg,13,47337,municipal,2025-08-14,44,2025-12-19,2026-01-12,8,15,2026-06-10
2025/2026,1383,Varberg,13,69070,municipal,2025-08-18,44,2025-12-19,2026-01-08,8,15,2026-06-11
2025/2026,1384,Kungsbacka,13,85792,municipal,2025-08-18,44,2025-12-19,2026-01-08,7,15,2026-06-12
2025/2026,1401,Härryda,14,40003,municipal,2025-08-20,44,2025-12-19,2026-01-08,7,15,2026-06-12
2025/2026,1402,Partille,14,41060,municipal,2025-08-19,44,2025-12-19,2026-01-08,7,15,2026-06-11
2025/2026,1407,Öckerö,14,12771,municipal,2025-08-19,44,2025-12-19,2026-01-12,7,15,2026-06-12
2025/2026,1415,Stenungsund,14,27851,municipal,2025-08-25,44,2025-12-22,2026-01-07,7,15,2026-06-12
2025/2026,1419,Tjörn,14,16092,municipal,2025-08-20,44,2025-12-19,2026-01-08,7,15,2026-06-11
2025/2026,1421,Orust,14,15352,municipal,2025-08-19,44,2025-12-19,2026-01-12,8,15,2026-06-12
2025/2026,1435,Tanum,14,12773,municipal,2025-08-20,44,2025-12-19,2026-01-09,8,15,2026-06-12
2025/2026,1438,Dals-Ed,14,4606,municipal,2025-08-18,44,2025-12-19,2026-01-12,8,15,2026-06-12
2025/2026,1439,Färgelanda,14,6376,municipal,2025-08-20,44,2025-12-19,2026-01-08,8,15,2026-06-12
2025/2026,1440,Ale,14,32576,municipal,2025-08-18,44,2025-12-19,2026-01-12,7,15,2026-06-11
2025/2026,1441,Lerum,14,43570,municipal,2025-08-18,44,2025-12-19,2026-01-08,7,15,2026-06-10
2025/2026,1442,Vårgårda,14,12474,municipal,2025-08-21,44,2025-12-19,2026-01-08,7,15,2026-06-12
2025/2026,1443,Bollebygd,14,9802,municipal,2025-08-13,44,2025-12-19,2026-01-07,7,15,2026-06-18
2025/2026,1444,Grästorp,14,5555,municipal,2025-08-19,44,2025-12-18,2026-01-08,7,14,2026-06-12
2025/2026,1445,Essunga,14,5560,municipal,2025-08-19,44,2025-12-19,2026-01-08,7,14,2026-06-11
2025/2026,1446,Karlsborg,14,7023,municipal,2025-08-18,44,2025-12-19,2026-01-08,7,14,2026-06-10
2025/2026,1447,Gullspång,14,5031,municipal,2025-08-18,44,2025-12-19,2026-01-12,7,14,2026-06-11
2025/2026,1452,Tranemo,14,11839,municipal,2025-08-19,44,2025-12-19,2026-01-08,7,15,2026-06-11
2025/2026,1460,Bengtsfors,14,9076,municipal,2025-08-19,44,2025-12-19,2026-01-12,9,15,2026-06-12
2025/2026,1461,Mellerud,14,9052,municipal,2025-08-18,44,2025-12-19,2026-01-12,8,15,2026-06-10
2025/2026,1462,Lilla Edet,14,14442,municipal,2025-08-18,44,2025-12-19,2026-01-07,7,15,2026-06-18
2025/2026,1463,Mark,14,35155,municipal,2025-08-20,44,2025-12-19,2026-01-08,7,14,2026-06-12
2025/2026,1465,Svenljunga,14,10747,municipal,2025-08-21,44,2025-12-19,2026-01-08,7,15,2026-06-12
2025/2026,1466,Herrljunga,14,9497,municipal,2025-08-20,44,2025-12-19,2026-01-08,7,15,2026-06-11
2025/2026,1470,Vara,14,16088,municipal,2025-08-19,44,2025-12-19,2026-01-12,7,14,2026-06-12
2025/2026,1471,Götene,14,13286,municipal,2025-08-19,44,2025-12-19,2026-01-09,7,14,2026-06-11
2025/2026,1472,Tibro,14,11338,municipal,2025-08-19,44,2025-12-19,2026-01-08,7,14,2026-06-11
2025/2026,1473,Töreboda,14,9043,municipal,2025-08-18,44,2025-12-19,2026-01-12,7,14,2026-06-11
2025/2026,1480,Göteborg,14,608993,municipal,2025-08-18,44,2025-12-19,2026-01-08,7,15,2026-06-12
2025/2026,1481,Mölndal,14,71420,municipal,2025-08-19,44,2025-12-19,2026-01-08,7,15,2026-06-11
2025/2026,1482,Kungälv,14,50313,municipal,2025-08-19,44,2025-12-19,2026-01-08,7,15,2026-06-10
2025/2026,1484,Lysekil,14,13907,municipal,2025-08-19,44,2025-12-19,2026-01-09,8,15,2026-06-11
2025/2026,1485,Uddevalla,14,57010,municipal,2025-08-20,44,2025-12-19,2026-01-07,8,15,2026-06-12
2025/2026,1486,Strömstad,14,13482,municipal,2025-08-20,44,2025-12-19,2026-01-08,8,15,2026-06-12
2025/2026,1487,Vänersborg,14,40041,municipal,2025-08-19,44,2025-12-19,2026-01-09,8,15,2026-06-11
2025/2026,1488,Trollhättan,14,59003,municipal,2025-08-19,44,2025-12-19,2026-01-07,8,15,2026-06-11
2025/2026,1489,Alingsås,14,42722,municipal,2025-08-18,44,2025-12-19,2026-01-12,7,15,2026-06-12
2025/2026,1490,Borås,14,114872,municipal,2025-08-21,44,2025-12-19,2026-01-08,7,15,2026-06-12
2025/2026,1491,Ulricehamn,14,24985,municipal,2025-08-20,44,2025-12-19,2026-01-07,7,15,2026-06-12
2025/2026,1492,Åmål,14,11906,municipal,2025-08-18,44,2025-12-19,2026-01-08,9,15,2026-06-12
2025/2026,1493,Mariestad,14,24583,municipal,2025-08-20,44,2025-12-19,2026-01-08,7,14,2026-06-12
2025/2026,1494,Lidköping,14,40425,municipal,2025-08-20,44,2025-12-19,2026-01-08,7,14,2026-06-12
2025/2026,1495,Skara,14,18707,municipal,2025-08-13,44,2025-12-18,2026-01-08,7,14,2026-06-09
2025/2026,1496,Skövde,14,57995,municipal,2025-08-18,44,2025-12-19,2026-01-07,7,14,2026-06-11
2025/2026,1497,Hjo,14,9350,municipal,2025-08-19,44,2025-12-19,2026-01-08,7,15,2026-06-11
2025/2026,1498,Tidaholm,14,12805,municipal,2025-08-18,44,2025-12-19,2026-01-09,7,14,2026-06-11
2025/2026,1499,Falköping,14,32806,municipal,2025-08-18,44,2025-12-19,2026-01-08,7,14,2026-06-11
2025/2026,1715,Kil,17,12061,municipal,2025-08-18,44,2025-12-19,2026-01-08,9,15,2026-06-11
2025/2026,1730,Eda,17,8412,municipal,2025-08-19,44,2025-12-19,2026-01-08,9,15,2026-06-09
2025/2026,1737,Torsby,17,11321,municipal,2025-08-18,44,2025-12-19,2026-01-08,9,15,2026-06-11
2025/2026,1760,Storfors,17,3788,municipal,2025-08-18,44,2025-12-19,2026-01-09,9,15,2026-06-12
2025/2026,1761,Hammarö,17,16992,municipal,2025-08-19,44,2025-12-19,2026-01-08,9,15,2026-06-11
2025/2026,1762,Munkfors,17,3625,municipal,2025-08-19,44,2025-12-19,2026-01-07,9,15,2026-06-12
2025/2026,1763,Forshaga,17,11520,municipal,2025-08-18,44,2025-12-18,2026-01-08,9,15,2026-06-11
2025/2026,1764,Grums,17,9004,municipal,2025-08-18,44,2025-12-19,2026-01-09,9,15,2026-06-11
2025/2026,1765,Årjäng,17,9825,municipal,2025-08-19,42,2025-12-18,2026-01-08,9,15,2026-06-11
2025/2026,1766,Sunne,17,13356,municipal,2025-08-18,44,2025-12-19,2026-01-08,9,15,2026-06-11
2025/2026,1780,Karlstad,17,98084,municipal,2025-08-19,44,2025-12-19,2026-01-07,9,14,2026-06-11
2025/2026,1781,Kristinehamn,17,23756,municipal,2025-08-20,44,2025-12-19,2026-01-09,9,15,2026-06-12
2025/2026,1782,Filipstad,17,9776,municipal,2025-08-18,44,2025-12-19,2026-01-12,9,15,2026-06-12
2025/2026,1783,Hagfors,17,11418,municipal,2025-08-19,44,2025-12-19,2026-01-07,9,15,2026-06-12
2025/2026,1784,Arvika,17,25547,municipal,2025-08-20,44,2025-12-19,2026-01-08,9,15,2026-06-08
2025/2026,1785,Säffle,17,14899,municipal,2025-08-21,44,2025-12-19,2026-01-08,9,15,2026-06-12
2025/2026,1814,Lekeberg,18,8606,municipal,2025-08-14,44,2025-12-19,2026-01-08,8,14,2026-06-09
2025/2026,1860,Laxå,18,5423,municipal,2025-08-19,44,2025-12-19,2026-01-12,8,14,2026-06-12
2025/2026,1861,Hallsberg,18,16120,municipal,2025-08-20,44,2025-12-19,2026-01-08,8,14,2026-06-11
2025/2026,1862,Degerfors,18,9278,municipal,2025-08-13,44,2025-12-19,2026-01-12,8,14,2026-06-11
2025/2026,1863,Hällefors,18,6321,municipal,2025-08-14,44,2025-12-19,2026-01-08,8,14,2026-06-10
2025/2026,1880,Örebro,18,160140,municipal,2025-08-18,44,2025-12-19,2026-01-08,8,14,2026-06-11
2025/2026,1881,Kumla,18,22681,municipal,2025-08-13,44,2025-12-19,2026-01-12,8,14,2026-06-09
2025/2026,1882,Askersund,18,11477,municipal,2025-08-19,44,2025-12-19,2026-01-12,8,14,2026-06-11
2025/2026,1883,Karlskoga,18,30180,municipal,2025-08-13,44,2025-12-19,2026-01-12,8,14,2026-06-11
2025/2026,1884,Nora,18,10639,municipal,2025-08-20,44,2025-12-19,2026-01-09,8,15,2026-06-11
2025/2026,1885,Lindesberg,18,23141,municipal,2025-08-19,44,2025-12-19,2026-01-08,8,15,2026-06-12
2025/2026,1907,Surahammar,19,9845,municipal,2025-08-14,44,2025-12-19,2026-01-08,9,15,2026-06-10
2025/2026,1960,Kungsör,19,8694,municipal,2025-08-18,44,2025-12-19,2026-01-12,9,15,2026-06-12
2025/2026,1961,Hallstahammar,19,16653,municipal,2025-08-14,44,2025-12-19,2026-01-08,9,15,2026-06-09
2025/2026,1962,Norberg,19,5452,municipal,2025-08-19,44,2025-12-18,2026-01-09,9,15,2026-06-11
2025/2026,1980,Västerås,19,160634,municipal,2025-08-14,44,2025-12-19,2026-01-08,9,15,2026-06-09
2025/2026,1981,Sala,19,22843,municipal,2025-08-18,44,2025-12-18,2026-01-09,9,15,2026-06-12
2025/2026,1982,Fagersta,19,13072,municipal,2025-08-18,44,2025-12-19,2026-01-12,9,15,2026-06-12
2025/2026,1983,Köping,19,25729,municipal,2025-08-18,44,2025-12-19,2026-01-12,9,15,2026-06-12
2025/2026,1984,Arboga,19,13980,municipal,2025-08-14,44,2025-12-19,2026-01-12,9,15,2026-06-09
2025/2026,2021,Vansbro,20,6752,municipal,2025-08-18,44,2025-12-19,2026-01-08,9,15,2026-06-12
2025/2026,2023,Malung-Sälen,20,10254,municipal,2025-08-18,44,2025-12-19,2026-01-08,9,15,2026-06-12
2025/2026,2026,Gagnef,20,10384,municipal,2025-08-19,44,2025-12-19,2026-01-08,9,15,2026-06-11
2025/2026,2029,Leksand,20,16137,municipal,2025-08-18,44,2025-12-19,2026-01-08,9,15,2026-06-12
2025/2026,2031,Rättvik,20,10998,municipal,2025-08-18,44,2025-12-19,2026-01-08,9,15,2026-06-12
2025/2026,2034,Orsa,20,6851,municipal,2025-08-19,44,2025-12-19,2026-01-08,9,15,2026-06-11
2025/2026,2039,Älvdalen,20,6882,municipal,2025-08-18,44,2025-12-19,2026-01-08,9,15,2026-06-12
2025/2026,2061,Smedjebacken,20,10823,municipal,2025-08-18,44,2025-12-19,2026-01-08,9,15,2026-06-11
2025/2026,2062,Mora,20,20540,municipal,2025-08-18,44,2025-12-19,2026-01-08,9,15,2026-06-11
2025/2026,2080,Falun,20,59945,municipal,2025-08-18,44,2025-12-19,2026-01-07,9,15,2026-06-12
2025/2026,2081,Borlänge,20,51425,municipal,2025-08-20,44,2025-12-19,2026-01-08,9,15,2026-06-10
2025/2026,2082,Säter,20,11223,municipal,2025-08-19,44,2025-12-19,2026-01-12,9,15,2026-06-11
2025/2026,2083,Hedemora,20,15281,municipal,2025-08-20,44,2025-12-19,2026-01-13,9,15,2026-06-12
2025/2026,2084,Avesta,20,22417,municipal,2025-08-18,44,2025-12-19,2026-01-12,9,15,2026-06-12
2025/2026,2085,Ludvika,20,26634,municipal,2025-08-18,44,2025-12-19,2026-01-09,9,15,2026-06-10
2025/2026,2101,Ockelbo,21,5715,municipal,2025-08-20,44,2025-12-19,2026-01-07,9,15,2026-06-11
2025/2026,2104,Hofors,21,9281,municipal,2025-08-19,44,2025-12-19,2026-01-07,9,15,2026-06-09
2025/2026,2121,Ovanåker,21,11341,municipal,2025-08-18,44,2025-12-19,2026-01-09,10,15,2026-06-11
2025/2026,2132,Nordanstig,21,9262,municipal,2025-08-18,44,2025-12-19,2026-01-12,10,15,2026-06-10
2025/2026,2161,Ljusdal,21,18445,municipal,2025-08-19,44,2025-12-20,2026-01-09,10,17,2026-06-11
2025/2026,2180,Gävle,21,103838,municipal,2025-08-20,44,2025-12-19,2026-01-07,9,15,2026-06-11
2025/2026,2181,Sandviken,21,38360,municipal,2025-08-18,44,2025-12-19,2026-01-07,9,15,2026-06-09
2025/2026,2182,Söderhamn,21,24545,municipal,2025-08-19,44,2025-12-19,2026-01-08,10,15,2026-06-09
2025/2026,2183,Bollnäs,21,26243,municipal,2025-08-20,44,2025-12-19,2026-01-08,10,15,2026-06-10
2025/2026,2184,Hudiksvall,21,37528,municipal,2025-08-19,44,2025-12-19,2026-01-08,10,15,2026-06-11
2025/2026,2260,Ånge,22,9044,municipal,2025-08-20,44,2025-12-19,2026-01-08,10,15,2026-06-11
2025/2026,2262,Timrå,22,17521,municipal,2025-08-21,44,2025-12-19,2026-01-08,10,15,2026-06-12
2025/2026,2280,Härnösand,22,24515,municipal,2025-08-21,44,2025-12-19,2026-01-08,10,15,2026-06-12
2025/2026,2281,Sundsvall,22,99048,municipal,2025-08-21,44,2025-12-19,2026-01-08,10,15,2026-06-12
2025/2026,2282,Kramfors,22,17491,municipal,2025-08-20,44,2025-12-19,2026-01-08,10,15,2026-06-11
2025/2026,2283,Sollefteå,22,18396,municipal,2025-08-20,44,2025-12-19,2026-01-08,10,15,2026-06-11
2025/2026,2284,Örnsköldsvik,22,55443,municipal,2025-08-20,44,2025-12-19,2026-01-08,10,15,2026-06-10
2025/2026,2303,Ragunda,23,5146,municipal,2025-08-21,44,2025-12-19,2026-01-12,10,15,2026-06-12
2025/2026,2305,Bräcke,23,6035,municipal,2025-08-21,44,2025-12-19,2026-01-12,10,15,2026-06-12
2025/2026,2309,Krokom,23,15680,municipal,2025-08-21,44,2025-12-18,2026-01-08,10,15,2026-06-12
2025/2026,2313,Strömsund,23,11023,municipal,2025-08-21,44,2025-12-19,2026-01-12,10,15,2026-06-12
2025/2026,2321,Åre,23,12693,municipal,2025-08-21,44,2025-12-19,2026-01-12,10,15,2026-06-12
2025/2026,2326,Berg,23,7108,municipal,2025-08-21,44,2025-12-19,2026-01-12,10,15,2026-06-12
2025/2026,2361,Härjedalen,23,10175,municipal,2025-08-21,44,2025-12-19,2026-01-12,10,15,2026-06-12
2025/2026,2380,Östersund,23,64979,municipal,2025-08-21,44,2025-12-19,2026-01-12,10,15,2026-06-12
2025/2026,2401,Nordmaling,24,6942,municipal,2025-08-18,44,2025-12-18,2026-01-08,10,16,2026-06-10
2025/2026,2403,Bjurholm,24,2359,municipal,2025-08-18,44,2025-12-19,2026-01-08,10,15,2026-06-09
2025/2026,2404,Vindeln,24,5417,municipal,2025-08-19,44,2025-12-19,2026-01-11,10,15,2026-06-10
2025/2026,2409,Robertsfors,24,6690,municipal,2025-08-19,44,2025-12-19,2026-01-08,10,15,2026-06-10
2025/2026,2417,Norsjö,24,3968,municipal,2025-08-20,44,2025-12-19,2026-01-08,10,15,2026-06-10
2025/2026,2418,Malå,24,2962,municipal,2025-08-19,44,2025-12-19,2026-01-09,10,15,2026-06-11
2025/2026,2421,Storuman,24,5577,municipal,2025-08-20,44,2025-12-19,2026-01-08,10,15,2026-06-12
2025/2026,2422,Sorsele,24,2357,municipal,2025-08-21,44,2025-12-19,2026-01-08,10,15,2026-06-11
2025/2026,2425,Dorotea,24,2294,municipal,2025-08-20,44,2025-12-19,2026-01-08,10,15,2026-06-10
2025/2026,2460,Vännäs,24,9132,municipal,2025-08-19,44,2025-12-19,2026-01-09,10,15,2026-06-10
2025/2026,2462,Vilhelmina,24,6229,municipal,2025-08-20,44,2025-12-19,2026-01-12,10,15,2026-06-12
2025/2026,2463,Åsele,24,2694,municipal,2025-08-19,44,2025-12-19,2026-01-12,10,15,2026-06-12
2025/2026,2480,Umeå,24,134249,municipal,2025-08-18,44,2025-12-19,2026-01-08,10,15,2026-06-10
2025/2026,2481,Lycksele,24,12118,municipal,2025-08-18,44,2025-12-19,2026-01-12,10,15,2026-06-10
2025/2026,2482,Skellefteå,24,78150,municipal,2025-08-18,44,2025-12-19,2026-01-12,10,15,2026-06-12
2025/2026,2505,Arvidsjaur,25,6089,municipal,2025-08-21,44,2025-12-19,2026-01-12,10,15,2026-06-12
2025/2026,2506,Arjeplog,25,2599,municipal,2025-08-20,44,2025-12-19,2026-01-08,10,15,2026-06-11
2025/2026,2510,Jokkmokk,25,4701,municipal,2025-08-21,44,2025-12-19,2026-01-08,10,15,2026-06-12
2025/2026,2513,Överkalix,25,3201,municipal,2025-08-20,44,2025-12-19,2026-01-12,10,14,2026-06-12
2025/2026,2514,Kalix,25,15391,municipal,2025-08-20,44,2025-12-19,2026-01-09,10,15,2026-06-12
2025/2026,2518,Övertorneå,25,4057,municipal,2025-08-20,44,2025-12-19,2026-01-12,10,15,2026-06-12
2025/2026,2521,Pajala,25,5857,municipal,2025-08-21,44,2025-12-19,2026-01-08,10,15,2026-06-12
2025/2026,2523,Gällivare,25,17233,municipal,2025-08-20,44,2025-12-22,2026-01-12,10,15,2026-06-12
2025/2026,2560,Älvsbyn,25,7774,municipal,2025-08-21,44,2025-12-19,2026-01-08,10,15,2026-06-12
2025/2026,2580,Luleå,25,79645,municipal,2025-08-21,44,2025-12-19,2026-01-08,10,15,2026-06-12
2025/2026,2581,Piteå,25,42447,municipal,2025-08-21,44,2025-12-19,2026-01-08,10,15,2026-06-12
2025/2026,2582,Boden,25,28049,municipal,2025-08-21,44,2025-12-19,2026-01-08,10,15,2026-06-12
2025/2026,2583,Haparanda,25,9151,municipal,2025-08-20,44,2025-12-19,2026-01-08,10,15,2026-06-11
2025/2026,2584,Kiruna,25,22426,municipal,2025-08-20,44,2025-12-18,2026-01-08,10,15,2026-06-11
2025/2026,01,Stockholm (county summary),01,,county_summary,2025-08-18,44,2025-12-18,2026-01-07,9,,2026-06-10
2025/2026,03,Uppsala (county summary),03,,county_summary,2025-08-18,44,2025-12-19,2026-01-07,8+9,14+15,2026-06-09
2025/2026,04,Södermanland (county summary),04,,county_summary,2025-08-16,44,2025-12-18,2026-01-08,8,15,2026-06-11
2025/2026,05,Östergötland (county summary),05,,county_summary,2025-08-14,44,2025-12-18,2026-01-07,7+8,15,2026-06-10
2025/2026,06,Jönköping (county summary),06,,county_summary,2025-08-13,44,2025-12-18,2026-01-07,7,15+16,2026-06-10
2025/2026,07,Kronoberg (county summary),07,,county_summary,2025-08-18,44,2025-12-19,2026-01-07,8,14,2026-06-11
2025/2026,08,Kalmar (county summary),08,,county_summary,2025-08-19,44,2025-12-19,2026-01-07,8,15,2026-06-12
2025/2026,09,Gotland (county summary),09,,county_summary,2025-08-20,44,2025-12-19,2026-01-07,9,15,2026-06-11
2025/2026,10,Blekinge (county summary),10,,county_summary,2025-08-14,44,2025-12-19,2026-01-08,8,15,2026-06-09
2025/2026,12,Skåne (county summary),12,,county_summary,2025-08-12,44,2025-12-19,2026-01-07,8,14+15,2026-06-05
2025/2026,13,Halland (county summary),13,,county_summary,2025-08-13,44,2025-12-19,2026-01-08,7+8,15,2026-06-09
2025/2026,14,Västra Götaland (county summary),14,,county_summary,2025-08-13,44,2025-12-18,2026-01-07,7+8+9,14+15+16,2026-06-09
2025/2026,17,Värmland (county summary),17,,county_summary,2025-08-18,44,2025-12-18,2026-01-07,9,14+15,2026-06-08
2025/2026,18,Örebro (county summary),18,,county_summary,2025-08-13,44,2025-12-19,2026-01-08,8,14+15,2026-06-09
2025/2026,19,Västmanland (county summary),19,,county_summary,2025-08-14,44,2025-12-18,2026-01-08,9,15,2026-06-09
2025/2026,20,Dalarna (county summary),20,,county_summary,2025-08-18,44,2025-12-19,2026-01-07,9,15,2026-06-10
2025/2026,21,Gävleborg (county summary),21,,county_summary,2025-08-18,44,2025-12-19,2026-01-07,9+10,15+16+17,2026-06-09
2025/2026,22,Västernorrland (county summary),22,,county_summary,2025-08-20,44,2025-12-19,2026-01-08,10,15,2026-06-10
2025/2026,23,Jämtland (county summary),23,,county_summary,2025-08-21,44,2025-12-19,2026-01-08,10,15,2026-06-12
2025/2026,24,Västerbotten (county summary),24,,county_summary,2025-08-18,44,2025-12-19,2026-01-08,10,15,2026-06-09
2025/2026,25,Norrbotten (county summary),25,,county_summary,2025-08-20,44,2025-12-18,2026-01-08,10,15,2026-06-11
2026/2027,0114,Upplands Väsby,01,50323,municipal,2026-08-17,44,2026-12-22,2027-01-12,9,13,2027-06-08
2026/2027,0115,Vallentuna,01,35119,municipal,2026-08-18,44,2026-12-18,2027-01-11,9,13,2027-06-11
2026/2027,0117,Österåker,01,49787,municipal,2026-08-17,44,2026-12-18,2027-01-11,9,13,2027-06-10
2026/2027,0120,Värmdö,01,46635,municipal,2026-08-18,44,2026-12-18,2027-01-12,9,13,2027-06-10
2026/2027,0123,Järfälla,01,88950,municipal,2026-08-19,44,2026-12-18,2027-01-07,9,13,2027-06-09
2026/2027,0125,Ekerö,01,28910,municipal,2026-08-12,44,2026-12-18,2027-01-11,9,13,2027-06-09
2026/2027,0126,Huddinge,01,114304,municipal,2026-08-17,44,2026-12-17,2027-01-12,9,13,2027-06-10
2026/2027,0127,Botkyrka,01,95905,municipal,2026-08-19,44,2026-12-22,2027-01-08,9,13,2027-06-11
2026/2027,0128,Salem,01,17507,municipal,2026-08-17,44,2026-12-18,2027-01-11,9,13,2027-06-10
2026/2027,0136,Haninge,01,100895,municipal,2026-08-18,44,2026-12-18,2027-01-11,9,13,2027-06-09
2026/2027,0138,Tyresö,01,49179,municipal,2026-08-17,44,2026-12-18,2027-01-11,9,13,2027-06-11
2026/2027,0139,Upplands-Bro,01,32868,municipal,2026-08-18,44,2026-12-18,2027-01-11,9,14,2027-06-08
2026/2027,0140,Nykvarn,01,12342,municipal,2026-08-19,44,2026-12-18,2027-01-13,9,13,2027-06-15
2026/2027,0160,Täby,01,77744,municipal,2026-08-17,44,2026-12-18,2027-01-11,9,13,2027-06-10
2026/2027,0163,Sollentuna,01,77624,municipal,2026-08-18,44,2026-12-18,2027-01-11,9,13,2027-06-10
2026/2027,0180,Stockholm,01,995574,municipal,2026-08-17,44,2026-12-18,2027-01-11,9,13,2027-06-11
2026/2027,0181,Södertälje,01,102911,municipal,2026-08-17,44,2026-12-18,2027-01-12,9,13,2027-06-11
2026/2027,0182,Nacka,01,112112,municipal,2026-08-17,44,2026-12-18,2027-01-12,9,13,2027-06-11
2026/2027,0183,Sundbyberg,01,56274,municipal,2026-08-18,44,2026-12-18,2027-01-12,9,13,2027-06-11
2026/2027,0184,Solna,01,85789,municipal,2026-08-18,44,2026-12-18,2027-01-11,9,13,2027-06-10
2026/2027,0186,Lidingö,01,48377,municipal,2026-08-20,44,2026-12-22,2027-01-12,9,13,2027-06-11
2026/2027,0187,Vaxholm,01,11822,municipal,2026-08-12,44,2026-12-18,2027-01-07,9,13,2027-06-10
2026/2027,0188,Norrtälje,01,66585,municipal,2026-08-17,44,2026-12-22,2027-01-13,9,13,2027-06-10
2026/2027,0191,Sigtuna,01,52767,municipal,2026-08-17,44,2026-12-18,2027-01-11,9,13,2027-06-10
2026/2027,0192,Nynäshamn,01,30579,municipal,2026-08-18,44,2026-12-18,2027-01-12,9,13,2027-06-09
2026/2027,0305,Håbo,03,22973,municipal,2026-08-18,44,2026-12-22,2027-01-13,8,13,2027-06-10
2026/2027,0319,Älvkarleby,03,9552,municipal,2026-08-19,44,2026-12-22,2027-01-07,9,13,2027-06-08
2026/2027,0330,Knivsta,03,21193,municipal,2026-08-18,44,2026-12-22,2027-01-11,8,13,2027-06-10
2026/2027,0331,Heby,03,14345,municipal,2026-08-18,44,2026-12-22,2027-01-13,8,13,2027-06-10
2026/2027,0360,Tierp,03,21104,municipal,2026-08-18,44,2026-12-22,2027-01-13,8,12,2027-06-10
2026/2027,0380,Uppsala,03,248016,municipal,2026-08-18,44,2026-12-22,2027-01-13,8,13,2027-06-10
2026/2027,0381,Enköping,03,48591,municipal,2026-08-18,44,2026-12-22,2027-01-13,8,13,2027-06-10
2026/2027,0382,Östhammar,03,22138,municipal,2026-08-18,44,2026-12-22,2027-01-13,8,13,2027-06-10
2026/2027,0428,Vingåker,04,8750,municipal,2026-08-18,44,2026-12-17,2027-01-11,8,13,2027-06-11
2026/2027,0461,Gnesta,04,11458,municipal,2026-08-19,44,2026-12-22,2027-01-11,9,13,2027-06-11
2026/2027,0480,Nyköping,04,58344,municipal,2026-08-18,44,2026-12-18,2027-01-11,8,13,2027-06-11
2026/2027,0481,Oxelösund,04,12031,municipal,2026-08-20,44,2026-12-22,2027-01-11,8,13,2027-06-10
2026/2027,0482,Flen,04,15362,municipal,2026-08-18,44,2026-12-18,2027-01-11,8,13,2027-06-11
2026/2027,0483,Katrineholm,04,34154,municipal,2026-08-18,44,2026-12-17,2027-01-11,8,13,2027-06-11
2026/2027,0484,Eskilstuna,04,107203,municipal,2026-08-17,44,2026-12-18,2027-01-12,8,13,2027-06-11
2026/2027,0486,Strängnäs,04,39313,municipal,2026-08-19,44,2026-12-18,2027-01-08,8,13,2027-06-11
2026/2027,0488,Trosa,04,14927,municipal,2026-08-18,44,2026-12-18,2027-01-08,8,13,2027-06-11
2026/2027,0509,Ödeshög,05,5237,municipal,2026-08-19,44,2026-12-18,2027-01-11,8,13,2027-06-16
2026/2027,0512,Ydre,05,3626,municipal,2026-08-19,44,2026-12-18,2027-01-11,7,13,2027-06-16
2026/2027,0513,Kinda,05,9957,municipal,2026-08-13,44,2026-12-18,2027-01-11,8,13,2027-06-10
2026/2027,0560,Boxholm,05,5517,municipal,2026-08-17,44,2026-12-18,2027-01-07,8,13,2027-06-10
2026/2027,0561,Åtvidaberg,05,11467,municipal,2026-08-18,44,2026-12-18,2027-01-11,8,13,2027-06-10
2026/2027,0562,Finspång,05,21623,municipal,2026-08-19,44,2026-12-22,2027-01-08,8,13,2027-06-11
2026/2027,0563,Valdemarsvik,05,7525,municipal,2026-08-17,44,2026-12-18,2027-01-08,8,13,2027-06-11
2026/2027,0580,Linköping,05,168035,municipal,2026-08-17,44,2026-12-18,2027-01-07,8,13,2027-06-10
2026/2027,0581,Norrköping,05,144980,municipal,2026-08-17,44,2026-12-18,2027-01-07,8,13,2027-06-10
2026/2027,0582,Söderköping,05,14789,municipal,2026-08-17,44,2026-12-18,2027-01-08,8,13,2027-06-11
2026/2027,0583,Motala,05,43505,municipal,2026-08-18,44,2026-12-22,2027-01-11,8,13,2027-06-10
2026/2027,0584,Vadstena,05,7490,municipal,2026-08-13,44,2026-12-16,2027-01-13,8,13,2027-06-16
2026/2027,0586,Mjölby,05,28695,municipal,2026-08-17,44,2026-12-18,2027-01-07,8,13,2027-06-10
2026/2027,0604,Aneby,06,6797,municipal,2026-08-18,44,2026-12-22,2027-01-08,7,13,2027-06-11
2026/2027,0617,Gnosjö,06,9131,municipal,2026-08-13,44,2026-12-18,2027-01-11,7,13,2027-06-09
2026/2027,0642,Mullsjö,06,7594,municipal,2026-08-17,44,2026-12-22,2027-01-12,7,13,2027-06-10
2026/2027,0643,Habo,06,13456,municipal,2026-08-18,44,2026-12-22,2027-01-12,7,13,2027-06-11
2026/2027,0662,Gislaved,06,28936,municipal,2026-08-18,44,2026-12-22,2027-01-11,7,13,2027-06-10
2026/2027,0665,Vaggeryd,06,14825,municipal,2026-08-18,44,2026-12-22,2027-01-12,7,13,2027-06-10
2026/2027,0680,Jönköping,06,147654,municipal,2026-08-18,44,2026-12-22,2027-01-11,7,13,2027-06-11
2026/2027,0682,Nässjö,06,31587,municipal,2026-08-18,44,2026-12-22,2027-01-11,7,13,2027-06-11
2026/2027,0683,Värnamo,06,34542,municipal,2026-08-17,44,2026-12-21,2027-01-07,7,13,2027-06-10
2026/2027,0684,Sävsjö,06,11563,municipal,2026-08-18,44,2026-12-22,2027-01-11,7,13,2027-06-11
2026/2027,0685,Vetlanda,06,27528,municipal,2026-08-18,44,2026-12-22,2027-01-11,7,13,2027-06-11
2026/2027,0686,Eksjö,06,17792,municipal,2026-08-18,44,2026-12-22,2027-01-11,7,13,2027-06-11
2026/2027,0687,Tranås,06,18604,municipal,2026-08-19,44,2026-12-18,2027-01-12,7,13,2027-06-16
2026/2027,0760,Uppvidinge,07,9061,municipal,2026-08-18,44,2026-12-18,2027-01-07,8,13,2027-06-11
2026/2027,0761,Lessebo,07,8289,municipal,2026-08-19,44,2026-12-22,2027-01-11,8,13,2027-06-11
2026/2027,0763,Tingsryd,07,11966,municipal,2026-08-18,44,2026-12-18,2027-01-11,8,13,2027-06-11
2026/2027,0764,Alvesta,07,19830,municipal,2026-08-18,44,2026-12-18,2027-01-08,8,13,2027-06-11
2026/2027,0765,Älmhult,07,17653,municipal,2026-08-19,44,2026-12-18,2027-01-08,8,13,2027-06-11
2026/2027,0767,Markaryd,07,9938,municipal,2026-08-18,44,2026-12-18,2027-01-11,8,13,2027-06-11
2026/2027,0780,Växjö,07,98334,municipal,2026-08-18,44,2026-12-22,2027-01-12,8,13,2027-06-11
2026/2027,0781,Ljungby,07,28280,municipal,2026-08-18,44,2026-12-22,2027-01-13,8,13,2027-06-11
2026/2027,0821,Högsby,08,5321,municipal,2026-08-17,44,2026-12-18,2027-01-08,8,13,2027-06-11
2026/2027,0834,Torsås,08,6984,municipal,2026-08-17,44,2026-12-18,2027-01-08,8,13,2027-06-11
2026/2027,0840,Mörbylånga,08,16224,municipal,2026-08-17,44,2026-12-18,2027-01-08,8,13,2027-06-11
2026/2027,0860,Hultsfred,08,13673,municipal,2026-08-17,44,2026-12-18,2027-01-08,8,13,2027-06-11
2026/2027,0861,Mönsterås,08,13069,municipal,2026-08-17,44,2026-12-18,2027-01-08,8,13,2027-06-11
2026/2027,0862,Emmaboda,08,9006,municipal,2026-08-18,44,2026-12-18,2027-01-11,8,13,2027-06-11
2026/2027,0880,Kalmar,08,72704,municipal,2026-08-17,44,2026-12-18,2027-01-08,8,13,2027-06-11
2026/2027,0881,Nybro,08,19951,municipal,2026-08-17,44,2026-12-18,2027-01-11,8,13,2027-06-11
2026/2027,0882,Oskarshamn,08,26923,municipal,2026-08-17,44,2026-12-18,2027-01-08,8,13,2027-06-11
2026/2027,0883,Västervik,08,36447,municipal,2026-08-17,44,2026-12-18,2027-01-08,8,13,2027-06-11
2026/2027,0884,Vimmerby,08,15384,municipal,2026-08-17,44,2026-12-18,2027-01-08,8,13,2027-06-11
2026/2027,0885,Borgholm,08,10666,municipal,2026-08-17,44,2026-12-18,2027-01-11,8,13,2027-06-11
2026/2027,0980,Gotland,09,60971,municipal,2026-08-18,44,2026-12-18,2027-01-07,9,13,2027-06-10
2026/2027,1060,Olofström,10,13000,municipal,2026-08-13,44,2026-12-18,2027-01-11,8,13,2027-06-08
2026/2027,1080,Karlskrona,10,66301,municipal,2026-08-17,44,2026-12-22,2027-01-14,8,13,2027-06-11
2026/2027,1081,Ronneby,10,28741,municipal,2026-08-17,44,2026-12-19,2027-01-11,8,13,2027-06-08
2026/2027,1082,Karlshamn,10,31751,municipal,2026-08-13,44,2026-12-18,2027-01-11,8,13,2027-06-08
2026/2027,1083,Sölvesborg,10,17430,municipal,2026-08-13,44,2026-12-21,2027-01-11,8,13,2027-06-07
2026/2027,1214,Svalöv,12,14543,municipal,2026-08-19,44,2026-12-18,2027-01-12,8,12,2027-06-15
2026/2027,1230,Staffanstorp,12,27303,municipal,2026-08-17,44,2026-12-18,2027-01-11,8,12,2027-06-15
2026/2027,1231,Burlöv,12,20101,municipal,2026-08-18,44,2026-12-18,2027-01-08,8,12,2027-06-11
2026/2027,1233,Vellinge,12,37816,municipal,2026-08-14,44,2026-12-18,2027-01-11,8,12,2027-06-10
2026/2027,1256,Östra Göinge,12,13978,municipal,2026-08-18,44,2026-12-18,2027-01-08,8,13,2027-06-11
2026/2027,1257,Örkelljunga,12,10277,municipal,2026-08-19,44,2026-12-22,2027-01-11,8,12,2027-06-11
2026/2027,1260,Bjuv,12,15985,municipal,2026-08-13,44,2026-12-22,2027-01-11,8,14,2027-06-08
2026/2027,1261,Kävlinge,12,32477,municipal,2026-08-13,44,2026-12-18,2027-01-11,8,12,2027-06-09
2026/2027,1262,Lomma,12,24715,municipal,2026-08-20,44,2026-12-22,2027-01-11,8,12,2027-06-15
2026/2027,1263,Svedala,12,23581,municipal,2026-08-17,44,2026-12-22,2027-01-12,8,12,2027-06-11
2026/2027,1264,Skurup,12,17099,municipal,2026-08-18,44,2026-12-22,2027-01-11,8,13,2027-06-10
2026/2027,1265,Sjöbo,12,19337,municipal,2026-08-17,44,2026-12-18,2027-01-11,8,12,2027-06-11
2026/2027,1266,Hörby,12,15562,municipal,2026-08-20,44,2026-12-19,2027-01-08,7,13,2027-06-11
2026/2027,1267,Höör,12,17518,municipal,2026-08-17,44,2026-12-21,2027-01-11,8,12,2027-06-11
2026/2027,1270,Tomelilla,12,13639,municipal,2026-08-18,44,2026-12-21,2027-01-11,8,12,2027-06-15
2026/2027,1272,Bromölla,12,12470,municipal,2026-08-13,44,2026-12-21,2027-01-11,8,13,2027-06-08
2026/2027,1273,Osby,12,12947,municipal,2026-08-17,44,2026-12-18,2027-01-11,8,12,2027-06-11
2026/2027,1275,Perstorp,12,7235,municipal,2026-08-18,44,2026-12-22,2027-01-11,8,13,2027-06-11
2026/2027,1276,Klippan,12,17714,municipal,2026-08-20,44,2026-12-18,2027-01-11,8,12,2027-06-15
2026/2027,1277,Åstorp,12,16449,municipal,2026-08-19,44,2026-12-22,2027-01-11,8,12,2027-06-15
2026/2027,1278,Båstad,12,16026,municipal,2026-08-12,44,2026-12-17,2027-01-11,8,12,2027-06-10
2026/2027,1280,Malmö,12,365644,municipal,2026-08-17,44,2026-12-22,2027-01-11,8,12,2027-06-11
2026/2027,1281,Lund,12,131590,municipal,2026-08-18,44,2026-12-18,2027-01-07,8,12,2027-06-11
2026/2027,1282,Landskrona,12,47309,municipal,2026-08-19,44,2026-12-22,2027-01-11,8,12,2027-06-11
2026/2027,1283,Helsingborg,12,152091,municipal,2026-08-18,44,2026-12-22,2027-01-11,8,12,2027-06-11
2026/2027,1284,Höganäs,12,28430,municipal,2026-08-18,44,2026-12-22,2027-01-11,8,12,2027-06-10
2026/2027,1285,Eslöv,12,34922,municipal,2026-08-17,44,2026-12-18,2027-01-11,8,12,2027-06-11
2026/2027,1286,Ystad,12,32106,municipal,2026-08-19,44,2026-12-22,2027-01-11,8,12,2027-06-11
2026/2027,1287,Trelleborg,12,47269,municipal,2026-08-17,44,2026-12-22,2027-01-11,8,12,2027-06-09
2026/2027,1290,Kristianstad,12,86379,municipal,2026-08-25,44,2026-12-18,2027-01-08,8,13,2027-06-18
2026/2027,1291,Simrishamn,12,18890,municipal,2026-08-19,44,2026-12-18,2027-01-11,8,12,2027-06-11
2026/2027,1292,Ängelholm,12,45110,municipal,2026-08-19,44,2026-12-18,2027-01-11,8,14,2027-06-15
2026/2027,1293,Hässleholm,12,52114,municipal,2026-08-18,44,2026-12-18,2027-01-08,8,13,2027-06-11
2026/2027,1315,Hylte,13,10196,municipal,2026-08-18,44,2026-12-18,2027-01-08,8,13,2027-06-15
2026/2027,1380,Halmstad,13,106084,municipal,2026-08-18,44,2026-12-18,2027-01-11,8,13,2027-06-15
2026/2027,1381,Laholm,13,26595,municipal,2026-08-18,44,2026-12-18,2027-01-07,8,13,2027-06-11
2026/2027,1382,Falkenberg,13,47337,municipal,2026-08-17,44,2026-12-18,2027-01-11,8,13,2027-06-10
2026/2027,1383,Varberg,13,69070,municipal,2026-08-17,44,2026-12-18,2027-01-11,8,13,2027-06-11
2026/2027,1384,Kungsbacka,13,85792,municipal,2026-08-17,44,2026-12-18,2027-01-11,7,13,2027-06-11
2026/2027,1401,Härryda,14,40003,municipal,2026-08-19,44,2026-12-18,2027-01-08,7,13,2027-06-11
2026/2027,1402,Partille,14,41060,municipal,2026-08-18,44,2026-12-18,2027-01-08,7,13,2027-06-10
2026/2027,1407,Öckerö,14,12771,municipal,2026-08-18,44,2026-12-17,2027-01-11,7,13,2027-06-11
2026/2027,1415,Stenungsund,14,27851,municipal,2026-08-24,44,2026-12-22,2027-01-07,7,13,2027-06-10
2026/2027,1419,Tjörn,14,16092,municipal,2026-08-20,44,2026-12-22,2027-01-11,7,13,2027-06-10
2026/2027,1421,Orust,14,15352,municipal,2026-08-18,44,2026-12-18,2027-01-11,8,13,2027-06-10
2026/2027,1427,Sotenäs,14,9104,municipal,2026-08-18,44,2026-12-18,2027-01-11,8,13,2027-06-11
2026/2027,1435,Tanum,14,12773,municipal,2026-08-18,44,2026-12-18,2027-01-11,8,13,2027-06-11
2026/2027,1438,Dals-Ed,14,4606,municipal,2026-08-18,44,2026-12-18,2027-01-11,8,13,2027-06-10
2026/2027,1439,Färgelanda,14,6376,municipal,2026-08-18,44,2026-12-18,2027-01-07,8,13,2027-06-11
2026/2027,1440,Ale,14,32576,municipal,2026-08-19,44,2026-12-22,2027-01-12,7,13,2027-06-12
2026/2027,1441,Lerum,14,43570,municipal,2026-08-19,44,2026-12-18,2027-01-11,7,13,2027-06-11
2026/2027,1442,Vårgårda,14,12474,municipal,2026-08-18,44,2026-12-18,2027-01-11,7,13,2027-06-11
2026/2027,1443,Bollebygd,14,9802,municipal,2026-08-19,44,2026-12-18,2027-01-11,7,13,2027-06-11
2026/2027,1444,Grästorp,14,5555,municipal,2026-08-18,44,2026-12-18,2027-01-11,7,12,2027-06-11
2026/2027,1445,Essunga,14,5560,municipal,2026-08-18,44,2026-12-18,2027-01-11,7,12,2027-06-10
2026/2027,1446,Karlsborg,14,7023,municipal,2026-08-19,44,2026-12-22,2027-01-11,7,12,2027-06-09
2026/2027,1447,Gullspång,14,5031,municipal,2026-08-19,44,2026-12-22,2027-01-11,7,12,2027-06-10
2026/2027,1452,Tranemo,14,11839,municipal,2026-08-18,44,2026-12-22,2027-01-13,7,13,2027-06-11
2026/2027,1460,Bengtsfors,14,9076,municipal,2026-08-17,44,2026-12-18,2027-01-13,9,13,2027-06-11
2026/2027,1461,Mellerud,14,9052,municipal,2026-08-19,44,2026-12-18,2027-01-11,8,13,2027-06-10
2026/2027,1462,Lilla Edet,14,14442,municipal,2026-08-18,44,2026-12-18,2027-01-12,7,13,2027-06-11
2026/2027,1463,Mark,14,35155,municipal,2026-08-18,44,2026-12-18,2027-01-11,7,13,2027-06-11
2026/2027,1465,Svenljunga,14,10747,municipal,2026-08-19,44,2026-12-18,2027-01-11,7,13,2027-06-11
2026/2027,1466,Herrljunga,14,9497,municipal,2026-08-19,44,2026-12-18,2027-01-11,7,13,2027-06-11
2026/2027,1470,Vara,14,16088,municipal,2026-08-19,44,2026-12-18,2027-01-11,7,12,2027-06-11
2026/2027,1471,Götene,14,13286,municipal,2026-08-19,44,2026-12-18,2027-01-11,7,12,2027-06-11
2026/2027,1472,Tibro,14,11338,municipal,2026-08-18,44,2026-12-18,2027-01-11,7,12,2027-06-10
2026/2027,1473,Töreboda,14,9043,municipal,2026-08-19,44,2026-12-22,2027-01-12,7,12,2027-06-10
2026/2027,1480,Göteborg,14,608993,municipal,2026-08-17,44,2026-12-18,2027-01-11,7,13,2027-06-10
2026/2027,1481,Mölndal,14,71420,municipal,2026-08-17,44,2026-12-18,2027-01-12,7,13,2027-06-10
2026/2027,1482,Kungälv,14,50313,municipal,2026-08-18,44,2026-12-18,2027-01-12,7,13,2027-06-11
2026/2027,1484,Lysekil,14,13907,municipal,2026-08-18,44,2026-12-18,2027-01-11,8,13,2027-06-11
2026/2027,1485,Uddevalla,14,57010,municipal,2026-08-18,44,2026-12-18,2027-01-11,8,13,2027-06-11
2026/2027,1486,Strömstad,14,13482,municipal,2026-08-18,44,2026-12-18,2027-01-11,8,13,2027-06-11
2026/2027,1487,Vänersborg,14,40041,municipal,2026-08-18,44,2026-12-18,2027-01-11,8,13,2027-06-10
2026/2027,1488,Trollhättan,14,59003,municipal,2026-08-19,44,2026-12-22,2027-01-11,8,13,2027-06-11
2026/2027,1489,Alingsås,14,42722,municipal,2026-08-18,44,2026-12-18,2027-01-11,7,13,2027-06-11
2026/2027,1490,Borås,14,114872,municipal,2026-08-19,44,2026-12-18,2027-01-11,7,13,2027-06-11
2026/2027,1491,Ulricehamn,14,24985,municipal,2026-08-19,44,2026-12-18,2027-01-11,7,13,2027-06-11
2026/2027,1492,Åmål,14,11906,municipal,2026-08-18,44,2026-12-18,2027-01-07,9,13,2027-06-11
2026/2027,1493,Mariestad,14,24583,municipal,2026-08-19,44,2026-12-22,2027-01-12,7,12,2027-06-11
2026/2027,1494,Lidköping,14,40425,municipal,2026-08-18,44,2026-12-18,2027-01-11,7,12,2027-06-11
2026/2027,1495,Skara,14,18707,municipal,2026-08-17,44,2026-12-22,2027-01-11,7,12,2027-06-10
2026/2027,1496,Skövde,14,57995,municipal,2026-08-17,44,2026-12-18,2027-01-07,7,12,2027-06-10
2026/2027,1497,Hjo,14,9350,municipal,2026-08-18,44,2026-12-22,2027-01-12,7,12,2027-06-10
2026/2027,1498,Tidaholm,14,12805,municipal,2026-08-17,44,2026-12-18,2027-01-11,7,12,2027-06-10
2026/2027,1499,Falköping,14,32806,municipal,2026-08-17,44,2026-12-22,2027-01-12,7,12,2027-06-10
2026/2027,1715,Kil,17,12061,municipal,2026-08-17,44,2026-12-18,2027-01-11,9,13,2027-06-10
2026/2027,1730,Eda,17,8412,municipal,2026-08-19,44,2026-12-22,2027-01-11,9,13,2027-06-10
2026/2027,1737,Torsby,17,11321,municipal,2026-08-17,44,2026-12-18,2027-01-11,9,13,2027-06-10
2026/2027,1760,Storfors,17,3788,municipal,2026-08-17,44,2026-12-21,2027-01-11,9,13,2027-06-11
2026/2027,1761,Hammarö,17,16992,municipal,2026-08-18,44,2026-12-22,2027-01-08,9,13,2027-06-10
2026/2027,1762,Munkfors,17,3625,municipal,2026-08-18,44,2026-12-18,2027-01-08,9,13,2027-06-11
2026/2027,1763,Forshaga,17,11520,municipal,2026-08-19,44,2026-12-18,2027-01-08,9,13,2027-06-10
2026/2027,1764,Grums,17,9004,municipal,2026-08-17,44,2026-12-18,2027-01-11,9,13,2027-06-10
2026/2027,1765,Årjäng,17,9825,municipal,2026-08-18,42,2026-12-18,2027-01-11,9,13,2027-06-10
2026/2027,1766,Sunne,17,13356,municipal,2026-08-17,44,2026-12-22,2027-01-11,9,13,2027-06-09
2026/2027,1780,Karlstad,17,98084,municipal,2026-08-17,44,2026-12-18,2027-01-11,9,13,2027-06-10
2026/2027,1781,Kristinehamn,17,23756,municipal,2026-08-19,44,2026-12-18,2027-01-11,9,13,2027-06-11
2026/2027,1782,Filipstad,17,9776,municipal,2026-08-18,44,2026-12-18,2027-01-12,9,13,2027-06-11
2026/2027,1783,Hagfors,17,11418,municipal,2026-08-18,44,2026-12-18,2027-01-08,9,13,2027-06-11
2026/2027,1784,Arvika,17,25547,municipal,2026-08-19,44,2026-12-22,2027-01-11,9,13,2027-06-10
2026/2027,1785,Säffle,17,14899,municipal,2026-08-18,44,2026-12-18,2027-01-11,9,13,2027-06-11
2026/2027,1814,Lekeberg,18,8606,municipal,2026-08-17,44,2026-12-18,2027-01-11,8,12,2027-06-09
2026/2027,1860,Laxå,18,5423,municipal,2026-08-20,44,2026-12-22,2027-01-14,8,12,2027-06-15
2026/2027,1861,Hallsberg,18,16120,municipal,2026-08-19,44,2026-12-22,2027-01-11,8,12,2027-06-10
2026/2027,1862,Degerfors,18,9278,municipal,2026-08-18,44,2026-12-22,2027-01-11,8,12,2027-06-10
2026/2027,1863,Hällefors,18,6321,municipal,2026-08-18,44,2026-12-18,2027-01-08,8,13,2027-06-11
2026/2027,1864,Ljusnarsberg,18,4369,municipal,2026-08-18,44,2026-12-22,2027-01-12,8,13,2027-06-10
2026/2027,1880,Örebro,18,160140,municipal,2026-08-19,44,2026-12-22,2027-01-07,8,12,2027-06-10
2026/2027,1881,Kumla,18,22681,municipal,2026-08-12,44,2026-12-17,2027-01-11,8,12,2027-06-08
2026/2027,1882,Askersund,18,11477,municipal,2026-08-20,44,2026-12-18,2027-01-13,8,12,2027-06-15
2026/2027,1883,Karlskoga,18,30180,municipal,2026-08-18,44,2026-12-22,2027-01-11,8,12,2027-06-10
2026/2027,1884,Nora,18,10639,municipal,2026-08-19,44,2026-12-18,2027-01-11,8,13,2027-06-10
2026/2027,1885,Lindesberg,18,23141,municipal,2026-08-18,44,2026-12-22,2027-01-12,8,13,2027-06-11
2026/2027,1904,Skinnskatteberg,19,4256,municipal,2026-08-18,44,2026-12-18,2027-01-11,9,13,2027-06-11
2026/2027,1907,Surahammar,19,9845,municipal,2026-08-13,44,2026-12-18,2027-01-11,9,13,2027-06-08
2026/2027,1960,Kungsör,19,8694,municipal,2026-08-17,44,2026-12-18,2027-01-11,9,13,2027-06-10
2026/2027,1961,Hallstahammar,19,16653,municipal,2026-08-13,44,2026-12-18,2027-01-11,9,13,2027-06-08
2026/2027,1962,Norberg,19,5452,municipal,2026-08-19,44,2026-12-17,2027-01-11,9,15,2027-06-11
2026/2027,1980,Västerås,19,160634,municipal,2026-08-17,44,2026-12-18,2027-01-11,9,13,2027-06-10
2026/2027,1981,Sala,19,22843,municipal,2026-08-17,44,2026-12-18,2027-01-11,9,13,2027-06-09
2026/2027,1982,Fagersta,19,13072,municipal,2026-08-19,44,2026-12-18,2027-01-11,9,13,2027-06-11
2026/2027,1983,Köping,19,25729,municipal,2026-08-17,44,2026-12-18,2027-01-11,9,13,2027-06-10
2026/2027,1984,Arboga,19,13980,municipal,2026-08-17,44,2026-12-18,2027-01-11,9,13,2027-06-10
2026/2027,2021,Vansbro,20,6752,municipal,2026-08-17,44,2026-12-22,2027-01-11,9,13,2027-06-11
2026/2027,2023,Malung-Sälen,20,10254,municipal,2026-08-17,44,2026-12-22,2027-01-13,9,13,2027-06-11
2026/2027,2026,Gagnef,20,10384,municipal,2026-08-18,44,2026-12-18,2027-01-11,9,13,2027-06-11
2026/2027,2029,Leksand,20,16137,municipal,2026-08-17,44,2026-12-18,2027-01-11,9,13,2027-06-11
2026/2027,2031,Rättvik,20,10998,municipal,2026-08-17,44,2026-12-18,2027-01-12,9,12,2027-06-11
2026/2027,2034,Orsa,20,6851,municipal,2026-08-17,44,2026-12-22,2027-01-11,9,14,2027-06-11
2026/2027,2039,Älvdalen,20,6882,municipal,2026-08-18,44,2026-12-22,2027-01-11,9,13,2027-06-10
2026/2027,2061,Smedjebacken,20,10823,municipal,2026-08-17,44,2026-12-22,2027-01-11,9,13,2027-06-09
2026/2027,2062,Mora,20,20540,municipal,2026-08-17,44,2026-12-22,2027-01-11,9,14,2027-06-11
2026/2027,2080,Falun,20,59945,municipal,2026-08-17,44,2026-12-19,2027-01-11,9,15,2027-06-10
2026/2027,2081,Borlänge,20,51425,municipal,2026-08-19,44,2026-12-18,2027-01-11,9,13,2027-06-11
2026/2027,2082,Säter,20,11223,municipal,2026-08-17,44,2026-12-18,2027-01-13,9,13,2027-06-10
2026/2027,2083,Hedemora,20,15281,municipal,2026-08-17,44,2026-12-22,2027-01-11,9,13,2027-06-11
2026/2027,2084,Avesta,20,22417,municipal,2026-08-17,44,2026-12-18,2027-01-13,9,13,2027-06-10
2026/2027,2085,Ludvika,20,26634,municipal,2026-08-17,44,2026-12-18,2027-01-11,9,13,2027-06-10
2026/2027,2101,Ockelbo,21,5715,municipal,2026-08-19,44,2026-12-22,2027-01-07,9,13,2027-06-08
2026/2027,2104,Hofors,21,9281,municipal,2026-08-18,44,2026-12-22,2027-01-11,9,13,2027-06-10
2026/2027,2121,Ovanåker,21,11341,municipal,2026-08-17,44,2026-12-18,2027-01-11,10,13,2027-06-11
2026/2027,2132,Nordanstig,21,9262,municipal,2026-08-19,44,2026-12-18,2027-01-11,10,13,2027-06-10
2026/2027,2161,Ljusdal,21,18445,municipal,2026-08-19,44,2026-12-18,2027-01-11,10,13,2027-06-10
2026/2027,2180,Gävle,21,103838,municipal,2026-08-19,44,2026-12-22,2027-01-11,9,13,2027-06-08
2026/2027,2181,Sandviken,21,38360,municipal,2026-08-17,44,2026-12-22,2027-01-11,9,13,2027-06-08
2026/2027,2182,Söderhamn,21,24545,municipal,2026-08-17,44,2026-12-18,2027-01-11,10,13,2027-06-08
2026/2027,2183,Bollnäs,21,26243,municipal,2026-08-19,44,2026-12-22,2027-01-11,10,13,2027-06-09
2026/2027,2184,Hudiksvall,21,37528,municipal,2026-08-19,44,2026-12-22,2027-01-11,10,13,2027-06-10
2026/2027,2260,Ånge,22,9044,municipal,2026-08-20,44,2026-12-22,2027-01-11,10,13,2027-06-11
2026/2027,2262,Timrå,22,17521,municipal,2026-08-20,44,2026-12-22,2027-01-11,10,13,2027-06-10
2026/2027,2280,Härnösand,22,24515,municipal,2026-08-20,44,2026-12-22,2027-01-12,10,13,2027-06-11
2026/2027,2281,Sundsvall,22,99048,municipal,2026-08-17,44,2026-12-22,2027-01-11,10,13,2027-06-11
2026/2027,2282,Kramfors,22,17491,municipal,2026-08-20,44,2026-12-18,2027-01-12,10,13,2027-06-15
2026/2027,2283,Sollefteå,22,18396,municipal,2026-08-18,44,2026-12-18,2027-01-08,10,13,2027-06-10
2026/2027,2284,Örnsköldsvik,22,55443,municipal,2026-08-20,44,2026-12-22,2027-01-11,10,13,2027-06-10
2026/2027,2303,Ragunda,23,5146,municipal,2026-08-20,44,2026-12-18,2027-01-12,10,13,2027-06-11
2026/2027,2305,Bräcke,23,6035,municipal,2026-08-20,44,2026-12-18,2027-01-11,10,13,2027-06-11
2026/2027,2309,Krokom,23,15680,municipal,2026-08-20,44,2026-12-18,2027-01-12,10,13,2027-06-11
2026/2027,2313,Strömsund,23,11023,municipal,2026-08-20,44,2026-12-18,2027-01-12,10,13,2027-06-11
2026/2027,2321,Åre,23,12693,municipal,2026-08-20,44,2026-12-18,2027-01-12,10,13,2027-06-11
2026/2027,2326,Berg,23,7108,municipal,2026-08-20,44,2026-12-20,2027-01-12,10,13,2027-06-11
2026/2027,2361,Härjedalen,23,10175,municipal,2026-08-20,44,2026-12-18,2027-01-12,10,13,2027-06-11
2026/2027,2380,Östersund,23,64979,municipal,2026-08-20,44,2026-12-18,2027-01-12,10,13,2027-06-11
2026/2027,2401,Nordmaling,24,6942,municipal,2026-08-17,44,2026-12-18,2027-01-11,10,13,2027-06-09
2026/2027,2403,Bjurholm,24,2359,municipal,2026-08-19,44,2026-12-18,2027-01-11,10,13,2027-06-11
2026/2027,2404,Vindeln,24,5417,municipal,2026-08-18,44,2026-12-18,2027-01-11,10,13,2027-06-08
2026/2027,2409,Robertsfors,24,6690,municipal,2026-08-17,44,2026-12-21,2027-01-12,10,13,2027-06-09
2026/2027,2417,Norsjö,24,3968,municipal,2026-08-18,44,2026-12-18,2027-01-13,10,13,2027-06-11
2026/2027,2418,Malå,24,2962,municipal,2026-08-20,44,2026-12-18,2027-01-13,10,13,2027-06-15
2026/2027,2421,Storuman,24,5577,municipal,2026-08-18,44,2026-12-18,2027-01-11,10,13,2027-06-10
2026/2027,2422,Sorsele,24,2357,municipal,2026-08-20,44,2026-12-18,2027-01-11,10,13,2027-06-10
2026/2027,2425,Dorotea,24,2294,municipal,2026-08-19,44,2026-12-18,2027-01-11,10,13,2027-06-09
2026/2027,2460,Vännäs,24,9132,municipal,2026-08-18,44,2026-12-18,2027-01-13,10,13,2027-06-11
2026/2027,2462,Vilhelmina,24,6229,municipal,2026-08-19,44,2026-12-18,2027-01-12,10,13,2027-06-11
2026/2027,2463,Åsele,24,2694,municipal,2026-08-19,44,2026-12-18,2027-01-11,10,13,2027-06-11
2026/2027,2480,Umeå,24,134249,municipal,2026-08-17,44,2026-12-18,2027-01-11,10,13,2027-06-09
2026/2027,2481,Lycksele,24,12118,municipal,2026-08-17,44,2026-12-17,2027-01-11,10,13,2027-06-09
2026/2027,2482,Skellefteå,24,78150,municipal,2026-08-19,44,2026-12-18,2027-01-13,10,13,2027-06-16
2026/2027,2505,Arvidsjaur,25,6089,municipal,2026-08-20,44,2026-12-18,2027-01-12,10,13,2027-06-11
2026/2027,2506,Arjeplog,25,2599,municipal,2026-08-25,44,2026-12-22,2027-01-13,10,13,2027-06-17
2026/2027,2510,Jokkmokk,25,4701,municipal,2026-08-20,44,2026-12-18,2027-01-11,10,13,2027-06-11
2026/2027,2514,Kalix,25,15391,municipal,2026-08-19,44,2026-12-22,2027-01-13,9,13,2027-06-11
2026/2027,2518,Övertorneå,25,4057,municipal,2026-08-19,44,2026-12-18,2027-01-11,9,13,2027-06-11
2026/2027,2521,Pajala,25,5857,municipal,2026-08-21,44,2026-12-22,2027-01-11,10,13,2027-06-11
2026/2027,2523,Gällivare,25,17233,municipal,2026-08-18,44,2026-12-18,2027-01-11,10,13,2027-06-11
2026/2027,2560,Älvsbyn,25,7774,municipal,2026-08-18,44,2026-12-22,2027-01-13,10,13,2027-06-13
2026/2027,2580,Luleå,25,79645,municipal,2026-08-19,44,2026-12-22,2027-01-13,9,13,2027-06-11
2026/2027,2581,Piteå,25,42447,municipal,2026-08-19,44,2026-12-22,2027-01-13,9,13,2027-06-11
2026/2027,2582,Boden,25,28049,municipal,2026-08-19,44,2026-12-22,2027-01-13,9,13,2027-06-11
2026/2027,2583,Haparanda,25,9151,municipal,2026-08-19,44,2026-12-22,2027-01-13,10,13,2027-06-11
2026/2027,2584,Kiruna,25,22426,municipal,2026-08-20,44,2026-12-18,2027-01-08,10,13,2027-06-10
2026/2027,01,Stockholm (county summary),01,,county_summary,2026-08-12,44,2026-12-17,2027-01-07,9,13+14,2027-06-08
2026/2027,03,Uppsala (county summary),03,,county_summary,2026-08-18,44,2026-12-22,2027-01-07,8+9,12+13,2027-06-08
2026/2027,04,Södermanland (county summary),04,,county_summary,2026-08-17,44,2026-12-17,2027-01-08,8+9,13,2027-06-10
2026/2027,05,Östergötland (county summary),05,,county_summary,2026-08-13,44,2026-12-16,2027-01-07,7+8,13,2027-06-10
2026/2027,06,Jönköping (county summary),06,,county_summary,2026-08-13,44,2026-12-18,2027-01-07,7,13,2027-06-09
2026/2027,07,Kronoberg (county summary),07,,county_summary,2026-08-18,44,2026-12-18,2027-01-07,8,13,2027-06-11
2026/2027,08,Kalmar (county summary),08,,county_summary,2026-08-17,44,2026-12-18,2027-01-08,8,13,2027-06-11
2026/2027,09,Gotland (county summary),09,,county_summary,2026-08-18,44,2026-12-18,2027-01-07,9,13,2027-06-10
2026/2027,10,Blekinge (county summary),10,,county_summary,2026-08-13,44,2026-12-18,2027-01-11,8,13,2027-06-07
2026/2027,12,Skåne (county summary),12,,county_summary,2026-08-12,44,2026-12-17,2027-01-07,7+8,12+13+14,2027-06-08
2026/2027,13,Halland (county summary),13,,county_summary,2026-08-17,44,2026-12-18,2027-01-07,7+8,13,2027-06-10
2026/2027,14,Västra Götaland (county summary),14,,county_summary,2026-08-13,44,2026-12-17,2027-01-07,6+7+8+9,12+13,2027-06-09
2026/2027,17,Värmland (county summary),17,,county_summary,2026-08-17,44,2026-12-18,2027-01-08,9,13,2027-06-09
2026/2027,18,Örebro (county summary),18,,county_summary,2026-08-17,44,2026-12-17,2027-01-07,8,12+13,2027-06-08
2026/2027,19,Västmanland (county summary),19,,county_summary,2026-08-13,44,2026-12-17,2027-01-11,9,13,2027-06-08
2026/2027,20,Dalarna (county summary),20,,county_summary,2026-08-17,44,2026-12-18,2027-01-11,9,13+14+15,2027-06-09
2026/2027,21,Gävleborg (county summary),21,,county_summary,2026-08-17,44,2026-12-18,2027-01-07,9+10,13,2027-06-08
2026/2027,22,Västernorrland (county summary),22,,county_summary,2026-08-17,44,2026-12-18,2027-01-08,10,13,2027-06-10
2026/2027,23,Jämtland (county summary),23,,county_summary,2026-08-20,44,2026-12-18,2027-01-11,10,13,2027-06-11
2026/2027,24,Västerbotten (county summary),24,,county_summary,2026-08-17,44,2026-12-17,2027-01-11,10,13,2027-06-09
2026/2027,25,Norrbotten (county summary),25,,county_summary,2026-08-18,44,2026-12-18,2027-01-08,9+10,13,2027-06-10
